-- Auto-generated by ingest.py --sql
-- Paste this entire file into the Supabase SQL Editor and click Run.

INSERT INTO brands (id, name) VALUES ('e9a8a150-6dc6-41dc-ba78-b0c503da8d0b', 'Kia') ON CONFLICT DO NOTHING;
INSERT INTO models (id, brand_id, name) VALUES ('81bb33ca-fde7-43e0-bc37-ff3126df716e', 'e9a8a150-6dc6-41dc-ba78-b0c503da8d0b', 'Seltos') ON CONFLICT DO NOTHING;
INSERT INTO variants (id, model_id, name, fuel, transmission, oem_warranty_months, oem_warranty_kms) VALUES ('00fe2576-3715-4e86-bd59-5708a994a092', '81bb33ca-fde7-43e0-bc37-ff3126df716e', 'Seltos', 'Petrol', 'N/A', 36, 100000) ON CONFLICT DO NOTHING;
INSERT INTO plans (id, variant_id, plan_name, duration_months, max_kms) VALUES ('9853a457-fae2-422a-b3b4-05803ca277c6', '00fe2576-3715-4e86-bd59-5708a994a092', '4th Year / 100,000 Kms', 12, 100000) ON CONFLICT DO NOTHING;
INSERT INTO tiers (plan_id, min_days, max_days, price_inr, is_active) VALUES ('9853a457-fae2-422a-b3b4-05803ca277c6', 0, 90, 14326.38, TRUE) ON CONFLICT DO NOTHING;
INSERT INTO plans (id, variant_id, plan_name, duration_months, max_kms) VALUES ('79d19eb9-f73c-4d96-ac5a-74e19c36c616', '00fe2576-3715-4e86-bd59-5708a994a092', '4th Year / Unlimited Kms', 12, NULL) ON CONFLICT DO NOTHING;
INSERT INTO tiers (plan_id, min_days, max_days, price_inr, is_active) VALUES ('79d19eb9-f73c-4d96-ac5a-74e19c36c616', 0, 90, 17510.02, TRUE) ON CONFLICT DO NOTHING;
INSERT INTO plans (id, variant_id, plan_name, duration_months, max_kms) VALUES ('5836fefb-19b1-4c2f-b077-0d999f46f498', '00fe2576-3715-4e86-bd59-5708a994a092', '4th & 5th Year / 120,000 Kms', 24, 120000) ON CONFLICT DO NOTHING;
INSERT INTO tiers (plan_id, min_days, max_days, price_inr, is_active) VALUES ('5836fefb-19b1-4c2f-b077-0d999f46f498', 0, 90, 19101.84, TRUE) ON CONFLICT DO NOTHING;
INSERT INTO plans (id, variant_id, plan_name, duration_months, max_kms) VALUES ('aa171512-7893-4e77-a1bd-9d520de1fc07', '00fe2576-3715-4e86-bd59-5708a994a092', '4th & 5th Year / Unlimited Kms', 24, NULL) ON CONFLICT DO NOTHING;
INSERT INTO tiers (plan_id, min_days, max_days, price_inr, is_active) VALUES ('aa171512-7893-4e77-a1bd-9d520de1fc07', 0, 90, 23877.3, TRUE) ON CONFLICT DO NOTHING;
INSERT INTO models (id, brand_id, name) VALUES ('9fb151cc-b339-466c-9365-1e0c4dc9f6f6', 'e9a8a150-6dc6-41dc-ba78-b0c503da8d0b', 'The New Seltos') ON CONFLICT DO NOTHING;
INSERT INTO variants (id, model_id, name, fuel, transmission, oem_warranty_months, oem_warranty_kms) VALUES ('9e0b47d0-06cd-4ded-ad11-74184fa3bac1', '9fb151cc-b339-466c-9365-1e0c4dc9f6f6', 'The New Seltos', 'Petrol', 'N/A', 36, 100000) ON CONFLICT DO NOTHING;
INSERT INTO plans (id, variant_id, plan_name, duration_months, max_kms) VALUES ('a0a155eb-1244-430e-ad14-3536d754fa96', '9e0b47d0-06cd-4ded-ad11-74184fa3bac1', '4th Year / 100,000 Kms', 12, 100000) ON CONFLICT DO NOTHING;
INSERT INTO tiers (plan_id, min_days, max_days, price_inr, is_active) VALUES ('a0a155eb-1244-430e-ad14-3536d754fa96', 0, 90, 14326.38, TRUE) ON CONFLICT DO NOTHING;
INSERT INTO plans (id, variant_id, plan_name, duration_months, max_kms) VALUES ('a31dca81-d4cb-423f-925d-b4bfdfc90bc1', '9e0b47d0-06cd-4ded-ad11-74184fa3bac1', '4th Year / Unlimited Kms', 12, NULL) ON CONFLICT DO NOTHING;
INSERT INTO tiers (plan_id, min_days, max_days, price_inr, is_active) VALUES ('a31dca81-d4cb-423f-925d-b4bfdfc90bc1', 0, 90, 17510.02, TRUE) ON CONFLICT DO NOTHING;
INSERT INTO plans (id, variant_id, plan_name, duration_months, max_kms) VALUES ('8e6ca3bb-055b-4518-8f23-c5c4c1909510', '9e0b47d0-06cd-4ded-ad11-74184fa3bac1', '4th & 5th Year / 120,000 Kms', 24, 120000) ON CONFLICT DO NOTHING;
INSERT INTO tiers (plan_id, min_days, max_days, price_inr, is_active) VALUES ('8e6ca3bb-055b-4518-8f23-c5c4c1909510', 0, 90, 19101.84, TRUE) ON CONFLICT DO NOTHING;
INSERT INTO plans (id, variant_id, plan_name, duration_months, max_kms) VALUES ('b602da48-6862-4ca3-99ea-a2544d1fb125', '9e0b47d0-06cd-4ded-ad11-74184fa3bac1', '4th & 5th Year / Unlimited Kms', 24, NULL) ON CONFLICT DO NOTHING;
INSERT INTO tiers (plan_id, min_days, max_days, price_inr, is_active) VALUES ('b602da48-6862-4ca3-99ea-a2544d1fb125', 0, 90, 23877.3, TRUE) ON CONFLICT DO NOTHING;
INSERT INTO models (id, brand_id, name) VALUES ('b20857e9-3492-4240-9fdd-519259468f43', 'e9a8a150-6dc6-41dc-ba78-b0c503da8d0b', 'Carens') ON CONFLICT DO NOTHING;
INSERT INTO variants (id, model_id, name, fuel, transmission, oem_warranty_months, oem_warranty_kms) VALUES ('bf690e58-0d1c-436d-b02f-df88bd3fa7af', 'b20857e9-3492-4240-9fdd-519259468f43', 'Carens', 'Petrol', 'N/A', 36, 100000) ON CONFLICT DO NOTHING;
INSERT INTO plans (id, variant_id, plan_name, duration_months, max_kms) VALUES ('350dccea-d74f-42a6-ae21-386e8999b9ac', 'bf690e58-0d1c-436d-b02f-df88bd3fa7af', '4th Year / 100,000 Kms', 12, 100000) ON CONFLICT DO NOTHING;
INSERT INTO tiers (plan_id, min_days, max_days, price_inr, is_active) VALUES ('350dccea-d74f-42a6-ae21-386e8999b9ac', 0, 90, 14326.38, TRUE) ON CONFLICT DO NOTHING;
INSERT INTO plans (id, variant_id, plan_name, duration_months, max_kms) VALUES ('47cfa03d-31b7-49c4-868a-75124941133d', 'bf690e58-0d1c-436d-b02f-df88bd3fa7af', '4th Year / Unlimited Kms', 12, NULL) ON CONFLICT DO NOTHING;
INSERT INTO tiers (plan_id, min_days, max_days, price_inr, is_active) VALUES ('47cfa03d-31b7-49c4-868a-75124941133d', 0, 90, 17510.02, TRUE) ON CONFLICT DO NOTHING;
INSERT INTO plans (id, variant_id, plan_name, duration_months, max_kms) VALUES ('55714356-08c0-4c37-9d67-fbc136ebfb53', 'bf690e58-0d1c-436d-b02f-df88bd3fa7af', '4th & 5th Year / 120,000 Kms', 24, 120000) ON CONFLICT DO NOTHING;
INSERT INTO tiers (plan_id, min_days, max_days, price_inr, is_active) VALUES ('55714356-08c0-4c37-9d67-fbc136ebfb53', 0, 90, 19101.84, TRUE) ON CONFLICT DO NOTHING;
INSERT INTO plans (id, variant_id, plan_name, duration_months, max_kms) VALUES ('71eb8ab3-712e-46b7-af02-1b2729da1792', 'bf690e58-0d1c-436d-b02f-df88bd3fa7af', '4th & 5th Year / Unlimited Kms', 24, NULL) ON CONFLICT DO NOTHING;
INSERT INTO tiers (plan_id, min_days, max_days, price_inr, is_active) VALUES ('71eb8ab3-712e-46b7-af02-1b2729da1792', 0, 90, 23877.3, TRUE) ON CONFLICT DO NOTHING;
INSERT INTO models (id, brand_id, name) VALUES ('812fa41b-3509-4781-99f8-e4f33e471233', 'e9a8a150-6dc6-41dc-ba78-b0c503da8d0b', 'Carens Clavis') ON CONFLICT DO NOTHING;
INSERT INTO variants (id, model_id, name, fuel, transmission, oem_warranty_months, oem_warranty_kms) VALUES ('1541d931-76b9-4959-a9f6-9ce53a4867c1', '812fa41b-3509-4781-99f8-e4f33e471233', 'Carens Clavis', 'Petrol', 'N/A', 36, 100000) ON CONFLICT DO NOTHING;
INSERT INTO plans (id, variant_id, plan_name, duration_months, max_kms) VALUES ('15b8f131-f51e-440c-938e-28021c391b06', '1541d931-76b9-4959-a9f6-9ce53a4867c1', '4th Year / 100,000 Kms', 12, 100000) ON CONFLICT DO NOTHING;
INSERT INTO tiers (plan_id, min_days, max_days, price_inr, is_active) VALUES ('15b8f131-f51e-440c-938e-28021c391b06', 0, 90, 14326.38, TRUE) ON CONFLICT DO NOTHING;
INSERT INTO plans (id, variant_id, plan_name, duration_months, max_kms) VALUES ('1379d4fb-b272-446e-afe9-55156d13897d', '1541d931-76b9-4959-a9f6-9ce53a4867c1', '4th Year / Unlimited Kms', 12, NULL) ON CONFLICT DO NOTHING;
INSERT INTO tiers (plan_id, min_days, max_days, price_inr, is_active) VALUES ('1379d4fb-b272-446e-afe9-55156d13897d', 0, 90, 17510.02, TRUE) ON CONFLICT DO NOTHING;
INSERT INTO plans (id, variant_id, plan_name, duration_months, max_kms) VALUES ('c777db12-47ea-41c7-9b46-c776abcbd6f2', '1541d931-76b9-4959-a9f6-9ce53a4867c1', '4th & 5th Year / 120,000 Kms', 24, 120000) ON CONFLICT DO NOTHING;
INSERT INTO tiers (plan_id, min_days, max_days, price_inr, is_active) VALUES ('c777db12-47ea-41c7-9b46-c776abcbd6f2', 0, 90, 19101.84, TRUE) ON CONFLICT DO NOTHING;
INSERT INTO plans (id, variant_id, plan_name, duration_months, max_kms) VALUES ('70a8f484-66c1-42d1-9a4e-e3fa26df92a6', '1541d931-76b9-4959-a9f6-9ce53a4867c1', '4th & 5th Year / Unlimited Kms', 24, NULL) ON CONFLICT DO NOTHING;
INSERT INTO tiers (plan_id, min_days, max_days, price_inr, is_active) VALUES ('70a8f484-66c1-42d1-9a4e-e3fa26df92a6', 0, 90, 23877.3, TRUE) ON CONFLICT DO NOTHING;
INSERT INTO plans (id, variant_id, plan_name, duration_months, max_kms) VALUES ('0f8da329-63a0-436d-8b22-e72b50e3c5c4', '00fe2576-3715-4e86-bd59-5708a994a092', '4th Year / 100,000 Kms', 12, 100000) ON CONFLICT DO NOTHING;
INSERT INTO tiers (plan_id, min_days, max_days, price_inr, is_active) VALUES ('0f8da329-63a0-436d-8b22-e72b50e3c5c4', 91, 365, 15758.9, TRUE) ON CONFLICT DO NOTHING;
INSERT INTO plans (id, variant_id, plan_name, duration_months, max_kms) VALUES ('3b28f1ec-a567-47d2-b3d4-2e650bee261d', '00fe2576-3715-4e86-bd59-5708a994a092', '4th Year / Unlimited Kms', 12, NULL) ON CONFLICT DO NOTHING;
INSERT INTO tiers (plan_id, min_days, max_days, price_inr, is_active) VALUES ('3b28f1ec-a567-47d2-b3d4-2e650bee261d', 91, 365, 19261.14, TRUE) ON CONFLICT DO NOTHING;
INSERT INTO plans (id, variant_id, plan_name, duration_months, max_kms) VALUES ('7a4444e8-79ff-497f-a906-274761c7662f', '00fe2576-3715-4e86-bd59-5708a994a092', '4th & 5th Year / 120,000 Kms', 24, 120000) ON CONFLICT DO NOTHING;
INSERT INTO tiers (plan_id, min_days, max_days, price_inr, is_active) VALUES ('7a4444e8-79ff-497f-a906-274761c7662f', 91, 365, 21012.26, TRUE) ON CONFLICT DO NOTHING;
INSERT INTO plans (id, variant_id, plan_name, duration_months, max_kms) VALUES ('bcafdbfe-5986-464c-aaa8-0b4da558f21d', '00fe2576-3715-4e86-bd59-5708a994a092', '4th & 5th Year / Unlimited Kms', 24, NULL) ON CONFLICT DO NOTHING;
INSERT INTO tiers (plan_id, min_days, max_days, price_inr, is_active) VALUES ('bcafdbfe-5986-464c-aaa8-0b4da558f21d', 91, 365, 26265.62, TRUE) ON CONFLICT DO NOTHING;
INSERT INTO plans (id, variant_id, plan_name, duration_months, max_kms) VALUES ('e80e5fea-51e5-4e49-90fc-471d97929370', '9e0b47d0-06cd-4ded-ad11-74184fa3bac1', '4th Year / 100,000 Kms', 12, 100000) ON CONFLICT DO NOTHING;
INSERT INTO tiers (plan_id, min_days, max_days, price_inr, is_active) VALUES ('e80e5fea-51e5-4e49-90fc-471d97929370', 91, 365, 15758.9, TRUE) ON CONFLICT DO NOTHING;
INSERT INTO plans (id, variant_id, plan_name, duration_months, max_kms) VALUES ('540fea35-29c5-42d6-b93e-a88a3fc536e4', '9e0b47d0-06cd-4ded-ad11-74184fa3bac1', '4th Year / Unlimited Kms', 12, NULL) ON CONFLICT DO NOTHING;
INSERT INTO tiers (plan_id, min_days, max_days, price_inr, is_active) VALUES ('540fea35-29c5-42d6-b93e-a88a3fc536e4', 91, 365, 19261.14, TRUE) ON CONFLICT DO NOTHING;
INSERT INTO plans (id, variant_id, plan_name, duration_months, max_kms) VALUES ('fd3877a9-e459-4c84-a8bd-0e0539043125', '9e0b47d0-06cd-4ded-ad11-74184fa3bac1', '4th & 5th Year / 120,000 Kms', 24, 120000) ON CONFLICT DO NOTHING;
INSERT INTO tiers (plan_id, min_days, max_days, price_inr, is_active) VALUES ('fd3877a9-e459-4c84-a8bd-0e0539043125', 91, 365, 21012.26, TRUE) ON CONFLICT DO NOTHING;
INSERT INTO plans (id, variant_id, plan_name, duration_months, max_kms) VALUES ('8f957c1c-de69-4f17-b2f6-0fa43db9de9c', '9e0b47d0-06cd-4ded-ad11-74184fa3bac1', '4th & 5th Year / Unlimited Kms', 24, NULL) ON CONFLICT DO NOTHING;
INSERT INTO tiers (plan_id, min_days, max_days, price_inr, is_active) VALUES ('8f957c1c-de69-4f17-b2f6-0fa43db9de9c', 91, 365, 26265.62, TRUE) ON CONFLICT DO NOTHING;
INSERT INTO plans (id, variant_id, plan_name, duration_months, max_kms) VALUES ('042492d6-8778-4be3-a8ae-f334b9007f76', 'bf690e58-0d1c-436d-b02f-df88bd3fa7af', '4th Year / 100,000 Kms', 12, 100000) ON CONFLICT DO NOTHING;
INSERT INTO tiers (plan_id, min_days, max_days, price_inr, is_active) VALUES ('042492d6-8778-4be3-a8ae-f334b9007f76', 91, 365, 15758.9, TRUE) ON CONFLICT DO NOTHING;
INSERT INTO plans (id, variant_id, plan_name, duration_months, max_kms) VALUES ('5599d9e2-54ea-4348-a03f-2dd377d57111', 'bf690e58-0d1c-436d-b02f-df88bd3fa7af', '4th Year / Unlimited Kms', 12, NULL) ON CONFLICT DO NOTHING;
INSERT INTO tiers (plan_id, min_days, max_days, price_inr, is_active) VALUES ('5599d9e2-54ea-4348-a03f-2dd377d57111', 91, 365, 19261.14, TRUE) ON CONFLICT DO NOTHING;
INSERT INTO plans (id, variant_id, plan_name, duration_months, max_kms) VALUES ('9f305624-2657-42c1-af0e-fbc466777080', 'bf690e58-0d1c-436d-b02f-df88bd3fa7af', '4th & 5th Year / 120,000 Kms', 24, 120000) ON CONFLICT DO NOTHING;
INSERT INTO tiers (plan_id, min_days, max_days, price_inr, is_active) VALUES ('9f305624-2657-42c1-af0e-fbc466777080', 91, 365, 21012.26, TRUE) ON CONFLICT DO NOTHING;
INSERT INTO plans (id, variant_id, plan_name, duration_months, max_kms) VALUES ('047553fa-0337-42da-9dcf-ed5c19e50647', 'bf690e58-0d1c-436d-b02f-df88bd3fa7af', '4th & 5th Year / Unlimited Kms', 24, NULL) ON CONFLICT DO NOTHING;
INSERT INTO tiers (plan_id, min_days, max_days, price_inr, is_active) VALUES ('047553fa-0337-42da-9dcf-ed5c19e50647', 91, 365, 26265.62, TRUE) ON CONFLICT DO NOTHING;
INSERT INTO plans (id, variant_id, plan_name, duration_months, max_kms) VALUES ('01573c9b-6973-49b4-8bb2-fdb66820e412', '1541d931-76b9-4959-a9f6-9ce53a4867c1', '4th Year / 100,000 Kms', 12, 100000) ON CONFLICT DO NOTHING;
INSERT INTO tiers (plan_id, min_days, max_days, price_inr, is_active) VALUES ('01573c9b-6973-49b4-8bb2-fdb66820e412', 91, 365, 15758.9, TRUE) ON CONFLICT DO NOTHING;
INSERT INTO plans (id, variant_id, plan_name, duration_months, max_kms) VALUES ('a0253b9e-bfd8-46ba-92c4-7dc0b2fb8694', '1541d931-76b9-4959-a9f6-9ce53a4867c1', '4th Year / Unlimited Kms', 12, NULL) ON CONFLICT DO NOTHING;
INSERT INTO tiers (plan_id, min_days, max_days, price_inr, is_active) VALUES ('a0253b9e-bfd8-46ba-92c4-7dc0b2fb8694', 91, 365, 19261.14, TRUE) ON CONFLICT DO NOTHING;
INSERT INTO plans (id, variant_id, plan_name, duration_months, max_kms) VALUES ('4173b948-32e6-4f8c-8915-1314d37f204e', '1541d931-76b9-4959-a9f6-9ce53a4867c1', '4th & 5th Year / 120,000 Kms', 24, 120000) ON CONFLICT DO NOTHING;
INSERT INTO tiers (plan_id, min_days, max_days, price_inr, is_active) VALUES ('4173b948-32e6-4f8c-8915-1314d37f204e', 91, 365, 21012.26, TRUE) ON CONFLICT DO NOTHING;
INSERT INTO plans (id, variant_id, plan_name, duration_months, max_kms) VALUES ('dd20bf5a-63f0-4285-9b9c-1eb64cec02c4', '1541d931-76b9-4959-a9f6-9ce53a4867c1', '4th & 5th Year / Unlimited Kms', 24, NULL) ON CONFLICT DO NOTHING;
INSERT INTO tiers (plan_id, min_days, max_days, price_inr, is_active) VALUES ('dd20bf5a-63f0-4285-9b9c-1eb64cec02c4', 91, 365, 26265.62, TRUE) ON CONFLICT DO NOTHING;
INSERT INTO plans (id, variant_id, plan_name, duration_months, max_kms) VALUES ('98f88693-ae43-45ff-a737-294a1e35d4e5', '00fe2576-3715-4e86-bd59-5708a994a092', '4th Year / 100,000 Kms', 12, 100000) ON CONFLICT DO NOTHING;
INSERT INTO tiers (plan_id, min_days, max_days, price_inr, is_active) VALUES ('98f88693-ae43-45ff-a737-294a1e35d4e5', 366, 730, 18623.94, TRUE) ON CONFLICT DO NOTHING;
INSERT INTO plans (id, variant_id, plan_name, duration_months, max_kms) VALUES ('2ef47ed5-6aaf-4244-bbb8-04c05b910f9c', '00fe2576-3715-4e86-bd59-5708a994a092', '4th Year / Unlimited Kms', 12, NULL) ON CONFLICT DO NOTHING;
INSERT INTO tiers (plan_id, min_days, max_days, price_inr, is_active) VALUES ('2ef47ed5-6aaf-4244-bbb8-04c05b910f9c', 366, 730, 22763.38, TRUE) ON CONFLICT DO NOTHING;
INSERT INTO plans (id, variant_id, plan_name, duration_months, max_kms) VALUES ('6c99a407-b84e-4ccd-96a0-3ecbdcbaf309', '00fe2576-3715-4e86-bd59-5708a994a092', '4th & 5th Year / 120,000 Kms', 24, 120000) ON CONFLICT DO NOTHING;
INSERT INTO tiers (plan_id, min_days, max_days, price_inr, is_active) VALUES ('6c99a407-b84e-4ccd-96a0-3ecbdcbaf309', 366, 730, 24831.92, TRUE) ON CONFLICT DO NOTHING;
INSERT INTO plans (id, variant_id, plan_name, duration_months, max_kms) VALUES ('45defea6-701b-41b2-8509-6422c3b80f58', '00fe2576-3715-4e86-bd59-5708a994a092', '4th & 5th Year / Unlimited Kms', 24, NULL) ON CONFLICT DO NOTHING;
INSERT INTO tiers (plan_id, min_days, max_days, price_inr, is_active) VALUES ('45defea6-701b-41b2-8509-6422c3b80f58', 366, 730, 31041.08, TRUE) ON CONFLICT DO NOTHING;
INSERT INTO plans (id, variant_id, plan_name, duration_months, max_kms) VALUES ('79183260-b214-477f-b079-0f1b8ad6bf09', '9e0b47d0-06cd-4ded-ad11-74184fa3bac1', '4th Year / 100,000 Kms', 12, 100000) ON CONFLICT DO NOTHING;
INSERT INTO tiers (plan_id, min_days, max_days, price_inr, is_active) VALUES ('79183260-b214-477f-b079-0f1b8ad6bf09', 366, 730, 18623.94, TRUE) ON CONFLICT DO NOTHING;
INSERT INTO plans (id, variant_id, plan_name, duration_months, max_kms) VALUES ('6c3aa7df-9097-4064-9b8d-8760580941f4', '9e0b47d0-06cd-4ded-ad11-74184fa3bac1', '4th Year / Unlimited Kms', 12, NULL) ON CONFLICT DO NOTHING;
INSERT INTO tiers (plan_id, min_days, max_days, price_inr, is_active) VALUES ('6c3aa7df-9097-4064-9b8d-8760580941f4', 366, 730, 22763.38, TRUE) ON CONFLICT DO NOTHING;
INSERT INTO plans (id, variant_id, plan_name, duration_months, max_kms) VALUES ('cbf1096d-eb77-41d5-9db6-5fc6d3b5152f', '9e0b47d0-06cd-4ded-ad11-74184fa3bac1', '4th & 5th Year / 120,000 Kms', 24, 120000) ON CONFLICT DO NOTHING;
INSERT INTO tiers (plan_id, min_days, max_days, price_inr, is_active) VALUES ('cbf1096d-eb77-41d5-9db6-5fc6d3b5152f', 366, 730, 24831.92, TRUE) ON CONFLICT DO NOTHING;
INSERT INTO plans (id, variant_id, plan_name, duration_months, max_kms) VALUES ('4e992d95-9ca9-4d56-a4f7-4d68b38ee840', '9e0b47d0-06cd-4ded-ad11-74184fa3bac1', '4th & 5th Year / Unlimited Kms', 24, NULL) ON CONFLICT DO NOTHING;
INSERT INTO tiers (plan_id, min_days, max_days, price_inr, is_active) VALUES ('4e992d95-9ca9-4d56-a4f7-4d68b38ee840', 366, 730, 31041.08, TRUE) ON CONFLICT DO NOTHING;
INSERT INTO plans (id, variant_id, plan_name, duration_months, max_kms) VALUES ('b808aa8a-85fa-4539-998c-0b2dea33c33d', 'bf690e58-0d1c-436d-b02f-df88bd3fa7af', '4th Year / 100,000 Kms', 12, 100000) ON CONFLICT DO NOTHING;
INSERT INTO tiers (plan_id, min_days, max_days, price_inr, is_active) VALUES ('b808aa8a-85fa-4539-998c-0b2dea33c33d', 366, 730, 18623.94, TRUE) ON CONFLICT DO NOTHING;
INSERT INTO plans (id, variant_id, plan_name, duration_months, max_kms) VALUES ('eef6bae2-bfe3-429e-bd05-c61e0666a8e1', 'bf690e58-0d1c-436d-b02f-df88bd3fa7af', '4th Year / Unlimited Kms', 12, NULL) ON CONFLICT DO NOTHING;
INSERT INTO tiers (plan_id, min_days, max_days, price_inr, is_active) VALUES ('eef6bae2-bfe3-429e-bd05-c61e0666a8e1', 366, 730, 22763.38, TRUE) ON CONFLICT DO NOTHING;
INSERT INTO plans (id, variant_id, plan_name, duration_months, max_kms) VALUES ('90cd7a94-96c7-4705-a532-95943acef66d', 'bf690e58-0d1c-436d-b02f-df88bd3fa7af', '4th & 5th Year / 120,000 Kms', 24, 120000) ON CONFLICT DO NOTHING;
INSERT INTO tiers (plan_id, min_days, max_days, price_inr, is_active) VALUES ('90cd7a94-96c7-4705-a532-95943acef66d', 366, 730, 24831.92, TRUE) ON CONFLICT DO NOTHING;
INSERT INTO plans (id, variant_id, plan_name, duration_months, max_kms) VALUES ('b267ebe7-6e1a-484b-8355-0bc2853f1377', 'bf690e58-0d1c-436d-b02f-df88bd3fa7af', '4th & 5th Year / Unlimited Kms', 24, NULL) ON CONFLICT DO NOTHING;
INSERT INTO tiers (plan_id, min_days, max_days, price_inr, is_active) VALUES ('b267ebe7-6e1a-484b-8355-0bc2853f1377', 366, 730, 31041.08, TRUE) ON CONFLICT DO NOTHING;
INSERT INTO plans (id, variant_id, plan_name, duration_months, max_kms) VALUES ('7d0734c5-65fb-4364-8989-28625f0734b9', '1541d931-76b9-4959-a9f6-9ce53a4867c1', '4th Year / 100,000 Kms', 12, 100000) ON CONFLICT DO NOTHING;
INSERT INTO tiers (plan_id, min_days, max_days, price_inr, is_active) VALUES ('7d0734c5-65fb-4364-8989-28625f0734b9', 366, 730, 18623.94, TRUE) ON CONFLICT DO NOTHING;
INSERT INTO plans (id, variant_id, plan_name, duration_months, max_kms) VALUES ('fd330578-9e69-469c-9f9a-3487d5fcd63d', '1541d931-76b9-4959-a9f6-9ce53a4867c1', '4th Year / Unlimited Kms', 12, NULL) ON CONFLICT DO NOTHING;
INSERT INTO tiers (plan_id, min_days, max_days, price_inr, is_active) VALUES ('fd330578-9e69-469c-9f9a-3487d5fcd63d', 366, 730, 22763.38, TRUE) ON CONFLICT DO NOTHING;
INSERT INTO plans (id, variant_id, plan_name, duration_months, max_kms) VALUES ('e6b4daa8-1412-4791-a578-95dce6f3b780', '1541d931-76b9-4959-a9f6-9ce53a4867c1', '4th & 5th Year / 120,000 Kms', 24, 120000) ON CONFLICT DO NOTHING;
INSERT INTO tiers (plan_id, min_days, max_days, price_inr, is_active) VALUES ('e6b4daa8-1412-4791-a578-95dce6f3b780', 366, 730, 24831.92, TRUE) ON CONFLICT DO NOTHING;
INSERT INTO plans (id, variant_id, plan_name, duration_months, max_kms) VALUES ('2e1d64bf-7c52-49c8-b9bb-04b5b5359667', '1541d931-76b9-4959-a9f6-9ce53a4867c1', '4th & 5th Year / Unlimited Kms', 24, NULL) ON CONFLICT DO NOTHING;
INSERT INTO tiers (plan_id, min_days, max_days, price_inr, is_active) VALUES ('2e1d64bf-7c52-49c8-b9bb-04b5b5359667', 366, 730, 31041.08, TRUE) ON CONFLICT DO NOTHING;
INSERT INTO plans (id, variant_id, plan_name, duration_months, max_kms) VALUES ('d9c70f9d-d342-48b5-9dd3-a5f06c35b00f', '00fe2576-3715-4e86-bd59-5708a994a092', '4th Year / 100,000 Kms', 12, 100000) ON CONFLICT DO NOTHING;
INSERT INTO tiers (plan_id, min_days, max_days, price_inr, is_active) VALUES ('d9c70f9d-d342-48b5-9dd3-a5f06c35b00f', 731, 1020, 19340.2, TRUE) ON CONFLICT DO NOTHING;
INSERT INTO plans (id, variant_id, plan_name, duration_months, max_kms) VALUES ('857e33e2-661f-48cb-837a-9a22c4757757', '00fe2576-3715-4e86-bd59-5708a994a092', '4th Year / Unlimited Kms', 12, NULL) ON CONFLICT DO NOTHING;
INSERT INTO tiers (plan_id, min_days, max_days, price_inr, is_active) VALUES ('857e33e2-661f-48cb-837a-9a22c4757757', 731, 1020, 23638.94, TRUE) ON CONFLICT DO NOTHING;
INSERT INTO plans (id, variant_id, plan_name, duration_months, max_kms) VALUES ('504dd0bf-5be1-4cbf-9901-c75c3d24276f', '00fe2576-3715-4e86-bd59-5708a994a092', '4th & 5th Year / 120,000 Kms', 24, 120000) ON CONFLICT DO NOTHING;
INSERT INTO tiers (plan_id, min_days, max_days, price_inr, is_active) VALUES ('504dd0bf-5be1-4cbf-9901-c75c3d24276f', 731, 1020, 25787.72, TRUE) ON CONFLICT DO NOTHING;
INSERT INTO plans (id, variant_id, plan_name, duration_months, max_kms) VALUES ('8a7d9f26-fd63-48a5-9996-8ebb80d5aa07', '00fe2576-3715-4e86-bd59-5708a994a092', '4th & 5th Year / Unlimited Kms', 24, NULL) ON CONFLICT DO NOTHING;
INSERT INTO tiers (plan_id, min_days, max_days, price_inr, is_active) VALUES ('8a7d9f26-fd63-48a5-9996-8ebb80d5aa07', 731, 1020, 32234.06, TRUE) ON CONFLICT DO NOTHING;
INSERT INTO plans (id, variant_id, plan_name, duration_months, max_kms) VALUES ('859670ae-dbf9-41af-bad2-6608a4c9360f', '9e0b47d0-06cd-4ded-ad11-74184fa3bac1', '4th Year / 100,000 Kms', 12, 100000) ON CONFLICT DO NOTHING;
INSERT INTO tiers (plan_id, min_days, max_days, price_inr, is_active) VALUES ('859670ae-dbf9-41af-bad2-6608a4c9360f', 731, 1020, 19340.2, TRUE) ON CONFLICT DO NOTHING;
INSERT INTO plans (id, variant_id, plan_name, duration_months, max_kms) VALUES ('242cdc43-d64a-44fc-8246-8641419923f0', '9e0b47d0-06cd-4ded-ad11-74184fa3bac1', '4th Year / Unlimited Kms', 12, NULL) ON CONFLICT DO NOTHING;
INSERT INTO tiers (plan_id, min_days, max_days, price_inr, is_active) VALUES ('242cdc43-d64a-44fc-8246-8641419923f0', 731, 1020, 23638.94, TRUE) ON CONFLICT DO NOTHING;
INSERT INTO plans (id, variant_id, plan_name, duration_months, max_kms) VALUES ('6b390de5-7c72-404f-9213-f8ab21088abd', '9e0b47d0-06cd-4ded-ad11-74184fa3bac1', '4th & 5th Year / 120,000 Kms', 24, 120000) ON CONFLICT DO NOTHING;
INSERT INTO tiers (plan_id, min_days, max_days, price_inr, is_active) VALUES ('6b390de5-7c72-404f-9213-f8ab21088abd', 731, 1020, 25787.72, TRUE) ON CONFLICT DO NOTHING;
INSERT INTO plans (id, variant_id, plan_name, duration_months, max_kms) VALUES ('3534493d-4f6f-433f-9e58-6008baa0d85d', '9e0b47d0-06cd-4ded-ad11-74184fa3bac1', '4th & 5th Year / Unlimited Kms', 24, NULL) ON CONFLICT DO NOTHING;
INSERT INTO tiers (plan_id, min_days, max_days, price_inr, is_active) VALUES ('3534493d-4f6f-433f-9e58-6008baa0d85d', 731, 1020, 32234.06, TRUE) ON CONFLICT DO NOTHING;
INSERT INTO plans (id, variant_id, plan_name, duration_months, max_kms) VALUES ('61270d38-ce14-42b1-91ff-04dfc6a3a8ad', 'bf690e58-0d1c-436d-b02f-df88bd3fa7af', '4th Year / 100,000 Kms', 12, 100000) ON CONFLICT DO NOTHING;
INSERT INTO tiers (plan_id, min_days, max_days, price_inr, is_active) VALUES ('61270d38-ce14-42b1-91ff-04dfc6a3a8ad', 731, 1020, 19340.2, TRUE) ON CONFLICT DO NOTHING;
INSERT INTO plans (id, variant_id, plan_name, duration_months, max_kms) VALUES ('507ee83b-7415-45c6-8251-bab0d51dfba7', 'bf690e58-0d1c-436d-b02f-df88bd3fa7af', '4th Year / Unlimited Kms', 12, NULL) ON CONFLICT DO NOTHING;
INSERT INTO tiers (plan_id, min_days, max_days, price_inr, is_active) VALUES ('507ee83b-7415-45c6-8251-bab0d51dfba7', 731, 1020, 23638.94, TRUE) ON CONFLICT DO NOTHING;
INSERT INTO plans (id, variant_id, plan_name, duration_months, max_kms) VALUES ('5eaa1290-5511-4037-a208-dcf91a557251', 'bf690e58-0d1c-436d-b02f-df88bd3fa7af', '4th & 5th Year / 120,000 Kms', 24, 120000) ON CONFLICT DO NOTHING;
INSERT INTO tiers (plan_id, min_days, max_days, price_inr, is_active) VALUES ('5eaa1290-5511-4037-a208-dcf91a557251', 731, 1020, 25787.72, TRUE) ON CONFLICT DO NOTHING;
INSERT INTO plans (id, variant_id, plan_name, duration_months, max_kms) VALUES ('1053b1f9-460d-4a28-a65a-91d02fcb6e61', 'bf690e58-0d1c-436d-b02f-df88bd3fa7af', '4th & 5th Year / Unlimited Kms', 24, NULL) ON CONFLICT DO NOTHING;
INSERT INTO tiers (plan_id, min_days, max_days, price_inr, is_active) VALUES ('1053b1f9-460d-4a28-a65a-91d02fcb6e61', 731, 1020, 32234.06, TRUE) ON CONFLICT DO NOTHING;
INSERT INTO plans (id, variant_id, plan_name, duration_months, max_kms) VALUES ('350d58e2-a43f-48ef-a838-bfc9828d094c', '1541d931-76b9-4959-a9f6-9ce53a4867c1', '4th Year / 100,000 Kms', 12, 100000) ON CONFLICT DO NOTHING;
INSERT INTO tiers (plan_id, min_days, max_days, price_inr, is_active) VALUES ('350d58e2-a43f-48ef-a838-bfc9828d094c', 731, 1020, 19340.2, TRUE) ON CONFLICT DO NOTHING;
INSERT INTO plans (id, variant_id, plan_name, duration_months, max_kms) VALUES ('b71344ee-76f7-4b12-ae84-dfaa693c8ac1', '1541d931-76b9-4959-a9f6-9ce53a4867c1', '4th Year / Unlimited Kms', 12, NULL) ON CONFLICT DO NOTHING;
INSERT INTO tiers (plan_id, min_days, max_days, price_inr, is_active) VALUES ('b71344ee-76f7-4b12-ae84-dfaa693c8ac1', 731, 1020, 23638.94, TRUE) ON CONFLICT DO NOTHING;
INSERT INTO plans (id, variant_id, plan_name, duration_months, max_kms) VALUES ('25575da7-915f-45c8-839c-c63a2b1fa38d', '1541d931-76b9-4959-a9f6-9ce53a4867c1', '4th & 5th Year / 120,000 Kms', 24, 120000) ON CONFLICT DO NOTHING;
INSERT INTO tiers (plan_id, min_days, max_days, price_inr, is_active) VALUES ('25575da7-915f-45c8-839c-c63a2b1fa38d', 731, 1020, 25787.72, TRUE) ON CONFLICT DO NOTHING;
INSERT INTO plans (id, variant_id, plan_name, duration_months, max_kms) VALUES ('fdf196d6-0f41-4698-82d2-1baa565cc5bf', '1541d931-76b9-4959-a9f6-9ce53a4867c1', '4th & 5th Year / Unlimited Kms', 24, NULL) ON CONFLICT DO NOTHING;
INSERT INTO tiers (plan_id, min_days, max_days, price_inr, is_active) VALUES ('fdf196d6-0f41-4698-82d2-1baa565cc5bf', 731, 1020, 32234.06, TRUE) ON CONFLICT DO NOTHING;
INSERT INTO models (id, brand_id, name) VALUES ('834f970d-c510-4e3a-9a65-c0206648aab9', 'e9a8a150-6dc6-41dc-ba78-b0c503da8d0b', 'Sonet') ON CONFLICT DO NOTHING;
INSERT INTO variants (id, model_id, name, fuel, transmission, oem_warranty_months, oem_warranty_kms) VALUES ('ebf6e105-8fc9-41f9-9f6a-5fbd4da92e46', '834f970d-c510-4e3a-9a65-c0206648aab9', 'Sonet', 'Petrol', 'N/A', 36, 100000) ON CONFLICT DO NOTHING;
INSERT INTO plans (id, variant_id, plan_name, duration_months, max_kms) VALUES ('76882685-05e8-46ce-bb24-a83e84d15c87', 'ebf6e105-8fc9-41f9-9f6a-5fbd4da92e46', '4th Year / 100,000 Kms', 12, 100000) ON CONFLICT DO NOTHING;
INSERT INTO tiers (plan_id, min_days, max_days, price_inr, is_active) VALUES ('76882685-05e8-46ce-bb24-a83e84d15c87', 0, 90, 11862.54, TRUE) ON CONFLICT DO NOTHING;
INSERT INTO plans (id, variant_id, plan_name, duration_months, max_kms) VALUES ('ecfb0864-cd90-4865-8e72-0485ad662b6f', 'ebf6e105-8fc9-41f9-9f6a-5fbd4da92e46', '4th Year / Unlimited Kms', 12, NULL) ON CONFLICT DO NOTHING;
INSERT INTO tiers (plan_id, min_days, max_days, price_inr, is_active) VALUES ('ecfb0864-cd90-4865-8e72-0485ad662b6f', 0, 90, 14498.66, TRUE) ON CONFLICT DO NOTHING;
INSERT INTO plans (id, variant_id, plan_name, duration_months, max_kms) VALUES ('6cb9b2f4-1fe5-489d-b948-b207a46bb026', 'ebf6e105-8fc9-41f9-9f6a-5fbd4da92e46', '4th & 5th Year / 120,000 Kms', 24, 120000) ON CONFLICT DO NOTHING;
INSERT INTO tiers (plan_id, min_days, max_days, price_inr, is_active) VALUES ('6cb9b2f4-1fe5-489d-b948-b207a46bb026', 0, 90, 15816.72, TRUE) ON CONFLICT DO NOTHING;
INSERT INTO plans (id, variant_id, plan_name, duration_months, max_kms) VALUES ('8101cb63-fa62-48c5-9c21-71494dfc9651', 'ebf6e105-8fc9-41f9-9f6a-5fbd4da92e46', '4th & 5th Year / Unlimited Kms', 24, NULL) ON CONFLICT DO NOTHING;
INSERT INTO tiers (plan_id, min_days, max_days, price_inr, is_active) VALUES ('8101cb63-fa62-48c5-9c21-71494dfc9651', 0, 90, 19770.9, TRUE) ON CONFLICT DO NOTHING;
INSERT INTO models (id, brand_id, name) VALUES ('31b65893-151e-4347-992b-4ac6cd132f79', 'e9a8a150-6dc6-41dc-ba78-b0c503da8d0b', 'The New Sonet') ON CONFLICT DO NOTHING;
INSERT INTO variants (id, model_id, name, fuel, transmission, oem_warranty_months, oem_warranty_kms) VALUES ('715dfa30-3299-4cf3-b967-a91d94889751', '31b65893-151e-4347-992b-4ac6cd132f79', 'The New Sonet', 'Petrol', 'N/A', 36, 100000) ON CONFLICT DO NOTHING;
INSERT INTO plans (id, variant_id, plan_name, duration_months, max_kms) VALUES ('c064e2fd-9f92-452a-bc41-bf6461ba4a0b', '715dfa30-3299-4cf3-b967-a91d94889751', '4th Year / 100,000 Kms', 12, 100000) ON CONFLICT DO NOTHING;
INSERT INTO tiers (plan_id, min_days, max_days, price_inr, is_active) VALUES ('c064e2fd-9f92-452a-bc41-bf6461ba4a0b', 0, 90, 11862.54, TRUE) ON CONFLICT DO NOTHING;
INSERT INTO plans (id, variant_id, plan_name, duration_months, max_kms) VALUES ('44e97e2c-fbb1-4eb5-bfd4-bc03d01ed8ed', '715dfa30-3299-4cf3-b967-a91d94889751', '4th Year / Unlimited Kms', 12, NULL) ON CONFLICT DO NOTHING;
INSERT INTO tiers (plan_id, min_days, max_days, price_inr, is_active) VALUES ('44e97e2c-fbb1-4eb5-bfd4-bc03d01ed8ed', 0, 90, 14498.66, TRUE) ON CONFLICT DO NOTHING;
INSERT INTO plans (id, variant_id, plan_name, duration_months, max_kms) VALUES ('1ed0f906-1ee0-4950-bbfa-9f9de9a4a651', '715dfa30-3299-4cf3-b967-a91d94889751', '4th & 5th Year / 120,000 Kms', 24, 120000) ON CONFLICT DO NOTHING;
INSERT INTO tiers (plan_id, min_days, max_days, price_inr, is_active) VALUES ('1ed0f906-1ee0-4950-bbfa-9f9de9a4a651', 0, 90, 15816.72, TRUE) ON CONFLICT DO NOTHING;
INSERT INTO plans (id, variant_id, plan_name, duration_months, max_kms) VALUES ('b80cef0e-346c-48c7-bfe5-d27e27a4b1e4', '715dfa30-3299-4cf3-b967-a91d94889751', '4th & 5th Year / Unlimited Kms', 24, NULL) ON CONFLICT DO NOTHING;
INSERT INTO tiers (plan_id, min_days, max_days, price_inr, is_active) VALUES ('b80cef0e-346c-48c7-bfe5-d27e27a4b1e4', 0, 90, 19770.9, TRUE) ON CONFLICT DO NOTHING;
INSERT INTO plans (id, variant_id, plan_name, duration_months, max_kms) VALUES ('2556dfac-6d9d-41e6-823a-d7c5ccf8956c', 'ebf6e105-8fc9-41f9-9f6a-5fbd4da92e46', '4th Year / 100,000 Kms', 12, 100000) ON CONFLICT DO NOTHING;
INSERT INTO tiers (plan_id, min_days, max_days, price_inr, is_active) VALUES ('2556dfac-6d9d-41e6-823a-d7c5ccf8956c', 91, 365, 13048.44, TRUE) ON CONFLICT DO NOTHING;
INSERT INTO plans (id, variant_id, plan_name, duration_months, max_kms) VALUES ('29bcefd5-bacd-4ffb-b462-50d87e4b9ab9', 'ebf6e105-8fc9-41f9-9f6a-5fbd4da92e46', '4th Year / Unlimited Kms', 12, NULL) ON CONFLICT DO NOTHING;
INSERT INTO tiers (plan_id, min_days, max_days, price_inr, is_active) VALUES ('29bcefd5-bacd-4ffb-b462-50d87e4b9ab9', 91, 365, 15948.88, TRUE) ON CONFLICT DO NOTHING;
INSERT INTO plans (id, variant_id, plan_name, duration_months, max_kms) VALUES ('6efd37b5-8aed-4e1c-9c0f-471f966b5987', 'ebf6e105-8fc9-41f9-9f6a-5fbd4da92e46', '4th & 5th Year / 120,000 Kms', 24, 120000) ON CONFLICT DO NOTHING;
INSERT INTO tiers (plan_id, min_days, max_days, price_inr, is_active) VALUES ('6efd37b5-8aed-4e1c-9c0f-471f966b5987', 91, 365, 17397.92, TRUE) ON CONFLICT DO NOTHING;
INSERT INTO plans (id, variant_id, plan_name, duration_months, max_kms) VALUES ('0e133109-246d-4ee0-b7d0-9b9857796b93', 'ebf6e105-8fc9-41f9-9f6a-5fbd4da92e46', '4th & 5th Year / Unlimited Kms', 24, NULL) ON CONFLICT DO NOTHING;
INSERT INTO tiers (plan_id, min_days, max_days, price_inr, is_active) VALUES ('0e133109-246d-4ee0-b7d0-9b9857796b93', 91, 365, 21748.58, TRUE) ON CONFLICT DO NOTHING;
INSERT INTO plans (id, variant_id, plan_name, duration_months, max_kms) VALUES ('90bea534-2be1-4f29-a909-4b6662007e3f', '715dfa30-3299-4cf3-b967-a91d94889751', '4th Year / 100,000 Kms', 12, 100000) ON CONFLICT DO NOTHING;
INSERT INTO tiers (plan_id, min_days, max_days, price_inr, is_active) VALUES ('90bea534-2be1-4f29-a909-4b6662007e3f', 91, 365, 13048.44, TRUE) ON CONFLICT DO NOTHING;
INSERT INTO plans (id, variant_id, plan_name, duration_months, max_kms) VALUES ('38b1e289-cc9b-455e-901d-6cff040f5f55', '715dfa30-3299-4cf3-b967-a91d94889751', '4th Year / Unlimited Kms', 12, NULL) ON CONFLICT DO NOTHING;
INSERT INTO tiers (plan_id, min_days, max_days, price_inr, is_active) VALUES ('38b1e289-cc9b-455e-901d-6cff040f5f55', 91, 365, 15948.88, TRUE) ON CONFLICT DO NOTHING;
INSERT INTO plans (id, variant_id, plan_name, duration_months, max_kms) VALUES ('f5eee7a5-d713-41f3-ac7b-19d354161088', '715dfa30-3299-4cf3-b967-a91d94889751', '4th & 5th Year / 120,000 Kms', 24, 120000) ON CONFLICT DO NOTHING;
INSERT INTO tiers (plan_id, min_days, max_days, price_inr, is_active) VALUES ('f5eee7a5-d713-41f3-ac7b-19d354161088', 91, 365, 17397.92, TRUE) ON CONFLICT DO NOTHING;
INSERT INTO plans (id, variant_id, plan_name, duration_months, max_kms) VALUES ('d7da9a08-0ae3-4821-bc74-b8d9e01cad6a', '715dfa30-3299-4cf3-b967-a91d94889751', '4th & 5th Year / Unlimited Kms', 24, NULL) ON CONFLICT DO NOTHING;
INSERT INTO tiers (plan_id, min_days, max_days, price_inr, is_active) VALUES ('d7da9a08-0ae3-4821-bc74-b8d9e01cad6a', 91, 365, 21748.58, TRUE) ON CONFLICT DO NOTHING;
INSERT INTO plans (id, variant_id, plan_name, duration_months, max_kms) VALUES ('977fb9d2-39b1-4d25-86e2-a6f44cc0d8a2', 'ebf6e105-8fc9-41f9-9f6a-5fbd4da92e46', '4th Year / 100,000 Kms', 12, 100000) ON CONFLICT DO NOTHING;
INSERT INTO tiers (plan_id, min_days, max_days, price_inr, is_active) VALUES ('977fb9d2-39b1-4d25-86e2-a6f44cc0d8a2', 366, 730, 15421.42, TRUE) ON CONFLICT DO NOTHING;
INSERT INTO plans (id, variant_id, plan_name, duration_months, max_kms) VALUES ('a66acf7c-1fee-4ae1-9277-8902f6e3720c', 'ebf6e105-8fc9-41f9-9f6a-5fbd4da92e46', '4th Year / Unlimited Kms', 12, NULL) ON CONFLICT DO NOTHING;
INSERT INTO tiers (plan_id, min_days, max_days, price_inr, is_active) VALUES ('a66acf7c-1fee-4ae1-9277-8902f6e3720c', 366, 730, 18848.14, TRUE) ON CONFLICT DO NOTHING;
INSERT INTO plans (id, variant_id, plan_name, duration_months, max_kms) VALUES ('309f4f01-287b-4507-8c44-d183cbb281ad', 'ebf6e105-8fc9-41f9-9f6a-5fbd4da92e46', '4th & 5th Year / 120,000 Kms', 24, 120000) ON CONFLICT DO NOTHING;
INSERT INTO tiers (plan_id, min_days, max_days, price_inr, is_active) VALUES ('309f4f01-287b-4507-8c44-d183cbb281ad', 366, 730, 20561.5, TRUE) ON CONFLICT DO NOTHING;
INSERT INTO plans (id, variant_id, plan_name, duration_months, max_kms) VALUES ('13ce7c7b-0e76-490c-9e2d-1294d1d8cf5c', 'ebf6e105-8fc9-41f9-9f6a-5fbd4da92e46', '4th & 5th Year / Unlimited Kms', 24, NULL) ON CONFLICT DO NOTHING;
INSERT INTO tiers (plan_id, min_days, max_days, price_inr, is_active) VALUES ('13ce7c7b-0e76-490c-9e2d-1294d1d8cf5c', 366, 730, 25702.76, TRUE) ON CONFLICT DO NOTHING;
INSERT INTO plans (id, variant_id, plan_name, duration_months, max_kms) VALUES ('e1734adc-dc66-43d6-ad0c-b092f97acdd3', '715dfa30-3299-4cf3-b967-a91d94889751', '4th Year / 100,000 Kms', 12, 100000) ON CONFLICT DO NOTHING;
INSERT INTO tiers (plan_id, min_days, max_days, price_inr, is_active) VALUES ('e1734adc-dc66-43d6-ad0c-b092f97acdd3', 366, 730, 15421.42, TRUE) ON CONFLICT DO NOTHING;
INSERT INTO plans (id, variant_id, plan_name, duration_months, max_kms) VALUES ('b5bfae49-b75a-4ac3-87f1-59b242b0f1f4', '715dfa30-3299-4cf3-b967-a91d94889751', '4th Year / Unlimited Kms', 12, NULL) ON CONFLICT DO NOTHING;
INSERT INTO tiers (plan_id, min_days, max_days, price_inr, is_active) VALUES ('b5bfae49-b75a-4ac3-87f1-59b242b0f1f4', 366, 730, 18848.14, TRUE) ON CONFLICT DO NOTHING;
INSERT INTO plans (id, variant_id, plan_name, duration_months, max_kms) VALUES ('718c8066-8fa4-48a2-aab1-458db80f9fbc', '715dfa30-3299-4cf3-b967-a91d94889751', '4th & 5th Year / 120,000 Kms', 24, 120000) ON CONFLICT DO NOTHING;
INSERT INTO tiers (plan_id, min_days, max_days, price_inr, is_active) VALUES ('718c8066-8fa4-48a2-aab1-458db80f9fbc', 366, 730, 20561.5, TRUE) ON CONFLICT DO NOTHING;
INSERT INTO plans (id, variant_id, plan_name, duration_months, max_kms) VALUES ('7fed6633-d2a5-441f-902a-6be7397ead6b', '715dfa30-3299-4cf3-b967-a91d94889751', '4th & 5th Year / Unlimited Kms', 24, NULL) ON CONFLICT DO NOTHING;
INSERT INTO tiers (plan_id, min_days, max_days, price_inr, is_active) VALUES ('7fed6633-d2a5-441f-902a-6be7397ead6b', 366, 730, 25702.76, TRUE) ON CONFLICT DO NOTHING;
INSERT INTO plans (id, variant_id, plan_name, duration_months, max_kms) VALUES ('d53aedcd-a12d-479e-867b-dbb146fc8cc4', 'ebf6e105-8fc9-41f9-9f6a-5fbd4da92e46', '4th Year / 100,000 Kms', 12, 100000) ON CONFLICT DO NOTHING;
INSERT INTO tiers (plan_id, min_days, max_days, price_inr, is_active) VALUES ('d53aedcd-a12d-479e-867b-dbb146fc8cc4', 731, 1020, 16014.96, TRUE) ON CONFLICT DO NOTHING;
INSERT INTO plans (id, variant_id, plan_name, duration_months, max_kms) VALUES ('c46cc3db-419e-47e5-986e-9286df83b8e4', 'ebf6e105-8fc9-41f9-9f6a-5fbd4da92e46', '4th Year / Unlimited Kms', 12, NULL) ON CONFLICT DO NOTHING;
INSERT INTO tiers (plan_id, min_days, max_days, price_inr, is_active) VALUES ('c46cc3db-419e-47e5-986e-9286df83b8e4', 731, 1020, 19572.66, TRUE) ON CONFLICT DO NOTHING;
INSERT INTO plans (id, variant_id, plan_name, duration_months, max_kms) VALUES ('bc459b22-fb97-49ec-a53d-a6b12fe1c175', 'ebf6e105-8fc9-41f9-9f6a-5fbd4da92e46', '4th & 5th Year / 120,000 Kms', 24, 120000) ON CONFLICT DO NOTHING;
INSERT INTO tiers (plan_id, min_days, max_days, price_inr, is_active) VALUES ('bc459b22-fb97-49ec-a53d-a6b12fe1c175', 731, 1020, 21352.1, TRUE) ON CONFLICT DO NOTHING;
INSERT INTO plans (id, variant_id, plan_name, duration_months, max_kms) VALUES ('c2985fe4-e73b-4c40-b334-b31a46eeb5cd', 'ebf6e105-8fc9-41f9-9f6a-5fbd4da92e46', '4th & 5th Year / Unlimited Kms', 24, NULL) ON CONFLICT DO NOTHING;
INSERT INTO tiers (plan_id, min_days, max_days, price_inr, is_active) VALUES ('c2985fe4-e73b-4c40-b334-b31a46eeb5cd', 731, 1020, 26690.42, TRUE) ON CONFLICT DO NOTHING;
INSERT INTO plans (id, variant_id, plan_name, duration_months, max_kms) VALUES ('e84397b2-9266-4f33-a651-1fe9d6853188', '715dfa30-3299-4cf3-b967-a91d94889751', '4th Year / 100,000 Kms', 12, 100000) ON CONFLICT DO NOTHING;
INSERT INTO tiers (plan_id, min_days, max_days, price_inr, is_active) VALUES ('e84397b2-9266-4f33-a651-1fe9d6853188', 731, 1020, 16014.96, TRUE) ON CONFLICT DO NOTHING;
INSERT INTO plans (id, variant_id, plan_name, duration_months, max_kms) VALUES ('c6c7fbe0-6a81-4fc2-8d7a-82d24fdce838', '715dfa30-3299-4cf3-b967-a91d94889751', '4th Year / Unlimited Kms', 12, NULL) ON CONFLICT DO NOTHING;
INSERT INTO tiers (plan_id, min_days, max_days, price_inr, is_active) VALUES ('c6c7fbe0-6a81-4fc2-8d7a-82d24fdce838', 731, 1020, 19572.66, TRUE) ON CONFLICT DO NOTHING;
INSERT INTO plans (id, variant_id, plan_name, duration_months, max_kms) VALUES ('55998dc5-3800-4546-a561-d394dca3cbeb', '715dfa30-3299-4cf3-b967-a91d94889751', '4th & 5th Year / 120,000 Kms', 24, 120000) ON CONFLICT DO NOTHING;
INSERT INTO tiers (plan_id, min_days, max_days, price_inr, is_active) VALUES ('55998dc5-3800-4546-a561-d394dca3cbeb', 731, 1020, 21352.1, TRUE) ON CONFLICT DO NOTHING;
INSERT INTO plans (id, variant_id, plan_name, duration_months, max_kms) VALUES ('60615d4b-fd96-41f7-aea4-192e8d5d88b6', '715dfa30-3299-4cf3-b967-a91d94889751', '4th & 5th Year / Unlimited Kms', 24, NULL) ON CONFLICT DO NOTHING;
INSERT INTO tiers (plan_id, min_days, max_days, price_inr, is_active) VALUES ('60615d4b-fd96-41f7-aea4-192e8d5d88b6', 731, 1020, 26690.42, TRUE) ON CONFLICT DO NOTHING;
INSERT INTO plans (id, variant_id, plan_name, duration_months, max_kms) VALUES ('add6ff25-ca8f-452c-bb58-3e4bfe6c3fda', '00fe2576-3715-4e86-bd59-5708a994a092', '4th Year / 100,000 Kms', 12, 100000) ON CONFLICT DO NOTHING;
INSERT INTO tiers (plan_id, min_days, max_days, price_inr, is_active) VALUES ('add6ff25-ca8f-452c-bb58-3e4bfe6c3fda', 0, 90, 15919.38, TRUE) ON CONFLICT DO NOTHING;
INSERT INTO plans (id, variant_id, plan_name, duration_months, max_kms) VALUES ('7fb2f213-ff8d-45b6-b4b8-42ebd4e8cab2', '00fe2576-3715-4e86-bd59-5708a994a092', '4th Year / Unlimited Kms', 12, NULL) ON CONFLICT DO NOTHING;
INSERT INTO tiers (plan_id, min_days, max_days, price_inr, is_active) VALUES ('7fb2f213-ff8d-45b6-b4b8-42ebd4e8cab2', 0, 90, 19457.02, TRUE) ON CONFLICT DO NOTHING;
INSERT INTO plans (id, variant_id, plan_name, duration_months, max_kms) VALUES ('b030e996-d1b7-48e6-a328-110e6daabb01', '00fe2576-3715-4e86-bd59-5708a994a092', '4th & 5th Year / 120,000 Kms', 24, 120000) ON CONFLICT DO NOTHING;
INSERT INTO tiers (plan_id, min_days, max_days, price_inr, is_active) VALUES ('b030e996-d1b7-48e6-a328-110e6daabb01', 0, 90, 21225.84, TRUE) ON CONFLICT DO NOTHING;
INSERT INTO plans (id, variant_id, plan_name, duration_months, max_kms) VALUES ('5d1f3d40-f271-4121-b94c-d671afdd82ea', '00fe2576-3715-4e86-bd59-5708a994a092', '4th & 5th Year / Unlimited Kms', 24, NULL) ON CONFLICT DO NOTHING;
INSERT INTO tiers (plan_id, min_days, max_days, price_inr, is_active) VALUES ('5d1f3d40-f271-4121-b94c-d671afdd82ea', 0, 90, 26532.3, TRUE) ON CONFLICT DO NOTHING;
INSERT INTO plans (id, variant_id, plan_name, duration_months, max_kms) VALUES ('081129b0-fa0c-4b1b-9f27-f30cec4ab5a7', '9e0b47d0-06cd-4ded-ad11-74184fa3bac1', '4th Year / 100,000 Kms', 12, 100000) ON CONFLICT DO NOTHING;
INSERT INTO tiers (plan_id, min_days, max_days, price_inr, is_active) VALUES ('081129b0-fa0c-4b1b-9f27-f30cec4ab5a7', 0, 90, 15919.38, TRUE) ON CONFLICT DO NOTHING;
INSERT INTO plans (id, variant_id, plan_name, duration_months, max_kms) VALUES ('8b2a39f5-a214-4ec8-aefe-496c577248b3', '9e0b47d0-06cd-4ded-ad11-74184fa3bac1', '4th Year / Unlimited Kms', 12, NULL) ON CONFLICT DO NOTHING;
INSERT INTO tiers (plan_id, min_days, max_days, price_inr, is_active) VALUES ('8b2a39f5-a214-4ec8-aefe-496c577248b3', 0, 90, 19457.02, TRUE) ON CONFLICT DO NOTHING;
INSERT INTO plans (id, variant_id, plan_name, duration_months, max_kms) VALUES ('92578dbc-00aa-4121-9c1f-0fe3f0f0ce5b', '9e0b47d0-06cd-4ded-ad11-74184fa3bac1', '4th & 5th Year / 120,000 Kms', 24, 120000) ON CONFLICT DO NOTHING;
INSERT INTO tiers (plan_id, min_days, max_days, price_inr, is_active) VALUES ('92578dbc-00aa-4121-9c1f-0fe3f0f0ce5b', 0, 90, 21225.84, TRUE) ON CONFLICT DO NOTHING;
INSERT INTO plans (id, variant_id, plan_name, duration_months, max_kms) VALUES ('255e7f34-5f94-4c02-b3fb-9e789d9b1d54', '9e0b47d0-06cd-4ded-ad11-74184fa3bac1', '4th & 5th Year / Unlimited Kms', 24, NULL) ON CONFLICT DO NOTHING;
INSERT INTO tiers (plan_id, min_days, max_days, price_inr, is_active) VALUES ('255e7f34-5f94-4c02-b3fb-9e789d9b1d54', 0, 90, 26532.3, TRUE) ON CONFLICT DO NOTHING;
INSERT INTO plans (id, variant_id, plan_name, duration_months, max_kms) VALUES ('8935bed2-993a-46fb-9a96-6620bb9b9baa', 'bf690e58-0d1c-436d-b02f-df88bd3fa7af', '4th Year / 100,000 Kms', 12, 100000) ON CONFLICT DO NOTHING;
INSERT INTO tiers (plan_id, min_days, max_days, price_inr, is_active) VALUES ('8935bed2-993a-46fb-9a96-6620bb9b9baa', 0, 90, 15919.38, TRUE) ON CONFLICT DO NOTHING;
INSERT INTO plans (id, variant_id, plan_name, duration_months, max_kms) VALUES ('90983251-aa66-4d1b-88c2-c58db568050c', 'bf690e58-0d1c-436d-b02f-df88bd3fa7af', '4th Year / Unlimited Kms', 12, NULL) ON CONFLICT DO NOTHING;
INSERT INTO tiers (plan_id, min_days, max_days, price_inr, is_active) VALUES ('90983251-aa66-4d1b-88c2-c58db568050c', 0, 90, 19457.02, TRUE) ON CONFLICT DO NOTHING;
INSERT INTO plans (id, variant_id, plan_name, duration_months, max_kms) VALUES ('61928d47-15eb-4a7c-b25c-7a025ec56c5a', 'bf690e58-0d1c-436d-b02f-df88bd3fa7af', '4th & 5th Year / 120,000 Kms', 24, 120000) ON CONFLICT DO NOTHING;
INSERT INTO tiers (plan_id, min_days, max_days, price_inr, is_active) VALUES ('61928d47-15eb-4a7c-b25c-7a025ec56c5a', 0, 90, 21225.84, TRUE) ON CONFLICT DO NOTHING;
INSERT INTO plans (id, variant_id, plan_name, duration_months, max_kms) VALUES ('48402ffe-bab6-4b45-b666-a8cd3de0cb73', 'bf690e58-0d1c-436d-b02f-df88bd3fa7af', '4th & 5th Year / Unlimited Kms', 24, NULL) ON CONFLICT DO NOTHING;
INSERT INTO tiers (plan_id, min_days, max_days, price_inr, is_active) VALUES ('48402ffe-bab6-4b45-b666-a8cd3de0cb73', 0, 90, 26532.3, TRUE) ON CONFLICT DO NOTHING;
INSERT INTO plans (id, variant_id, plan_name, duration_months, max_kms) VALUES ('b250ecb9-d0a6-4833-9411-4b05ecef779d', '1541d931-76b9-4959-a9f6-9ce53a4867c1', '4th Year / 100,000 Kms', 12, 100000) ON CONFLICT DO NOTHING;
INSERT INTO tiers (plan_id, min_days, max_days, price_inr, is_active) VALUES ('b250ecb9-d0a6-4833-9411-4b05ecef779d', 0, 90, 15919.38, TRUE) ON CONFLICT DO NOTHING;
INSERT INTO plans (id, variant_id, plan_name, duration_months, max_kms) VALUES ('b5fc7432-0ed3-4b6f-b591-4f1b6c119b63', '1541d931-76b9-4959-a9f6-9ce53a4867c1', '4th Year / Unlimited Kms', 12, NULL) ON CONFLICT DO NOTHING;
INSERT INTO tiers (plan_id, min_days, max_days, price_inr, is_active) VALUES ('b5fc7432-0ed3-4b6f-b591-4f1b6c119b63', 0, 90, 19457.02, TRUE) ON CONFLICT DO NOTHING;
INSERT INTO plans (id, variant_id, plan_name, duration_months, max_kms) VALUES ('7d7deb45-ee8d-4228-a463-2286182cb809', '1541d931-76b9-4959-a9f6-9ce53a4867c1', '4th & 5th Year / 120,000 Kms', 24, 120000) ON CONFLICT DO NOTHING;
INSERT INTO tiers (plan_id, min_days, max_days, price_inr, is_active) VALUES ('7d7deb45-ee8d-4228-a463-2286182cb809', 0, 90, 21225.84, TRUE) ON CONFLICT DO NOTHING;
INSERT INTO plans (id, variant_id, plan_name, duration_months, max_kms) VALUES ('833704be-0efa-4a93-a3a3-b85d00aeb218', '1541d931-76b9-4959-a9f6-9ce53a4867c1', '4th & 5th Year / Unlimited Kms', 24, NULL) ON CONFLICT DO NOTHING;
INSERT INTO tiers (plan_id, min_days, max_days, price_inr, is_active) VALUES ('833704be-0efa-4a93-a3a3-b85d00aeb218', 0, 90, 26532.3, TRUE) ON CONFLICT DO NOTHING;
INSERT INTO plans (id, variant_id, plan_name, duration_months, max_kms) VALUES ('14f68f6d-ee70-4c66-845c-3643963610a5', '00fe2576-3715-4e86-bd59-5708a994a092', '4th Year / 100,000 Kms', 12, 100000) ON CONFLICT DO NOTHING;
INSERT INTO tiers (plan_id, min_days, max_days, price_inr, is_active) VALUES ('14f68f6d-ee70-4c66-845c-3643963610a5', 91, 365, 17511.2, TRUE) ON CONFLICT DO NOTHING;
INSERT INTO plans (id, variant_id, plan_name, duration_months, max_kms) VALUES ('2267cb16-80c7-44cf-9ff1-2181bee60c0d', '00fe2576-3715-4e86-bd59-5708a994a092', '4th Year / Unlimited Kms', 12, NULL) ON CONFLICT DO NOTHING;
INSERT INTO tiers (plan_id, min_days, max_days, price_inr, is_active) VALUES ('2267cb16-80c7-44cf-9ff1-2181bee60c0d', 91, 365, 21402.84, TRUE) ON CONFLICT DO NOTHING;
INSERT INTO plans (id, variant_id, plan_name, duration_months, max_kms) VALUES ('20d72e35-b79b-44d2-ad96-999e7bc613b3', '00fe2576-3715-4e86-bd59-5708a994a092', '4th & 5th Year / 120,000 Kms', 24, 120000) ON CONFLICT DO NOTHING;
INSERT INTO tiers (plan_id, min_days, max_days, price_inr, is_active) VALUES ('20d72e35-b79b-44d2-ad96-999e7bc613b3', 91, 365, 23348.66, TRUE) ON CONFLICT DO NOTHING;
INSERT INTO plans (id, variant_id, plan_name, duration_months, max_kms) VALUES ('100cd3b4-bd53-4a4d-ab85-75007139d6db', '00fe2576-3715-4e86-bd59-5708a994a092', '4th & 5th Year / Unlimited Kms', 24, NULL) ON CONFLICT DO NOTHING;
INSERT INTO tiers (plan_id, min_days, max_days, price_inr, is_active) VALUES ('100cd3b4-bd53-4a4d-ab85-75007139d6db', 91, 365, 29186.12, TRUE) ON CONFLICT DO NOTHING;
INSERT INTO plans (id, variant_id, plan_name, duration_months, max_kms) VALUES ('0ef87be3-5566-415f-a4f3-5da556a50634', '9e0b47d0-06cd-4ded-ad11-74184fa3bac1', '4th Year / 100,000 Kms', 12, 100000) ON CONFLICT DO NOTHING;
INSERT INTO tiers (plan_id, min_days, max_days, price_inr, is_active) VALUES ('0ef87be3-5566-415f-a4f3-5da556a50634', 91, 365, 17511.2, TRUE) ON CONFLICT DO NOTHING;
INSERT INTO plans (id, variant_id, plan_name, duration_months, max_kms) VALUES ('9c1d3a26-0cd6-4581-86da-d02c5e2d1771', '9e0b47d0-06cd-4ded-ad11-74184fa3bac1', '4th Year / Unlimited Kms', 12, NULL) ON CONFLICT DO NOTHING;
INSERT INTO tiers (plan_id, min_days, max_days, price_inr, is_active) VALUES ('9c1d3a26-0cd6-4581-86da-d02c5e2d1771', 91, 365, 21402.84, TRUE) ON CONFLICT DO NOTHING;
INSERT INTO plans (id, variant_id, plan_name, duration_months, max_kms) VALUES ('f15d24f1-cf76-40d0-a2e2-5a6757fe6cbd', '9e0b47d0-06cd-4ded-ad11-74184fa3bac1', '4th & 5th Year / 120,000 Kms', 24, 120000) ON CONFLICT DO NOTHING;
INSERT INTO tiers (plan_id, min_days, max_days, price_inr, is_active) VALUES ('f15d24f1-cf76-40d0-a2e2-5a6757fe6cbd', 91, 365, 23348.66, TRUE) ON CONFLICT DO NOTHING;
INSERT INTO plans (id, variant_id, plan_name, duration_months, max_kms) VALUES ('3eb60b51-c3b8-4cbd-ae12-3cd7c2621076', '9e0b47d0-06cd-4ded-ad11-74184fa3bac1', '4th & 5th Year / Unlimited Kms', 24, NULL) ON CONFLICT DO NOTHING;
INSERT INTO tiers (plan_id, min_days, max_days, price_inr, is_active) VALUES ('3eb60b51-c3b8-4cbd-ae12-3cd7c2621076', 91, 365, 29186.12, TRUE) ON CONFLICT DO NOTHING;
INSERT INTO plans (id, variant_id, plan_name, duration_months, max_kms) VALUES ('743c2bf1-6129-4f32-b231-f2bda1d444fb', 'bf690e58-0d1c-436d-b02f-df88bd3fa7af', '4th Year / 100,000 Kms', 12, 100000) ON CONFLICT DO NOTHING;
INSERT INTO tiers (plan_id, min_days, max_days, price_inr, is_active) VALUES ('743c2bf1-6129-4f32-b231-f2bda1d444fb', 91, 365, 17511.2, TRUE) ON CONFLICT DO NOTHING;
INSERT INTO plans (id, variant_id, plan_name, duration_months, max_kms) VALUES ('5ba079e6-d8e9-49e8-86a3-fd576875cef0', 'bf690e58-0d1c-436d-b02f-df88bd3fa7af', '4th Year / Unlimited Kms', 12, NULL) ON CONFLICT DO NOTHING;
INSERT INTO tiers (plan_id, min_days, max_days, price_inr, is_active) VALUES ('5ba079e6-d8e9-49e8-86a3-fd576875cef0', 91, 365, 21402.84, TRUE) ON CONFLICT DO NOTHING;
INSERT INTO plans (id, variant_id, plan_name, duration_months, max_kms) VALUES ('f60173d5-1383-47a8-b20b-68669e740045', 'bf690e58-0d1c-436d-b02f-df88bd3fa7af', '4th & 5th Year / 120,000 Kms', 24, 120000) ON CONFLICT DO NOTHING;
INSERT INTO tiers (plan_id, min_days, max_days, price_inr, is_active) VALUES ('f60173d5-1383-47a8-b20b-68669e740045', 91, 365, 23348.66, TRUE) ON CONFLICT DO NOTHING;
INSERT INTO plans (id, variant_id, plan_name, duration_months, max_kms) VALUES ('7c7464d1-936e-43b8-a97e-83bf85cab3f8', 'bf690e58-0d1c-436d-b02f-df88bd3fa7af', '4th & 5th Year / Unlimited Kms', 24, NULL) ON CONFLICT DO NOTHING;
INSERT INTO tiers (plan_id, min_days, max_days, price_inr, is_active) VALUES ('7c7464d1-936e-43b8-a97e-83bf85cab3f8', 91, 365, 29186.12, TRUE) ON CONFLICT DO NOTHING;
INSERT INTO plans (id, variant_id, plan_name, duration_months, max_kms) VALUES ('22636b41-97be-4efc-ba63-873652f2d01e', '1541d931-76b9-4959-a9f6-9ce53a4867c1', '4th Year / 100,000 Kms', 12, 100000) ON CONFLICT DO NOTHING;
INSERT INTO tiers (plan_id, min_days, max_days, price_inr, is_active) VALUES ('22636b41-97be-4efc-ba63-873652f2d01e', 91, 365, 17511.2, TRUE) ON CONFLICT DO NOTHING;
INSERT INTO plans (id, variant_id, plan_name, duration_months, max_kms) VALUES ('4757a32d-c8fc-449f-86b5-f9d317e4ba00', '1541d931-76b9-4959-a9f6-9ce53a4867c1', '4th Year / Unlimited Kms', 12, NULL) ON CONFLICT DO NOTHING;
INSERT INTO tiers (plan_id, min_days, max_days, price_inr, is_active) VALUES ('4757a32d-c8fc-449f-86b5-f9d317e4ba00', 91, 365, 21402.84, TRUE) ON CONFLICT DO NOTHING;
INSERT INTO plans (id, variant_id, plan_name, duration_months, max_kms) VALUES ('7ab64048-8d57-40ba-93c5-2db5826340e6', '1541d931-76b9-4959-a9f6-9ce53a4867c1', '4th & 5th Year / 120,000 Kms', 24, 120000) ON CONFLICT DO NOTHING;
INSERT INTO tiers (plan_id, min_days, max_days, price_inr, is_active) VALUES ('7ab64048-8d57-40ba-93c5-2db5826340e6', 91, 365, 23348.66, TRUE) ON CONFLICT DO NOTHING;
INSERT INTO plans (id, variant_id, plan_name, duration_months, max_kms) VALUES ('e209fda5-e3c3-44d5-8859-5a6cf2774945', '1541d931-76b9-4959-a9f6-9ce53a4867c1', '4th & 5th Year / Unlimited Kms', 24, NULL) ON CONFLICT DO NOTHING;
INSERT INTO tiers (plan_id, min_days, max_days, price_inr, is_active) VALUES ('e209fda5-e3c3-44d5-8859-5a6cf2774945', 91, 365, 29186.12, TRUE) ON CONFLICT DO NOTHING;
INSERT INTO plans (id, variant_id, plan_name, duration_months, max_kms) VALUES ('62587781-2915-4761-861b-ce5352b007da', '00fe2576-3715-4e86-bd59-5708a994a092', '4th Year / 100,000 Kms', 12, 100000) ON CONFLICT DO NOTHING;
INSERT INTO tiers (plan_id, min_days, max_days, price_inr, is_active) VALUES ('62587781-2915-4761-861b-ce5352b007da', 366, 730, 20694.84, TRUE) ON CONFLICT DO NOTHING;
INSERT INTO plans (id, variant_id, plan_name, duration_months, max_kms) VALUES ('b8e59580-1390-42cf-98e2-6884599f3a88', '00fe2576-3715-4e86-bd59-5708a994a092', '4th Year / Unlimited Kms', 12, NULL) ON CONFLICT DO NOTHING;
INSERT INTO tiers (plan_id, min_days, max_days, price_inr, is_active) VALUES ('b8e59580-1390-42cf-98e2-6884599f3a88', 366, 730, 25294.48, TRUE) ON CONFLICT DO NOTHING;
INSERT INTO plans (id, variant_id, plan_name, duration_months, max_kms) VALUES ('99e3534e-e1b8-4139-b6de-a9f8ea62e768', '00fe2576-3715-4e86-bd59-5708a994a092', '4th & 5th Year / 120,000 Kms', 24, 120000) ON CONFLICT DO NOTHING;
INSERT INTO tiers (plan_id, min_days, max_days, price_inr, is_active) VALUES ('99e3534e-e1b8-4139-b6de-a9f8ea62e768', 366, 730, 27593.12, TRUE) ON CONFLICT DO NOTHING;
INSERT INTO plans (id, variant_id, plan_name, duration_months, max_kms) VALUES ('b08eb8c7-5446-4463-bba4-e399cd295b97', '00fe2576-3715-4e86-bd59-5708a994a092', '4th & 5th Year / Unlimited Kms', 24, NULL) ON CONFLICT DO NOTHING;
INSERT INTO tiers (plan_id, min_days, max_days, price_inr, is_active) VALUES ('b08eb8c7-5446-4463-bba4-e399cd295b97', 366, 730, 34492.58, TRUE) ON CONFLICT DO NOTHING;
INSERT INTO plans (id, variant_id, plan_name, duration_months, max_kms) VALUES ('e2bbbee3-cbba-4196-b8c5-d951f311d4fc', '9e0b47d0-06cd-4ded-ad11-74184fa3bac1', '4th Year / 100,000 Kms', 12, 100000) ON CONFLICT DO NOTHING;
INSERT INTO tiers (plan_id, min_days, max_days, price_inr, is_active) VALUES ('e2bbbee3-cbba-4196-b8c5-d951f311d4fc', 366, 730, 20694.84, TRUE) ON CONFLICT DO NOTHING;
INSERT INTO plans (id, variant_id, plan_name, duration_months, max_kms) VALUES ('ce2c256f-0850-4ae4-9ac3-1bb65cb4fc4c', '9e0b47d0-06cd-4ded-ad11-74184fa3bac1', '4th Year / Unlimited Kms', 12, NULL) ON CONFLICT DO NOTHING;
INSERT INTO tiers (plan_id, min_days, max_days, price_inr, is_active) VALUES ('ce2c256f-0850-4ae4-9ac3-1bb65cb4fc4c', 366, 730, 25294.48, TRUE) ON CONFLICT DO NOTHING;
INSERT INTO plans (id, variant_id, plan_name, duration_months, max_kms) VALUES ('ae1019fc-8a8b-4de2-ad8f-d34ba4d02355', '9e0b47d0-06cd-4ded-ad11-74184fa3bac1', '4th & 5th Year / 120,000 Kms', 24, 120000) ON CONFLICT DO NOTHING;
INSERT INTO tiers (plan_id, min_days, max_days, price_inr, is_active) VALUES ('ae1019fc-8a8b-4de2-ad8f-d34ba4d02355', 366, 730, 27593.12, TRUE) ON CONFLICT DO NOTHING;
INSERT INTO plans (id, variant_id, plan_name, duration_months, max_kms) VALUES ('30aab8b3-3bb0-445b-9d4a-3e1a7e6ea14c', '9e0b47d0-06cd-4ded-ad11-74184fa3bac1', '4th & 5th Year / Unlimited Kms', 24, NULL) ON CONFLICT DO NOTHING;
INSERT INTO tiers (plan_id, min_days, max_days, price_inr, is_active) VALUES ('30aab8b3-3bb0-445b-9d4a-3e1a7e6ea14c', 366, 730, 34492.58, TRUE) ON CONFLICT DO NOTHING;
INSERT INTO plans (id, variant_id, plan_name, duration_months, max_kms) VALUES ('74d75fb6-518e-411d-b6ab-6e02e61972ec', 'bf690e58-0d1c-436d-b02f-df88bd3fa7af', '4th Year / 100,000 Kms', 12, 100000) ON CONFLICT DO NOTHING;
INSERT INTO tiers (plan_id, min_days, max_days, price_inr, is_active) VALUES ('74d75fb6-518e-411d-b6ab-6e02e61972ec', 366, 730, 20694.84, TRUE) ON CONFLICT DO NOTHING;
INSERT INTO plans (id, variant_id, plan_name, duration_months, max_kms) VALUES ('17e89ec7-edec-4d4a-b368-37830d71fc7a', 'bf690e58-0d1c-436d-b02f-df88bd3fa7af', '4th Year / Unlimited Kms', 12, NULL) ON CONFLICT DO NOTHING;
INSERT INTO tiers (plan_id, min_days, max_days, price_inr, is_active) VALUES ('17e89ec7-edec-4d4a-b368-37830d71fc7a', 366, 730, 25294.48, TRUE) ON CONFLICT DO NOTHING;
INSERT INTO plans (id, variant_id, plan_name, duration_months, max_kms) VALUES ('b46f5507-50f3-4ac6-b33b-5d010a5d90c8', 'bf690e58-0d1c-436d-b02f-df88bd3fa7af', '4th & 5th Year / 120,000 Kms', 24, 120000) ON CONFLICT DO NOTHING;
INSERT INTO tiers (plan_id, min_days, max_days, price_inr, is_active) VALUES ('b46f5507-50f3-4ac6-b33b-5d010a5d90c8', 366, 730, 27593.12, TRUE) ON CONFLICT DO NOTHING;
INSERT INTO plans (id, variant_id, plan_name, duration_months, max_kms) VALUES ('8c5336d2-cf2c-4741-8df9-a54db77ff35e', 'bf690e58-0d1c-436d-b02f-df88bd3fa7af', '4th & 5th Year / Unlimited Kms', 24, NULL) ON CONFLICT DO NOTHING;
INSERT INTO tiers (plan_id, min_days, max_days, price_inr, is_active) VALUES ('8c5336d2-cf2c-4741-8df9-a54db77ff35e', 366, 730, 34492.58, TRUE) ON CONFLICT DO NOTHING;
INSERT INTO plans (id, variant_id, plan_name, duration_months, max_kms) VALUES ('f98223d8-22f1-4a1e-9a3e-fb060c94520e', '1541d931-76b9-4959-a9f6-9ce53a4867c1', '4th Year / 100,000 Kms', 12, 100000) ON CONFLICT DO NOTHING;
INSERT INTO tiers (plan_id, min_days, max_days, price_inr, is_active) VALUES ('f98223d8-22f1-4a1e-9a3e-fb060c94520e', 366, 730, 20694.84, TRUE) ON CONFLICT DO NOTHING;
INSERT INTO plans (id, variant_id, plan_name, duration_months, max_kms) VALUES ('7eddebeb-f065-4740-a135-dd0a61682903', '1541d931-76b9-4959-a9f6-9ce53a4867c1', '4th Year / Unlimited Kms', 12, NULL) ON CONFLICT DO NOTHING;
INSERT INTO tiers (plan_id, min_days, max_days, price_inr, is_active) VALUES ('7eddebeb-f065-4740-a135-dd0a61682903', 366, 730, 25294.48, TRUE) ON CONFLICT DO NOTHING;
INSERT INTO plans (id, variant_id, plan_name, duration_months, max_kms) VALUES ('1350efc3-51d9-48a2-9ae6-8638b45614e6', '1541d931-76b9-4959-a9f6-9ce53a4867c1', '4th & 5th Year / 120,000 Kms', 24, 120000) ON CONFLICT DO NOTHING;
INSERT INTO tiers (plan_id, min_days, max_days, price_inr, is_active) VALUES ('1350efc3-51d9-48a2-9ae6-8638b45614e6', 366, 730, 27593.12, TRUE) ON CONFLICT DO NOTHING;
INSERT INTO plans (id, variant_id, plan_name, duration_months, max_kms) VALUES ('75210485-1c7d-47d9-86a4-8fb7b03c1b1b', '1541d931-76b9-4959-a9f6-9ce53a4867c1', '4th & 5th Year / Unlimited Kms', 24, NULL) ON CONFLICT DO NOTHING;
INSERT INTO tiers (plan_id, min_days, max_days, price_inr, is_active) VALUES ('75210485-1c7d-47d9-86a4-8fb7b03c1b1b', 366, 730, 34492.58, TRUE) ON CONFLICT DO NOTHING;
INSERT INTO plans (id, variant_id, plan_name, duration_months, max_kms) VALUES ('c89a2687-417e-4eb0-9de0-31d0a99f2ef2', '00fe2576-3715-4e86-bd59-5708a994a092', '4th Year / 100,000 Kms', 12, 100000) ON CONFLICT DO NOTHING;
INSERT INTO tiers (plan_id, min_days, max_days, price_inr, is_active) VALUES ('c89a2687-417e-4eb0-9de0-31d0a99f2ef2', 731, 1020, 21491.34, TRUE) ON CONFLICT DO NOTHING;
INSERT INTO plans (id, variant_id, plan_name, duration_months, max_kms) VALUES ('4f22eb49-ceb5-4979-801c-40fa10f590e7', '00fe2576-3715-4e86-bd59-5708a994a092', '4th Year / Unlimited Kms', 12, NULL) ON CONFLICT DO NOTHING;
INSERT INTO tiers (plan_id, min_days, max_days, price_inr, is_active) VALUES ('4f22eb49-ceb5-4979-801c-40fa10f590e7', 731, 1020, 26266.8, TRUE) ON CONFLICT DO NOTHING;
INSERT INTO plans (id, variant_id, plan_name, duration_months, max_kms) VALUES ('332e70bd-cc05-4930-bfdf-b25da1f0a1c6', '00fe2576-3715-4e86-bd59-5708a994a092', '4th & 5th Year / 120,000 Kms', 24, 120000) ON CONFLICT DO NOTHING;
INSERT INTO tiers (plan_id, min_days, max_days, price_inr, is_active) VALUES ('332e70bd-cc05-4930-bfdf-b25da1f0a1c6', 731, 1020, 28655.12, TRUE) ON CONFLICT DO NOTHING;
INSERT INTO plans (id, variant_id, plan_name, duration_months, max_kms) VALUES ('ffecd249-ca74-43f1-8cba-d0baa1a16af7', '00fe2576-3715-4e86-bd59-5708a994a092', '4th & 5th Year / Unlimited Kms', 24, NULL) ON CONFLICT DO NOTHING;
INSERT INTO tiers (plan_id, min_days, max_days, price_inr, is_active) VALUES ('ffecd249-ca74-43f1-8cba-d0baa1a16af7', 731, 1020, 35818.9, TRUE) ON CONFLICT DO NOTHING;
INSERT INTO plans (id, variant_id, plan_name, duration_months, max_kms) VALUES ('d26794ce-67e4-4b53-a310-a4be8ab2e870', '9e0b47d0-06cd-4ded-ad11-74184fa3bac1', '4th Year / 100,000 Kms', 12, 100000) ON CONFLICT DO NOTHING;
INSERT INTO tiers (plan_id, min_days, max_days, price_inr, is_active) VALUES ('d26794ce-67e4-4b53-a310-a4be8ab2e870', 731, 1020, 21491.34, TRUE) ON CONFLICT DO NOTHING;
INSERT INTO plans (id, variant_id, plan_name, duration_months, max_kms) VALUES ('656a40b7-7fbb-4164-b152-cc0719855a54', '9e0b47d0-06cd-4ded-ad11-74184fa3bac1', '4th Year / Unlimited Kms', 12, NULL) ON CONFLICT DO NOTHING;
INSERT INTO tiers (plan_id, min_days, max_days, price_inr, is_active) VALUES ('656a40b7-7fbb-4164-b152-cc0719855a54', 731, 1020, 26266.8, TRUE) ON CONFLICT DO NOTHING;
INSERT INTO plans (id, variant_id, plan_name, duration_months, max_kms) VALUES ('fcf25b5c-70dd-48e1-bc9d-0e7406021503', '9e0b47d0-06cd-4ded-ad11-74184fa3bac1', '4th & 5th Year / 120,000 Kms', 24, 120000) ON CONFLICT DO NOTHING;
INSERT INTO tiers (plan_id, min_days, max_days, price_inr, is_active) VALUES ('fcf25b5c-70dd-48e1-bc9d-0e7406021503', 731, 1020, 28655.12, TRUE) ON CONFLICT DO NOTHING;
INSERT INTO plans (id, variant_id, plan_name, duration_months, max_kms) VALUES ('abc5318b-423f-4da2-8fab-41eee140882a', '9e0b47d0-06cd-4ded-ad11-74184fa3bac1', '4th & 5th Year / Unlimited Kms', 24, NULL) ON CONFLICT DO NOTHING;
INSERT INTO tiers (plan_id, min_days, max_days, price_inr, is_active) VALUES ('abc5318b-423f-4da2-8fab-41eee140882a', 731, 1020, 35818.9, TRUE) ON CONFLICT DO NOTHING;
INSERT INTO plans (id, variant_id, plan_name, duration_months, max_kms) VALUES ('28541f57-d229-4633-b651-25ddcc7c436f', 'bf690e58-0d1c-436d-b02f-df88bd3fa7af', '4th Year / 100,000 Kms', 12, 100000) ON CONFLICT DO NOTHING;
INSERT INTO tiers (plan_id, min_days, max_days, price_inr, is_active) VALUES ('28541f57-d229-4633-b651-25ddcc7c436f', 731, 1020, 21491.34, TRUE) ON CONFLICT DO NOTHING;
INSERT INTO plans (id, variant_id, plan_name, duration_months, max_kms) VALUES ('2770f7fe-327e-48bb-8455-7c05cb0857fe', 'bf690e58-0d1c-436d-b02f-df88bd3fa7af', '4th Year / Unlimited Kms', 12, NULL) ON CONFLICT DO NOTHING;
INSERT INTO tiers (plan_id, min_days, max_days, price_inr, is_active) VALUES ('2770f7fe-327e-48bb-8455-7c05cb0857fe', 731, 1020, 26266.8, TRUE) ON CONFLICT DO NOTHING;
INSERT INTO plans (id, variant_id, plan_name, duration_months, max_kms) VALUES ('124f6653-e45b-475a-a6d5-988aca9a8ee7', 'bf690e58-0d1c-436d-b02f-df88bd3fa7af', '4th & 5th Year / 120,000 Kms', 24, 120000) ON CONFLICT DO NOTHING;
INSERT INTO tiers (plan_id, min_days, max_days, price_inr, is_active) VALUES ('124f6653-e45b-475a-a6d5-988aca9a8ee7', 731, 1020, 28655.12, TRUE) ON CONFLICT DO NOTHING;
INSERT INTO plans (id, variant_id, plan_name, duration_months, max_kms) VALUES ('7f0ca401-96ef-4c09-a727-0a2ce096dda8', 'bf690e58-0d1c-436d-b02f-df88bd3fa7af', '4th & 5th Year / Unlimited Kms', 24, NULL) ON CONFLICT DO NOTHING;
INSERT INTO tiers (plan_id, min_days, max_days, price_inr, is_active) VALUES ('7f0ca401-96ef-4c09-a727-0a2ce096dda8', 731, 1020, 35818.9, TRUE) ON CONFLICT DO NOTHING;
INSERT INTO plans (id, variant_id, plan_name, duration_months, max_kms) VALUES ('465eb921-dc20-40be-ae90-8b98b7230a54', '1541d931-76b9-4959-a9f6-9ce53a4867c1', '4th Year / 100,000 Kms', 12, 100000) ON CONFLICT DO NOTHING;
INSERT INTO tiers (plan_id, min_days, max_days, price_inr, is_active) VALUES ('465eb921-dc20-40be-ae90-8b98b7230a54', 731, 1020, 21491.34, TRUE) ON CONFLICT DO NOTHING;
INSERT INTO plans (id, variant_id, plan_name, duration_months, max_kms) VALUES ('2ebb2361-0373-455a-b09f-c935f1e6543f', '1541d931-76b9-4959-a9f6-9ce53a4867c1', '4th Year / Unlimited Kms', 12, NULL) ON CONFLICT DO NOTHING;
INSERT INTO tiers (plan_id, min_days, max_days, price_inr, is_active) VALUES ('2ebb2361-0373-455a-b09f-c935f1e6543f', 731, 1020, 26266.8, TRUE) ON CONFLICT DO NOTHING;
INSERT INTO plans (id, variant_id, plan_name, duration_months, max_kms) VALUES ('d26b4214-8068-40b9-8735-52789ce505af', '1541d931-76b9-4959-a9f6-9ce53a4867c1', '4th & 5th Year / 120,000 Kms', 24, 120000) ON CONFLICT DO NOTHING;
INSERT INTO tiers (plan_id, min_days, max_days, price_inr, is_active) VALUES ('d26b4214-8068-40b9-8735-52789ce505af', 731, 1020, 28655.12, TRUE) ON CONFLICT DO NOTHING;
INSERT INTO plans (id, variant_id, plan_name, duration_months, max_kms) VALUES ('75843702-765b-4e93-83bc-83885ed4a00c', '1541d931-76b9-4959-a9f6-9ce53a4867c1', '4th & 5th Year / Unlimited Kms', 24, NULL) ON CONFLICT DO NOTHING;
INSERT INTO tiers (plan_id, min_days, max_days, price_inr, is_active) VALUES ('75843702-765b-4e93-83bc-83885ed4a00c', 731, 1020, 35818.9, TRUE) ON CONFLICT DO NOTHING;
INSERT INTO plans (id, variant_id, plan_name, duration_months, max_kms) VALUES ('70997cdf-a870-465b-93a2-6b4b73a19fe1', 'ebf6e105-8fc9-41f9-9f6a-5fbd4da92e46', '4th Year / 100,000 Kms', 12, 100000) ON CONFLICT DO NOTHING;
INSERT INTO tiers (plan_id, min_days, max_days, price_inr, is_active) VALUES ('70997cdf-a870-465b-93a2-6b4b73a19fe1', 0, 90, 12043.08, TRUE) ON CONFLICT DO NOTHING;
INSERT INTO plans (id, variant_id, plan_name, duration_months, max_kms) VALUES ('aa6d78c2-76e6-44b2-81fe-a1c012343246', 'ebf6e105-8fc9-41f9-9f6a-5fbd4da92e46', '4th Year / Unlimited Kms', 12, NULL) ON CONFLICT DO NOTHING;
INSERT INTO tiers (plan_id, min_days, max_days, price_inr, is_active) VALUES ('aa6d78c2-76e6-44b2-81fe-a1c012343246', 0, 90, 14719.32, TRUE) ON CONFLICT DO NOTHING;
INSERT INTO plans (id, variant_id, plan_name, duration_months, max_kms) VALUES ('7a732cdb-8e4b-4ba1-964b-b65d1578db9f', 'ebf6e105-8fc9-41f9-9f6a-5fbd4da92e46', '4th & 5th Year / 120,000 Kms', 24, 120000) ON CONFLICT DO NOTHING;
INSERT INTO tiers (plan_id, min_days, max_days, price_inr, is_active) VALUES ('7a732cdb-8e4b-4ba1-964b-b65d1578db9f', 0, 90, 16057.44, TRUE) ON CONFLICT DO NOTHING;
INSERT INTO plans (id, variant_id, plan_name, duration_months, max_kms) VALUES ('af306ec9-60b5-4253-b8b3-ebc172986432', 'ebf6e105-8fc9-41f9-9f6a-5fbd4da92e46', '4th & 5th Year / Unlimited Kms', 24, NULL) ON CONFLICT DO NOTHING;
INSERT INTO tiers (plan_id, min_days, max_days, price_inr, is_active) VALUES ('af306ec9-60b5-4253-b8b3-ebc172986432', 0, 90, 20071.8, TRUE) ON CONFLICT DO NOTHING;
INSERT INTO plans (id, variant_id, plan_name, duration_months, max_kms) VALUES ('a8bb63d8-26fe-4603-b85a-9ec4a8b9552d', '715dfa30-3299-4cf3-b967-a91d94889751', '4th Year / 100,000 Kms', 12, 100000) ON CONFLICT DO NOTHING;
INSERT INTO tiers (plan_id, min_days, max_days, price_inr, is_active) VALUES ('a8bb63d8-26fe-4603-b85a-9ec4a8b9552d', 0, 90, 12043.08, TRUE) ON CONFLICT DO NOTHING;
INSERT INTO plans (id, variant_id, plan_name, duration_months, max_kms) VALUES ('4f270cfb-5a94-471a-8530-30810241776e', '715dfa30-3299-4cf3-b967-a91d94889751', '4th Year / Unlimited Kms', 12, NULL) ON CONFLICT DO NOTHING;
INSERT INTO tiers (plan_id, min_days, max_days, price_inr, is_active) VALUES ('4f270cfb-5a94-471a-8530-30810241776e', 0, 90, 14719.32, TRUE) ON CONFLICT DO NOTHING;
INSERT INTO plans (id, variant_id, plan_name, duration_months, max_kms) VALUES ('23ea38d8-eb02-4b7f-8b1f-b3ea3c031776', '715dfa30-3299-4cf3-b967-a91d94889751', '4th & 5th Year / 120,000 Kms', 24, 120000) ON CONFLICT DO NOTHING;
INSERT INTO tiers (plan_id, min_days, max_days, price_inr, is_active) VALUES ('23ea38d8-eb02-4b7f-8b1f-b3ea3c031776', 0, 90, 16057.44, TRUE) ON CONFLICT DO NOTHING;
INSERT INTO plans (id, variant_id, plan_name, duration_months, max_kms) VALUES ('1f0d16eb-8e2d-40d4-a426-5485e0e65b81', '715dfa30-3299-4cf3-b967-a91d94889751', '4th & 5th Year / Unlimited Kms', 24, NULL) ON CONFLICT DO NOTHING;
INSERT INTO tiers (plan_id, min_days, max_days, price_inr, is_active) VALUES ('1f0d16eb-8e2d-40d4-a426-5485e0e65b81', 0, 90, 20071.8, TRUE) ON CONFLICT DO NOTHING;
INSERT INTO plans (id, variant_id, plan_name, duration_months, max_kms) VALUES ('8956b79a-2f56-46f7-bda9-3e38553947d1', 'ebf6e105-8fc9-41f9-9f6a-5fbd4da92e46', '4th Year / 100,000 Kms', 12, 100000) ON CONFLICT DO NOTHING;
INSERT INTO tiers (plan_id, min_days, max_days, price_inr, is_active) VALUES ('8956b79a-2f56-46f7-bda9-3e38553947d1', 91, 365, 13247.86, TRUE) ON CONFLICT DO NOTHING;
INSERT INTO plans (id, variant_id, plan_name, duration_months, max_kms) VALUES ('85d83353-faf9-4891-a0a4-1f822ae278a3', 'ebf6e105-8fc9-41f9-9f6a-5fbd4da92e46', '4th Year / Unlimited Kms', 12, NULL) ON CONFLICT DO NOTHING;
INSERT INTO tiers (plan_id, min_days, max_days, price_inr, is_active) VALUES ('85d83353-faf9-4891-a0a4-1f822ae278a3', 91, 365, 16190.78, TRUE) ON CONFLICT DO NOTHING;
INSERT INTO plans (id, variant_id, plan_name, duration_months, max_kms) VALUES ('d5414d6b-c7f0-4012-a58c-f566440bd88d', 'ebf6e105-8fc9-41f9-9f6a-5fbd4da92e46', '4th & 5th Year / 120,000 Kms', 24, 120000) ON CONFLICT DO NOTHING;
INSERT INTO tiers (plan_id, min_days, max_days, price_inr, is_active) VALUES ('d5414d6b-c7f0-4012-a58c-f566440bd88d', 91, 365, 17663.42, TRUE) ON CONFLICT DO NOTHING;
INSERT INTO plans (id, variant_id, plan_name, duration_months, max_kms) VALUES ('4cae42d7-117b-400b-9416-3f71cfa16269', 'ebf6e105-8fc9-41f9-9f6a-5fbd4da92e46', '4th & 5th Year / Unlimited Kms', 24, NULL) ON CONFLICT DO NOTHING;
INSERT INTO tiers (plan_id, min_days, max_days, price_inr, is_active) VALUES ('4cae42d7-117b-400b-9416-3f71cfa16269', 91, 365, 22078.98, TRUE) ON CONFLICT DO NOTHING;
INSERT INTO plans (id, variant_id, plan_name, duration_months, max_kms) VALUES ('a07a3bd9-490e-4e26-b4c3-4a0f8cf896f0', '715dfa30-3299-4cf3-b967-a91d94889751', '4th Year / 100,000 Kms', 12, 100000) ON CONFLICT DO NOTHING;
INSERT INTO tiers (plan_id, min_days, max_days, price_inr, is_active) VALUES ('a07a3bd9-490e-4e26-b4c3-4a0f8cf896f0', 91, 365, 13247.86, TRUE) ON CONFLICT DO NOTHING;
INSERT INTO plans (id, variant_id, plan_name, duration_months, max_kms) VALUES ('8797d5bb-2d14-4134-aaa7-cd7a73d90ce2', '715dfa30-3299-4cf3-b967-a91d94889751', '4th Year / Unlimited Kms', 12, NULL) ON CONFLICT DO NOTHING;
INSERT INTO tiers (plan_id, min_days, max_days, price_inr, is_active) VALUES ('8797d5bb-2d14-4134-aaa7-cd7a73d90ce2', 91, 365, 16190.78, TRUE) ON CONFLICT DO NOTHING;
INSERT INTO plans (id, variant_id, plan_name, duration_months, max_kms) VALUES ('e9a04479-6db4-4f32-af1a-dbb586039c53', '715dfa30-3299-4cf3-b967-a91d94889751', '4th & 5th Year / 120,000 Kms', 24, 120000) ON CONFLICT DO NOTHING;
INSERT INTO tiers (plan_id, min_days, max_days, price_inr, is_active) VALUES ('e9a04479-6db4-4f32-af1a-dbb586039c53', 91, 365, 17663.42, TRUE) ON CONFLICT DO NOTHING;
INSERT INTO plans (id, variant_id, plan_name, duration_months, max_kms) VALUES ('4ad69068-56e8-4bbb-bb20-1854634589f8', '715dfa30-3299-4cf3-b967-a91d94889751', '4th & 5th Year / Unlimited Kms', 24, NULL) ON CONFLICT DO NOTHING;
INSERT INTO tiers (plan_id, min_days, max_days, price_inr, is_active) VALUES ('4ad69068-56e8-4bbb-bb20-1854634589f8', 91, 365, 22078.98, TRUE) ON CONFLICT DO NOTHING;
INSERT INTO plans (id, variant_id, plan_name, duration_months, max_kms) VALUES ('9c802d29-01af-40f9-9991-c9ece38e4c91', 'ebf6e105-8fc9-41f9-9f6a-5fbd4da92e46', '4th Year / 100,000 Kms', 12, 100000) ON CONFLICT DO NOTHING;
INSERT INTO tiers (plan_id, min_days, max_days, price_inr, is_active) VALUES ('9c802d29-01af-40f9-9991-c9ece38e4c91', 366, 730, 15656.24, TRUE) ON CONFLICT DO NOTHING;
INSERT INTO plans (id, variant_id, plan_name, duration_months, max_kms) VALUES ('e4fa3dca-3200-4f00-a03b-f22d4d3c2c8d', 'ebf6e105-8fc9-41f9-9f6a-5fbd4da92e46', '4th Year / Unlimited Kms', 12, NULL) ON CONFLICT DO NOTHING;
INSERT INTO tiers (plan_id, min_days, max_days, price_inr, is_active) VALUES ('e4fa3dca-3200-4f00-a03b-f22d4d3c2c8d', 366, 730, 19134.88, TRUE) ON CONFLICT DO NOTHING;
INSERT INTO plans (id, variant_id, plan_name, duration_months, max_kms) VALUES ('92ad1592-5bc6-40aa-8f0c-fba4c87034a9', 'ebf6e105-8fc9-41f9-9f6a-5fbd4da92e46', '4th & 5th Year / 120,000 Kms', 24, 120000) ON CONFLICT DO NOTHING;
INSERT INTO tiers (plan_id, min_days, max_days, price_inr, is_active) VALUES ('92ad1592-5bc6-40aa-8f0c-fba4c87034a9', 366, 730, 20874.2, TRUE) ON CONFLICT DO NOTHING;
INSERT INTO plans (id, variant_id, plan_name, duration_months, max_kms) VALUES ('94241998-38ce-4f11-b495-516b2da481ea', 'ebf6e105-8fc9-41f9-9f6a-5fbd4da92e46', '4th & 5th Year / Unlimited Kms', 24, NULL) ON CONFLICT DO NOTHING;
INSERT INTO tiers (plan_id, min_days, max_days, price_inr, is_active) VALUES ('94241998-38ce-4f11-b495-516b2da481ea', 366, 730, 26093.34, TRUE) ON CONFLICT DO NOTHING;
INSERT INTO plans (id, variant_id, plan_name, duration_months, max_kms) VALUES ('bcd5c50b-e4f3-494c-85e7-0f7729fd0d16', '715dfa30-3299-4cf3-b967-a91d94889751', '4th Year / 100,000 Kms', 12, 100000) ON CONFLICT DO NOTHING;
INSERT INTO tiers (plan_id, min_days, max_days, price_inr, is_active) VALUES ('bcd5c50b-e4f3-494c-85e7-0f7729fd0d16', 366, 730, 15656.24, TRUE) ON CONFLICT DO NOTHING;
INSERT INTO plans (id, variant_id, plan_name, duration_months, max_kms) VALUES ('d0f23dc5-ace0-439f-8c36-7b0e0fd73633', '715dfa30-3299-4cf3-b967-a91d94889751', '4th Year / Unlimited Kms', 12, NULL) ON CONFLICT DO NOTHING;
INSERT INTO tiers (plan_id, min_days, max_days, price_inr, is_active) VALUES ('d0f23dc5-ace0-439f-8c36-7b0e0fd73633', 366, 730, 19134.88, TRUE) ON CONFLICT DO NOTHING;
INSERT INTO plans (id, variant_id, plan_name, duration_months, max_kms) VALUES ('318b486e-fd4a-4b5f-a122-e2355b655239', '715dfa30-3299-4cf3-b967-a91d94889751', '4th & 5th Year / 120,000 Kms', 24, 120000) ON CONFLICT DO NOTHING;
INSERT INTO tiers (plan_id, min_days, max_days, price_inr, is_active) VALUES ('318b486e-fd4a-4b5f-a122-e2355b655239', 366, 730, 20874.2, TRUE) ON CONFLICT DO NOTHING;
INSERT INTO plans (id, variant_id, plan_name, duration_months, max_kms) VALUES ('3918ee18-f3ac-4be9-aafa-9494ea0c3280', '715dfa30-3299-4cf3-b967-a91d94889751', '4th & 5th Year / Unlimited Kms', 24, NULL) ON CONFLICT DO NOTHING;
INSERT INTO tiers (plan_id, min_days, max_days, price_inr, is_active) VALUES ('3918ee18-f3ac-4be9-aafa-9494ea0c3280', 366, 730, 26093.34, TRUE) ON CONFLICT DO NOTHING;
INSERT INTO plans (id, variant_id, plan_name, duration_months, max_kms) VALUES ('a2bd1b0f-2302-4cfa-9821-17e7470ff9d7', 'ebf6e105-8fc9-41f9-9f6a-5fbd4da92e46', '4th Year / 100,000 Kms', 12, 100000) ON CONFLICT DO NOTHING;
INSERT INTO tiers (plan_id, min_days, max_days, price_inr, is_active) VALUES ('a2bd1b0f-2302-4cfa-9821-17e7470ff9d7', 731, 1020, 16258.04, TRUE) ON CONFLICT DO NOTHING;
INSERT INTO plans (id, variant_id, plan_name, duration_months, max_kms) VALUES ('e38f04f5-29a6-440e-bcaf-f07c32649802', 'ebf6e105-8fc9-41f9-9f6a-5fbd4da92e46', '4th Year / Unlimited Kms', 12, NULL) ON CONFLICT DO NOTHING;
INSERT INTO tiers (plan_id, min_days, max_days, price_inr, is_active) VALUES ('e38f04f5-29a6-440e-bcaf-f07c32649802', 731, 1020, 19871.2, TRUE) ON CONFLICT DO NOTHING;
INSERT INTO plans (id, variant_id, plan_name, duration_months, max_kms) VALUES ('be4e4f2b-b80e-4f70-8193-19adc881db55', 'ebf6e105-8fc9-41f9-9f6a-5fbd4da92e46', '4th & 5th Year / 120,000 Kms', 24, 120000) ON CONFLICT DO NOTHING;
INSERT INTO tiers (plan_id, min_days, max_days, price_inr, is_active) VALUES ('be4e4f2b-b80e-4f70-8193-19adc881db55', 731, 1020, 21677.78, TRUE) ON CONFLICT DO NOTHING;
INSERT INTO plans (id, variant_id, plan_name, duration_months, max_kms) VALUES ('e03a5eba-a212-439a-814d-ebdf74825788', 'ebf6e105-8fc9-41f9-9f6a-5fbd4da92e46', '4th & 5th Year / Unlimited Kms', 24, NULL) ON CONFLICT DO NOTHING;
INSERT INTO tiers (plan_id, min_days, max_days, price_inr, is_active) VALUES ('e03a5eba-a212-439a-814d-ebdf74825788', 731, 1020, 27097.52, TRUE) ON CONFLICT DO NOTHING;
INSERT INTO plans (id, variant_id, plan_name, duration_months, max_kms) VALUES ('19316546-32a7-4c7a-a06b-01c584a8745f', '715dfa30-3299-4cf3-b967-a91d94889751', '4th Year / 100,000 Kms', 12, 100000) ON CONFLICT DO NOTHING;
INSERT INTO tiers (plan_id, min_days, max_days, price_inr, is_active) VALUES ('19316546-32a7-4c7a-a06b-01c584a8745f', 731, 1020, 16258.04, TRUE) ON CONFLICT DO NOTHING;
INSERT INTO plans (id, variant_id, plan_name, duration_months, max_kms) VALUES ('6e1b6b8d-e1d8-42c3-b413-7639c2f730c9', '715dfa30-3299-4cf3-b967-a91d94889751', '4th Year / Unlimited Kms', 12, NULL) ON CONFLICT DO NOTHING;
INSERT INTO tiers (plan_id, min_days, max_days, price_inr, is_active) VALUES ('6e1b6b8d-e1d8-42c3-b413-7639c2f730c9', 731, 1020, 19871.2, TRUE) ON CONFLICT DO NOTHING;
INSERT INTO plans (id, variant_id, plan_name, duration_months, max_kms) VALUES ('1e2c7b22-935f-452c-ac38-13362eecf594', '715dfa30-3299-4cf3-b967-a91d94889751', '4th & 5th Year / 120,000 Kms', 24, 120000) ON CONFLICT DO NOTHING;
INSERT INTO tiers (plan_id, min_days, max_days, price_inr, is_active) VALUES ('1e2c7b22-935f-452c-ac38-13362eecf594', 731, 1020, 21677.78, TRUE) ON CONFLICT DO NOTHING;
INSERT INTO plans (id, variant_id, plan_name, duration_months, max_kms) VALUES ('5a1be0e4-eb42-4ce9-a098-2e65448207a6', '715dfa30-3299-4cf3-b967-a91d94889751', '4th & 5th Year / Unlimited Kms', 24, NULL) ON CONFLICT DO NOTHING;
INSERT INTO tiers (plan_id, min_days, max_days, price_inr, is_active) VALUES ('5a1be0e4-eb42-4ce9-a098-2e65448207a6', 731, 1020, 27097.52, TRUE) ON CONFLICT DO NOTHING;
INSERT INTO models (id, brand_id, name) VALUES ('6f3e48e6-6203-4510-8f94-5231af6c7e6c', 'e9a8a150-6dc6-41dc-ba78-b0c503da8d0b', 'New Carnival') ON CONFLICT DO NOTHING;
INSERT INTO variants (id, model_id, name, fuel, transmission, oem_warranty_months, oem_warranty_kms) VALUES ('bec402c8-9fcd-49a8-8b5e-662ce564fe4e', '6f3e48e6-6203-4510-8f94-5231af6c7e6c', 'New Carnival', 'Petrol', 'N/A', 36, 100000) ON CONFLICT DO NOTHING;
INSERT INTO plans (id, variant_id, plan_name, duration_months, max_kms) VALUES ('995f9545-1add-4272-a5a2-ba50754729fe', 'bec402c8-9fcd-49a8-8b5e-662ce564fe4e', '4th Year / 100,000 Kms', 12, 100000) ON CONFLICT DO NOTHING;
INSERT INTO tiers (plan_id, min_days, max_days, price_inr, is_active) VALUES ('995f9545-1add-4272-a5a2-ba50754729fe', 0, 90, 69030.0, TRUE) ON CONFLICT DO NOTHING;
INSERT INTO plans (id, variant_id, plan_name, duration_months, max_kms) VALUES ('f6b30054-8455-494c-9bff-823373a5b370', 'bec402c8-9fcd-49a8-8b5e-662ce564fe4e', '4th Year / Unlimited Kms', 12, NULL) ON CONFLICT DO NOTHING;
INSERT INTO tiers (plan_id, min_days, max_days, price_inr, is_active) VALUES ('f6b30054-8455-494c-9bff-823373a5b370', 0, 90, 84370.0, TRUE) ON CONFLICT DO NOTHING;
INSERT INTO plans (id, variant_id, plan_name, duration_months, max_kms) VALUES ('22293957-8b84-4a5f-9f94-3d8fb2ee1c81', 'bec402c8-9fcd-49a8-8b5e-662ce564fe4e', '4th & 5th Year / 120,000 Kms', 24, 120000) ON CONFLICT DO NOTHING;
INSERT INTO tiers (plan_id, min_days, max_days, price_inr, is_active) VALUES ('22293957-8b84-4a5f-9f94-3d8fb2ee1c81', 0, 90, 92040.0, TRUE) ON CONFLICT DO NOTHING;
INSERT INTO plans (id, variant_id, plan_name, duration_months, max_kms) VALUES ('0b8bc824-902d-41b9-86a3-f383f395b6b3', 'bec402c8-9fcd-49a8-8b5e-662ce564fe4e', '4th & 5th Year / Unlimited Kms', 24, NULL) ON CONFLICT DO NOTHING;
INSERT INTO tiers (plan_id, min_days, max_days, price_inr, is_active) VALUES ('0b8bc824-902d-41b9-86a3-f383f395b6b3', 0, 90, 115050.0, TRUE) ON CONFLICT DO NOTHING;
INSERT INTO plans (id, variant_id, plan_name, duration_months, max_kms) VALUES ('37be6b6a-1529-4616-b966-1ce52a77abe2', 'bec402c8-9fcd-49a8-8b5e-662ce564fe4e', '4th Year / 100,000 Kms', 12, 100000) ON CONFLICT DO NOTHING;
INSERT INTO tiers (plan_id, min_days, max_days, price_inr, is_active) VALUES ('37be6b6a-1529-4616-b966-1ce52a77abe2', 91, 365, 75933.0, TRUE) ON CONFLICT DO NOTHING;
INSERT INTO plans (id, variant_id, plan_name, duration_months, max_kms) VALUES ('dfdc020f-aa89-49d1-9f91-03c90be5547e', 'bec402c8-9fcd-49a8-8b5e-662ce564fe4e', '4th Year / Unlimited Kms', 12, NULL) ON CONFLICT DO NOTHING;
INSERT INTO tiers (plan_id, min_days, max_days, price_inr, is_active) VALUES ('dfdc020f-aa89-49d1-9f91-03c90be5547e', 91, 365, 92807.0, TRUE) ON CONFLICT DO NOTHING;
INSERT INTO plans (id, variant_id, plan_name, duration_months, max_kms) VALUES ('6237fcee-f01f-4b2e-9bfa-e9898a72e8a0', 'bec402c8-9fcd-49a8-8b5e-662ce564fe4e', '4th & 5th Year / 120,000 Kms', 24, 120000) ON CONFLICT DO NOTHING;
INSERT INTO tiers (plan_id, min_days, max_days, price_inr, is_active) VALUES ('6237fcee-f01f-4b2e-9bfa-e9898a72e8a0', 91, 365, 101244.0, TRUE) ON CONFLICT DO NOTHING;
INSERT INTO plans (id, variant_id, plan_name, duration_months, max_kms) VALUES ('17763e8a-4ba7-462a-aadc-a95d024702d8', 'bec402c8-9fcd-49a8-8b5e-662ce564fe4e', '4th & 5th Year / Unlimited Kms', 24, NULL) ON CONFLICT DO NOTHING;
INSERT INTO tiers (plan_id, min_days, max_days, price_inr, is_active) VALUES ('17763e8a-4ba7-462a-aadc-a95d024702d8', 91, 365, 126555.0, TRUE) ON CONFLICT DO NOTHING;
INSERT INTO plans (id, variant_id, plan_name, duration_months, max_kms) VALUES ('5d8692be-074c-4920-a56a-1ae38b150c40', 'bec402c8-9fcd-49a8-8b5e-662ce564fe4e', '4th Year / 100,000 Kms', 12, 100000) ON CONFLICT DO NOTHING;
INSERT INTO tiers (plan_id, min_days, max_days, price_inr, is_active) VALUES ('5d8692be-074c-4920-a56a-1ae38b150c40', 366, 730, 89739.0, TRUE) ON CONFLICT DO NOTHING;
INSERT INTO plans (id, variant_id, plan_name, duration_months, max_kms) VALUES ('585b0593-bafa-4259-9afd-75d0a3092785', 'bec402c8-9fcd-49a8-8b5e-662ce564fe4e', '4th Year / Unlimited Kms', 12, NULL) ON CONFLICT DO NOTHING;
INSERT INTO tiers (plan_id, min_days, max_days, price_inr, is_active) VALUES ('585b0593-bafa-4259-9afd-75d0a3092785', 366, 730, 109681.0, TRUE) ON CONFLICT DO NOTHING;
INSERT INTO plans (id, variant_id, plan_name, duration_months, max_kms) VALUES ('1c3c47dc-a346-4ccd-82d9-e6973c314f53', 'bec402c8-9fcd-49a8-8b5e-662ce564fe4e', '4th & 5th Year / 120,000 Kms', 24, 120000) ON CONFLICT DO NOTHING;
INSERT INTO tiers (plan_id, min_days, max_days, price_inr, is_active) VALUES ('1c3c47dc-a346-4ccd-82d9-e6973c314f53', 366, 730, 119652.0, TRUE) ON CONFLICT DO NOTHING;
INSERT INTO plans (id, variant_id, plan_name, duration_months, max_kms) VALUES ('141098e6-7237-4ad4-8b6a-227fc2e03fff', 'bec402c8-9fcd-49a8-8b5e-662ce564fe4e', '4th & 5th Year / Unlimited Kms', 24, NULL) ON CONFLICT DO NOTHING;
INSERT INTO tiers (plan_id, min_days, max_days, price_inr, is_active) VALUES ('141098e6-7237-4ad4-8b6a-227fc2e03fff', 366, 730, 149565.0, TRUE) ON CONFLICT DO NOTHING;
INSERT INTO plans (id, variant_id, plan_name, duration_months, max_kms) VALUES ('54cbc0b2-fa17-4a8c-afae-27a2f62e4969', 'bec402c8-9fcd-49a8-8b5e-662ce564fe4e', '4th Year / 100,000 Kms', 12, 100000) ON CONFLICT DO NOTHING;
INSERT INTO tiers (plan_id, min_days, max_days, price_inr, is_active) VALUES ('54cbc0b2-fa17-4a8c-afae-27a2f62e4969', 731, 1020, 93190.5, TRUE) ON CONFLICT DO NOTHING;
INSERT INTO plans (id, variant_id, plan_name, duration_months, max_kms) VALUES ('1859f1d3-8f13-409e-b198-717f804c0722', 'bec402c8-9fcd-49a8-8b5e-662ce564fe4e', '4th Year / Unlimited Kms', 12, NULL) ON CONFLICT DO NOTHING;
INSERT INTO tiers (plan_id, min_days, max_days, price_inr, is_active) VALUES ('1859f1d3-8f13-409e-b198-717f804c0722', 731, 1020, 113899.5, TRUE) ON CONFLICT DO NOTHING;
INSERT INTO plans (id, variant_id, plan_name, duration_months, max_kms) VALUES ('341fec71-1772-4b34-a790-7f6029420363', 'bec402c8-9fcd-49a8-8b5e-662ce564fe4e', '4th & 5th Year / 120,000 Kms', 24, 120000) ON CONFLICT DO NOTHING;
INSERT INTO tiers (plan_id, min_days, max_days, price_inr, is_active) VALUES ('341fec71-1772-4b34-a790-7f6029420363', 731, 1020, 124254.0, TRUE) ON CONFLICT DO NOTHING;
INSERT INTO plans (id, variant_id, plan_name, duration_months, max_kms) VALUES ('a94852aa-4c0d-46c2-af96-6ba9f7d4edb1', 'bec402c8-9fcd-49a8-8b5e-662ce564fe4e', '4th & 5th Year / Unlimited Kms', 24, NULL) ON CONFLICT DO NOTHING;
INSERT INTO tiers (plan_id, min_days, max_days, price_inr, is_active) VALUES ('a94852aa-4c0d-46c2-af96-6ba9f7d4edb1', 731, 1020, 155317.5, TRUE) ON CONFLICT DO NOTHING;
INSERT INTO models (id, brand_id, name) VALUES ('5eaa1090-22a3-43ca-9e02-cbaedaa5731b', 'e9a8a150-6dc6-41dc-ba78-b0c503da8d0b', 'Kia Syros (G)') ON CONFLICT DO NOTHING;
INSERT INTO variants (id, model_id, name, fuel, transmission, oem_warranty_months, oem_warranty_kms) VALUES ('77c351e4-b52d-4464-8123-06b13676871b', '5eaa1090-22a3-43ca-9e02-cbaedaa5731b', 'Kia Syros (G)', 'Petrol', 'N/A', 36, 100000) ON CONFLICT DO NOTHING;
INSERT INTO plans (id, variant_id, plan_name, duration_months, max_kms) VALUES ('452ae51f-e387-4e18-b438-8a3cb8b79839', '77c351e4-b52d-4464-8123-06b13676871b', '4th Year / 100,000 Kms', 12, 100000) ON CONFLICT DO NOTHING;
INSERT INTO tiers (plan_id, min_days, max_days, price_inr, is_active) VALUES ('452ae51f-e387-4e18-b438-8a3cb8b79839', 0, 90, 13730.48, TRUE) ON CONFLICT DO NOTHING;
INSERT INTO plans (id, variant_id, plan_name, duration_months, max_kms) VALUES ('73202039-87f5-4edb-a5d4-e4011a59fa46', '77c351e4-b52d-4464-8123-06b13676871b', '4th Year / Unlimited Kms', 12, NULL) ON CONFLICT DO NOTHING;
INSERT INTO tiers (plan_id, min_days, max_days, price_inr, is_active) VALUES ('73202039-87f5-4edb-a5d4-e4011a59fa46', 0, 90, 16781.96, TRUE) ON CONFLICT DO NOTHING;
INSERT INTO plans (id, variant_id, plan_name, duration_months, max_kms) VALUES ('cc9f0dd2-1e3a-4524-b53b-e4a9bee415fa', '77c351e4-b52d-4464-8123-06b13676871b', '4th & 5th Year / 120,000 Kms', 24, 120000) ON CONFLICT DO NOTHING;
INSERT INTO tiers (plan_id, min_days, max_days, price_inr, is_active) VALUES ('cc9f0dd2-1e3a-4524-b53b-e4a9bee415fa', 0, 90, 18307.7, TRUE) ON CONFLICT DO NOTHING;
INSERT INTO plans (id, variant_id, plan_name, duration_months, max_kms) VALUES ('ba85d9b4-8b51-4974-aa04-814bc4a04e19', '77c351e4-b52d-4464-8123-06b13676871b', '4th & 5th Year / Unlimited Kms', 24, NULL) ON CONFLICT DO NOTHING;
INSERT INTO tiers (plan_id, min_days, max_days, price_inr, is_active) VALUES ('ba85d9b4-8b51-4974-aa04-814bc4a04e19', 0, 90, 22884.92, TRUE) ON CONFLICT DO NOTHING;
INSERT INTO plans (id, variant_id, plan_name, duration_months, max_kms) VALUES ('9632d1f9-8ca4-440c-9e4f-7788d1ba7af1', '77c351e4-b52d-4464-8123-06b13676871b', '4th Year / 100,000 Kms', 12, 100000) ON CONFLICT DO NOTHING;
INSERT INTO tiers (plan_id, min_days, max_days, price_inr, is_active) VALUES ('9632d1f9-8ca4-440c-9e4f-7788d1ba7af1', 91, 365, 15104.0, TRUE) ON CONFLICT DO NOTHING;
INSERT INTO plans (id, variant_id, plan_name, duration_months, max_kms) VALUES ('b1389add-814d-45bb-9b91-626ecd85e916', '77c351e4-b52d-4464-8123-06b13676871b', '4th Year / Unlimited Kms', 12, NULL) ON CONFLICT DO NOTHING;
INSERT INTO tiers (plan_id, min_days, max_days, price_inr, is_active) VALUES ('b1389add-814d-45bb-9b91-626ecd85e916', 91, 365, 18461.1, TRUE) ON CONFLICT DO NOTHING;
INSERT INTO plans (id, variant_id, plan_name, duration_months, max_kms) VALUES ('57f79a8b-5fee-4a5a-9173-4a41b3ab6e0c', '77c351e4-b52d-4464-8123-06b13676871b', '4th & 5th Year / 120,000 Kms', 24, 120000) ON CONFLICT DO NOTHING;
INSERT INTO tiers (plan_id, min_days, max_days, price_inr, is_active) VALUES ('57f79a8b-5fee-4a5a-9173-4a41b3ab6e0c', 91, 365, 20139.06, TRUE) ON CONFLICT DO NOTHING;
INSERT INTO plans (id, variant_id, plan_name, duration_months, max_kms) VALUES ('d0b3a75c-3e49-4fbc-9716-0b071f5a949e', '77c351e4-b52d-4464-8123-06b13676871b', '4th & 5th Year / Unlimited Kms', 24, NULL) ON CONFLICT DO NOTHING;
INSERT INTO tiers (plan_id, min_days, max_days, price_inr, is_active) VALUES ('d0b3a75c-3e49-4fbc-9716-0b071f5a949e', 91, 365, 25174.12, TRUE) ON CONFLICT DO NOTHING;
INSERT INTO plans (id, variant_id, plan_name, duration_months, max_kms) VALUES ('45f4804f-9b4c-4d9f-b99c-70d8f2425049', '77c351e4-b52d-4464-8123-06b13676871b', '4th Year / 100,000 Kms', 12, 100000) ON CONFLICT DO NOTHING;
INSERT INTO tiers (plan_id, min_days, max_days, price_inr, is_active) VALUES ('45f4804f-9b4c-4d9f-b99c-70d8f2425049', 366, 730, 17849.86, TRUE) ON CONFLICT DO NOTHING;
INSERT INTO plans (id, variant_id, plan_name, duration_months, max_kms) VALUES ('32a9b0b1-e72b-4c6f-8934-a9ef32f7acb9', '77c351e4-b52d-4464-8123-06b13676871b', '4th Year / Unlimited Kms', 12, NULL) ON CONFLICT DO NOTHING;
INSERT INTO tiers (plan_id, min_days, max_days, price_inr, is_active) VALUES ('32a9b0b1-e72b-4c6f-8934-a9ef32f7acb9', 366, 730, 21817.02, TRUE) ON CONFLICT DO NOTHING;
INSERT INTO plans (id, variant_id, plan_name, duration_months, max_kms) VALUES ('befb0d91-6257-44e8-ac24-ebbb3d3e9962', '77c351e4-b52d-4464-8123-06b13676871b', '4th & 5th Year / 120,000 Kms', 24, 120000) ON CONFLICT DO NOTHING;
INSERT INTO tiers (plan_id, min_days, max_days, price_inr, is_active) VALUES ('befb0d91-6257-44e8-ac24-ebbb3d3e9962', 366, 730, 23800.6, TRUE) ON CONFLICT DO NOTHING;
INSERT INTO plans (id, variant_id, plan_name, duration_months, max_kms) VALUES ('256fb215-f30d-46e7-a269-10794f3addbc', '77c351e4-b52d-4464-8123-06b13676871b', '4th & 5th Year / Unlimited Kms', 24, NULL) ON CONFLICT DO NOTHING;
INSERT INTO tiers (plan_id, min_days, max_days, price_inr, is_active) VALUES ('256fb215-f30d-46e7-a269-10794f3addbc', 366, 730, 29750.16, TRUE) ON CONFLICT DO NOTHING;
INSERT INTO plans (id, variant_id, plan_name, duration_months, max_kms) VALUES ('df683885-9059-49f9-953e-6a04990ea1f6', '77c351e4-b52d-4464-8123-06b13676871b', '4th Year / 100,000 Kms', 12, 100000) ON CONFLICT DO NOTHING;
INSERT INTO tiers (plan_id, min_days, max_days, price_inr, is_active) VALUES ('df683885-9059-49f9-953e-6a04990ea1f6', 731, 1020, 18536.62, TRUE) ON CONFLICT DO NOTHING;
INSERT INTO plans (id, variant_id, plan_name, duration_months, max_kms) VALUES ('cab33700-3fe0-4b09-861d-407f39447784', '77c351e4-b52d-4464-8123-06b13676871b', '4th Year / Unlimited Kms', 12, NULL) ON CONFLICT DO NOTHING;
INSERT INTO tiers (plan_id, min_days, max_days, price_inr, is_active) VALUES ('cab33700-3fe0-4b09-861d-407f39447784', 731, 1020, 22656.0, TRUE) ON CONFLICT DO NOTHING;
INSERT INTO plans (id, variant_id, plan_name, duration_months, max_kms) VALUES ('7a3d4db2-3553-43d1-8fe5-9de551a197d4', '77c351e4-b52d-4464-8123-06b13676871b', '4th & 5th Year / 120,000 Kms', 24, 120000) ON CONFLICT DO NOTHING;
INSERT INTO tiers (plan_id, min_days, max_days, price_inr, is_active) VALUES ('7a3d4db2-3553-43d1-8fe5-9de551a197d4', 731, 1020, 24716.28, TRUE) ON CONFLICT DO NOTHING;
INSERT INTO plans (id, variant_id, plan_name, duration_months, max_kms) VALUES ('96f4c5ae-1f59-4166-a29d-a03d486ca994', '77c351e4-b52d-4464-8123-06b13676871b', '4th & 5th Year / Unlimited Kms', 24, NULL) ON CONFLICT DO NOTHING;
INSERT INTO tiers (plan_id, min_days, max_days, price_inr, is_active) VALUES ('96f4c5ae-1f59-4166-a29d-a03d486ca994', 731, 1020, 30894.76, TRUE) ON CONFLICT DO NOTHING;
INSERT INTO models (id, brand_id, name) VALUES ('d4376571-9826-48c7-a471-07022ef555b7', 'e9a8a150-6dc6-41dc-ba78-b0c503da8d0b', 'Kia Syros (D)') ON CONFLICT DO NOTHING;
INSERT INTO variants (id, model_id, name, fuel, transmission, oem_warranty_months, oem_warranty_kms) VALUES ('761bc042-977a-4c8b-905d-13455d12fcff', 'd4376571-9826-48c7-a471-07022ef555b7', 'Kia Syros (D)', 'Petrol', 'N/A', 36, 100000) ON CONFLICT DO NOTHING;
INSERT INTO plans (id, variant_id, plan_name, duration_months, max_kms) VALUES ('167ca76f-009a-4279-8dff-f3308107dc56', '761bc042-977a-4c8b-905d-13455d12fcff', '4th Year / 100,000 Kms', 12, 100000) ON CONFLICT DO NOTHING;
INSERT INTO tiers (plan_id, min_days, max_days, price_inr, is_active) VALUES ('167ca76f-009a-4279-8dff-f3308107dc56', 0, 90, 15257.4, TRUE) ON CONFLICT DO NOTHING;
INSERT INTO plans (id, variant_id, plan_name, duration_months, max_kms) VALUES ('30b2640d-1407-41d6-a851-b9776a7540f1', '761bc042-977a-4c8b-905d-13455d12fcff', '4th Year / Unlimited Kms', 12, NULL) ON CONFLICT DO NOTHING;
INSERT INTO tiers (plan_id, min_days, max_days, price_inr, is_active) VALUES ('30b2640d-1407-41d6-a851-b9776a7540f1', 0, 90, 18648.72, TRUE) ON CONFLICT DO NOTHING;
INSERT INTO plans (id, variant_id, plan_name, duration_months, max_kms) VALUES ('2ccb8e1a-9f73-4d47-bdaa-d1cdb6d0f69f', '761bc042-977a-4c8b-905d-13455d12fcff', '4th & 5th Year / 120,000 Kms', 24, 120000) ON CONFLICT DO NOTHING;
INSERT INTO tiers (plan_id, min_days, max_days, price_inr, is_active) VALUES ('2ccb8e1a-9f73-4d47-bdaa-d1cdb6d0f69f', 0, 90, 20344.38, TRUE) ON CONFLICT DO NOTHING;
INSERT INTO plans (id, variant_id, plan_name, duration_months, max_kms) VALUES ('2a898ff9-b0d8-427f-ae96-cf951ec0e2e2', '761bc042-977a-4c8b-905d-13455d12fcff', '4th & 5th Year / Unlimited Kms', 24, NULL) ON CONFLICT DO NOTHING;
INSERT INTO tiers (plan_id, min_days, max_days, price_inr, is_active) VALUES ('2a898ff9-b0d8-427f-ae96-cf951ec0e2e2', 0, 90, 25430.18, TRUE) ON CONFLICT DO NOTHING;
INSERT INTO plans (id, variant_id, plan_name, duration_months, max_kms) VALUES ('00c1894a-079b-4007-80b1-1679fbccb00a', '761bc042-977a-4c8b-905d-13455d12fcff', '4th Year / 100,000 Kms', 12, 100000) ON CONFLICT DO NOTHING;
INSERT INTO tiers (plan_id, min_days, max_days, price_inr, is_active) VALUES ('00c1894a-079b-4007-80b1-1679fbccb00a', 91, 365, 16783.14, TRUE) ON CONFLICT DO NOTHING;
INSERT INTO plans (id, variant_id, plan_name, duration_months, max_kms) VALUES ('150fc41b-eb93-4b37-9754-18482c3ea4e2', '761bc042-977a-4c8b-905d-13455d12fcff', '4th Year / Unlimited Kms', 12, NULL) ON CONFLICT DO NOTHING;
INSERT INTO tiers (plan_id, min_days, max_days, price_inr, is_active) VALUES ('150fc41b-eb93-4b37-9754-18482c3ea4e2', 91, 365, 20513.12, TRUE) ON CONFLICT DO NOTHING;
INSERT INTO plans (id, variant_id, plan_name, duration_months, max_kms) VALUES ('3fcc251b-8a19-4dcc-bd68-7710d4b05612', '761bc042-977a-4c8b-905d-13455d12fcff', '4th & 5th Year / 120,000 Kms', 24, 120000) ON CONFLICT DO NOTHING;
INSERT INTO tiers (plan_id, min_days, max_days, price_inr, is_active) VALUES ('3fcc251b-8a19-4dcc-bd68-7710d4b05612', 91, 365, 22378.7, TRUE) ON CONFLICT DO NOTHING;
INSERT INTO plans (id, variant_id, plan_name, duration_months, max_kms) VALUES ('e055ac14-4127-4149-add3-cce5c364ba0d', '761bc042-977a-4c8b-905d-13455d12fcff', '4th & 5th Year / Unlimited Kms', 24, NULL) ON CONFLICT DO NOTHING;
INSERT INTO tiers (plan_id, min_days, max_days, price_inr, is_active) VALUES ('e055ac14-4127-4149-add3-cce5c364ba0d', 91, 365, 27973.08, TRUE) ON CONFLICT DO NOTHING;
INSERT INTO plans (id, variant_id, plan_name, duration_months, max_kms) VALUES ('3873e6f7-c74a-47f6-9635-173874caf2ca', '761bc042-977a-4c8b-905d-13455d12fcff', '4th Year / 100,000 Kms', 12, 100000) ON CONFLICT DO NOTHING;
INSERT INTO tiers (plan_id, min_days, max_days, price_inr, is_active) VALUES ('3873e6f7-c74a-47f6-9635-173874caf2ca', 366, 730, 19834.62, TRUE) ON CONFLICT DO NOTHING;
INSERT INTO plans (id, variant_id, plan_name, duration_months, max_kms) VALUES ('01e79a99-00dc-4027-86ca-3c49a161702f', '761bc042-977a-4c8b-905d-13455d12fcff', '4th Year / Unlimited Kms', 12, NULL) ON CONFLICT DO NOTHING;
INSERT INTO tiers (plan_id, min_days, max_days, price_inr, is_active) VALUES ('01e79a99-00dc-4027-86ca-3c49a161702f', 366, 730, 24243.1, TRUE) ON CONFLICT DO NOTHING;
INSERT INTO plans (id, variant_id, plan_name, duration_months, max_kms) VALUES ('6b98c931-b20d-4ca1-b05e-87de1d19dee4', '761bc042-977a-4c8b-905d-13455d12fcff', '4th & 5th Year / 120,000 Kms', 24, 120000) ON CONFLICT DO NOTHING;
INSERT INTO tiers (plan_id, min_days, max_days, price_inr, is_active) VALUES ('6b98c931-b20d-4ca1-b05e-87de1d19dee4', 366, 730, 26447.34, TRUE) ON CONFLICT DO NOTHING;
INSERT INTO plans (id, variant_id, plan_name, duration_months, max_kms) VALUES ('6e560601-064a-46e4-94a1-3fc18b6e01bb', '761bc042-977a-4c8b-905d-13455d12fcff', '4th & 5th Year / Unlimited Kms', 24, NULL) ON CONFLICT DO NOTHING;
INSERT INTO tiers (plan_id, min_days, max_days, price_inr, is_active) VALUES ('6e560601-064a-46e4-94a1-3fc18b6e01bb', 366, 730, 33058.88, TRUE) ON CONFLICT DO NOTHING;
INSERT INTO plans (id, variant_id, plan_name, duration_months, max_kms) VALUES ('2d14aecd-d477-4924-8670-586f82e59097', '761bc042-977a-4c8b-905d-13455d12fcff', '4th Year / 100,000 Kms', 12, 100000) ON CONFLICT DO NOTHING;
INSERT INTO tiers (plan_id, min_days, max_days, price_inr, is_active) VALUES ('2d14aecd-d477-4924-8670-586f82e59097', 731, 1020, 20598.08, TRUE) ON CONFLICT DO NOTHING;
INSERT INTO plans (id, variant_id, plan_name, duration_months, max_kms) VALUES ('942aff20-bd92-4b3d-aa3b-a6b91020e291', '761bc042-977a-4c8b-905d-13455d12fcff', '4th Year / Unlimited Kms', 12, NULL) ON CONFLICT DO NOTHING;
INSERT INTO tiers (plan_id, min_days, max_days, price_inr, is_active) VALUES ('942aff20-bd92-4b3d-aa3b-a6b91020e291', 731, 1020, 25175.3, TRUE) ON CONFLICT DO NOTHING;
INSERT INTO plans (id, variant_id, plan_name, duration_months, max_kms) VALUES ('0f14d23f-d164-498d-a2bf-1684879497dc', '761bc042-977a-4c8b-905d-13455d12fcff', '4th & 5th Year / 120,000 Kms', 24, 120000) ON CONFLICT DO NOTHING;
INSERT INTO tiers (plan_id, min_days, max_days, price_inr, is_active) VALUES ('0f14d23f-d164-498d-a2bf-1684879497dc', 731, 1020, 27464.5, TRUE) ON CONFLICT DO NOTHING;
INSERT INTO plans (id, variant_id, plan_name, duration_months, max_kms) VALUES ('0060cbba-9ac4-41fb-8988-6267922c673a', '761bc042-977a-4c8b-905d-13455d12fcff', '4th & 5th Year / Unlimited Kms', 24, NULL) ON CONFLICT DO NOTHING;
INSERT INTO tiers (plan_id, min_days, max_days, price_inr, is_active) VALUES ('0060cbba-9ac4-41fb-8988-6267922c673a', 731, 1020, 34329.74, TRUE) ON CONFLICT DO NOTHING;
INSERT INTO brands (id, name) VALUES ('1dc66663-e051-4bc5-9c1e-c697214151f0', 'Tata') ON CONFLICT DO NOTHING;
INSERT INTO brands (id, name) VALUES ('caa43d15-7095-4568-b6fc-a57dd11b9afb', 'Hyundai') ON CONFLICT DO NOTHING;
INSERT INTO models (id, brand_id, name) VALUES ('c3891e8d-515e-4fda-8fd9-e62a217ad5b2', 'caa43d15-7095-4568-b6fc-a57dd11b9afb', 'Santro') ON CONFLICT DO NOTHING;
INSERT INTO variants (id, model_id, name, fuel, transmission, oem_warranty_months, oem_warranty_kms) VALUES ('dd868c57-35b2-4e5b-a03e-6e9995e6fcee', 'c3891e8d-515e-4fda-8fd9-e62a217ad5b2', 'Santro Petrol-M/T', 'Petrol', 'Manual', 36, 100000) ON CONFLICT DO NOTHING;
INSERT INTO plans (id, variant_id, plan_name, duration_months, max_kms) VALUES ('bc460cd8-c234-422d-8d01-b155b24389e5', 'dd868c57-35b2-4e5b-a03e-6e9995e6fcee', '4th YR / 80K kms', 12, 80000) ON CONFLICT DO NOTHING;
INSERT INTO tiers (plan_id, min_days, max_days, price_inr, is_active) VALUES ('bc460cd8-c234-422d-8d01-b155b24389e5', 366, 1095, 9203.0, TRUE) ON CONFLICT DO NOTHING;
INSERT INTO plans (id, variant_id, plan_name, duration_months, max_kms) VALUES ('f57ec1ef-5056-42d8-ae68-45a99cdb96fb', 'dd868c57-35b2-4e5b-a03e-6e9995e6fcee', '4th & 5th YR / 100K kms', 24, 100000) ON CONFLICT DO NOTHING;
INSERT INTO tiers (plan_id, min_days, max_days, price_inr, is_active) VALUES ('f57ec1ef-5056-42d8-ae68-45a99cdb96fb', 366, 1095, 12979.0, TRUE) ON CONFLICT DO NOTHING;
INSERT INTO plans (id, variant_id, plan_name, duration_months, max_kms) VALUES ('ba0d2bf0-8069-4710-a3a6-8e26190b24d7', 'dd868c57-35b2-4e5b-a03e-6e9995e6fcee', '4th, 5th, 6th & 7th YR / 140K kms', 48, 140000) ON CONFLICT DO NOTHING;
INSERT INTO tiers (plan_id, min_days, max_days, price_inr, is_active) VALUES ('ba0d2bf0-8069-4710-a3a6-8e26190b24d7', 366, 1095, 31623.0, TRUE) ON CONFLICT DO NOTHING;
INSERT INTO variants (id, model_id, name, fuel, transmission, oem_warranty_months, oem_warranty_kms) VALUES ('fc4376ad-34a8-4ec2-ba46-160e008038b7', 'c3891e8d-515e-4fda-8fd9-e62a217ad5b2', 'Santro Petrol-A/T', 'Petrol', 'Automatic', 36, 100000) ON CONFLICT DO NOTHING;
INSERT INTO plans (id, variant_id, plan_name, duration_months, max_kms) VALUES ('cb6069d9-663d-4942-8f5d-7263e6d2bc9f', 'fc4376ad-34a8-4ec2-ba46-160e008038b7', '4th YR / 80K kms', 12, 80000) ON CONFLICT DO NOTHING;
INSERT INTO tiers (plan_id, min_days, max_days, price_inr, is_active) VALUES ('cb6069d9-663d-4942-8f5d-7263e6d2bc9f', 366, 1095, 10501.0, TRUE) ON CONFLICT DO NOTHING;
INSERT INTO plans (id, variant_id, plan_name, duration_months, max_kms) VALUES ('7d4104e5-173b-4278-97e7-57425cd415ac', 'fc4376ad-34a8-4ec2-ba46-160e008038b7', '4th & 5th YR / 100K kms', 24, 100000) ON CONFLICT DO NOTHING;
INSERT INTO tiers (plan_id, min_days, max_days, price_inr, is_active) VALUES ('7d4104e5-173b-4278-97e7-57425cd415ac', 366, 1095, 14985.0, TRUE) ON CONFLICT DO NOTHING;
INSERT INTO plans (id, variant_id, plan_name, duration_months, max_kms) VALUES ('e8f88538-f877-4872-8327-01f79c97bf26', 'fc4376ad-34a8-4ec2-ba46-160e008038b7', '4th, 5th, 6th & 7th YR / 140K kms', 48, 140000) ON CONFLICT DO NOTHING;
INSERT INTO tiers (plan_id, min_days, max_days, price_inr, is_active) VALUES ('e8f88538-f877-4872-8327-01f79c97bf26', 366, 1095, 36461.0, TRUE) ON CONFLICT DO NOTHING;
INSERT INTO variants (id, model_id, name, fuel, transmission, oem_warranty_months, oem_warranty_kms) VALUES ('f34c1e44-48de-43bf-8074-49392fedd083', 'c3891e8d-515e-4fda-8fd9-e62a217ad5b2', 'Santro CNG-M/T', 'CNG', 'Manual', 36, 100000) ON CONFLICT DO NOTHING;
INSERT INTO plans (id, variant_id, plan_name, duration_months, max_kms) VALUES ('b292526c-a8ec-4182-9f5b-0ad945026ae0', 'f34c1e44-48de-43bf-8074-49392fedd083', '4th YR / 80K kms', 12, 80000) ON CONFLICT DO NOTHING;
INSERT INTO tiers (plan_id, min_days, max_days, price_inr, is_active) VALUES ('b292526c-a8ec-4182-9f5b-0ad945026ae0', 366, 1095, 9911.0, TRUE) ON CONFLICT DO NOTHING;
INSERT INTO plans (id, variant_id, plan_name, duration_months, max_kms) VALUES ('42af8bc7-d26b-4bac-85e4-199ab5fc7963', 'f34c1e44-48de-43bf-8074-49392fedd083', '4th & 5th YR / 100K kms', 24, 100000) ON CONFLICT DO NOTHING;
INSERT INTO tiers (plan_id, min_days, max_days, price_inr, is_active) VALUES ('42af8bc7-d26b-4bac-85e4-199ab5fc7963', 366, 1095, 14041.0, TRUE) ON CONFLICT DO NOTHING;
INSERT INTO plans (id, variant_id, plan_name, duration_months, max_kms) VALUES ('d3e2f0c5-727c-415e-906e-3980b6050d41', 'f34c1e44-48de-43bf-8074-49392fedd083', '4th, 5th, 6th & 7th YR / 140K kms', 48, 140000) ON CONFLICT DO NOTHING;
INSERT INTO tiers (plan_id, min_days, max_days, price_inr, is_active) VALUES ('d3e2f0c5-727c-415e-906e-3980b6050d41', 366, 1095, 35281.0, TRUE) ON CONFLICT DO NOTHING;
INSERT INTO models (id, brand_id, name) VALUES ('3ed020f5-fcf3-4e93-a323-18c492e8e8f9', 'caa43d15-7095-4568-b6fc-a57dd11b9afb', 'NIOS/Aura') ON CONFLICT DO NOTHING;
INSERT INTO variants (id, model_id, name, fuel, transmission, oem_warranty_months, oem_warranty_kms) VALUES ('fbc16422-4592-43bf-afd5-4b52c8442498', '3ed020f5-fcf3-4e93-a323-18c492e8e8f9', 'NIOS/Aura Petrol-M/T', 'Petrol', 'Manual', 36, 100000) ON CONFLICT DO NOTHING;
INSERT INTO plans (id, variant_id, plan_name, duration_months, max_kms) VALUES ('07192c8b-cfe6-494e-920f-ee4edb97a1c8', 'fbc16422-4592-43bf-afd5-4b52c8442498', '4th YR / 80K kms', 12, 80000) ON CONFLICT DO NOTHING;
INSERT INTO tiers (plan_id, min_days, max_days, price_inr, is_active) VALUES ('07192c8b-cfe6-494e-920f-ee4edb97a1c8', 0, 90, 9675.0, TRUE) ON CONFLICT DO NOTHING;
INSERT INTO tiers (plan_id, min_days, max_days, price_inr, is_active) VALUES ('07192c8b-cfe6-494e-920f-ee4edb97a1c8', 91, 365, 10265.0, TRUE) ON CONFLICT DO NOTHING;
INSERT INTO tiers (plan_id, min_days, max_days, price_inr, is_active) VALUES ('07192c8b-cfe6-494e-920f-ee4edb97a1c8', 366, 1095, 11091.0, TRUE) ON CONFLICT DO NOTHING;
INSERT INTO plans (id, variant_id, plan_name, duration_months, max_kms) VALUES ('a47bdfa9-391a-4899-baa4-eefb68b52c8f', 'fbc16422-4592-43bf-afd5-4b52c8442498', '4th & 5th YR / 100K kms', 24, 100000) ON CONFLICT DO NOTHING;
INSERT INTO tiers (plan_id, min_days, max_days, price_inr, is_active) VALUES ('a47bdfa9-391a-4899-baa4-eefb68b52c8f', 0, 90, 13451.0, TRUE) ON CONFLICT DO NOTHING;
INSERT INTO tiers (plan_id, min_days, max_days, price_inr, is_active) VALUES ('a47bdfa9-391a-4899-baa4-eefb68b52c8f', 91, 365, 14159.0, TRUE) ON CONFLICT DO NOTHING;
INSERT INTO tiers (plan_id, min_days, max_days, price_inr, is_active) VALUES ('a47bdfa9-391a-4899-baa4-eefb68b52c8f', 366, 1095, 15221.0, TRUE) ON CONFLICT DO NOTHING;
INSERT INTO plans (id, variant_id, plan_name, duration_months, max_kms) VALUES ('64793fd9-e6d8-4859-9140-8259b1b61ae6', 'fbc16422-4592-43bf-afd5-4b52c8442498', '4th, 5th, 6th & 7th YR / 140K kms', 48, 140000) ON CONFLICT DO NOTHING;
INSERT INTO tiers (plan_id, min_days, max_days, price_inr, is_active) VALUES ('64793fd9-e6d8-4859-9140-8259b1b61ae6', 0, 90, 33983.0, TRUE) ON CONFLICT DO NOTHING;
INSERT INTO tiers (plan_id, min_days, max_days, price_inr, is_active) VALUES ('64793fd9-e6d8-4859-9140-8259b1b61ae6', 91, 365, 35753.0, TRUE) ON CONFLICT DO NOTHING;
INSERT INTO tiers (plan_id, min_days, max_days, price_inr, is_active) VALUES ('64793fd9-e6d8-4859-9140-8259b1b61ae6', 366, 1095, 38349.0, TRUE) ON CONFLICT DO NOTHING;
INSERT INTO variants (id, model_id, name, fuel, transmission, oem_warranty_months, oem_warranty_kms) VALUES ('9d130aee-6454-4ad1-9be7-382d8164932b', '3ed020f5-fcf3-4e93-a323-18c492e8e8f9', 'NIOS/Aura Petrol-A/T', 'Petrol', 'Automatic', 36, 100000) ON CONFLICT DO NOTHING;
INSERT INTO plans (id, variant_id, plan_name, duration_months, max_kms) VALUES ('9eaac0ce-24cd-4d04-9da1-0216f6d58dc6', '9d130aee-6454-4ad1-9be7-382d8164932b', '4th YR / 80K kms', 12, 80000) ON CONFLICT DO NOTHING;
INSERT INTO tiers (plan_id, min_days, max_days, price_inr, is_active) VALUES ('9eaac0ce-24cd-4d04-9da1-0216f6d58dc6', 0, 90, 11209.0, TRUE) ON CONFLICT DO NOTHING;
INSERT INTO tiers (plan_id, min_days, max_days, price_inr, is_active) VALUES ('9eaac0ce-24cd-4d04-9da1-0216f6d58dc6', 91, 365, 11799.0, TRUE) ON CONFLICT DO NOTHING;
INSERT INTO tiers (plan_id, min_days, max_days, price_inr, is_active) VALUES ('9eaac0ce-24cd-4d04-9da1-0216f6d58dc6', 366, 1095, 12625.0, TRUE) ON CONFLICT DO NOTHING;
INSERT INTO plans (id, variant_id, plan_name, duration_months, max_kms) VALUES ('79e11947-c21b-443f-b32c-ec006bfab904', '9d130aee-6454-4ad1-9be7-382d8164932b', '4th & 5th YR / 100K kms', 24, 100000) ON CONFLICT DO NOTHING;
INSERT INTO tiers (plan_id, min_days, max_days, price_inr, is_active) VALUES ('79e11947-c21b-443f-b32c-ec006bfab904', 0, 90, 15575.0, TRUE) ON CONFLICT DO NOTHING;
INSERT INTO tiers (plan_id, min_days, max_days, price_inr, is_active) VALUES ('79e11947-c21b-443f-b32c-ec006bfab904', 91, 365, 16401.0, TRUE) ON CONFLICT DO NOTHING;
INSERT INTO tiers (plan_id, min_days, max_days, price_inr, is_active) VALUES ('79e11947-c21b-443f-b32c-ec006bfab904', 366, 1095, 17581.0, TRUE) ON CONFLICT DO NOTHING;
INSERT INTO plans (id, variant_id, plan_name, duration_months, max_kms) VALUES ('afce0c16-fc60-4090-8435-e4b9db7746a9', '9d130aee-6454-4ad1-9be7-382d8164932b', '4th, 5th, 6th & 7th YR / 140K kms', 48, 140000) ON CONFLICT DO NOTHING;
INSERT INTO tiers (plan_id, min_days, max_days, price_inr, is_active) VALUES ('afce0c16-fc60-4090-8435-e4b9db7746a9', 0, 90, 39175.0, TRUE) ON CONFLICT DO NOTHING;
INSERT INTO tiers (plan_id, min_days, max_days, price_inr, is_active) VALUES ('afce0c16-fc60-4090-8435-e4b9db7746a9', 91, 365, 41181.0, TRUE) ON CONFLICT DO NOTHING;
INSERT INTO tiers (plan_id, min_days, max_days, price_inr, is_active) VALUES ('afce0c16-fc60-4090-8435-e4b9db7746a9', 366, 1095, 44131.0, TRUE) ON CONFLICT DO NOTHING;
INSERT INTO variants (id, model_id, name, fuel, transmission, oem_warranty_months, oem_warranty_kms) VALUES ('299d2073-bc22-4e2e-91ca-723985a63ace', '3ed020f5-fcf3-4e93-a323-18c492e8e8f9', 'NIOS/Aura CNG-M/T', 'CNG', 'Manual', 36, 100000) ON CONFLICT DO NOTHING;
INSERT INTO plans (id, variant_id, plan_name, duration_months, max_kms) VALUES ('c8b82169-d3c7-4bc8-b738-861a911bcfb4', '299d2073-bc22-4e2e-91ca-723985a63ace', '4th YR / 80K kms', 12, 80000) ON CONFLICT DO NOTHING;
INSERT INTO tiers (plan_id, min_days, max_days, price_inr, is_active) VALUES ('c8b82169-d3c7-4bc8-b738-861a911bcfb4', 0, 90, 10737.0, TRUE) ON CONFLICT DO NOTHING;
INSERT INTO tiers (plan_id, min_days, max_days, price_inr, is_active) VALUES ('c8b82169-d3c7-4bc8-b738-861a911bcfb4', 91, 365, 11327.0, TRUE) ON CONFLICT DO NOTHING;
INSERT INTO tiers (plan_id, min_days, max_days, price_inr, is_active) VALUES ('c8b82169-d3c7-4bc8-b738-861a911bcfb4', 366, 1095, 12153.0, TRUE) ON CONFLICT DO NOTHING;
INSERT INTO plans (id, variant_id, plan_name, duration_months, max_kms) VALUES ('0e4f8e17-9e62-4060-8950-32bd07f9f863', '299d2073-bc22-4e2e-91ca-723985a63ace', '4th & 5th YR / 100K kms', 24, 100000) ON CONFLICT DO NOTHING;
INSERT INTO tiers (plan_id, min_days, max_days, price_inr, is_active) VALUES ('0e4f8e17-9e62-4060-8950-32bd07f9f863', 0, 90, 14749.0, TRUE) ON CONFLICT DO NOTHING;
INSERT INTO tiers (plan_id, min_days, max_days, price_inr, is_active) VALUES ('0e4f8e17-9e62-4060-8950-32bd07f9f863', 91, 365, 15575.0, TRUE) ON CONFLICT DO NOTHING;
INSERT INTO tiers (plan_id, min_days, max_days, price_inr, is_active) VALUES ('0e4f8e17-9e62-4060-8950-32bd07f9f863', 366, 1095, 16755.0, TRUE) ON CONFLICT DO NOTHING;
INSERT INTO plans (id, variant_id, plan_name, duration_months, max_kms) VALUES ('50f244a8-6f92-458e-a6b9-aef81d428be6', '299d2073-bc22-4e2e-91ca-723985a63ace', '4th, 5th, 6th & 7th YR / 140K kms', 48, 140000) ON CONFLICT DO NOTHING;
INSERT INTO tiers (plan_id, min_days, max_days, price_inr, is_active) VALUES ('50f244a8-6f92-458e-a6b9-aef81d428be6', 0, 90, 37995.0, TRUE) ON CONFLICT DO NOTHING;
INSERT INTO tiers (plan_id, min_days, max_days, price_inr, is_active) VALUES ('50f244a8-6f92-458e-a6b9-aef81d428be6', 91, 365, 40001.0, TRUE) ON CONFLICT DO NOTHING;
INSERT INTO tiers (plan_id, min_days, max_days, price_inr, is_active) VALUES ('50f244a8-6f92-458e-a6b9-aef81d428be6', 366, 1095, 42833.0, TRUE) ON CONFLICT DO NOTHING;
INSERT INTO variants (id, model_id, name, fuel, transmission, oem_warranty_months, oem_warranty_kms) VALUES ('25d2d459-1fcb-47c0-b49d-ee761e70a556', '3ed020f5-fcf3-4e93-a323-18c492e8e8f9', 'NIOS/Aura Diesel-M/T', 'Diesel', 'Manual', 36, 100000) ON CONFLICT DO NOTHING;
INSERT INTO plans (id, variant_id, plan_name, duration_months, max_kms) VALUES ('40b8944d-18a8-48a3-a952-cb5962752e75', '25d2d459-1fcb-47c0-b49d-ee761e70a556', '4th YR / 80K kms', 12, 80000) ON CONFLICT DO NOTHING;
INSERT INTO tiers (plan_id, min_days, max_days, price_inr, is_active) VALUES ('40b8944d-18a8-48a3-a952-cb5962752e75', 366, 1095, 14985.0, TRUE) ON CONFLICT DO NOTHING;
INSERT INTO plans (id, variant_id, plan_name, duration_months, max_kms) VALUES ('dc0fcdfb-af08-4a0d-83c8-367d22257834', '25d2d459-1fcb-47c0-b49d-ee761e70a556', '4th & 5th YR / 100K kms', 24, 100000) ON CONFLICT DO NOTHING;
INSERT INTO tiers (plan_id, min_days, max_days, price_inr, is_active) VALUES ('dc0fcdfb-af08-4a0d-83c8-367d22257834', 366, 1095, 21239.0, TRUE) ON CONFLICT DO NOTHING;
INSERT INTO plans (id, variant_id, plan_name, duration_months, max_kms) VALUES ('c7cf8786-ba1c-4cb2-af16-e4911f5beffb', '25d2d459-1fcb-47c0-b49d-ee761e70a556', '4th, 5th, 6th & 7th YR / 140K kms', 48, 140000) ON CONFLICT DO NOTHING;
INSERT INTO tiers (plan_id, min_days, max_days, price_inr, is_active) VALUES ('c7cf8786-ba1c-4cb2-af16-e4911f5beffb', 366, 1095, 56757.0, TRUE) ON CONFLICT DO NOTHING;
INSERT INTO variants (id, model_id, name, fuel, transmission, oem_warranty_months, oem_warranty_kms) VALUES ('33a8c44e-1dd5-4193-b072-b9933ce36708', '3ed020f5-fcf3-4e93-a323-18c492e8e8f9', 'NIOS/Aura Diesel-A/T', 'Diesel', 'Automatic', 36, 100000) ON CONFLICT DO NOTHING;
INSERT INTO plans (id, variant_id, plan_name, duration_months, max_kms) VALUES ('01ad34b6-c86c-4394-95b7-b2312cf4d120', '33a8c44e-1dd5-4193-b072-b9933ce36708', '4th YR / 80K kms', 12, 80000) ON CONFLICT DO NOTHING;
INSERT INTO tiers (plan_id, min_days, max_days, price_inr, is_active) VALUES ('01ad34b6-c86c-4394-95b7-b2312cf4d120', 366, 1095, 17227.0, TRUE) ON CONFLICT DO NOTHING;
INSERT INTO plans (id, variant_id, plan_name, duration_months, max_kms) VALUES ('e64b991c-1458-40c2-88ae-76dc893134f9', '33a8c44e-1dd5-4193-b072-b9933ce36708', '4th & 5th YR / 100K kms', 24, 100000) ON CONFLICT DO NOTHING;
INSERT INTO tiers (plan_id, min_days, max_days, price_inr, is_active) VALUES ('e64b991c-1458-40c2-88ae-76dc893134f9', 366, 1095, 24543.0, TRUE) ON CONFLICT DO NOTHING;
INSERT INTO plans (id, variant_id, plan_name, duration_months, max_kms) VALUES ('26548572-a70e-4065-bba2-a2a757f3f05e', '33a8c44e-1dd5-4193-b072-b9933ce36708', '4th, 5th, 6th & 7th YR / 140K kms', 48, 140000) ON CONFLICT DO NOTHING;
INSERT INTO tiers (plan_id, min_days, max_days, price_inr, is_active) VALUES ('26548572-a70e-4065-bba2-a2a757f3f05e', 366, 1095, 65371.0, TRUE) ON CONFLICT DO NOTHING;
INSERT INTO models (id, brand_id, name) VALUES ('1b58aa8c-0b58-4d06-b6ed-f713cdde3cb7', 'caa43d15-7095-4568-b6fc-a57dd11b9afb', 'Exter') ON CONFLICT DO NOTHING;
INSERT INTO variants (id, model_id, name, fuel, transmission, oem_warranty_months, oem_warranty_kms) VALUES ('bc257e8f-732d-4c71-ad9b-3846c435d423', '1b58aa8c-0b58-4d06-b6ed-f713cdde3cb7', 'Exter Petrol-M/T', 'Petrol', 'Manual', 36, 100000) ON CONFLICT DO NOTHING;
INSERT INTO plans (id, variant_id, plan_name, duration_months, max_kms) VALUES ('ab4c1040-bcd1-4229-a5e4-bb7e3a63bcf6', 'bc257e8f-732d-4c71-ad9b-3846c435d423', '4th YR / 80K kms', 12, 80000) ON CONFLICT DO NOTHING;
INSERT INTO tiers (plan_id, min_days, max_days, price_inr, is_active) VALUES ('ab4c1040-bcd1-4229-a5e4-bb7e3a63bcf6', 0, 90, 10383.0, TRUE) ON CONFLICT DO NOTHING;
INSERT INTO tiers (plan_id, min_days, max_days, price_inr, is_active) VALUES ('ab4c1040-bcd1-4229-a5e4-bb7e3a63bcf6', 91, 365, 10973.0, TRUE) ON CONFLICT DO NOTHING;
INSERT INTO tiers (plan_id, min_days, max_days, price_inr, is_active) VALUES ('ab4c1040-bcd1-4229-a5e4-bb7e3a63bcf6', 366, 1095, 11799.0, TRUE) ON CONFLICT DO NOTHING;
INSERT INTO plans (id, variant_id, plan_name, duration_months, max_kms) VALUES ('9d84df11-670d-4c17-b26d-aaa7c113300a', 'bc257e8f-732d-4c71-ad9b-3846c435d423', '4th & 5th YR / 100K kms', 24, 100000) ON CONFLICT DO NOTHING;
INSERT INTO tiers (plan_id, min_days, max_days, price_inr, is_active) VALUES ('9d84df11-670d-4c17-b26d-aaa7c113300a', 0, 90, 14159.0, TRUE) ON CONFLICT DO NOTHING;
INSERT INTO tiers (plan_id, min_days, max_days, price_inr, is_active) VALUES ('9d84df11-670d-4c17-b26d-aaa7c113300a', 91, 365, 14867.0, TRUE) ON CONFLICT DO NOTHING;
INSERT INTO tiers (plan_id, min_days, max_days, price_inr, is_active) VALUES ('9d84df11-670d-4c17-b26d-aaa7c113300a', 366, 1095, 15929.0, TRUE) ON CONFLICT DO NOTHING;
INSERT INTO plans (id, variant_id, plan_name, duration_months, max_kms) VALUES ('160bed97-0756-4e66-84ba-698fb9ef8c97', 'bc257e8f-732d-4c71-ad9b-3846c435d423', '4th, 5th, 6th & 7th YR / 140K kms', 48, 140000) ON CONFLICT DO NOTHING;
INSERT INTO tiers (plan_id, min_days, max_days, price_inr, is_active) VALUES ('160bed97-0756-4e66-84ba-698fb9ef8c97', 0, 90, 35989.0, TRUE) ON CONFLICT DO NOTHING;
INSERT INTO tiers (plan_id, min_days, max_days, price_inr, is_active) VALUES ('160bed97-0756-4e66-84ba-698fb9ef8c97', 91, 365, 37877.0, TRUE) ON CONFLICT DO NOTHING;
INSERT INTO tiers (plan_id, min_days, max_days, price_inr, is_active) VALUES ('160bed97-0756-4e66-84ba-698fb9ef8c97', 366, 1095, 40591.0, TRUE) ON CONFLICT DO NOTHING;
INSERT INTO variants (id, model_id, name, fuel, transmission, oem_warranty_months, oem_warranty_kms) VALUES ('2b0db458-271c-49b1-9d4e-bc468fd65621', '1b58aa8c-0b58-4d06-b6ed-f713cdde3cb7', 'Exter Petrol-A/T', 'Petrol', 'Automatic', 36, 100000) ON CONFLICT DO NOTHING;
INSERT INTO plans (id, variant_id, plan_name, duration_months, max_kms) VALUES ('ce15c464-8e9f-4dd0-8b60-6c4709c7d377', '2b0db458-271c-49b1-9d4e-bc468fd65621', '4th YR / 80K kms', 12, 80000) ON CONFLICT DO NOTHING;
INSERT INTO tiers (plan_id, min_days, max_days, price_inr, is_active) VALUES ('ce15c464-8e9f-4dd0-8b60-6c4709c7d377', 0, 90, 12035.0, TRUE) ON CONFLICT DO NOTHING;
INSERT INTO tiers (plan_id, min_days, max_days, price_inr, is_active) VALUES ('ce15c464-8e9f-4dd0-8b60-6c4709c7d377', 91, 365, 12743.0, TRUE) ON CONFLICT DO NOTHING;
INSERT INTO tiers (plan_id, min_days, max_days, price_inr, is_active) VALUES ('ce15c464-8e9f-4dd0-8b60-6c4709c7d377', 366, 1095, 13687.0, TRUE) ON CONFLICT DO NOTHING;
INSERT INTO plans (id, variant_id, plan_name, duration_months, max_kms) VALUES ('c8849653-02f4-41c0-ba06-5aa6deaf08cf', '2b0db458-271c-49b1-9d4e-bc468fd65621', '4th & 5th YR / 100K kms', 24, 100000) ON CONFLICT DO NOTHING;
INSERT INTO tiers (plan_id, min_days, max_days, price_inr, is_active) VALUES ('c8849653-02f4-41c0-ba06-5aa6deaf08cf', 0, 90, 16283.0, TRUE) ON CONFLICT DO NOTHING;
INSERT INTO tiers (plan_id, min_days, max_days, price_inr, is_active) VALUES ('c8849653-02f4-41c0-ba06-5aa6deaf08cf', 91, 365, 17109.0, TRUE) ON CONFLICT DO NOTHING;
INSERT INTO tiers (plan_id, min_days, max_days, price_inr, is_active) VALUES ('c8849653-02f4-41c0-ba06-5aa6deaf08cf', 366, 1095, 18407.0, TRUE) ON CONFLICT DO NOTHING;
INSERT INTO plans (id, variant_id, plan_name, duration_months, max_kms) VALUES ('07dd09b1-609d-4e6a-b47e-3422b9d03e36', '2b0db458-271c-49b1-9d4e-bc468fd65621', '4th, 5th, 6th & 7th YR / 140K kms', 48, 140000) ON CONFLICT DO NOTHING;
INSERT INTO tiers (plan_id, min_days, max_days, price_inr, is_active) VALUES ('07dd09b1-609d-4e6a-b47e-3422b9d03e36', 0, 90, 41417.0, TRUE) ON CONFLICT DO NOTHING;
INSERT INTO tiers (plan_id, min_days, max_days, price_inr, is_active) VALUES ('07dd09b1-609d-4e6a-b47e-3422b9d03e36', 91, 365, 43541.0, TRUE) ON CONFLICT DO NOTHING;
INSERT INTO tiers (plan_id, min_days, max_days, price_inr, is_active) VALUES ('07dd09b1-609d-4e6a-b47e-3422b9d03e36', 366, 1095, 46609.0, TRUE) ON CONFLICT DO NOTHING;
INSERT INTO variants (id, model_id, name, fuel, transmission, oem_warranty_months, oem_warranty_kms) VALUES ('e783f846-12eb-41ec-86ef-04f62567a36a', '1b58aa8c-0b58-4d06-b6ed-f713cdde3cb7', 'Exter CNG-M/T', 'CNG', 'Manual', 36, 100000) ON CONFLICT DO NOTHING;
INSERT INTO plans (id, variant_id, plan_name, duration_months, max_kms) VALUES ('03c2db09-92d0-434f-bd65-e6c5db6c451e', 'e783f846-12eb-41ec-86ef-04f62567a36a', '4th YR / 80K kms', 12, 80000) ON CONFLICT DO NOTHING;
INSERT INTO tiers (plan_id, min_days, max_days, price_inr, is_active) VALUES ('03c2db09-92d0-434f-bd65-e6c5db6c451e', 0, 90, 11563.0, TRUE) ON CONFLICT DO NOTHING;
INSERT INTO tiers (plan_id, min_days, max_days, price_inr, is_active) VALUES ('03c2db09-92d0-434f-bd65-e6c5db6c451e', 91, 365, 12153.0, TRUE) ON CONFLICT DO NOTHING;
INSERT INTO tiers (plan_id, min_days, max_days, price_inr, is_active) VALUES ('03c2db09-92d0-434f-bd65-e6c5db6c451e', 366, 1095, 13097.0, TRUE) ON CONFLICT DO NOTHING;
INSERT INTO plans (id, variant_id, plan_name, duration_months, max_kms) VALUES ('fd6d370c-4a56-44c6-9fc6-ea9cb902e28c', 'e783f846-12eb-41ec-86ef-04f62567a36a', '4th & 5th YR / 100K kms', 24, 100000) ON CONFLICT DO NOTHING;
INSERT INTO tiers (plan_id, min_days, max_days, price_inr, is_active) VALUES ('fd6d370c-4a56-44c6-9fc6-ea9cb902e28c', 0, 90, 15575.0, TRUE) ON CONFLICT DO NOTHING;
INSERT INTO tiers (plan_id, min_days, max_days, price_inr, is_active) VALUES ('fd6d370c-4a56-44c6-9fc6-ea9cb902e28c', 91, 365, 16401.0, TRUE) ON CONFLICT DO NOTHING;
INSERT INTO tiers (plan_id, min_days, max_days, price_inr, is_active) VALUES ('fd6d370c-4a56-44c6-9fc6-ea9cb902e28c', 366, 1095, 17581.0, TRUE) ON CONFLICT DO NOTHING;
INSERT INTO plans (id, variant_id, plan_name, duration_months, max_kms) VALUES ('5931af16-b81a-453d-b08e-812ee71546f9', 'e783f846-12eb-41ec-86ef-04f62567a36a', '4th, 5th, 6th & 7th YR / 140K kms', 48, 140000) ON CONFLICT DO NOTHING;
INSERT INTO tiers (plan_id, min_days, max_days, price_inr, is_active) VALUES ('5931af16-b81a-453d-b08e-812ee71546f9', 0, 90, 40355.0, TRUE) ON CONFLICT DO NOTHING;
INSERT INTO tiers (plan_id, min_days, max_days, price_inr, is_active) VALUES ('5931af16-b81a-453d-b08e-812ee71546f9', 91, 365, 42479.0, TRUE) ON CONFLICT DO NOTHING;
INSERT INTO tiers (plan_id, min_days, max_days, price_inr, is_active) VALUES ('5931af16-b81a-453d-b08e-812ee71546f9', 366, 1095, 45547.0, TRUE) ON CONFLICT DO NOTHING;
INSERT INTO models (id, brand_id, name) VALUES ('a10e87af-e20f-4cba-8af4-f169cbd0cdff', 'caa43d15-7095-4568-b6fc-a57dd11b9afb', 'i 20') ON CONFLICT DO NOTHING;
INSERT INTO variants (id, model_id, name, fuel, transmission, oem_warranty_months, oem_warranty_kms) VALUES ('44fdfca6-100c-44d1-b5ca-98fdbd2e6c96', 'a10e87af-e20f-4cba-8af4-f169cbd0cdff', 'i 20 Petrol-M/T', 'Petrol', 'Manual', 36, 100000) ON CONFLICT DO NOTHING;
INSERT INTO plans (id, variant_id, plan_name, duration_months, max_kms) VALUES ('85b653b6-5769-4a5f-8f37-736d4874a750', '44fdfca6-100c-44d1-b5ca-98fdbd2e6c96', '4th YR / 80K kms', 12, 80000) ON CONFLICT DO NOTHING;
INSERT INTO tiers (plan_id, min_days, max_days, price_inr, is_active) VALUES ('85b653b6-5769-4a5f-8f37-736d4874a750', 0, 90, 10501.0, TRUE) ON CONFLICT DO NOTHING;
INSERT INTO tiers (plan_id, min_days, max_days, price_inr, is_active) VALUES ('85b653b6-5769-4a5f-8f37-736d4874a750', 91, 365, 11091.0, TRUE) ON CONFLICT DO NOTHING;
INSERT INTO tiers (plan_id, min_days, max_days, price_inr, is_active) VALUES ('85b653b6-5769-4a5f-8f37-736d4874a750', 366, 1095, 11917.0, TRUE) ON CONFLICT DO NOTHING;
INSERT INTO plans (id, variant_id, plan_name, duration_months, max_kms) VALUES ('b3e115ab-22e8-4e79-b8a9-70f442cef3dc', '44fdfca6-100c-44d1-b5ca-98fdbd2e6c96', '4th & 5th YR / 100K kms', 24, 100000) ON CONFLICT DO NOTHING;
INSERT INTO tiers (plan_id, min_days, max_days, price_inr, is_active) VALUES ('b3e115ab-22e8-4e79-b8a9-70f442cef3dc', 0, 90, 14749.0, TRUE) ON CONFLICT DO NOTHING;
INSERT INTO tiers (plan_id, min_days, max_days, price_inr, is_active) VALUES ('b3e115ab-22e8-4e79-b8a9-70f442cef3dc', 91, 365, 15575.0, TRUE) ON CONFLICT DO NOTHING;
INSERT INTO tiers (plan_id, min_days, max_days, price_inr, is_active) VALUES ('b3e115ab-22e8-4e79-b8a9-70f442cef3dc', 366, 1095, 16755.0, TRUE) ON CONFLICT DO NOTHING;
INSERT INTO plans (id, variant_id, plan_name, duration_months, max_kms) VALUES ('2b7ded41-291b-4200-9796-95371d8497ce', '44fdfca6-100c-44d1-b5ca-98fdbd2e6c96', '4th, 5th, 6th & 7th YR / 140K kms', 48, 140000) ON CONFLICT DO NOTHING;
INSERT INTO tiers (plan_id, min_days, max_days, price_inr, is_active) VALUES ('2b7ded41-291b-4200-9796-95371d8497ce', 0, 90, 37641.0, TRUE) ON CONFLICT DO NOTHING;
INSERT INTO tiers (plan_id, min_days, max_days, price_inr, is_active) VALUES ('2b7ded41-291b-4200-9796-95371d8497ce', 91, 365, 39529.0, TRUE) ON CONFLICT DO NOTHING;
INSERT INTO tiers (plan_id, min_days, max_days, price_inr, is_active) VALUES ('2b7ded41-291b-4200-9796-95371d8497ce', 366, 1095, 42361.0, TRUE) ON CONFLICT DO NOTHING;
INSERT INTO variants (id, model_id, name, fuel, transmission, oem_warranty_months, oem_warranty_kms) VALUES ('6380397d-daeb-42cd-b0f5-53b179a87d6b', 'a10e87af-e20f-4cba-8af4-f169cbd0cdff', 'i 20 Petrol-A/T', 'Petrol', 'Automatic', 36, 100000) ON CONFLICT DO NOTHING;
INSERT INTO plans (id, variant_id, plan_name, duration_months, max_kms) VALUES ('33aa30c5-e892-4b1d-bd3d-637de1a6ce1c', '6380397d-daeb-42cd-b0f5-53b179a87d6b', '4th YR / 80K kms', 12, 80000) ON CONFLICT DO NOTHING;
INSERT INTO tiers (plan_id, min_days, max_days, price_inr, is_active) VALUES ('33aa30c5-e892-4b1d-bd3d-637de1a6ce1c', 0, 90, 12153.0, TRUE) ON CONFLICT DO NOTHING;
INSERT INTO tiers (plan_id, min_days, max_days, price_inr, is_active) VALUES ('33aa30c5-e892-4b1d-bd3d-637de1a6ce1c', 91, 365, 12861.0, TRUE) ON CONFLICT DO NOTHING;
INSERT INTO tiers (plan_id, min_days, max_days, price_inr, is_active) VALUES ('33aa30c5-e892-4b1d-bd3d-637de1a6ce1c', 366, 1095, 13805.0, TRUE) ON CONFLICT DO NOTHING;
INSERT INTO plans (id, variant_id, plan_name, duration_months, max_kms) VALUES ('20ce1393-5680-4d6b-a90d-05212a2896fb', '6380397d-daeb-42cd-b0f5-53b179a87d6b', '4th & 5th YR / 100K kms', 24, 100000) ON CONFLICT DO NOTHING;
INSERT INTO tiers (plan_id, min_days, max_days, price_inr, is_active) VALUES ('20ce1393-5680-4d6b-a90d-05212a2896fb', 0, 90, 16991.0, TRUE) ON CONFLICT DO NOTHING;
INSERT INTO tiers (plan_id, min_days, max_days, price_inr, is_active) VALUES ('20ce1393-5680-4d6b-a90d-05212a2896fb', 91, 365, 17935.0, TRUE) ON CONFLICT DO NOTHING;
INSERT INTO tiers (plan_id, min_days, max_days, price_inr, is_active) VALUES ('20ce1393-5680-4d6b-a90d-05212a2896fb', 366, 1095, 19233.0, TRUE) ON CONFLICT DO NOTHING;
INSERT INTO plans (id, variant_id, plan_name, duration_months, max_kms) VALUES ('12ffbad9-2f8d-47b7-b746-db3c11d56789', '6380397d-daeb-42cd-b0f5-53b179a87d6b', '4th, 5th, 6th & 7th YR / 140K kms', 48, 140000) ON CONFLICT DO NOTHING;
INSERT INTO tiers (plan_id, min_days, max_days, price_inr, is_active) VALUES ('12ffbad9-2f8d-47b7-b746-db3c11d56789', 0, 90, 43305.0, TRUE) ON CONFLICT DO NOTHING;
INSERT INTO tiers (plan_id, min_days, max_days, price_inr, is_active) VALUES ('12ffbad9-2f8d-47b7-b746-db3c11d56789', 91, 365, 45547.0, TRUE) ON CONFLICT DO NOTHING;
INSERT INTO tiers (plan_id, min_days, max_days, price_inr, is_active) VALUES ('12ffbad9-2f8d-47b7-b746-db3c11d56789', 366, 1095, 48851.0, TRUE) ON CONFLICT DO NOTHING;
INSERT INTO variants (id, model_id, name, fuel, transmission, oem_warranty_months, oem_warranty_kms) VALUES ('9cfca442-1faa-495c-99cd-f3c1af5e0471', 'a10e87af-e20f-4cba-8af4-f169cbd0cdff', 'i 20 Diesel-M/T', 'Diesel', 'Manual', 36, 100000) ON CONFLICT DO NOTHING;
INSERT INTO plans (id, variant_id, plan_name, duration_months, max_kms) VALUES ('b22c5d15-e5ef-41c0-9fbe-e22dc5b8bdb1', '9cfca442-1faa-495c-99cd-f3c1af5e0471', '4th YR / 80K kms', 12, 80000) ON CONFLICT DO NOTHING;
INSERT INTO tiers (plan_id, min_days, max_days, price_inr, is_active) VALUES ('b22c5d15-e5ef-41c0-9fbe-e22dc5b8bdb1', 366, 1095, 15103.0, TRUE) ON CONFLICT DO NOTHING;
INSERT INTO plans (id, variant_id, plan_name, duration_months, max_kms) VALUES ('66d470c8-7cc6-4b89-ae1c-09063a2e8ccf', '9cfca442-1faa-495c-99cd-f3c1af5e0471', '4th & 5th YR / 100K kms', 24, 100000) ON CONFLICT DO NOTHING;
INSERT INTO tiers (plan_id, min_days, max_days, price_inr, is_active) VALUES ('66d470c8-7cc6-4b89-ae1c-09063a2e8ccf', 366, 1095, 19351.0, TRUE) ON CONFLICT DO NOTHING;
INSERT INTO plans (id, variant_id, plan_name, duration_months, max_kms) VALUES ('b3fa603e-870d-478f-a8f8-280482b0e487', '9cfca442-1faa-495c-99cd-f3c1af5e0471', '4th, 5th, 6th & 7th YR / 140K kms', 48, 140000) ON CONFLICT DO NOTHING;
INSERT INTO tiers (plan_id, min_days, max_days, price_inr, is_active) VALUES ('b3fa603e-870d-478f-a8f8-280482b0e487', 366, 1095, 57111.0, TRUE) ON CONFLICT DO NOTHING;
INSERT INTO models (id, brand_id, name) VALUES ('592e0c6c-78a9-4961-8957-d21002e83334', 'caa43d15-7095-4568-b6fc-a57dd11b9afb', 'Venue') ON CONFLICT DO NOTHING;
INSERT INTO variants (id, model_id, name, fuel, transmission, oem_warranty_months, oem_warranty_kms) VALUES ('8486edf4-d33c-4a09-8301-8462a105d151', '592e0c6c-78a9-4961-8957-d21002e83334', 'Venue Petrol-M/T', 'Petrol', 'Manual', 36, 100000) ON CONFLICT DO NOTHING;
INSERT INTO plans (id, variant_id, plan_name, duration_months, max_kms) VALUES ('563594c4-7dc3-4b53-a29b-c1b85a6f8e6b', '8486edf4-d33c-4a09-8301-8462a105d151', '4th YR / 80K kms', 12, 80000) ON CONFLICT DO NOTHING;
INSERT INTO tiers (plan_id, min_days, max_days, price_inr, is_active) VALUES ('563594c4-7dc3-4b53-a29b-c1b85a6f8e6b', 0, 90, 12861.0, TRUE) ON CONFLICT DO NOTHING;
INSERT INTO tiers (plan_id, min_days, max_days, price_inr, is_active) VALUES ('563594c4-7dc3-4b53-a29b-c1b85a6f8e6b', 91, 365, 13569.0, TRUE) ON CONFLICT DO NOTHING;
INSERT INTO tiers (plan_id, min_days, max_days, price_inr, is_active) VALUES ('563594c4-7dc3-4b53-a29b-c1b85a6f8e6b', 366, 1095, 14631.0, TRUE) ON CONFLICT DO NOTHING;
INSERT INTO plans (id, variant_id, plan_name, duration_months, max_kms) VALUES ('ecde949d-79e0-4c29-9cd8-4c359efc438b', '8486edf4-d33c-4a09-8301-8462a105d151', '4th & 5th YR / 100K kms', 24, 100000) ON CONFLICT DO NOTHING;
INSERT INTO tiers (plan_id, min_days, max_days, price_inr, is_active) VALUES ('ecde949d-79e0-4c29-9cd8-4c359efc438b', 0, 90, 17345.0, TRUE) ON CONFLICT DO NOTHING;
INSERT INTO tiers (plan_id, min_days, max_days, price_inr, is_active) VALUES ('ecde949d-79e0-4c29-9cd8-4c359efc438b', 91, 365, 18289.0, TRUE) ON CONFLICT DO NOTHING;
INSERT INTO tiers (plan_id, min_days, max_days, price_inr, is_active) VALUES ('ecde949d-79e0-4c29-9cd8-4c359efc438b', 366, 1095, 19587.0, TRUE) ON CONFLICT DO NOTHING;
INSERT INTO plans (id, variant_id, plan_name, duration_months, max_kms) VALUES ('f53cb8fe-71aa-4194-a422-56751521624b', '8486edf4-d33c-4a09-8301-8462a105d151', '4th, 5th, 6th & 7th YR / 140K kms', 48, 140000) ON CONFLICT DO NOTHING;
INSERT INTO tiers (plan_id, min_days, max_days, price_inr, is_active) VALUES ('f53cb8fe-71aa-4194-a422-56751521624b', 0, 90, 45665.0, TRUE) ON CONFLICT DO NOTHING;
INSERT INTO tiers (plan_id, min_days, max_days, price_inr, is_active) VALUES ('f53cb8fe-71aa-4194-a422-56751521624b', 91, 365, 48025.0, TRUE) ON CONFLICT DO NOTHING;
INSERT INTO tiers (plan_id, min_days, max_days, price_inr, is_active) VALUES ('f53cb8fe-71aa-4194-a422-56751521624b', 366, 1095, 51447.0, TRUE) ON CONFLICT DO NOTHING;
INSERT INTO variants (id, model_id, name, fuel, transmission, oem_warranty_months, oem_warranty_kms) VALUES ('71097741-d058-4280-a064-654d42a5c2b4', '592e0c6c-78a9-4961-8957-d21002e83334', 'Venue Petrol-A/T', 'Petrol', 'Automatic', 36, 100000) ON CONFLICT DO NOTHING;
INSERT INTO plans (id, variant_id, plan_name, duration_months, max_kms) VALUES ('481fc303-920a-4dfa-98a1-966a9e3d5937', '71097741-d058-4280-a064-654d42a5c2b4', '4th YR / 80K kms', 12, 80000) ON CONFLICT DO NOTHING;
INSERT INTO tiers (plan_id, min_days, max_days, price_inr, is_active) VALUES ('481fc303-920a-4dfa-98a1-966a9e3d5937', 0, 90, 14867.0, TRUE) ON CONFLICT DO NOTHING;
INSERT INTO tiers (plan_id, min_days, max_days, price_inr, is_active) VALUES ('481fc303-920a-4dfa-98a1-966a9e3d5937', 91, 365, 15693.0, TRUE) ON CONFLICT DO NOTHING;
INSERT INTO tiers (plan_id, min_days, max_days, price_inr, is_active) VALUES ('481fc303-920a-4dfa-98a1-966a9e3d5937', 366, 1095, 16873.0, TRUE) ON CONFLICT DO NOTHING;
INSERT INTO plans (id, variant_id, plan_name, duration_months, max_kms) VALUES ('f8aaffd0-975a-459f-a98e-dc817ab2388f', '71097741-d058-4280-a064-654d42a5c2b4', '4th & 5th YR / 100K kms', 24, 100000) ON CONFLICT DO NOTHING;
INSERT INTO tiers (plan_id, min_days, max_days, price_inr, is_active) VALUES ('f8aaffd0-975a-459f-a98e-dc817ab2388f', 0, 90, 20059.0, TRUE) ON CONFLICT DO NOTHING;
INSERT INTO tiers (plan_id, min_days, max_days, price_inr, is_active) VALUES ('f8aaffd0-975a-459f-a98e-dc817ab2388f', 91, 365, 21121.0, TRUE) ON CONFLICT DO NOTHING;
INSERT INTO tiers (plan_id, min_days, max_days, price_inr, is_active) VALUES ('f8aaffd0-975a-459f-a98e-dc817ab2388f', 366, 1095, 22655.0, TRUE) ON CONFLICT DO NOTHING;
INSERT INTO plans (id, variant_id, plan_name, duration_months, max_kms) VALUES ('601c3354-7a30-4da7-ae78-5dd2bf30d488', '71097741-d058-4280-a064-654d42a5c2b4', '4th, 5th, 6th & 7th YR / 140K kms', 48, 140000) ON CONFLICT DO NOTHING;
INSERT INTO tiers (plan_id, min_days, max_days, price_inr, is_active) VALUES ('601c3354-7a30-4da7-ae78-5dd2bf30d488', 0, 90, 52627.0, TRUE) ON CONFLICT DO NOTHING;
INSERT INTO tiers (plan_id, min_days, max_days, price_inr, is_active) VALUES ('601c3354-7a30-4da7-ae78-5dd2bf30d488', 91, 365, 55341.0, TRUE) ON CONFLICT DO NOTHING;
INSERT INTO tiers (plan_id, min_days, max_days, price_inr, is_active) VALUES ('601c3354-7a30-4da7-ae78-5dd2bf30d488', 366, 1095, 59235.0, TRUE) ON CONFLICT DO NOTHING;
INSERT INTO variants (id, model_id, name, fuel, transmission, oem_warranty_months, oem_warranty_kms) VALUES ('feea664e-3537-4172-8f5a-df54c95f105e', '592e0c6c-78a9-4961-8957-d21002e83334', 'Venue Diesel-M/T', 'Diesel', 'Manual', 36, 100000) ON CONFLICT DO NOTHING;
INSERT INTO plans (id, variant_id, plan_name, duration_months, max_kms) VALUES ('a4016044-3fce-4e92-bf27-fdc42e056e01', 'feea664e-3537-4172-8f5a-df54c95f105e', '4th YR / 80K kms', 12, 80000) ON CONFLICT DO NOTHING;
INSERT INTO tiers (plan_id, min_days, max_days, price_inr, is_active) VALUES ('a4016044-3fce-4e92-bf27-fdc42e056e01', 0, 90, 14041.0, TRUE) ON CONFLICT DO NOTHING;
INSERT INTO tiers (plan_id, min_days, max_days, price_inr, is_active) VALUES ('a4016044-3fce-4e92-bf27-fdc42e056e01', 91, 365, 14749.0, TRUE) ON CONFLICT DO NOTHING;
INSERT INTO tiers (plan_id, min_days, max_days, price_inr, is_active) VALUES ('a4016044-3fce-4e92-bf27-fdc42e056e01', 366, 1095, 15811.0, TRUE) ON CONFLICT DO NOTHING;
INSERT INTO plans (id, variant_id, plan_name, duration_months, max_kms) VALUES ('1d473da3-032b-4dbd-a39e-eccc6e2438ce', 'feea664e-3537-4172-8f5a-df54c95f105e', '4th & 5th YR / 100K kms', 24, 100000) ON CONFLICT DO NOTHING;
INSERT INTO tiers (plan_id, min_days, max_days, price_inr, is_active) VALUES ('1d473da3-032b-4dbd-a39e-eccc6e2438ce', 0, 90, 18407.0, TRUE) ON CONFLICT DO NOTHING;
INSERT INTO tiers (plan_id, min_days, max_days, price_inr, is_active) VALUES ('1d473da3-032b-4dbd-a39e-eccc6e2438ce', 91, 365, 19351.0, TRUE) ON CONFLICT DO NOTHING;
INSERT INTO tiers (plan_id, min_days, max_days, price_inr, is_active) VALUES ('1d473da3-032b-4dbd-a39e-eccc6e2438ce', 366, 1095, 20767.0, TRUE) ON CONFLICT DO NOTHING;
INSERT INTO plans (id, variant_id, plan_name, duration_months, max_kms) VALUES ('e0de01de-81f5-4396-ab61-5f1b7f3a9007', 'feea664e-3537-4172-8f5a-df54c95f105e', '4th, 5th, 6th & 7th YR / 140K kms', 48, 140000) ON CONFLICT DO NOTHING;
INSERT INTO tiers (plan_id, min_days, max_days, price_inr, is_active) VALUES ('e0de01de-81f5-4396-ab61-5f1b7f3a9007', 0, 90, 61713.0, TRUE) ON CONFLICT DO NOTHING;
INSERT INTO tiers (plan_id, min_days, max_days, price_inr, is_active) VALUES ('e0de01de-81f5-4396-ab61-5f1b7f3a9007', 91, 365, 64899.0, TRUE) ON CONFLICT DO NOTHING;
INSERT INTO tiers (plan_id, min_days, max_days, price_inr, is_active) VALUES ('e0de01de-81f5-4396-ab61-5f1b7f3a9007', 366, 1095, 69501.0, TRUE) ON CONFLICT DO NOTHING;
INSERT INTO models (id, brand_id, name) VALUES ('5ea1db0c-85c3-4b0d-97fd-387e7347ca4a', 'caa43d15-7095-4568-b6fc-a57dd11b9afb', 'Verna') ON CONFLICT DO NOTHING;
INSERT INTO variants (id, model_id, name, fuel, transmission, oem_warranty_months, oem_warranty_kms) VALUES ('4e37d7a9-50ce-4468-a345-2aba51ecde5d', '5ea1db0c-85c3-4b0d-97fd-387e7347ca4a', 'Verna Petrol-M/T', 'Petrol', 'Manual', 36, 100000) ON CONFLICT DO NOTHING;
INSERT INTO plans (id, variant_id, plan_name, duration_months, max_kms) VALUES ('d9eac294-b804-4e62-af58-008aebfafd87', '4e37d7a9-50ce-4468-a345-2aba51ecde5d', '4th YR / 80K kms', 12, 80000) ON CONFLICT DO NOTHING;
INSERT INTO tiers (plan_id, min_days, max_days, price_inr, is_active) VALUES ('d9eac294-b804-4e62-af58-008aebfafd87', 0, 90, 12389.0, TRUE) ON CONFLICT DO NOTHING;
INSERT INTO tiers (plan_id, min_days, max_days, price_inr, is_active) VALUES ('d9eac294-b804-4e62-af58-008aebfafd87', 91, 365, 13097.0, TRUE) ON CONFLICT DO NOTHING;
INSERT INTO tiers (plan_id, min_days, max_days, price_inr, is_active) VALUES ('d9eac294-b804-4e62-af58-008aebfafd87', 366, 1095, 14041.0, TRUE) ON CONFLICT DO NOTHING;
INSERT INTO plans (id, variant_id, plan_name, duration_months, max_kms) VALUES ('ba28ff21-a7ee-4c63-9f1b-cbae7c1d7af7', '4e37d7a9-50ce-4468-a345-2aba51ecde5d', '4th & 5th YR / 100K kms', 24, 100000) ON CONFLICT DO NOTHING;
INSERT INTO tiers (plan_id, min_days, max_days, price_inr, is_active) VALUES ('ba28ff21-a7ee-4c63-9f1b-cbae7c1d7af7', 0, 90, 17817.0, TRUE) ON CONFLICT DO NOTHING;
INSERT INTO tiers (plan_id, min_days, max_days, price_inr, is_active) VALUES ('ba28ff21-a7ee-4c63-9f1b-cbae7c1d7af7', 91, 365, 18761.0, TRUE) ON CONFLICT DO NOTHING;
INSERT INTO tiers (plan_id, min_days, max_days, price_inr, is_active) VALUES ('ba28ff21-a7ee-4c63-9f1b-cbae7c1d7af7', 366, 1095, 20177.0, TRUE) ON CONFLICT DO NOTHING;
INSERT INTO plans (id, variant_id, plan_name, duration_months, max_kms) VALUES ('d77357d6-9615-4bae-88dd-17477cc0d31b', '4e37d7a9-50ce-4468-a345-2aba51ecde5d', '4th, 5th, 6th & 7th YR / 140K kms', 48, 140000) ON CONFLICT DO NOTHING;
INSERT INTO tiers (plan_id, min_days, max_days, price_inr, is_active) VALUES ('d77357d6-9615-4bae-88dd-17477cc0d31b', 0, 90, 48615.0, TRUE) ON CONFLICT DO NOTHING;
INSERT INTO tiers (plan_id, min_days, max_days, price_inr, is_active) VALUES ('d77357d6-9615-4bae-88dd-17477cc0d31b', 91, 365, 51093.0, TRUE) ON CONFLICT DO NOTHING;
INSERT INTO tiers (plan_id, min_days, max_days, price_inr, is_active) VALUES ('d77357d6-9615-4bae-88dd-17477cc0d31b', 366, 1095, 54751.0, TRUE) ON CONFLICT DO NOTHING;
INSERT INTO variants (id, model_id, name, fuel, transmission, oem_warranty_months, oem_warranty_kms) VALUES ('504dd5c9-8a9c-4c07-83dd-6bf0eee99201', '5ea1db0c-85c3-4b0d-97fd-387e7347ca4a', 'Verna Petrol-A/T', 'Petrol', 'Automatic', 36, 100000) ON CONFLICT DO NOTHING;
INSERT INTO plans (id, variant_id, plan_name, duration_months, max_kms) VALUES ('99ccd087-4eb2-47c7-bd3a-b5605540a0e9', '504dd5c9-8a9c-4c07-83dd-6bf0eee99201', '4th YR / 80K kms', 12, 80000) ON CONFLICT DO NOTHING;
INSERT INTO tiers (plan_id, min_days, max_days, price_inr, is_active) VALUES ('99ccd087-4eb2-47c7-bd3a-b5605540a0e9', 0, 90, 14277.0, TRUE) ON CONFLICT DO NOTHING;
INSERT INTO tiers (plan_id, min_days, max_days, price_inr, is_active) VALUES ('99ccd087-4eb2-47c7-bd3a-b5605540a0e9', 91, 365, 15103.0, TRUE) ON CONFLICT DO NOTHING;
INSERT INTO tiers (plan_id, min_days, max_days, price_inr, is_active) VALUES ('99ccd087-4eb2-47c7-bd3a-b5605540a0e9', 366, 1095, 16165.0, TRUE) ON CONFLICT DO NOTHING;
INSERT INTO plans (id, variant_id, plan_name, duration_months, max_kms) VALUES ('a01a378f-5e62-4310-9f3a-6886b067803d', '504dd5c9-8a9c-4c07-83dd-6bf0eee99201', '4th & 5th YR / 100K kms', 24, 100000) ON CONFLICT DO NOTHING;
INSERT INTO tiers (plan_id, min_days, max_days, price_inr, is_active) VALUES ('a01a378f-5e62-4310-9f3a-6886b067803d', 0, 90, 20531.0, TRUE) ON CONFLICT DO NOTHING;
INSERT INTO tiers (plan_id, min_days, max_days, price_inr, is_active) VALUES ('a01a378f-5e62-4310-9f3a-6886b067803d', 91, 365, 21593.0, TRUE) ON CONFLICT DO NOTHING;
INSERT INTO tiers (plan_id, min_days, max_days, price_inr, is_active) VALUES ('a01a378f-5e62-4310-9f3a-6886b067803d', 366, 1095, 23127.0, TRUE) ON CONFLICT DO NOTHING;
INSERT INTO plans (id, variant_id, plan_name, duration_months, max_kms) VALUES ('6d6254a2-be4d-400d-b84a-0be05f28f24c', '504dd5c9-8a9c-4c07-83dd-6bf0eee99201', '4th, 5th, 6th & 7th YR / 140K kms', 48, 140000) ON CONFLICT DO NOTHING;
INSERT INTO tiers (plan_id, min_days, max_days, price_inr, is_active) VALUES ('6d6254a2-be4d-400d-b84a-0be05f28f24c', 0, 90, 55931.0, TRUE) ON CONFLICT DO NOTHING;
INSERT INTO tiers (plan_id, min_days, max_days, price_inr, is_active) VALUES ('6d6254a2-be4d-400d-b84a-0be05f28f24c', 91, 365, 58763.0, TRUE) ON CONFLICT DO NOTHING;
INSERT INTO tiers (plan_id, min_days, max_days, price_inr, is_active) VALUES ('6d6254a2-be4d-400d-b84a-0be05f28f24c', 366, 1095, 62893.0, TRUE) ON CONFLICT DO NOTHING;
INSERT INTO variants (id, model_id, name, fuel, transmission, oem_warranty_months, oem_warranty_kms) VALUES ('7d5b38a8-87e1-4d41-bf91-2ef8b245b62e', '5ea1db0c-85c3-4b0d-97fd-387e7347ca4a', 'Verna Diesel-M/T', 'Diesel', 'Manual', 36, 100000) ON CONFLICT DO NOTHING;
INSERT INTO plans (id, variant_id, plan_name, duration_months, max_kms) VALUES ('1ac993f2-bb79-431e-8271-b0a67af40a77', '7d5b38a8-87e1-4d41-bf91-2ef8b245b62e', '4th YR / 80K kms', 12, 80000) ON CONFLICT DO NOTHING;
INSERT INTO tiers (plan_id, min_days, max_days, price_inr, is_active) VALUES ('1ac993f2-bb79-431e-8271-b0a67af40a77', 366, 1095, 19705.0, TRUE) ON CONFLICT DO NOTHING;
INSERT INTO plans (id, variant_id, plan_name, duration_months, max_kms) VALUES ('74b9b8e3-3349-4583-b24a-c3c1a36dd38e', '7d5b38a8-87e1-4d41-bf91-2ef8b245b62e', '4th & 5th YR / 100K kms', 24, 100000) ON CONFLICT DO NOTHING;
INSERT INTO tiers (plan_id, min_days, max_days, price_inr, is_active) VALUES ('74b9b8e3-3349-4583-b24a-c3c1a36dd38e', 366, 1095, 27729.0, TRUE) ON CONFLICT DO NOTHING;
INSERT INTO plans (id, variant_id, plan_name, duration_months, max_kms) VALUES ('9ab425d6-aaff-46e4-af96-ca2076ccbdda', '7d5b38a8-87e1-4d41-bf91-2ef8b245b62e', '4th, 5th, 6th & 7th YR / 140K kms', 48, 140000) ON CONFLICT DO NOTHING;
INSERT INTO tiers (plan_id, min_days, max_days, price_inr, is_active) VALUES ('9ab425d6-aaff-46e4-af96-ca2076ccbdda', 366, 1095, 82245.0, TRUE) ON CONFLICT DO NOTHING;
INSERT INTO variants (id, model_id, name, fuel, transmission, oem_warranty_months, oem_warranty_kms) VALUES ('a77e4aa1-0581-4f93-a0df-e69f9edd9f79', '5ea1db0c-85c3-4b0d-97fd-387e7347ca4a', 'Verna Diesel-A/T', 'Diesel', 'Automatic', 36, 100000) ON CONFLICT DO NOTHING;
INSERT INTO plans (id, variant_id, plan_name, duration_months, max_kms) VALUES ('8f85e21d-a643-492a-96f2-a7f724189645', 'a77e4aa1-0581-4f93-a0df-e69f9edd9f79', '4th YR / 80K kms', 12, 80000) ON CONFLICT DO NOTHING;
INSERT INTO tiers (plan_id, min_days, max_days, price_inr, is_active) VALUES ('8f85e21d-a643-492a-96f2-a7f724189645', 366, 1095, 22773.0, TRUE) ON CONFLICT DO NOTHING;
INSERT INTO plans (id, variant_id, plan_name, duration_months, max_kms) VALUES ('37c78202-61e5-424c-8834-cf3a12eaae3a', 'a77e4aa1-0581-4f93-a0df-e69f9edd9f79', '4th & 5th YR / 100K kms', 24, 100000) ON CONFLICT DO NOTHING;
INSERT INTO tiers (plan_id, min_days, max_days, price_inr, is_active) VALUES ('37c78202-61e5-424c-8834-cf3a12eaae3a', 366, 1095, 31859.0, TRUE) ON CONFLICT DO NOTHING;
INSERT INTO plans (id, variant_id, plan_name, duration_months, max_kms) VALUES ('de0beb55-95de-4198-a06d-bad5e21a99dc', 'a77e4aa1-0581-4f93-a0df-e69f9edd9f79', '4th, 5th, 6th & 7th YR / 140K kms', 48, 140000) ON CONFLICT DO NOTHING;
INSERT INTO tiers (plan_id, min_days, max_days, price_inr, is_active) VALUES ('de0beb55-95de-4198-a06d-bad5e21a99dc', 366, 1095, 94635.0, TRUE) ON CONFLICT DO NOTHING;
INSERT INTO models (id, brand_id, name) VALUES ('884a614c-11f6-4245-872f-294c42f916ba', 'caa43d15-7095-4568-b6fc-a57dd11b9afb', 'Creta') ON CONFLICT DO NOTHING;
INSERT INTO variants (id, model_id, name, fuel, transmission, oem_warranty_months, oem_warranty_kms) VALUES ('88a95dac-5f36-426c-b490-517c38bebfb4', '884a614c-11f6-4245-872f-294c42f916ba', 'Creta Petrol-M/T', 'Petrol', 'Manual', 36, 100000) ON CONFLICT DO NOTHING;
INSERT INTO plans (id, variant_id, plan_name, duration_months, max_kms) VALUES ('5a25c457-16bb-4c39-8367-a300e2befc38', '88a95dac-5f36-426c-b490-517c38bebfb4', '4th YR / 80K kms', 12, 80000) ON CONFLICT DO NOTHING;
INSERT INTO tiers (plan_id, min_days, max_days, price_inr, is_active) VALUES ('5a25c457-16bb-4c39-8367-a300e2befc38', 0, 90, 15929.0, TRUE) ON CONFLICT DO NOTHING;
INSERT INTO tiers (plan_id, min_days, max_days, price_inr, is_active) VALUES ('5a25c457-16bb-4c39-8367-a300e2befc38', 91, 365, 16755.0, TRUE) ON CONFLICT DO NOTHING;
INSERT INTO tiers (plan_id, min_days, max_days, price_inr, is_active) VALUES ('5a25c457-16bb-4c39-8367-a300e2befc38', 366, 1095, 17935.0, TRUE) ON CONFLICT DO NOTHING;
INSERT INTO plans (id, variant_id, plan_name, duration_months, max_kms) VALUES ('7156378c-04f8-4ab7-953f-657f65900bd8', '88a95dac-5f36-426c-b490-517c38bebfb4', '4th & 5th YR / 100K kms', 24, 100000) ON CONFLICT DO NOTHING;
INSERT INTO tiers (plan_id, min_days, max_days, price_inr, is_active) VALUES ('7156378c-04f8-4ab7-953f-657f65900bd8', 0, 90, 21239.0, TRUE) ON CONFLICT DO NOTHING;
INSERT INTO tiers (plan_id, min_days, max_days, price_inr, is_active) VALUES ('7156378c-04f8-4ab7-953f-657f65900bd8', 91, 365, 22301.0, TRUE) ON CONFLICT DO NOTHING;
INSERT INTO tiers (plan_id, min_days, max_days, price_inr, is_active) VALUES ('7156378c-04f8-4ab7-953f-657f65900bd8', 366, 1095, 23953.0, TRUE) ON CONFLICT DO NOTHING;
INSERT INTO plans (id, variant_id, plan_name, duration_months, max_kms) VALUES ('bd9e7419-0827-44e5-bcc5-2b24f81dab81', '88a95dac-5f36-426c-b490-517c38bebfb4', '4th, 5th, 6th & 7th YR / 140K kms', 48, 140000) ON CONFLICT DO NOTHING;
INSERT INTO tiers (plan_id, min_days, max_days, price_inr, is_active) VALUES ('bd9e7419-0827-44e5-bcc5-2b24f81dab81', 0, 90, 56639.0, TRUE) ON CONFLICT DO NOTHING;
INSERT INTO tiers (plan_id, min_days, max_days, price_inr, is_active) VALUES ('bd9e7419-0827-44e5-bcc5-2b24f81dab81', 91, 365, 59471.0, TRUE) ON CONFLICT DO NOTHING;
INSERT INTO tiers (plan_id, min_days, max_days, price_inr, is_active) VALUES ('bd9e7419-0827-44e5-bcc5-2b24f81dab81', 366, 1095, 63719.0, TRUE) ON CONFLICT DO NOTHING;
INSERT INTO variants (id, model_id, name, fuel, transmission, oem_warranty_months, oem_warranty_kms) VALUES ('362434f3-0c9f-4b63-b018-4be01d4c16f5', '884a614c-11f6-4245-872f-294c42f916ba', 'Creta Petrol-A/T', 'Petrol', 'Automatic', 36, 100000) ON CONFLICT DO NOTHING;
INSERT INTO plans (id, variant_id, plan_name, duration_months, max_kms) VALUES ('65e2c10c-5a7a-4981-ac4e-3c3a7b5a96a2', '362434f3-0c9f-4b63-b018-4be01d4c16f5', '4th YR / 80K kms', 12, 80000) ON CONFLICT DO NOTHING;
INSERT INTO tiers (plan_id, min_days, max_days, price_inr, is_active) VALUES ('65e2c10c-5a7a-4981-ac4e-3c3a7b5a96a2', 0, 90, 18407.0, TRUE) ON CONFLICT DO NOTHING;
INSERT INTO tiers (plan_id, min_days, max_days, price_inr, is_active) VALUES ('65e2c10c-5a7a-4981-ac4e-3c3a7b5a96a2', 91, 365, 19351.0, TRUE) ON CONFLICT DO NOTHING;
INSERT INTO tiers (plan_id, min_days, max_days, price_inr, is_active) VALUES ('65e2c10c-5a7a-4981-ac4e-3c3a7b5a96a2', 366, 1095, 20767.0, TRUE) ON CONFLICT DO NOTHING;
INSERT INTO plans (id, variant_id, plan_name, duration_months, max_kms) VALUES ('8f8b44e6-93bc-4577-be25-9300806e1d23', '362434f3-0c9f-4b63-b018-4be01d4c16f5', '4th & 5th YR / 100K kms', 24, 100000) ON CONFLICT DO NOTHING;
INSERT INTO tiers (plan_id, min_days, max_days, price_inr, is_active) VALUES ('8f8b44e6-93bc-4577-be25-9300806e1d23', 0, 90, 24425.0, TRUE) ON CONFLICT DO NOTHING;
INSERT INTO tiers (plan_id, min_days, max_days, price_inr, is_active) VALUES ('8f8b44e6-93bc-4577-be25-9300806e1d23', 91, 365, 25723.0, TRUE) ON CONFLICT DO NOTHING;
INSERT INTO tiers (plan_id, min_days, max_days, price_inr, is_active) VALUES ('8f8b44e6-93bc-4577-be25-9300806e1d23', 366, 1095, 27611.0, TRUE) ON CONFLICT DO NOTHING;
INSERT INTO plans (id, variant_id, plan_name, duration_months, max_kms) VALUES ('36c023ae-7b14-4b89-a867-95ff6e296617', '362434f3-0c9f-4b63-b018-4be01d4c16f5', '4th, 5th, 6th & 7th YR / 140K kms', 48, 140000) ON CONFLICT DO NOTHING;
INSERT INTO tiers (plan_id, min_days, max_days, price_inr, is_active) VALUES ('36c023ae-7b14-4b89-a867-95ff6e296617', 0, 90, 65135.0, TRUE) ON CONFLICT DO NOTHING;
INSERT INTO tiers (plan_id, min_days, max_days, price_inr, is_active) VALUES ('36c023ae-7b14-4b89-a867-95ff6e296617', 91, 365, 68439.0, TRUE) ON CONFLICT DO NOTHING;
INSERT INTO tiers (plan_id, min_days, max_days, price_inr, is_active) VALUES ('36c023ae-7b14-4b89-a867-95ff6e296617', 366, 1095, 73277.0, TRUE) ON CONFLICT DO NOTHING;
INSERT INTO variants (id, model_id, name, fuel, transmission, oem_warranty_months, oem_warranty_kms) VALUES ('35628f0e-bb93-4668-a360-4b13ddda9597', '884a614c-11f6-4245-872f-294c42f916ba', 'Creta Diesel-M/T', 'Diesel', 'Manual', 36, 100000) ON CONFLICT DO NOTHING;
INSERT INTO plans (id, variant_id, plan_name, duration_months, max_kms) VALUES ('ee97a0cb-21a8-4031-826d-d168bdf8b7ff', '35628f0e-bb93-4668-a360-4b13ddda9597', '4th YR / 80K kms', 12, 80000) ON CONFLICT DO NOTHING;
INSERT INTO tiers (plan_id, min_days, max_days, price_inr, is_active) VALUES ('ee97a0cb-21a8-4031-826d-d168bdf8b7ff', 0, 90, 21593.0, TRUE) ON CONFLICT DO NOTHING;
INSERT INTO tiers (plan_id, min_days, max_days, price_inr, is_active) VALUES ('ee97a0cb-21a8-4031-826d-d168bdf8b7ff', 91, 365, 22773.0, TRUE) ON CONFLICT DO NOTHING;
INSERT INTO tiers (plan_id, min_days, max_days, price_inr, is_active) VALUES ('ee97a0cb-21a8-4031-826d-d168bdf8b7ff', 366, 1095, 24425.0, TRUE) ON CONFLICT DO NOTHING;
INSERT INTO plans (id, variant_id, plan_name, duration_months, max_kms) VALUES ('c8fa554e-9087-4a5d-9757-ae6fe29735a9', '35628f0e-bb93-4668-a360-4b13ddda9597', '4th & 5th YR / 100K kms', 24, 100000) ON CONFLICT DO NOTHING;
INSERT INTO tiers (plan_id, min_days, max_days, price_inr, is_active) VALUES ('c8fa554e-9087-4a5d-9757-ae6fe29735a9', 0, 90, 27729.0, TRUE) ON CONFLICT DO NOTHING;
INSERT INTO tiers (plan_id, min_days, max_days, price_inr, is_active) VALUES ('c8fa554e-9087-4a5d-9757-ae6fe29735a9', 91, 365, 29145.0, TRUE) ON CONFLICT DO NOTHING;
INSERT INTO tiers (plan_id, min_days, max_days, price_inr, is_active) VALUES ('c8fa554e-9087-4a5d-9757-ae6fe29735a9', 366, 1095, 31269.0, TRUE) ON CONFLICT DO NOTHING;
INSERT INTO plans (id, variant_id, plan_name, duration_months, max_kms) VALUES ('516ec4ac-8515-4943-94d2-18adc119d3d3', '35628f0e-bb93-4668-a360-4b13ddda9597', '4th, 5th, 6th & 7th YR / 140K kms', 48, 140000) ON CONFLICT DO NOTHING;
INSERT INTO tiers (plan_id, min_days, max_days, price_inr, is_active) VALUES ('516ec4ac-8515-4943-94d2-18adc119d3d3', 0, 90, 77879.0, TRUE) ON CONFLICT DO NOTHING;
INSERT INTO tiers (plan_id, min_days, max_days, price_inr, is_active) VALUES ('516ec4ac-8515-4943-94d2-18adc119d3d3', 91, 365, 81773.0, TRUE) ON CONFLICT DO NOTHING;
INSERT INTO tiers (plan_id, min_days, max_days, price_inr, is_active) VALUES ('516ec4ac-8515-4943-94d2-18adc119d3d3', 366, 1095, 87555.0, TRUE) ON CONFLICT DO NOTHING;
INSERT INTO variants (id, model_id, name, fuel, transmission, oem_warranty_months, oem_warranty_kms) VALUES ('b946e0a6-1dac-4679-a5b1-5eba5ebfd448', '884a614c-11f6-4245-872f-294c42f916ba', 'Creta Diesel-A/T', 'Diesel', 'Automatic', 36, 100000) ON CONFLICT DO NOTHING;
INSERT INTO plans (id, variant_id, plan_name, duration_months, max_kms) VALUES ('99979155-a233-492c-9e04-030e0daedf5c', 'b946e0a6-1dac-4679-a5b1-5eba5ebfd448', '4th YR / 80K kms', 12, 80000) ON CONFLICT DO NOTHING;
INSERT INTO tiers (plan_id, min_days, max_days, price_inr, is_active) VALUES ('99979155-a233-492c-9e04-030e0daedf5c', 0, 90, 24897.0, TRUE) ON CONFLICT DO NOTHING;
INSERT INTO tiers (plan_id, min_days, max_days, price_inr, is_active) VALUES ('99979155-a233-492c-9e04-030e0daedf5c', 91, 365, 26195.0, TRUE) ON CONFLICT DO NOTHING;
INSERT INTO tiers (plan_id, min_days, max_days, price_inr, is_active) VALUES ('99979155-a233-492c-9e04-030e0daedf5c', 366, 1095, 28083.0, TRUE) ON CONFLICT DO NOTHING;
INSERT INTO plans (id, variant_id, plan_name, duration_months, max_kms) VALUES ('06dc2eb8-3c7a-4360-8f98-2d4ed88115d9', 'b946e0a6-1dac-4679-a5b1-5eba5ebfd448', '4th & 5th YR / 100K kms', 24, 100000) ON CONFLICT DO NOTHING;
INSERT INTO tiers (plan_id, min_days, max_days, price_inr, is_active) VALUES ('06dc2eb8-3c7a-4360-8f98-2d4ed88115d9', 0, 90, 31977.0, TRUE) ON CONFLICT DO NOTHING;
INSERT INTO tiers (plan_id, min_days, max_days, price_inr, is_active) VALUES ('06dc2eb8-3c7a-4360-8f98-2d4ed88115d9', 91, 365, 33629.0, TRUE) ON CONFLICT DO NOTHING;
INSERT INTO tiers (plan_id, min_days, max_days, price_inr, is_active) VALUES ('06dc2eb8-3c7a-4360-8f98-2d4ed88115d9', 366, 1095, 35989.0, TRUE) ON CONFLICT DO NOTHING;
INSERT INTO plans (id, variant_id, plan_name, duration_months, max_kms) VALUES ('a0647e47-dffc-4b85-b27b-21a347a14a41', 'b946e0a6-1dac-4679-a5b1-5eba5ebfd448', '4th, 5th, 6th & 7th YR / 140K kms', 48, 140000) ON CONFLICT DO NOTHING;
INSERT INTO tiers (plan_id, min_days, max_days, price_inr, is_active) VALUES ('a0647e47-dffc-4b85-b27b-21a347a14a41', 0, 90, 89561.0, TRUE) ON CONFLICT DO NOTHING;
INSERT INTO tiers (plan_id, min_days, max_days, price_inr, is_active) VALUES ('a0647e47-dffc-4b85-b27b-21a347a14a41', 91, 365, 94045.0, TRUE) ON CONFLICT DO NOTHING;
INSERT INTO tiers (plan_id, min_days, max_days, price_inr, is_active) VALUES ('a0647e47-dffc-4b85-b27b-21a347a14a41', 366, 1095, 100653.0, TRUE) ON CONFLICT DO NOTHING;
INSERT INTO models (id, brand_id, name) VALUES ('3cc5a4ac-d555-4d19-b8f0-6b5eeacfc183', 'caa43d15-7095-4568-b6fc-a57dd11b9afb', 'Alcazar') ON CONFLICT DO NOTHING;
INSERT INTO variants (id, model_id, name, fuel, transmission, oem_warranty_months, oem_warranty_kms) VALUES ('bb8caa9c-9cf8-4007-affa-f9ed2a2aab05', '3cc5a4ac-d555-4d19-b8f0-6b5eeacfc183', 'Alcazar Petrol-M/T', 'Petrol', 'Manual', 36, 100000) ON CONFLICT DO NOTHING;
INSERT INTO plans (id, variant_id, plan_name, duration_months, max_kms) VALUES ('54ae0c9f-c020-4f28-b870-f211b5a2ae51', 'bb8caa9c-9cf8-4007-affa-f9ed2a2aab05', '4th YR / 80K kms', 12, 80000) ON CONFLICT DO NOTHING;
INSERT INTO tiers (plan_id, min_days, max_days, price_inr, is_active) VALUES ('54ae0c9f-c020-4f28-b870-f211b5a2ae51', 0, 90, 18171.0, TRUE) ON CONFLICT DO NOTHING;
INSERT INTO tiers (plan_id, min_days, max_days, price_inr, is_active) VALUES ('54ae0c9f-c020-4f28-b870-f211b5a2ae51', 91, 365, 19115.0, TRUE) ON CONFLICT DO NOTHING;
INSERT INTO tiers (plan_id, min_days, max_days, price_inr, is_active) VALUES ('54ae0c9f-c020-4f28-b870-f211b5a2ae51', 366, 1095, 20531.0, TRUE) ON CONFLICT DO NOTHING;
INSERT INTO plans (id, variant_id, plan_name, duration_months, max_kms) VALUES ('c66ef4a3-583a-43d5-8d2c-0fe2bcd9334d', 'bb8caa9c-9cf8-4007-affa-f9ed2a2aab05', '4th & 5th YR / 100K kms', 24, 100000) ON CONFLICT DO NOTHING;
INSERT INTO tiers (plan_id, min_days, max_days, price_inr, is_active) VALUES ('c66ef4a3-583a-43d5-8d2c-0fe2bcd9334d', 0, 90, 23953.0, TRUE) ON CONFLICT DO NOTHING;
INSERT INTO tiers (plan_id, min_days, max_days, price_inr, is_active) VALUES ('c66ef4a3-583a-43d5-8d2c-0fe2bcd9334d', 91, 365, 25251.0, TRUE) ON CONFLICT DO NOTHING;
INSERT INTO tiers (plan_id, min_days, max_days, price_inr, is_active) VALUES ('c66ef4a3-583a-43d5-8d2c-0fe2bcd9334d', 366, 1095, 27021.0, TRUE) ON CONFLICT DO NOTHING;
INSERT INTO plans (id, variant_id, plan_name, duration_months, max_kms) VALUES ('be4da777-adcf-4250-9581-78cff5fe2873', 'bb8caa9c-9cf8-4007-affa-f9ed2a2aab05', '4th, 5th, 6th & 7th YR / 140K kms', 48, 140000) ON CONFLICT DO NOTHING;
INSERT INTO tiers (plan_id, min_days, max_days, price_inr, is_active) VALUES ('be4da777-adcf-4250-9581-78cff5fe2873', 0, 90, 63601.0, TRUE) ON CONFLICT DO NOTHING;
INSERT INTO tiers (plan_id, min_days, max_days, price_inr, is_active) VALUES ('be4da777-adcf-4250-9581-78cff5fe2873', 91, 365, 66787.0, TRUE) ON CONFLICT DO NOTHING;
INSERT INTO tiers (plan_id, min_days, max_days, price_inr, is_active) VALUES ('be4da777-adcf-4250-9581-78cff5fe2873', 366, 1095, 71507.0, TRUE) ON CONFLICT DO NOTHING;
INSERT INTO variants (id, model_id, name, fuel, transmission, oem_warranty_months, oem_warranty_kms) VALUES ('ccd1cdcb-9441-44d3-98dd-799c5803c431', '3cc5a4ac-d555-4d19-b8f0-6b5eeacfc183', 'Alcazar Petrol-A/T', 'Petrol', 'Automatic', 36, 100000) ON CONFLICT DO NOTHING;
INSERT INTO plans (id, variant_id, plan_name, duration_months, max_kms) VALUES ('5713dc4c-d8d2-4779-b19c-35ec0c93fbcc', 'ccd1cdcb-9441-44d3-98dd-799c5803c431', '4th YR / 80K kms', 12, 80000) ON CONFLICT DO NOTHING;
INSERT INTO tiers (plan_id, min_days, max_days, price_inr, is_active) VALUES ('5713dc4c-d8d2-4779-b19c-35ec0c93fbcc', 0, 90, 21003.0, TRUE) ON CONFLICT DO NOTHING;
INSERT INTO tiers (plan_id, min_days, max_days, price_inr, is_active) VALUES ('5713dc4c-d8d2-4779-b19c-35ec0c93fbcc', 91, 365, 22065.0, TRUE) ON CONFLICT DO NOTHING;
INSERT INTO tiers (plan_id, min_days, max_days, price_inr, is_active) VALUES ('5713dc4c-d8d2-4779-b19c-35ec0c93fbcc', 366, 1095, 23717.0, TRUE) ON CONFLICT DO NOTHING;
INSERT INTO plans (id, variant_id, plan_name, duration_months, max_kms) VALUES ('b1cd5b66-8592-4f18-b015-ea2439e20301', 'ccd1cdcb-9441-44d3-98dd-799c5803c431', '4th & 5th YR / 100K kms', 24, 100000) ON CONFLICT DO NOTHING;
INSERT INTO tiers (plan_id, min_days, max_days, price_inr, is_active) VALUES ('b1cd5b66-8592-4f18-b015-ea2439e20301', 0, 90, 27611.0, TRUE) ON CONFLICT DO NOTHING;
INSERT INTO tiers (plan_id, min_days, max_days, price_inr, is_active) VALUES ('b1cd5b66-8592-4f18-b015-ea2439e20301', 91, 365, 29027.0, TRUE) ON CONFLICT DO NOTHING;
INSERT INTO tiers (plan_id, min_days, max_days, price_inr, is_active) VALUES ('b1cd5b66-8592-4f18-b015-ea2439e20301', 366, 1095, 31151.0, TRUE) ON CONFLICT DO NOTHING;
INSERT INTO plans (id, variant_id, plan_name, duration_months, max_kms) VALUES ('1e37d71c-ba1e-466c-8b27-6d105d770cda', 'ccd1cdcb-9441-44d3-98dd-799c5803c431', '4th, 5th, 6th & 7th YR / 140K kms', 48, 140000) ON CONFLICT DO NOTHING;
INSERT INTO tiers (plan_id, min_days, max_days, price_inr, is_active) VALUES ('1e37d71c-ba1e-466c-8b27-6d105d770cda', 0, 90, 73159.0, TRUE) ON CONFLICT DO NOTHING;
INSERT INTO tiers (plan_id, min_days, max_days, price_inr, is_active) VALUES ('1e37d71c-ba1e-466c-8b27-6d105d770cda', 91, 365, 76817.0, TRUE) ON CONFLICT DO NOTHING;
INSERT INTO tiers (plan_id, min_days, max_days, price_inr, is_active) VALUES ('1e37d71c-ba1e-466c-8b27-6d105d770cda', 366, 1095, 82245.0, TRUE) ON CONFLICT DO NOTHING;
INSERT INTO variants (id, model_id, name, fuel, transmission, oem_warranty_months, oem_warranty_kms) VALUES ('167ba948-6ff4-4898-8716-a9162c2698b5', '3cc5a4ac-d555-4d19-b8f0-6b5eeacfc183', 'Alcazar Diesel-M/T', 'Diesel', 'Manual', 36, 100000) ON CONFLICT DO NOTHING;
INSERT INTO plans (id, variant_id, plan_name, duration_months, max_kms) VALUES ('10b9ab23-8f85-40bb-9164-1dc82ebd917e', '167ba948-6ff4-4898-8716-a9162c2698b5', '4th YR / 80K kms', 12, 80000) ON CONFLICT DO NOTHING;
INSERT INTO tiers (plan_id, min_days, max_days, price_inr, is_active) VALUES ('10b9ab23-8f85-40bb-9164-1dc82ebd917e', 0, 90, 24425.0, TRUE) ON CONFLICT DO NOTHING;
INSERT INTO tiers (plan_id, min_days, max_days, price_inr, is_active) VALUES ('10b9ab23-8f85-40bb-9164-1dc82ebd917e', 91, 365, 25723.0, TRUE) ON CONFLICT DO NOTHING;
INSERT INTO tiers (plan_id, min_days, max_days, price_inr, is_active) VALUES ('10b9ab23-8f85-40bb-9164-1dc82ebd917e', 366, 1095, 27611.0, TRUE) ON CONFLICT DO NOTHING;
INSERT INTO plans (id, variant_id, plan_name, duration_months, max_kms) VALUES ('ca5289fd-84c3-4d1f-afc1-d09335b7afd0', '167ba948-6ff4-4898-8716-a9162c2698b5', '4th & 5th YR / 100K kms', 24, 100000) ON CONFLICT DO NOTHING;
INSERT INTO tiers (plan_id, min_days, max_days, price_inr, is_active) VALUES ('ca5289fd-84c3-4d1f-afc1-d09335b7afd0', 0, 90, 31269.0, TRUE) ON CONFLICT DO NOTHING;
INSERT INTO tiers (plan_id, min_days, max_days, price_inr, is_active) VALUES ('ca5289fd-84c3-4d1f-afc1-d09335b7afd0', 91, 365, 32921.0, TRUE) ON CONFLICT DO NOTHING;
INSERT INTO tiers (plan_id, min_days, max_days, price_inr, is_active) VALUES ('ca5289fd-84c3-4d1f-afc1-d09335b7afd0', 366, 1095, 35281.0, TRUE) ON CONFLICT DO NOTHING;
INSERT INTO plans (id, variant_id, plan_name, duration_months, max_kms) VALUES ('b882db16-4e76-43b6-8d36-af2ba990adef', '167ba948-6ff4-4898-8716-a9162c2698b5', '4th, 5th, 6th & 7th YR / 140K kms', 48, 140000) ON CONFLICT DO NOTHING;
INSERT INTO tiers (plan_id, min_days, max_days, price_inr, is_active) VALUES ('b882db16-4e76-43b6-8d36-af2ba990adef', 0, 90, 87909.0, TRUE) ON CONFLICT DO NOTHING;
INSERT INTO tiers (plan_id, min_days, max_days, price_inr, is_active) VALUES ('b882db16-4e76-43b6-8d36-af2ba990adef', 91, 365, 92393.0, TRUE) ON CONFLICT DO NOTHING;
INSERT INTO tiers (plan_id, min_days, max_days, price_inr, is_active) VALUES ('b882db16-4e76-43b6-8d36-af2ba990adef', 366, 1095, 98883.0, TRUE) ON CONFLICT DO NOTHING;
INSERT INTO variants (id, model_id, name, fuel, transmission, oem_warranty_months, oem_warranty_kms) VALUES ('f67734ec-06bf-407c-922f-2d77c80e2589', '3cc5a4ac-d555-4d19-b8f0-6b5eeacfc183', 'Alcazar Diesel-A/T', 'Diesel', 'Automatic', 36, 100000) ON CONFLICT DO NOTHING;
INSERT INTO plans (id, variant_id, plan_name, duration_months, max_kms) VALUES ('0f8a7031-b255-4fa3-93e5-04aee0da4c4d', 'f67734ec-06bf-407c-922f-2d77c80e2589', '4th YR / 80K kms', 12, 80000) ON CONFLICT DO NOTHING;
INSERT INTO tiers (plan_id, min_days, max_days, price_inr, is_active) VALUES ('0f8a7031-b255-4fa3-93e5-04aee0da4c4d', 0, 90, 28201.0, TRUE) ON CONFLICT DO NOTHING;
INSERT INTO tiers (plan_id, min_days, max_days, price_inr, is_active) VALUES ('0f8a7031-b255-4fa3-93e5-04aee0da4c4d', 91, 365, 29617.0, TRUE) ON CONFLICT DO NOTHING;
INSERT INTO tiers (plan_id, min_days, max_days, price_inr, is_active) VALUES ('0f8a7031-b255-4fa3-93e5-04aee0da4c4d', 366, 1095, 31741.0, TRUE) ON CONFLICT DO NOTHING;
INSERT INTO plans (id, variant_id, plan_name, duration_months, max_kms) VALUES ('b6fa24c7-5f94-47de-80a5-3e46adc24cc2', 'f67734ec-06bf-407c-922f-2d77c80e2589', '4th & 5th YR / 100K kms', 24, 100000) ON CONFLICT DO NOTHING;
INSERT INTO tiers (plan_id, min_days, max_days, price_inr, is_active) VALUES ('b6fa24c7-5f94-47de-80a5-3e46adc24cc2', 0, 90, 35989.0, TRUE) ON CONFLICT DO NOTHING;
INSERT INTO tiers (plan_id, min_days, max_days, price_inr, is_active) VALUES ('b6fa24c7-5f94-47de-80a5-3e46adc24cc2', 91, 365, 37877.0, TRUE) ON CONFLICT DO NOTHING;
INSERT INTO tiers (plan_id, min_days, max_days, price_inr, is_active) VALUES ('b6fa24c7-5f94-47de-80a5-3e46adc24cc2', 366, 1095, 40591.0, TRUE) ON CONFLICT DO NOTHING;
INSERT INTO plans (id, variant_id, plan_name, duration_months, max_kms) VALUES ('69ad5515-98e9-4601-af2e-b18e45ee87c8', 'f67734ec-06bf-407c-922f-2d77c80e2589', '4th, 5th, 6th & 7th YR / 140K kms', 48, 140000) ON CONFLICT DO NOTHING;
INSERT INTO tiers (plan_id, min_days, max_days, price_inr, is_active) VALUES ('69ad5515-98e9-4601-af2e-b18e45ee87c8', 0, 90, 101125.0, TRUE) ON CONFLICT DO NOTHING;
INSERT INTO tiers (plan_id, min_days, max_days, price_inr, is_active) VALUES ('69ad5515-98e9-4601-af2e-b18e45ee87c8', 91, 365, 106199.0, TRUE) ON CONFLICT DO NOTHING;
INSERT INTO tiers (plan_id, min_days, max_days, price_inr, is_active) VALUES ('69ad5515-98e9-4601-af2e-b18e45ee87c8', 366, 1095, 113633.0, TRUE) ON CONFLICT DO NOTHING;
INSERT INTO models (id, brand_id, name) VALUES ('ca328da2-8b6c-4cf7-aeb5-9f3c9bab9608', 'caa43d15-7095-4568-b6fc-a57dd11b9afb', 'Elantra') ON CONFLICT DO NOTHING;
INSERT INTO variants (id, model_id, name, fuel, transmission, oem_warranty_months, oem_warranty_kms) VALUES ('a6e3dbd3-0705-4963-b664-23b13bf40eca', 'ca328da2-8b6c-4cf7-aeb5-9f3c9bab9608', 'Elantra Petrol-M/T', 'Petrol', 'Manual', 36, 100000) ON CONFLICT DO NOTHING;
INSERT INTO plans (id, variant_id, plan_name, duration_months, max_kms) VALUES ('ef5b4c46-0fcd-4506-b043-4f7ee2b4c460', 'a6e3dbd3-0705-4963-b664-23b13bf40eca', '4th YR / 80K kms', 12, 80000) ON CONFLICT DO NOTHING;
INSERT INTO tiers (plan_id, min_days, max_days, price_inr, is_active) VALUES ('ef5b4c46-0fcd-4506-b043-4f7ee2b4c460', 366, 1095, 17935.0, TRUE) ON CONFLICT DO NOTHING;
INSERT INTO plans (id, variant_id, plan_name, duration_months, max_kms) VALUES ('cae7e129-fc9a-4982-a056-c663b90de045', 'a6e3dbd3-0705-4963-b664-23b13bf40eca', '4th & 5th YR / 100K kms', 24, 100000) ON CONFLICT DO NOTHING;
INSERT INTO tiers (plan_id, min_days, max_days, price_inr, is_active) VALUES ('cae7e129-fc9a-4982-a056-c663b90de045', 366, 1095, 26195.0, TRUE) ON CONFLICT DO NOTHING;
INSERT INTO plans (id, variant_id, plan_name, duration_months, max_kms) VALUES ('2533f851-fddc-4385-822e-683ec4eb5720', 'a6e3dbd3-0705-4963-b664-23b13bf40eca', '4th, 5th, 6th & 7th YR / 140K kms', 48, 140000) ON CONFLICT DO NOTHING;
INSERT INTO tiers (plan_id, min_days, max_days, price_inr, is_active) VALUES ('2533f851-fddc-4385-822e-683ec4eb5720', 366, 1095, 70681.0, TRUE) ON CONFLICT DO NOTHING;
INSERT INTO variants (id, model_id, name, fuel, transmission, oem_warranty_months, oem_warranty_kms) VALUES ('67b20bc4-2ebd-4f04-a5dd-0c1b7c150265', 'ca328da2-8b6c-4cf7-aeb5-9f3c9bab9608', 'Elantra Petrol-A/T', 'Petrol', 'Automatic', 36, 100000) ON CONFLICT DO NOTHING;
INSERT INTO plans (id, variant_id, plan_name, duration_months, max_kms) VALUES ('1bc8ffd0-7e62-47a1-941f-e3e054ccb1d8', '67b20bc4-2ebd-4f04-a5dd-0c1b7c150265', '4th YR / 80K kms', 12, 80000) ON CONFLICT DO NOTHING;
INSERT INTO tiers (plan_id, min_days, max_days, price_inr, is_active) VALUES ('1bc8ffd0-7e62-47a1-941f-e3e054ccb1d8', 366, 1095, 20767.0, TRUE) ON CONFLICT DO NOTHING;
INSERT INTO plans (id, variant_id, plan_name, duration_months, max_kms) VALUES ('e1f8dc19-4e16-499c-9989-5945d15803e0', '67b20bc4-2ebd-4f04-a5dd-0c1b7c150265', '4th & 5th YR / 100K kms', 24, 100000) ON CONFLICT DO NOTHING;
INSERT INTO tiers (plan_id, min_days, max_days, price_inr, is_active) VALUES ('e1f8dc19-4e16-499c-9989-5945d15803e0', 366, 1095, 30207.0, TRUE) ON CONFLICT DO NOTHING;
INSERT INTO plans (id, variant_id, plan_name, duration_months, max_kms) VALUES ('de9db791-682c-4c11-a727-7fd3af6d9082', '67b20bc4-2ebd-4f04-a5dd-0c1b7c150265', '4th, 5th, 6th & 7th YR / 140K kms', 48, 140000) ON CONFLICT DO NOTHING;
INSERT INTO tiers (plan_id, min_days, max_days, price_inr, is_active) VALUES ('de9db791-682c-4c11-a727-7fd3af6d9082', 366, 1095, 81301.0, TRUE) ON CONFLICT DO NOTHING;
INSERT INTO variants (id, model_id, name, fuel, transmission, oem_warranty_months, oem_warranty_kms) VALUES ('bdb174c8-8c21-4e9b-874e-268daf346c3d', 'ca328da2-8b6c-4cf7-aeb5-9f3c9bab9608', 'Elantra Diesel-M/T', 'Diesel', 'Manual', 36, 100000) ON CONFLICT DO NOTHING;
INSERT INTO plans (id, variant_id, plan_name, duration_months, max_kms) VALUES ('2944168c-43ed-497a-962d-a884cdfc20c6', 'bdb174c8-8c21-4e9b-874e-268daf346c3d', '4th YR / 80K kms', 12, 80000) ON CONFLICT DO NOTHING;
INSERT INTO tiers (plan_id, min_days, max_days, price_inr, is_active) VALUES ('2944168c-43ed-497a-962d-a884cdfc20c6', 366, 1095, 23245.0, TRUE) ON CONFLICT DO NOTHING;
INSERT INTO plans (id, variant_id, plan_name, duration_months, max_kms) VALUES ('9584ffdd-05e1-4b4e-957b-51a5bc341795', 'bdb174c8-8c21-4e9b-874e-268daf346c3d', '4th & 5th YR / 100K kms', 24, 100000) ON CONFLICT DO NOTHING;
INSERT INTO tiers (plan_id, min_days, max_days, price_inr, is_active) VALUES ('9584ffdd-05e1-4b4e-957b-51a5bc341795', 366, 1095, 33275.0, TRUE) ON CONFLICT DO NOTHING;
INSERT INTO plans (id, variant_id, plan_name, duration_months, max_kms) VALUES ('328714c9-0187-423d-8c32-f133677d9571', 'bdb174c8-8c21-4e9b-874e-268daf346c3d', '4th, 5th, 6th & 7th YR / 140K kms', 48, 140000) ON CONFLICT DO NOTHING;
INSERT INTO tiers (plan_id, min_days, max_days, price_inr, is_active) VALUES ('328714c9-0187-423d-8c32-f133677d9571', 366, 1095, 96995.0, TRUE) ON CONFLICT DO NOTHING;
INSERT INTO variants (id, model_id, name, fuel, transmission, oem_warranty_months, oem_warranty_kms) VALUES ('237f96b4-184a-41bd-b1b2-016dbb3cce5e', 'ca328da2-8b6c-4cf7-aeb5-9f3c9bab9608', 'Elantra Diesel-A/T', 'Diesel', 'Automatic', 36, 100000) ON CONFLICT DO NOTHING;
INSERT INTO plans (id, variant_id, plan_name, duration_months, max_kms) VALUES ('ce10cea0-d019-47c8-90c8-6debfc58dae7', '237f96b4-184a-41bd-b1b2-016dbb3cce5e', '4th YR / 80K kms', 12, 80000) ON CONFLICT DO NOTHING;
INSERT INTO tiers (plan_id, min_days, max_days, price_inr, is_active) VALUES ('ce10cea0-d019-47c8-90c8-6debfc58dae7', 366, 1095, 26903.0, TRUE) ON CONFLICT DO NOTHING;
INSERT INTO plans (id, variant_id, plan_name, duration_months, max_kms) VALUES ('8871e21f-7fad-4348-97e6-a9e502d17e8c', '237f96b4-184a-41bd-b1b2-016dbb3cce5e', '4th & 5th YR / 100K kms', 24, 100000) ON CONFLICT DO NOTHING;
INSERT INTO tiers (plan_id, min_days, max_days, price_inr, is_active) VALUES ('8871e21f-7fad-4348-97e6-a9e502d17e8c', 366, 1095, 38349.0, TRUE) ON CONFLICT DO NOTHING;
INSERT INTO plans (id, variant_id, plan_name, duration_months, max_kms) VALUES ('40d20df7-a5b8-4293-9acd-b6d035ae7994', '237f96b4-184a-41bd-b1b2-016dbb3cce5e', '4th, 5th, 6th & 7th YR / 140K kms', 48, 140000) ON CONFLICT DO NOTHING;
INSERT INTO tiers (plan_id, min_days, max_days, price_inr, is_active) VALUES ('40d20df7-a5b8-4293-9acd-b6d035ae7994', 366, 1095, 111627.0, TRUE) ON CONFLICT DO NOTHING;
INSERT INTO models (id, brand_id, name) VALUES ('eec91f00-8e39-4ce2-bfc8-0f1ad926c86d', 'caa43d15-7095-4568-b6fc-a57dd11b9afb', 'Tucson') ON CONFLICT DO NOTHING;
INSERT INTO variants (id, model_id, name, fuel, transmission, oem_warranty_months, oem_warranty_kms) VALUES ('e0c354b6-ae6d-4ee2-8b47-a13731dfbcaf', 'eec91f00-8e39-4ce2-bfc8-0f1ad926c86d', 'Tucson Petrol-M/T', 'Petrol', 'Manual', 36, 100000) ON CONFLICT DO NOTHING;
INSERT INTO plans (id, variant_id, plan_name, duration_months, max_kms) VALUES ('fe5df4b8-5e2b-4f2d-bd2a-00826059d0bd', 'e0c354b6-ae6d-4ee2-8b47-a13731dfbcaf', '4th YR / 80K kms', 12, 80000) ON CONFLICT DO NOTHING;
INSERT INTO tiers (plan_id, min_days, max_days, price_inr, is_active) VALUES ('fe5df4b8-5e2b-4f2d-bd2a-00826059d0bd', 0, 90, 19587.0, TRUE) ON CONFLICT DO NOTHING;
INSERT INTO tiers (plan_id, min_days, max_days, price_inr, is_active) VALUES ('fe5df4b8-5e2b-4f2d-bd2a-00826059d0bd', 91, 365, 20649.0, TRUE) ON CONFLICT DO NOTHING;
INSERT INTO tiers (plan_id, min_days, max_days, price_inr, is_active) VALUES ('fe5df4b8-5e2b-4f2d-bd2a-00826059d0bd', 366, 1095, 22183.0, TRUE) ON CONFLICT DO NOTHING;
INSERT INTO plans (id, variant_id, plan_name, duration_months, max_kms) VALUES ('fdc13644-484e-476a-9033-809976e58ab3', 'e0c354b6-ae6d-4ee2-8b47-a13731dfbcaf', '4th & 5th YR / 100K kms', 24, 100000) ON CONFLICT DO NOTHING;
INSERT INTO tiers (plan_id, min_days, max_days, price_inr, is_active) VALUES ('fdc13644-484e-476a-9033-809976e58ab3', 0, 90, 27493.0, TRUE) ON CONFLICT DO NOTHING;
INSERT INTO tiers (plan_id, min_days, max_days, price_inr, is_active) VALUES ('fdc13644-484e-476a-9033-809976e58ab3', 91, 365, 28909.0, TRUE) ON CONFLICT DO NOTHING;
INSERT INTO tiers (plan_id, min_days, max_days, price_inr, is_active) VALUES ('fdc13644-484e-476a-9033-809976e58ab3', 366, 1095, 31033.0, TRUE) ON CONFLICT DO NOTHING;
INSERT INTO plans (id, variant_id, plan_name, duration_months, max_kms) VALUES ('7b89ba5a-fefa-4c2a-81f4-df20db133660', 'e0c354b6-ae6d-4ee2-8b47-a13731dfbcaf', '4th, 5th, 6th & 7th YR / 140K kms', 48, 140000) ON CONFLICT DO NOTHING;
INSERT INTO tiers (plan_id, min_days, max_days, price_inr, is_active) VALUES ('7b89ba5a-fefa-4c2a-81f4-df20db133660', 0, 90, 66551.0, TRUE) ON CONFLICT DO NOTHING;
INSERT INTO tiers (plan_id, min_days, max_days, price_inr, is_active) VALUES ('7b89ba5a-fefa-4c2a-81f4-df20db133660', 91, 365, 69973.0, TRUE) ON CONFLICT DO NOTHING;
INSERT INTO tiers (plan_id, min_days, max_days, price_inr, is_active) VALUES ('7b89ba5a-fefa-4c2a-81f4-df20db133660', 366, 1095, 74929.0, TRUE) ON CONFLICT DO NOTHING;
INSERT INTO variants (id, model_id, name, fuel, transmission, oem_warranty_months, oem_warranty_kms) VALUES ('74072b42-ea9b-4f8e-bcd2-d93ce5cd512b', 'eec91f00-8e39-4ce2-bfc8-0f1ad926c86d', 'Tucson Petrol-A/T', 'Petrol', 'Automatic', 36, 100000) ON CONFLICT DO NOTHING;
INSERT INTO plans (id, variant_id, plan_name, duration_months, max_kms) VALUES ('4ce11b5b-f556-44c7-8996-9300588a8214', '74072b42-ea9b-4f8e-bcd2-d93ce5cd512b', '4th YR / 80K kms', 12, 80000) ON CONFLICT DO NOTHING;
INSERT INTO tiers (plan_id, min_days, max_days, price_inr, is_active) VALUES ('4ce11b5b-f556-44c7-8996-9300588a8214', 0, 90, 22537.0, TRUE) ON CONFLICT DO NOTHING;
INSERT INTO tiers (plan_id, min_days, max_days, price_inr, is_active) VALUES ('4ce11b5b-f556-44c7-8996-9300588a8214', 91, 365, 23717.0, TRUE) ON CONFLICT DO NOTHING;
INSERT INTO tiers (plan_id, min_days, max_days, price_inr, is_active) VALUES ('4ce11b5b-f556-44c7-8996-9300588a8214', 366, 1095, 25487.0, TRUE) ON CONFLICT DO NOTHING;
INSERT INTO plans (id, variant_id, plan_name, duration_months, max_kms) VALUES ('44c96fce-4869-4d19-87e9-a5bfdd592635', '74072b42-ea9b-4f8e-bcd2-d93ce5cd512b', '4th & 5th YR / 100K kms', 24, 100000) ON CONFLICT DO NOTHING;
INSERT INTO tiers (plan_id, min_days, max_days, price_inr, is_active) VALUES ('44c96fce-4869-4d19-87e9-a5bfdd592635', 0, 90, 31623.0, TRUE) ON CONFLICT DO NOTHING;
INSERT INTO tiers (plan_id, min_days, max_days, price_inr, is_active) VALUES ('44c96fce-4869-4d19-87e9-a5bfdd592635', 91, 365, 33275.0, TRUE) ON CONFLICT DO NOTHING;
INSERT INTO tiers (plan_id, min_days, max_days, price_inr, is_active) VALUES ('44c96fce-4869-4d19-87e9-a5bfdd592635', 366, 1095, 35635.0, TRUE) ON CONFLICT DO NOTHING;
INSERT INTO plans (id, variant_id, plan_name, duration_months, max_kms) VALUES ('08c90ffb-c6de-4f83-86b6-966b2ed2a020', '74072b42-ea9b-4f8e-bcd2-d93ce5cd512b', '4th, 5th, 6th & 7th YR / 140K kms', 48, 140000) ON CONFLICT DO NOTHING;
INSERT INTO tiers (plan_id, min_days, max_days, price_inr, is_active) VALUES ('08c90ffb-c6de-4f83-86b6-966b2ed2a020', 0, 90, 76581.0, TRUE) ON CONFLICT DO NOTHING;
INSERT INTO tiers (plan_id, min_days, max_days, price_inr, is_active) VALUES ('08c90ffb-c6de-4f83-86b6-966b2ed2a020', 91, 365, 80475.0, TRUE) ON CONFLICT DO NOTHING;
INSERT INTO tiers (plan_id, min_days, max_days, price_inr, is_active) VALUES ('08c90ffb-c6de-4f83-86b6-966b2ed2a020', 366, 1095, 86139.0, TRUE) ON CONFLICT DO NOTHING;
INSERT INTO variants (id, model_id, name, fuel, transmission, oem_warranty_months, oem_warranty_kms) VALUES ('39dcd39b-6af4-424c-8a1b-a36bad1449a9', 'eec91f00-8e39-4ce2-bfc8-0f1ad926c86d', 'Tucson Diesel-M/T', 'Diesel', 'Manual', 36, 100000) ON CONFLICT DO NOTHING;
INSERT INTO plans (id, variant_id, plan_name, duration_months, max_kms) VALUES ('35dd7e00-fb1b-4c77-8a62-8b46585b2602', '39dcd39b-6af4-424c-8a1b-a36bad1449a9', '4th YR / 80K kms', 12, 80000) ON CONFLICT DO NOTHING;
INSERT INTO tiers (plan_id, min_days, max_days, price_inr, is_active) VALUES ('35dd7e00-fb1b-4c77-8a62-8b46585b2602', 0, 90, 25015.0, TRUE) ON CONFLICT DO NOTHING;
INSERT INTO tiers (plan_id, min_days, max_days, price_inr, is_active) VALUES ('35dd7e00-fb1b-4c77-8a62-8b46585b2602', 91, 365, 26313.0, TRUE) ON CONFLICT DO NOTHING;
INSERT INTO tiers (plan_id, min_days, max_days, price_inr, is_active) VALUES ('35dd7e00-fb1b-4c77-8a62-8b46585b2602', 366, 1095, 28201.0, TRUE) ON CONFLICT DO NOTHING;
INSERT INTO plans (id, variant_id, plan_name, duration_months, max_kms) VALUES ('4a0e8890-569e-4e99-9a23-9d34f1e8a688', '39dcd39b-6af4-424c-8a1b-a36bad1449a9', '4th & 5th YR / 100K kms', 24, 100000) ON CONFLICT DO NOTHING;
INSERT INTO tiers (plan_id, min_days, max_days, price_inr, is_active) VALUES ('4a0e8890-569e-4e99-9a23-9d34f1e8a688', 0, 90, 34927.0, TRUE) ON CONFLICT DO NOTHING;
INSERT INTO tiers (plan_id, min_days, max_days, price_inr, is_active) VALUES ('4a0e8890-569e-4e99-9a23-9d34f1e8a688', 91, 365, 36697.0, TRUE) ON CONFLICT DO NOTHING;
INSERT INTO tiers (plan_id, min_days, max_days, price_inr, is_active) VALUES ('4a0e8890-569e-4e99-9a23-9d34f1e8a688', 366, 1095, 39293.0, TRUE) ON CONFLICT DO NOTHING;
INSERT INTO plans (id, variant_id, plan_name, duration_months, max_kms) VALUES ('5e408226-0462-460b-aa82-d69c356d10c9', '39dcd39b-6af4-424c-8a1b-a36bad1449a9', '4th, 5th, 6th & 7th YR / 140K kms', 48, 140000) ON CONFLICT DO NOTHING;
INSERT INTO tiers (plan_id, min_days, max_days, price_inr, is_active) VALUES ('5e408226-0462-460b-aa82-d69c356d10c9', 0, 90, 92039.0, TRUE) ON CONFLICT DO NOTHING;
INSERT INTO tiers (plan_id, min_days, max_days, price_inr, is_active) VALUES ('5e408226-0462-460b-aa82-d69c356d10c9', 91, 365, 96641.0, TRUE) ON CONFLICT DO NOTHING;
INSERT INTO tiers (plan_id, min_days, max_days, price_inr, is_active) VALUES ('5e408226-0462-460b-aa82-d69c356d10c9', 366, 1095, 103485.0, TRUE) ON CONFLICT DO NOTHING;
INSERT INTO variants (id, model_id, name, fuel, transmission, oem_warranty_months, oem_warranty_kms) VALUES ('979fc3af-6dd9-4895-a0a0-37f5bfe591ae', 'eec91f00-8e39-4ce2-bfc8-0f1ad926c86d', 'Tucson Diesel-A/T', 'Diesel', 'Automatic', 36, 100000) ON CONFLICT DO NOTHING;
INSERT INTO plans (id, variant_id, plan_name, duration_months, max_kms) VALUES ('b8ab4819-e156-45d1-97c9-1b486dc73cb0', '979fc3af-6dd9-4895-a0a0-37f5bfe591ae', '4th YR / 80K kms', 12, 80000) ON CONFLICT DO NOTHING;
INSERT INTO tiers (plan_id, min_days, max_days, price_inr, is_active) VALUES ('b8ab4819-e156-45d1-97c9-1b486dc73cb0', 0, 90, 28791.0, TRUE) ON CONFLICT DO NOTHING;
INSERT INTO tiers (plan_id, min_days, max_days, price_inr, is_active) VALUES ('b8ab4819-e156-45d1-97c9-1b486dc73cb0', 91, 365, 30325.0, TRUE) ON CONFLICT DO NOTHING;
INSERT INTO tiers (plan_id, min_days, max_days, price_inr, is_active) VALUES ('b8ab4819-e156-45d1-97c9-1b486dc73cb0', 366, 1095, 32449.0, TRUE) ON CONFLICT DO NOTHING;
INSERT INTO plans (id, variant_id, plan_name, duration_months, max_kms) VALUES ('124d2c2a-23ba-4e6a-bde1-5fc9a03c82ab', '979fc3af-6dd9-4895-a0a0-37f5bfe591ae', '4th & 5th YR / 100K kms', 24, 100000) ON CONFLICT DO NOTHING;
INSERT INTO tiers (plan_id, min_days, max_days, price_inr, is_active) VALUES ('124d2c2a-23ba-4e6a-bde1-5fc9a03c82ab', 0, 90, 40237.0, TRUE) ON CONFLICT DO NOTHING;
INSERT INTO tiers (plan_id, min_days, max_days, price_inr, is_active) VALUES ('124d2c2a-23ba-4e6a-bde1-5fc9a03c82ab', 91, 365, 42361.0, TRUE) ON CONFLICT DO NOTHING;
INSERT INTO tiers (plan_id, min_days, max_days, price_inr, is_active) VALUES ('124d2c2a-23ba-4e6a-bde1-5fc9a03c82ab', 366, 1095, 45429.0, TRUE) ON CONFLICT DO NOTHING;
INSERT INTO plans (id, variant_id, plan_name, duration_months, max_kms) VALUES ('4e3ccd87-8fcb-49ad-affc-8e50313cfcf4', '979fc3af-6dd9-4895-a0a0-37f5bfe591ae', '4th, 5th, 6th & 7th YR / 140K kms', 48, 140000) ON CONFLICT DO NOTHING;
INSERT INTO tiers (plan_id, min_days, max_days, price_inr, is_active) VALUES ('4e3ccd87-8fcb-49ad-affc-8e50313cfcf4', 0, 90, 105845.0, TRUE) ON CONFLICT DO NOTHING;
INSERT INTO tiers (plan_id, min_days, max_days, price_inr, is_active) VALUES ('4e3ccd87-8fcb-49ad-affc-8e50313cfcf4', 91, 365, 111155.0, TRUE) ON CONFLICT DO NOTHING;
INSERT INTO tiers (plan_id, min_days, max_days, price_inr, is_active) VALUES ('4e3ccd87-8fcb-49ad-affc-8e50313cfcf4', 366, 1095, 118943.0, TRUE) ON CONFLICT DO NOTHING;
INSERT INTO models (id, brand_id, name) VALUES ('3a965dd9-6839-4b2b-b850-a962e430de45', 'caa43d15-7095-4568-b6fc-a57dd11b9afb', 'KONA') ON CONFLICT DO NOTHING;
INSERT INTO variants (id, model_id, name, fuel, transmission, oem_warranty_months, oem_warranty_kms) VALUES ('9639f106-3a45-467f-9f01-b72cb163411e', '3a965dd9-6839-4b2b-b850-a962e430de45', 'KONA EV', 'EV', 'N/A', 36, 100000) ON CONFLICT DO NOTHING;
INSERT INTO plans (id, variant_id, plan_name, duration_months, max_kms) VALUES ('ee87243f-689f-4e43-a124-c09486c95d7b', '9639f106-3a45-467f-9f01-b72cb163411e', '4th YR / 80K kms', 12, 80000) ON CONFLICT DO NOTHING;
INSERT INTO tiers (plan_id, min_days, max_days, price_inr, is_active) VALUES ('ee87243f-689f-4e43-a124-c09486c95d7b', 0, 90, 28437.0, TRUE) ON CONFLICT DO NOTHING;
INSERT INTO tiers (plan_id, min_days, max_days, price_inr, is_active) VALUES ('ee87243f-689f-4e43-a124-c09486c95d7b', 91, 365, 29971.0, TRUE) ON CONFLICT DO NOTHING;
INSERT INTO tiers (plan_id, min_days, max_days, price_inr, is_active) VALUES ('ee87243f-689f-4e43-a124-c09486c95d7b', 366, 1095, 32095.0, TRUE) ON CONFLICT DO NOTHING;
INSERT INTO plans (id, variant_id, plan_name, duration_months, max_kms) VALUES ('d9bcb099-56fd-4395-8ab7-0f839a5ea937', '9639f106-3a45-467f-9f01-b72cb163411e', '4th & 5th YR / 100K kms', 24, 100000) ON CONFLICT DO NOTHING;
INSERT INTO tiers (plan_id, min_days, max_days, price_inr, is_active) VALUES ('d9bcb099-56fd-4395-8ab7-0f839a5ea937', 0, 90, 41181.0, TRUE) ON CONFLICT DO NOTHING;
INSERT INTO tiers (plan_id, min_days, max_days, price_inr, is_active) VALUES ('d9bcb099-56fd-4395-8ab7-0f839a5ea937', 91, 365, 43305.0, TRUE) ON CONFLICT DO NOTHING;
INSERT INTO tiers (plan_id, min_days, max_days, price_inr, is_active) VALUES ('d9bcb099-56fd-4395-8ab7-0f839a5ea937', 366, 1095, 46373.0, TRUE) ON CONFLICT DO NOTHING;
INSERT INTO plans (id, variant_id, plan_name, duration_months, max_kms) VALUES ('cc3b8a1b-ffec-4ee0-97f1-d3a50f93142c', '9639f106-3a45-467f-9f01-b72cb163411e', '4th, 5th, 6th & 7th YR / 140K kms', 48, 140000) ON CONFLICT DO NOTHING;
INSERT INTO tiers (plan_id, min_days, max_days, price_inr, is_active) VALUES ('cc3b8a1b-ffec-4ee0-97f1-d3a50f93142c', 0, 90, 107615.0, TRUE) ON CONFLICT DO NOTHING;
INSERT INTO tiers (plan_id, min_days, max_days, price_inr, is_active) VALUES ('cc3b8a1b-ffec-4ee0-97f1-d3a50f93142c', 91, 365, 113043.0, TRUE) ON CONFLICT DO NOTHING;
INSERT INTO tiers (plan_id, min_days, max_days, price_inr, is_active) VALUES ('cc3b8a1b-ffec-4ee0-97f1-d3a50f93142c', 366, 1095, 121067.0, TRUE) ON CONFLICT DO NOTHING;
INSERT INTO variants (id, model_id, name, fuel, transmission, oem_warranty_months, oem_warranty_kms) VALUES ('91355b93-00a3-4ee6-ba4e-6bbce892f9f3', '884a614c-11f6-4245-872f-294c42f916ba', 'Creta EV', 'EV', 'N/A', 36, 100000) ON CONFLICT DO NOTHING;
INSERT INTO plans (id, variant_id, plan_name, duration_months, max_kms) VALUES ('10be51c0-e71c-4164-9c22-2acabc2df056', '91355b93-00a3-4ee6-ba4e-6bbce892f9f3', '4th YR / 80K kms', 12, 80000) ON CONFLICT DO NOTHING;
INSERT INTO tiers (plan_id, min_days, max_days, price_inr, is_active) VALUES ('10be51c0-e71c-4164-9c22-2acabc2df056', 0, 90, 35281.0, TRUE) ON CONFLICT DO NOTHING;
INSERT INTO tiers (plan_id, min_days, max_days, price_inr, is_active) VALUES ('10be51c0-e71c-4164-9c22-2acabc2df056', 91, 365, 37051.0, TRUE) ON CONFLICT DO NOTHING;
INSERT INTO tiers (plan_id, min_days, max_days, price_inr, is_active) VALUES ('10be51c0-e71c-4164-9c22-2acabc2df056', 366, 1095, 39647.0, TRUE) ON CONFLICT DO NOTHING;
INSERT INTO plans (id, variant_id, plan_name, duration_months, max_kms) VALUES ('6246b73f-07ea-45a2-be73-2b3ad90070e7', '91355b93-00a3-4ee6-ba4e-6bbce892f9f3', '4th & 5th YR / 100K kms', 24, 100000) ON CONFLICT DO NOTHING;
INSERT INTO tiers (plan_id, min_days, max_days, price_inr, is_active) VALUES ('6246b73f-07ea-45a2-be73-2b3ad90070e7', 0, 90, 50857.0, TRUE) ON CONFLICT DO NOTHING;
INSERT INTO tiers (plan_id, min_days, max_days, price_inr, is_active) VALUES ('6246b73f-07ea-45a2-be73-2b3ad90070e7', 91, 365, 53453.0, TRUE) ON CONFLICT DO NOTHING;
INSERT INTO tiers (plan_id, min_days, max_days, price_inr, is_active) VALUES ('6246b73f-07ea-45a2-be73-2b3ad90070e7', 366, 1095, 57229.0, TRUE) ON CONFLICT DO NOTHING;
INSERT INTO plans (id, variant_id, plan_name, duration_months, max_kms) VALUES ('6716ecfd-91f0-48db-bedf-0cb16108ea0c', '91355b93-00a3-4ee6-ba4e-6bbce892f9f3', '4th, 5th, 6th & 7th YR / 140K kms', 48, 140000) ON CONFLICT DO NOTHING;
INSERT INTO tiers (plan_id, min_days, max_days, price_inr, is_active) VALUES ('6716ecfd-91f0-48db-bedf-0cb16108ea0c', 0, 90, 133339.0, TRUE) ON CONFLICT DO NOTHING;
INSERT INTO tiers (plan_id, min_days, max_days, price_inr, is_active) VALUES ('6716ecfd-91f0-48db-bedf-0cb16108ea0c', 91, 365, 140065.0, TRUE) ON CONFLICT DO NOTHING;
INSERT INTO tiers (plan_id, min_days, max_days, price_inr, is_active) VALUES ('6716ecfd-91f0-48db-bedf-0cb16108ea0c', 366, 1095, 149977.0, TRUE) ON CONFLICT DO NOTHING;
INSERT INTO models (id, brand_id, name) VALUES ('1120985d-f5d2-40e6-8af2-7651bc883d89', 'caa43d15-7095-4568-b6fc-a57dd11b9afb', 'Ioniq') ON CONFLICT DO NOTHING;
INSERT INTO variants (id, model_id, name, fuel, transmission, oem_warranty_months, oem_warranty_kms) VALUES ('e0eabea3-5f23-4a93-b724-a209bc964068', '1120985d-f5d2-40e6-8af2-7651bc883d89', 'Ioniq EV', 'EV', 'N/A', 36, 100000) ON CONFLICT DO NOTHING;
INSERT INTO plans (id, variant_id, plan_name, duration_months, max_kms) VALUES ('76c0f4bb-a6b7-42ce-a23f-052dba22f08b', 'e0eabea3-5f23-4a93-b724-a209bc964068', '4th YR / 80K kms', 12, 80000) ON CONFLICT DO NOTHING;
INSERT INTO tiers (plan_id, min_days, max_days, price_inr, is_active) VALUES ('76c0f4bb-a6b7-42ce-a23f-052dba22f08b', 0, 90, 42361.0, TRUE) ON CONFLICT DO NOTHING;
INSERT INTO tiers (plan_id, min_days, max_days, price_inr, is_active) VALUES ('76c0f4bb-a6b7-42ce-a23f-052dba22f08b', 91, 365, 44485.0, TRUE) ON CONFLICT DO NOTHING;
INSERT INTO tiers (plan_id, min_days, max_days, price_inr, is_active) VALUES ('76c0f4bb-a6b7-42ce-a23f-052dba22f08b', 366, 1095, 47671.0, TRUE) ON CONFLICT DO NOTHING;
INSERT INTO plans (id, variant_id, plan_name, duration_months, max_kms) VALUES ('926a0de0-e9e5-46dc-9876-d066258e213d', 'e0eabea3-5f23-4a93-b724-a209bc964068', '4th & 5th YR / 100K kms', 24, 100000) ON CONFLICT DO NOTHING;
INSERT INTO tiers (plan_id, min_days, max_days, price_inr, is_active) VALUES ('926a0de0-e9e5-46dc-9876-d066258e213d', 0, 90, 63247.0, TRUE) ON CONFLICT DO NOTHING;
INSERT INTO tiers (plan_id, min_days, max_days, price_inr, is_active) VALUES ('926a0de0-e9e5-46dc-9876-d066258e213d', 91, 365, 66433.0, TRUE) ON CONFLICT DO NOTHING;
INSERT INTO tiers (plan_id, min_days, max_days, price_inr, is_active) VALUES ('926a0de0-e9e5-46dc-9876-d066258e213d', 366, 1095, 71153.0, TRUE) ON CONFLICT DO NOTHING;
INSERT INTO plans (id, variant_id, plan_name, duration_months, max_kms) VALUES ('70a39598-7a8e-4c48-ac4b-a525668c03f2', 'e0eabea3-5f23-4a93-b724-a209bc964068', '4th, 5th, 6th & 7th YR / 140K kms', 48, 140000) ON CONFLICT DO NOTHING;
INSERT INTO tiers (plan_id, min_days, max_days, price_inr, is_active) VALUES ('70a39598-7a8e-4c48-ac4b-a525668c03f2', 0, 90, 185023.0, TRUE) ON CONFLICT DO NOTHING;
INSERT INTO tiers (plan_id, min_days, max_days, price_inr, is_active) VALUES ('70a39598-7a8e-4c48-ac4b-a525668c03f2', 91, 365, 194345.0, TRUE) ON CONFLICT DO NOTHING;
INSERT INTO tiers (plan_id, min_days, max_days, price_inr, is_active) VALUES ('70a39598-7a8e-4c48-ac4b-a525668c03f2', 366, 1095, 208033.0, TRUE) ON CONFLICT DO NOTHING;
INSERT INTO brands (id, name) VALUES ('6fb8d1e1-a960-4024-bb1f-6a6a91099d12', 'Renault') ON CONFLICT DO NOTHING;
INSERT INTO models (id, brand_id, name) VALUES ('aaa23ba7-6ed8-4af0-a328-569a1e60ecdc', '6fb8d1e1-a960-4024-bb1f-6a6a91099d12', 'KWID 1 (LTR.) MT') ON CONFLICT DO NOTHING;
INSERT INTO variants (id, model_id, name, fuel, transmission, oem_warranty_months, oem_warranty_kms) VALUES ('f18c5165-a3d1-4436-b403-97ebc9ca7a95', 'aaa23ba7-6ed8-4af0-a328-569a1e60ecdc', 'KWID 1 (LTR.) MT', 'Petrol', 'N/A', 36, 100000) ON CONFLICT DO NOTHING;
INSERT INTO plans (id, variant_id, plan_name, duration_months, max_kms) VALUES ('2702db5c-0e08-4e43-9134-dc9a07cbde8a', 'f18c5165-a3d1-4436-b403-97ebc9ca7a95', '3+1 Year (4 Years / 1L Kms)', 12, 100000) ON CONFLICT DO NOTHING;
INSERT INTO tiers (plan_id, min_days, max_days, price_inr, is_active) VALUES ('2702db5c-0e08-4e43-9134-dc9a07cbde8a', 0, 90, 5142.0, TRUE) ON CONFLICT DO NOTHING;
INSERT INTO tiers (plan_id, min_days, max_days, price_inr, is_active) VALUES ('2702db5c-0e08-4e43-9134-dc9a07cbde8a', 91, 365, 5545.0, TRUE) ON CONFLICT DO NOTHING;
INSERT INTO tiers (plan_id, min_days, max_days, price_inr, is_active) VALUES ('2702db5c-0e08-4e43-9134-dc9a07cbde8a', 366, 730, 6077.0, TRUE) ON CONFLICT DO NOTHING;
INSERT INTO tiers (plan_id, min_days, max_days, price_inr, is_active) VALUES ('2702db5c-0e08-4e43-9134-dc9a07cbde8a', 731, 1095, 6823.0, TRUE) ON CONFLICT DO NOTHING;
INSERT INTO plans (id, variant_id, plan_name, duration_months, max_kms) VALUES ('0285c64b-b556-40d6-9b55-3b272b5e73ad', 'f18c5165-a3d1-4436-b403-97ebc9ca7a95', '3+2 Year (5 Years / 1L Kms)', 24, 100000) ON CONFLICT DO NOTHING;
INSERT INTO tiers (plan_id, min_days, max_days, price_inr, is_active) VALUES ('0285c64b-b556-40d6-9b55-3b272b5e73ad', 0, 90, 7392.0, TRUE) ON CONFLICT DO NOTHING;
INSERT INTO tiers (plan_id, min_days, max_days, price_inr, is_active) VALUES ('0285c64b-b556-40d6-9b55-3b272b5e73ad', 91, 365, 7954.0, TRUE) ON CONFLICT DO NOTHING;
INSERT INTO tiers (plan_id, min_days, max_days, price_inr, is_active) VALUES ('0285c64b-b556-40d6-9b55-3b272b5e73ad', 366, 730, 8696.0, TRUE) ON CONFLICT DO NOTHING;
INSERT INTO tiers (plan_id, min_days, max_days, price_inr, is_active) VALUES ('0285c64b-b556-40d6-9b55-3b272b5e73ad', 731, 1095, 9733.0, TRUE) ON CONFLICT DO NOTHING;
INSERT INTO plans (id, variant_id, plan_name, duration_months, max_kms) VALUES ('7c9155c9-4b90-4d00-b8e0-4088d88c6f8d', 'f18c5165-a3d1-4436-b403-97ebc9ca7a95', '3+2 Year (5 Years / 1.2L Kms)', 24, 120000) ON CONFLICT DO NOTHING;
INSERT INTO tiers (plan_id, min_days, max_days, price_inr, is_active) VALUES ('7c9155c9-4b90-4d00-b8e0-4088d88c6f8d', 0, 90, 7842.0, TRUE) ON CONFLICT DO NOTHING;
INSERT INTO tiers (plan_id, min_days, max_days, price_inr, is_active) VALUES ('7c9155c9-4b90-4d00-b8e0-4088d88c6f8d', 91, 365, 8448.0, TRUE) ON CONFLICT DO NOTHING;
INSERT INTO tiers (plan_id, min_days, max_days, price_inr, is_active) VALUES ('7c9155c9-4b90-4d00-b8e0-4088d88c6f8d', 366, 730, 9248.0, TRUE) ON CONFLICT DO NOTHING;
INSERT INTO tiers (plan_id, min_days, max_days, price_inr, is_active) VALUES ('7c9155c9-4b90-4d00-b8e0-4088d88c6f8d', 731, 1095, 10369.0, TRUE) ON CONFLICT DO NOTHING;
INSERT INTO plans (id, variant_id, plan_name, duration_months, max_kms) VALUES ('0cb33bd8-fac0-4032-bfc2-25572d8b774e', 'f18c5165-a3d1-4436-b403-97ebc9ca7a95', '3+3 Year (6 Years / 1.2L Kms)', 36, 120000) ON CONFLICT DO NOTHING;
INSERT INTO tiers (plan_id, min_days, max_days, price_inr, is_active) VALUES ('0cb33bd8-fac0-4032-bfc2-25572d8b774e', 0, 90, 10021.0, TRUE) ON CONFLICT DO NOTHING;
INSERT INTO tiers (plan_id, min_days, max_days, price_inr, is_active) VALUES ('0cb33bd8-fac0-4032-bfc2-25572d8b774e', 91, 365, 10782.0, TRUE) ON CONFLICT DO NOTHING;
INSERT INTO tiers (plan_id, min_days, max_days, price_inr, is_active) VALUES ('0cb33bd8-fac0-4032-bfc2-25572d8b774e', 366, 730, 11786.0, TRUE) ON CONFLICT DO NOTHING;
INSERT INTO tiers (plan_id, min_days, max_days, price_inr, is_active) VALUES ('0cb33bd8-fac0-4032-bfc2-25572d8b774e', 731, 1095, 13191.0, TRUE) ON CONFLICT DO NOTHING;
INSERT INTO plans (id, variant_id, plan_name, duration_months, max_kms) VALUES ('161f9084-1788-4b2a-9c8b-1d61735aeb9a', 'f18c5165-a3d1-4436-b403-97ebc9ca7a95', '3+3 Year (6 Years / 1.4L Kms)', 36, 140000) ON CONFLICT DO NOTHING;
INSERT INTO tiers (plan_id, min_days, max_days, price_inr, is_active) VALUES ('161f9084-1788-4b2a-9c8b-1d61735aeb9a', 0, 90, 10629.0, TRUE) ON CONFLICT DO NOTHING;
INSERT INTO tiers (plan_id, min_days, max_days, price_inr, is_active) VALUES ('161f9084-1788-4b2a-9c8b-1d61735aeb9a', 91, 365, 11451.0, TRUE) ON CONFLICT DO NOTHING;
INSERT INTO tiers (plan_id, min_days, max_days, price_inr, is_active) VALUES ('161f9084-1788-4b2a-9c8b-1d61735aeb9a', 366, 730, 12535.0, TRUE) ON CONFLICT DO NOTHING;
INSERT INTO tiers (plan_id, min_days, max_days, price_inr, is_active) VALUES ('161f9084-1788-4b2a-9c8b-1d61735aeb9a', 731, 1095, 14053.0, TRUE) ON CONFLICT DO NOTHING;
INSERT INTO plans (id, variant_id, plan_name, duration_months, max_kms) VALUES ('263231f6-6838-44d0-a7bf-fd42bad750c4', 'f18c5165-a3d1-4436-b403-97ebc9ca7a95', '3+4 Year (7 Years / Unlimited Kms)', 48, NULL) ON CONFLICT DO NOTHING;
INSERT INTO tiers (plan_id, min_days, max_days, price_inr, is_active) VALUES ('263231f6-6838-44d0-a7bf-fd42bad750c4', 0, 90, 12941.0, TRUE) ON CONFLICT DO NOTHING;
INSERT INTO tiers (plan_id, min_days, max_days, price_inr, is_active) VALUES ('263231f6-6838-44d0-a7bf-fd42bad750c4', 91, 365, 13930.0, TRUE) ON CONFLICT DO NOTHING;
INSERT INTO tiers (plan_id, min_days, max_days, price_inr, is_active) VALUES ('263231f6-6838-44d0-a7bf-fd42bad750c4', 366, 730, 15235.0, TRUE) ON CONFLICT DO NOTHING;
INSERT INTO tiers (plan_id, min_days, max_days, price_inr, is_active) VALUES ('263231f6-6838-44d0-a7bf-fd42bad750c4', 731, 1095, 17063.0, TRUE) ON CONFLICT DO NOTHING;
INSERT INTO models (id, brand_id, name) VALUES ('a3715ed0-128d-47db-aa65-3b1719d690ca', '6fb8d1e1-a960-4024-bb1f-6a6a91099d12', 'KWID 1 (LTR.) AMT') ON CONFLICT DO NOTHING;
INSERT INTO variants (id, model_id, name, fuel, transmission, oem_warranty_months, oem_warranty_kms) VALUES ('647bfb5d-6e9a-4ca9-aa45-4351c118732d', 'a3715ed0-128d-47db-aa65-3b1719d690ca', 'KWID 1 (LTR.) AMT', 'Petrol', 'N/A', 36, 100000) ON CONFLICT DO NOTHING;
INSERT INTO plans (id, variant_id, plan_name, duration_months, max_kms) VALUES ('3d9cb1e3-b618-4dc8-a713-0146ed625edd', '647bfb5d-6e9a-4ca9-aa45-4351c118732d', '3+1 Year (4 Years / 1L Kms)', 12, 100000) ON CONFLICT DO NOTHING;
INSERT INTO tiers (plan_id, min_days, max_days, price_inr, is_active) VALUES ('3d9cb1e3-b618-4dc8-a713-0146ed625edd', 0, 90, 5405.0, TRUE) ON CONFLICT DO NOTHING;
INSERT INTO tiers (plan_id, min_days, max_days, price_inr, is_active) VALUES ('3d9cb1e3-b618-4dc8-a713-0146ed625edd', 91, 365, 5835.0, TRUE) ON CONFLICT DO NOTHING;
INSERT INTO tiers (plan_id, min_days, max_days, price_inr, is_active) VALUES ('3d9cb1e3-b618-4dc8-a713-0146ed625edd', 366, 730, 6402.0, TRUE) ON CONFLICT DO NOTHING;
INSERT INTO tiers (plan_id, min_days, max_days, price_inr, is_active) VALUES ('3d9cb1e3-b618-4dc8-a713-0146ed625edd', 731, 1095, 7196.0, TRUE) ON CONFLICT DO NOTHING;
INSERT INTO plans (id, variant_id, plan_name, duration_months, max_kms) VALUES ('5532e30a-5431-442c-ae22-a8cd988774dd', '647bfb5d-6e9a-4ca9-aa45-4351c118732d', '3+2 Year (5 Years / 1L Kms)', 24, 100000) ON CONFLICT DO NOTHING;
INSERT INTO tiers (plan_id, min_days, max_days, price_inr, is_active) VALUES ('5532e30a-5431-442c-ae22-a8cd988774dd', 0, 90, 7705.0, TRUE) ON CONFLICT DO NOTHING;
INSERT INTO tiers (plan_id, min_days, max_days, price_inr, is_active) VALUES ('5532e30a-5431-442c-ae22-a8cd988774dd', 91, 365, 8299.0, TRUE) ON CONFLICT DO NOTHING;
INSERT INTO tiers (plan_id, min_days, max_days, price_inr, is_active) VALUES ('5532e30a-5431-442c-ae22-a8cd988774dd', 366, 730, 9082.0, TRUE) ON CONFLICT DO NOTHING;
INSERT INTO tiers (plan_id, min_days, max_days, price_inr, is_active) VALUES ('5532e30a-5431-442c-ae22-a8cd988774dd', 731, 1095, 10178.0, TRUE) ON CONFLICT DO NOTHING;
INSERT INTO plans (id, variant_id, plan_name, duration_months, max_kms) VALUES ('82e24a41-2595-48c5-a706-7b46989ce02a', '647bfb5d-6e9a-4ca9-aa45-4351c118732d', '3+2 Year (5 Years / 1.2L Kms)', 24, 120000) ON CONFLICT DO NOTHING;
INSERT INTO tiers (plan_id, min_days, max_days, price_inr, is_active) VALUES ('82e24a41-2595-48c5-a706-7b46989ce02a', 0, 90, 8180.0, TRUE) ON CONFLICT DO NOTHING;
INSERT INTO tiers (plan_id, min_days, max_days, price_inr, is_active) VALUES ('82e24a41-2595-48c5-a706-7b46989ce02a', 91, 365, 8820.0, TRUE) ON CONFLICT DO NOTHING;
INSERT INTO tiers (plan_id, min_days, max_days, price_inr, is_active) VALUES ('82e24a41-2595-48c5-a706-7b46989ce02a', 366, 730, 9665.0, TRUE) ON CONFLICT DO NOTHING;
INSERT INTO tiers (plan_id, min_days, max_days, price_inr, is_active) VALUES ('82e24a41-2595-48c5-a706-7b46989ce02a', 731, 1095, 10848.0, TRUE) ON CONFLICT DO NOTHING;
INSERT INTO plans (id, variant_id, plan_name, duration_months, max_kms) VALUES ('0f92ad99-3a77-4c12-97e2-49538d2f1dc7', '647bfb5d-6e9a-4ca9-aa45-4351c118732d', '3+3 Year (6 Years / 1.2L Kms)', 36, 120000) ON CONFLICT DO NOTHING;
INSERT INTO tiers (plan_id, min_days, max_days, price_inr, is_active) VALUES ('0f92ad99-3a77-4c12-97e2-49538d2f1dc7', 0, 90, 10442.0, TRUE) ON CONFLICT DO NOTHING;
INSERT INTO tiers (plan_id, min_days, max_days, price_inr, is_active) VALUES ('0f92ad99-3a77-4c12-97e2-49538d2f1dc7', 91, 365, 11245.0, TRUE) ON CONFLICT DO NOTHING;
INSERT INTO tiers (plan_id, min_days, max_days, price_inr, is_active) VALUES ('0f92ad99-3a77-4c12-97e2-49538d2f1dc7', 366, 730, 12305.0, TRUE) ON CONFLICT DO NOTHING;
INSERT INTO tiers (plan_id, min_days, max_days, price_inr, is_active) VALUES ('0f92ad99-3a77-4c12-97e2-49538d2f1dc7', 731, 1095, 13789.0, TRUE) ON CONFLICT DO NOTHING;
INSERT INTO plans (id, variant_id, plan_name, duration_months, max_kms) VALUES ('b844731c-c593-431e-82a0-fd03e0857778', '647bfb5d-6e9a-4ca9-aa45-4351c118732d', '3+3 Year (6 Years / 1.4L Kms)', 36, 140000) ON CONFLICT DO NOTHING;
INSERT INTO tiers (plan_id, min_days, max_days, price_inr, is_active) VALUES ('b844731c-c593-431e-82a0-fd03e0857778', 0, 90, 11084.0, TRUE) ON CONFLICT DO NOTHING;
INSERT INTO tiers (plan_id, min_days, max_days, price_inr, is_active) VALUES ('b844731c-c593-431e-82a0-fd03e0857778', 91, 365, 11951.0, TRUE) ON CONFLICT DO NOTHING;
INSERT INTO tiers (plan_id, min_days, max_days, price_inr, is_active) VALUES ('b844731c-c593-431e-82a0-fd03e0857778', 366, 730, 13096.0, TRUE) ON CONFLICT DO NOTHING;
INSERT INTO tiers (plan_id, min_days, max_days, price_inr, is_active) VALUES ('b844731c-c593-431e-82a0-fd03e0857778', 731, 1095, 14698.0, TRUE) ON CONFLICT DO NOTHING;
INSERT INTO plans (id, variant_id, plan_name, duration_months, max_kms) VALUES ('3deab4c2-6b96-4d05-a90d-c35fdcc1180b', '647bfb5d-6e9a-4ca9-aa45-4351c118732d', '3+4 Year (7 Years / Unlimited Kms)', 48, NULL) ON CONFLICT DO NOTHING;
INSERT INTO tiers (plan_id, min_days, max_days, price_inr, is_active) VALUES ('3deab4c2-6b96-4d05-a90d-c35fdcc1180b', 0, 90, 13489.0, TRUE) ON CONFLICT DO NOTHING;
INSERT INTO tiers (plan_id, min_days, max_days, price_inr, is_active) VALUES ('3deab4c2-6b96-4d05-a90d-c35fdcc1180b', 91, 365, 14532.0, TRUE) ON CONFLICT DO NOTHING;
INSERT INTO tiers (plan_id, min_days, max_days, price_inr, is_active) VALUES ('3deab4c2-6b96-4d05-a90d-c35fdcc1180b', 366, 730, 15910.0, TRUE) ON CONFLICT DO NOTHING;
INSERT INTO tiers (plan_id, min_days, max_days, price_inr, is_active) VALUES ('3deab4c2-6b96-4d05-a90d-c35fdcc1180b', 731, 1095, 17839.0, TRUE) ON CONFLICT DO NOTHING;
INSERT INTO models (id, brand_id, name) VALUES ('016b44a3-75fa-4300-9128-575860d119c9', '6fb8d1e1-a960-4024-bb1f-6a6a91099d12', 'TRIBER MT') ON CONFLICT DO NOTHING;
INSERT INTO variants (id, model_id, name, fuel, transmission, oem_warranty_months, oem_warranty_kms) VALUES ('7b1d455c-2d49-4b7e-b0c9-6104fab99ebf', '016b44a3-75fa-4300-9128-575860d119c9', 'TRIBER MT', 'Petrol', 'N/A', 36, 100000) ON CONFLICT DO NOTHING;
INSERT INTO plans (id, variant_id, plan_name, duration_months, max_kms) VALUES ('18ad903c-5bd8-45bd-bea5-611c1ef24161', '7b1d455c-2d49-4b7e-b0c9-6104fab99ebf', '3+1 Year (4 Years / 1L Kms)', 12, 100000) ON CONFLICT DO NOTHING;
INSERT INTO tiers (plan_id, min_days, max_days, price_inr, is_active) VALUES ('18ad903c-5bd8-45bd-bea5-611c1ef24161', 0, 90, 6605.0, TRUE) ON CONFLICT DO NOTHING;
INSERT INTO tiers (plan_id, min_days, max_days, price_inr, is_active) VALUES ('18ad903c-5bd8-45bd-bea5-611c1ef24161', 91, 365, 7144.0, TRUE) ON CONFLICT DO NOTHING;
INSERT INTO tiers (plan_id, min_days, max_days, price_inr, is_active) VALUES ('18ad903c-5bd8-45bd-bea5-611c1ef24161', 366, 730, 7854.0, TRUE) ON CONFLICT DO NOTHING;
INSERT INTO tiers (plan_id, min_days, max_days, price_inr, is_active) VALUES ('18ad903c-5bd8-45bd-bea5-611c1ef24161', 731, 1095, 8848.0, TRUE) ON CONFLICT DO NOTHING;
INSERT INTO plans (id, variant_id, plan_name, duration_months, max_kms) VALUES ('dc6d56be-5405-4cec-9973-5600be8b21a3', '7b1d455c-2d49-4b7e-b0c9-6104fab99ebf', '3+2 Year (5 Years / 1L Kms)', 24, 100000) ON CONFLICT DO NOTHING;
INSERT INTO tiers (plan_id, min_days, max_days, price_inr, is_active) VALUES ('dc6d56be-5405-4cec-9973-5600be8b21a3', 0, 90, 8707.0, TRUE) ON CONFLICT DO NOTHING;
INSERT INTO tiers (plan_id, min_days, max_days, price_inr, is_active) VALUES ('dc6d56be-5405-4cec-9973-5600be8b21a3', 91, 365, 9377.0, TRUE) ON CONFLICT DO NOTHING;
INSERT INTO tiers (plan_id, min_days, max_days, price_inr, is_active) VALUES ('dc6d56be-5405-4cec-9973-5600be8b21a3', 366, 730, 10262.0, TRUE) ON CONFLICT DO NOTHING;
INSERT INTO tiers (plan_id, min_days, max_days, price_inr, is_active) VALUES ('dc6d56be-5405-4cec-9973-5600be8b21a3', 731, 1095, 11499.0, TRUE) ON CONFLICT DO NOTHING;
INSERT INTO plans (id, variant_id, plan_name, duration_months, max_kms) VALUES ('f6c99d8c-6e19-49d8-bee7-8b7612b46f18', '7b1d455c-2d49-4b7e-b0c9-6104fab99ebf', '3+2 Year (5 Years / 1.2L Kms)', 24, 120000) ON CONFLICT DO NOTHING;
INSERT INTO tiers (plan_id, min_days, max_days, price_inr, is_active) VALUES ('f6c99d8c-6e19-49d8-bee7-8b7612b46f18', 0, 90, 9243.0, TRUE) ON CONFLICT DO NOTHING;
INSERT INTO tiers (plan_id, min_days, max_days, price_inr, is_active) VALUES ('f6c99d8c-6e19-49d8-bee7-8b7612b46f18', 91, 365, 9966.0, TRUE) ON CONFLICT DO NOTHING;
INSERT INTO tiers (plan_id, min_days, max_days, price_inr, is_active) VALUES ('f6c99d8c-6e19-49d8-bee7-8b7612b46f18', 366, 730, 10920.0, TRUE) ON CONFLICT DO NOTHING;
INSERT INTO tiers (plan_id, min_days, max_days, price_inr, is_active) VALUES ('f6c99d8c-6e19-49d8-bee7-8b7612b46f18', 731, 1095, 12258.0, TRUE) ON CONFLICT DO NOTHING;
INSERT INTO plans (id, variant_id, plan_name, duration_months, max_kms) VALUES ('8033b060-ad25-446a-b9aa-441c4566e2d6', '7b1d455c-2d49-4b7e-b0c9-6104fab99ebf', '3+3 Year (6 Years / 1.2L Kms)', 36, 120000) ON CONFLICT DO NOTHING;
INSERT INTO tiers (plan_id, min_days, max_days, price_inr, is_active) VALUES ('8033b060-ad25-446a-b9aa-441c4566e2d6', 0, 90, 11817.0, TRUE) ON CONFLICT DO NOTHING;
INSERT INTO tiers (plan_id, min_days, max_days, price_inr, is_active) VALUES ('8033b060-ad25-446a-b9aa-441c4566e2d6', 91, 365, 12735.0, TRUE) ON CONFLICT DO NOTHING;
INSERT INTO tiers (plan_id, min_days, max_days, price_inr, is_active) VALUES ('8033b060-ad25-446a-b9aa-441c4566e2d6', 366, 730, 13945.0, TRUE) ON CONFLICT DO NOTHING;
INSERT INTO tiers (plan_id, min_days, max_days, price_inr, is_active) VALUES ('8033b060-ad25-446a-b9aa-441c4566e2d6', 731, 1095, 15642.0, TRUE) ON CONFLICT DO NOTHING;
INSERT INTO plans (id, variant_id, plan_name, duration_months, max_kms) VALUES ('23f54881-6d09-4752-95a4-59373cab9bb4', '7b1d455c-2d49-4b7e-b0c9-6104fab99ebf', '3+3 Year (6 Years / 1.4L Kms)', 36, 140000) ON CONFLICT DO NOTHING;
INSERT INTO tiers (plan_id, min_days, max_days, price_inr, is_active) VALUES ('23f54881-6d09-4752-95a4-59373cab9bb4', 0, 90, 12549.0, TRUE) ON CONFLICT DO NOTHING;
INSERT INTO tiers (plan_id, min_days, max_days, price_inr, is_active) VALUES ('23f54881-6d09-4752-95a4-59373cab9bb4', 91, 365, 13541.0, TRUE) ON CONFLICT DO NOTHING;
INSERT INTO tiers (plan_id, min_days, max_days, price_inr, is_active) VALUES ('23f54881-6d09-4752-95a4-59373cab9bb4', 366, 730, 14849.0, TRUE) ON CONFLICT DO NOTHING;
INSERT INTO tiers (plan_id, min_days, max_days, price_inr, is_active) VALUES ('23f54881-6d09-4752-95a4-59373cab9bb4', 731, 1095, 16681.0, TRUE) ON CONFLICT DO NOTHING;
INSERT INTO plans (id, variant_id, plan_name, duration_months, max_kms) VALUES ('7c50149a-80a6-4c6a-94ca-313a65189560', '7b1d455c-2d49-4b7e-b0c9-6104fab99ebf', '3+4 Year (7 Years / Unlimited Kms)', 48, NULL) ON CONFLICT DO NOTHING;
INSERT INTO tiers (plan_id, min_days, max_days, price_inr, is_active) VALUES ('7c50149a-80a6-4c6a-94ca-313a65189560', 0, 90, 15458.0, TRUE) ON CONFLICT DO NOTHING;
INSERT INTO tiers (plan_id, min_days, max_days, price_inr, is_active) VALUES ('7c50149a-80a6-4c6a-94ca-313a65189560', 91, 365, 16649.0, TRUE) ON CONFLICT DO NOTHING;
INSERT INTO tiers (plan_id, min_days, max_days, price_inr, is_active) VALUES ('7c50149a-80a6-4c6a-94ca-313a65189560', 366, 730, 18220.0, TRUE) ON CONFLICT DO NOTHING;
INSERT INTO tiers (plan_id, min_days, max_days, price_inr, is_active) VALUES ('7c50149a-80a6-4c6a-94ca-313a65189560', 731, 1095, 20421.0, TRUE) ON CONFLICT DO NOTHING;
INSERT INTO models (id, brand_id, name) VALUES ('7af59214-ac48-40f9-b4d7-f340ee1c7b60', '6fb8d1e1-a960-4024-bb1f-6a6a91099d12', 'TRIBER AMT') ON CONFLICT DO NOTHING;
INSERT INTO variants (id, model_id, name, fuel, transmission, oem_warranty_months, oem_warranty_kms) VALUES ('cc6129f3-bf1a-4ab1-aca3-94cd897df722', '7af59214-ac48-40f9-b4d7-f340ee1c7b60', 'TRIBER AMT', 'Petrol', 'N/A', 36, 100000) ON CONFLICT DO NOTHING;
INSERT INTO plans (id, variant_id, plan_name, duration_months, max_kms) VALUES ('382c6b02-628f-4321-84c6-5f0bbb3d3d00', 'cc6129f3-bf1a-4ab1-aca3-94cd897df722', '3+1 Year (4 Years / 1L Kms)', 12, 100000) ON CONFLICT DO NOTHING;
INSERT INTO tiers (plan_id, min_days, max_days, price_inr, is_active) VALUES ('382c6b02-628f-4321-84c6-5f0bbb3d3d00', 0, 90, 7329.0, TRUE) ON CONFLICT DO NOTHING;
INSERT INTO tiers (plan_id, min_days, max_days, price_inr, is_active) VALUES ('382c6b02-628f-4321-84c6-5f0bbb3d3d00', 91, 365, 7939.0, TRUE) ON CONFLICT DO NOTHING;
INSERT INTO tiers (plan_id, min_days, max_days, price_inr, is_active) VALUES ('382c6b02-628f-4321-84c6-5f0bbb3d3d00', 366, 730, 8744.0, TRUE) ON CONFLICT DO NOTHING;
INSERT INTO tiers (plan_id, min_days, max_days, price_inr, is_active) VALUES ('382c6b02-628f-4321-84c6-5f0bbb3d3d00', 731, 1095, 9872.0, TRUE) ON CONFLICT DO NOTHING;
INSERT INTO plans (id, variant_id, plan_name, duration_months, max_kms) VALUES ('8f6e359b-75fb-49cc-bd53-b214a703bb46', 'cc6129f3-bf1a-4ab1-aca3-94cd897df722', '3+2 Year (5 Years / 1L Kms)', 24, 100000) ON CONFLICT DO NOTHING;
INSERT INTO tiers (plan_id, min_days, max_days, price_inr, is_active) VALUES ('8f6e359b-75fb-49cc-bd53-b214a703bb46', 0, 90, 9405.0, TRUE) ON CONFLICT DO NOTHING;
INSERT INTO tiers (plan_id, min_days, max_days, price_inr, is_active) VALUES ('8f6e359b-75fb-49cc-bd53-b214a703bb46', 91, 365, 10145.0, TRUE) ON CONFLICT DO NOTHING;
INSERT INTO tiers (plan_id, min_days, max_days, price_inr, is_active) VALUES ('8f6e359b-75fb-49cc-bd53-b214a703bb46', 366, 730, 11122.0, TRUE) ON CONFLICT DO NOTHING;
INSERT INTO tiers (plan_id, min_days, max_days, price_inr, is_active) VALUES ('8f6e359b-75fb-49cc-bd53-b214a703bb46', 731, 1095, 12490.0, TRUE) ON CONFLICT DO NOTHING;
INSERT INTO plans (id, variant_id, plan_name, duration_months, max_kms) VALUES ('041115d4-816a-4558-a9df-6fb4bcfc11e7', 'cc6129f3-bf1a-4ab1-aca3-94cd897df722', '3+2 Year (5 Years / 1.2L Kms)', 24, 120000) ON CONFLICT DO NOTHING;
INSERT INTO tiers (plan_id, min_days, max_days, price_inr, is_active) VALUES ('041115d4-816a-4558-a9df-6fb4bcfc11e7', 0, 90, 9997.0, TRUE) ON CONFLICT DO NOTHING;
INSERT INTO tiers (plan_id, min_days, max_days, price_inr, is_active) VALUES ('041115d4-816a-4558-a9df-6fb4bcfc11e7', 91, 365, 10796.0, TRUE) ON CONFLICT DO NOTHING;
INSERT INTO tiers (plan_id, min_days, max_days, price_inr, is_active) VALUES ('041115d4-816a-4558-a9df-6fb4bcfc11e7', 366, 730, 11850.0, TRUE) ON CONFLICT DO NOTHING;
INSERT INTO tiers (plan_id, min_days, max_days, price_inr, is_active) VALUES ('041115d4-816a-4558-a9df-6fb4bcfc11e7', 731, 1095, 13326.0, TRUE) ON CONFLICT DO NOTHING;
INSERT INTO plans (id, variant_id, plan_name, duration_months, max_kms) VALUES ('930fce8c-e1f4-4da6-8903-92e5ecb31630', 'cc6129f3-bf1a-4ab1-aca3-94cd897df722', '3+3 Year (6 Years / 1.2L Kms)', 36, 120000) ON CONFLICT DO NOTHING;
INSERT INTO tiers (plan_id, min_days, max_days, price_inr, is_active) VALUES ('930fce8c-e1f4-4da6-8903-92e5ecb31630', 0, 90, 12725.0, TRUE) ON CONFLICT DO NOTHING;
INSERT INTO tiers (plan_id, min_days, max_days, price_inr, is_active) VALUES ('930fce8c-e1f4-4da6-8903-92e5ecb31630', 91, 365, 13734.0, TRUE) ON CONFLICT DO NOTHING;
INSERT INTO tiers (plan_id, min_days, max_days, price_inr, is_active) VALUES ('930fce8c-e1f4-4da6-8903-92e5ecb31630', 366, 730, 15064.0, TRUE) ON CONFLICT DO NOTHING;
INSERT INTO tiers (plan_id, min_days, max_days, price_inr, is_active) VALUES ('930fce8c-e1f4-4da6-8903-92e5ecb31630', 731, 1095, 16928.0, TRUE) ON CONFLICT DO NOTHING;
INSERT INTO plans (id, variant_id, plan_name, duration_months, max_kms) VALUES ('5c979391-6b0c-41f4-a970-43b79810fea8', 'cc6129f3-bf1a-4ab1-aca3-94cd897df722', '3+3 Year (6 Years / 1.4L Kms)', 36, 140000) ON CONFLICT DO NOTHING;
INSERT INTO tiers (plan_id, min_days, max_days, price_inr, is_active) VALUES ('5c979391-6b0c-41f4-a970-43b79810fea8', 0, 90, 13532.0, TRUE) ON CONFLICT DO NOTHING;
INSERT INTO tiers (plan_id, min_days, max_days, price_inr, is_active) VALUES ('5c979391-6b0c-41f4-a970-43b79810fea8', 91, 365, 14621.0, TRUE) ON CONFLICT DO NOTHING;
INSERT INTO tiers (plan_id, min_days, max_days, price_inr, is_active) VALUES ('5c979391-6b0c-41f4-a970-43b79810fea8', 366, 730, 16060.0, TRUE) ON CONFLICT DO NOTHING;
INSERT INTO tiers (plan_id, min_days, max_days, price_inr, is_active) VALUES ('5c979391-6b0c-41f4-a970-43b79810fea8', 731, 1095, 18073.0, TRUE) ON CONFLICT DO NOTHING;
INSERT INTO plans (id, variant_id, plan_name, duration_months, max_kms) VALUES ('9aec6865-0537-43d8-9707-d8d4cb4cbeed', 'cc6129f3-bf1a-4ab1-aca3-94cd897df722', '3+4 Year (7 Years / Unlimited Kms)', 48, NULL) ON CONFLICT DO NOTHING;
INSERT INTO tiers (plan_id, min_days, max_days, price_inr, is_active) VALUES ('9aec6865-0537-43d8-9707-d8d4cb4cbeed', 0, 90, 16639.0, TRUE) ON CONFLICT DO NOTHING;
INSERT INTO tiers (plan_id, min_days, max_days, price_inr, is_active) VALUES ('9aec6865-0537-43d8-9707-d8d4cb4cbeed', 91, 365, 17948.0, TRUE) ON CONFLICT DO NOTHING;
INSERT INTO tiers (plan_id, min_days, max_days, price_inr, is_active) VALUES ('9aec6865-0537-43d8-9707-d8d4cb4cbeed', 366, 730, 19675.0, TRUE) ON CONFLICT DO NOTHING;
INSERT INTO tiers (plan_id, min_days, max_days, price_inr, is_active) VALUES ('9aec6865-0537-43d8-9707-d8d4cb4cbeed', 731, 1095, 22095.0, TRUE) ON CONFLICT DO NOTHING;
INSERT INTO models (id, brand_id, name) VALUES ('bb8da3fe-9591-43e3-a2b5-2574125ecea6', '6fb8d1e1-a960-4024-bb1f-6a6a91099d12', 'KIGER MT') ON CONFLICT DO NOTHING;
INSERT INTO variants (id, model_id, name, fuel, transmission, oem_warranty_months, oem_warranty_kms) VALUES ('85c9e0ec-9bed-4569-8596-1947e6c5dc88', 'bb8da3fe-9591-43e3-a2b5-2574125ecea6', 'KIGER MT', 'Petrol', 'N/A', 36, 100000) ON CONFLICT DO NOTHING;
INSERT INTO plans (id, variant_id, plan_name, duration_months, max_kms) VALUES ('8e722885-36b7-44eb-9446-831f96f74add', '85c9e0ec-9bed-4569-8596-1947e6c5dc88', '3+1 Year (4 Years / 1L Kms)', 12, 100000) ON CONFLICT DO NOTHING;
INSERT INTO tiers (plan_id, min_days, max_days, price_inr, is_active) VALUES ('8e722885-36b7-44eb-9446-831f96f74add', 0, 90, 8164.0, TRUE) ON CONFLICT DO NOTHING;
INSERT INTO tiers (plan_id, min_days, max_days, price_inr, is_active) VALUES ('8e722885-36b7-44eb-9446-831f96f74add', 91, 365, 8852.0, TRUE) ON CONFLICT DO NOTHING;
INSERT INTO tiers (plan_id, min_days, max_days, price_inr, is_active) VALUES ('8e722885-36b7-44eb-9446-831f96f74add', 366, 730, 9760.0, TRUE) ON CONFLICT DO NOTHING;
INSERT INTO tiers (plan_id, min_days, max_days, price_inr, is_active) VALUES ('8e722885-36b7-44eb-9446-831f96f74add', 731, 1095, 11031.0, TRUE) ON CONFLICT DO NOTHING;
INSERT INTO plans (id, variant_id, plan_name, duration_months, max_kms) VALUES ('64547934-636e-46b1-a6e4-f9ac79ba6d09', '85c9e0ec-9bed-4569-8596-1947e6c5dc88', '3+2 Year (5 Years / 1L Kms)', 24, 100000) ON CONFLICT DO NOTHING;
INSERT INTO tiers (plan_id, min_days, max_days, price_inr, is_active) VALUES ('64547934-636e-46b1-a6e4-f9ac79ba6d09', 0, 90, 11328.0, TRUE) ON CONFLICT DO NOTHING;
INSERT INTO tiers (plan_id, min_days, max_days, price_inr, is_active) VALUES ('64547934-636e-46b1-a6e4-f9ac79ba6d09', 91, 365, 12254.0, TRUE) ON CONFLICT DO NOTHING;
INSERT INTO tiers (plan_id, min_days, max_days, price_inr, is_active) VALUES ('64547934-636e-46b1-a6e4-f9ac79ba6d09', 366, 730, 13476.0, TRUE) ON CONFLICT DO NOTHING;
INSERT INTO tiers (plan_id, min_days, max_days, price_inr, is_active) VALUES ('64547934-636e-46b1-a6e4-f9ac79ba6d09', 731, 1095, 15188.0, TRUE) ON CONFLICT DO NOTHING;
INSERT INTO plans (id, variant_id, plan_name, duration_months, max_kms) VALUES ('60e15249-a02d-4e63-8506-50ce645ac71f', '85c9e0ec-9bed-4569-8596-1947e6c5dc88', '3+2 Year (5 Years / 1.2L Kms)', 24, 120000) ON CONFLICT DO NOTHING;
INSERT INTO tiers (plan_id, min_days, max_days, price_inr, is_active) VALUES ('60e15249-a02d-4e63-8506-50ce645ac71f', 0, 90, 12069.0, TRUE) ON CONFLICT DO NOTHING;
INSERT INTO tiers (plan_id, min_days, max_days, price_inr, is_active) VALUES ('60e15249-a02d-4e63-8506-50ce645ac71f', 91, 365, 13070.0, TRUE) ON CONFLICT DO NOTHING;
INSERT INTO tiers (plan_id, min_days, max_days, price_inr, is_active) VALUES ('60e15249-a02d-4e63-8506-50ce645ac71f', 366, 730, 14390.0, TRUE) ON CONFLICT DO NOTHING;
INSERT INTO tiers (plan_id, min_days, max_days, price_inr, is_active) VALUES ('60e15249-a02d-4e63-8506-50ce645ac71f', 731, 1095, 16238.0, TRUE) ON CONFLICT DO NOTHING;
INSERT INTO plans (id, variant_id, plan_name, duration_months, max_kms) VALUES ('f48f5be4-ab81-43e6-9568-788b1c49fe31', '85c9e0ec-9bed-4569-8596-1947e6c5dc88', '3+3 Year (6 Years / 1.2L Kms)', 36, 120000) ON CONFLICT DO NOTHING;
INSERT INTO tiers (plan_id, min_days, max_days, price_inr, is_active) VALUES ('f48f5be4-ab81-43e6-9568-788b1c49fe31', 0, 90, 15112.0, TRUE) ON CONFLICT DO NOTHING;
INSERT INTO tiers (plan_id, min_days, max_days, price_inr, is_active) VALUES ('f48f5be4-ab81-43e6-9568-788b1c49fe31', 91, 365, 16355.0, TRUE) ON CONFLICT DO NOTHING;
INSERT INTO tiers (plan_id, min_days, max_days, price_inr, is_active) VALUES ('f48f5be4-ab81-43e6-9568-788b1c49fe31', 366, 730, 17993.0, TRUE) ON CONFLICT DO NOTHING;
INSERT INTO tiers (plan_id, min_days, max_days, price_inr, is_active) VALUES ('f48f5be4-ab81-43e6-9568-788b1c49fe31', 731, 1095, 20287.0, TRUE) ON CONFLICT DO NOTHING;
INSERT INTO plans (id, variant_id, plan_name, duration_months, max_kms) VALUES ('e39f7d56-1047-4ee3-b0ad-d8833bd7bf8b', '85c9e0ec-9bed-4569-8596-1947e6c5dc88', '3+3 Year (6 Years / 1.4L Kms)', 36, 140000) ON CONFLICT DO NOTHING;
INSERT INTO tiers (plan_id, min_days, max_days, price_inr, is_active) VALUES ('e39f7d56-1047-4ee3-b0ad-d8833bd7bf8b', 0, 90, 16106.0, TRUE) ON CONFLICT DO NOTHING;
INSERT INTO tiers (plan_id, min_days, max_days, price_inr, is_active) VALUES ('e39f7d56-1047-4ee3-b0ad-d8833bd7bf8b', 91, 365, 17446.0, TRUE) ON CONFLICT DO NOTHING;
INSERT INTO tiers (plan_id, min_days, max_days, price_inr, is_active) VALUES ('e39f7d56-1047-4ee3-b0ad-d8833bd7bf8b', 366, 730, 19216.0, TRUE) ON CONFLICT DO NOTHING;
INSERT INTO tiers (plan_id, min_days, max_days, price_inr, is_active) VALUES ('e39f7d56-1047-4ee3-b0ad-d8833bd7bf8b', 731, 1095, 21695.0, TRUE) ON CONFLICT DO NOTHING;
INSERT INTO plans (id, variant_id, plan_name, duration_months, max_kms) VALUES ('0a2c31d8-b76a-4272-950b-43abe713bc68', '85c9e0ec-9bed-4569-8596-1947e6c5dc88', '3+4 Year (7 Years / Unlimited Kms)', 48, NULL) ON CONFLICT DO NOTHING;
INSERT INTO tiers (plan_id, min_days, max_days, price_inr, is_active) VALUES ('0a2c31d8-b76a-4272-950b-43abe713bc68', 0, 90, 19933.0, TRUE) ON CONFLICT DO NOTHING;
INSERT INTO tiers (plan_id, min_days, max_days, price_inr, is_active) VALUES ('0a2c31d8-b76a-4272-950b-43abe713bc68', 91, 365, 21570.0, TRUE) ON CONFLICT DO NOTHING;
INSERT INTO tiers (plan_id, min_days, max_days, price_inr, is_active) VALUES ('0a2c31d8-b76a-4272-950b-43abe713bc68', 366, 730, 23733.0, TRUE) ON CONFLICT DO NOTHING;
INSERT INTO tiers (plan_id, min_days, max_days, price_inr, is_active) VALUES ('0a2c31d8-b76a-4272-950b-43abe713bc68', 731, 1095, 26762.0, TRUE) ON CONFLICT DO NOTHING;
INSERT INTO models (id, brand_id, name) VALUES ('fac338f0-2b85-41ba-beec-7ceee72fc366', '6fb8d1e1-a960-4024-bb1f-6a6a91099d12', 'KIGER AMT') ON CONFLICT DO NOTHING;
INSERT INTO variants (id, model_id, name, fuel, transmission, oem_warranty_months, oem_warranty_kms) VALUES ('bca4d87b-6022-4b42-97a7-7e73074ca9b9', 'fac338f0-2b85-41ba-beec-7ceee72fc366', 'KIGER AMT', 'Petrol', 'N/A', 36, 100000) ON CONFLICT DO NOTHING;
INSERT INTO plans (id, variant_id, plan_name, duration_months, max_kms) VALUES ('7978d6cd-e4f0-4b06-a560-e7d13dd9780d', 'bca4d87b-6022-4b42-97a7-7e73074ca9b9', '3+1 Year (4 Years / 1L Kms)', 12, 100000) ON CONFLICT DO NOTHING;
INSERT INTO tiers (plan_id, min_days, max_days, price_inr, is_active) VALUES ('7978d6cd-e4f0-4b06-a560-e7d13dd9780d', 0, 90, 9304.0, TRUE) ON CONFLICT DO NOTHING;
INSERT INTO tiers (plan_id, min_days, max_days, price_inr, is_active) VALUES ('7978d6cd-e4f0-4b06-a560-e7d13dd9780d', 91, 365, 10105.0, TRUE) ON CONFLICT DO NOTHING;
INSERT INTO tiers (plan_id, min_days, max_days, price_inr, is_active) VALUES ('7978d6cd-e4f0-4b06-a560-e7d13dd9780d', 366, 730, 11164.0, TRUE) ON CONFLICT DO NOTHING;
INSERT INTO tiers (plan_id, min_days, max_days, price_inr, is_active) VALUES ('7978d6cd-e4f0-4b06-a560-e7d13dd9780d', 731, 1095, 12645.0, TRUE) ON CONFLICT DO NOTHING;
INSERT INTO plans (id, variant_id, plan_name, duration_months, max_kms) VALUES ('f587c184-5ef4-41cb-b157-01311b17d49d', 'bca4d87b-6022-4b42-97a7-7e73074ca9b9', '3+2 Year (5 Years / 1L Kms)', 24, 100000) ON CONFLICT DO NOTHING;
INSERT INTO tiers (plan_id, min_days, max_days, price_inr, is_active) VALUES ('f587c184-5ef4-41cb-b157-01311b17d49d', 0, 90, 12906.0, TRUE) ON CONFLICT DO NOTHING;
INSERT INTO tiers (plan_id, min_days, max_days, price_inr, is_active) VALUES ('f587c184-5ef4-41cb-b157-01311b17d49d', 91, 365, 13991.0, TRUE) ON CONFLICT DO NOTHING;
INSERT INTO tiers (plan_id, min_days, max_days, price_inr, is_active) VALUES ('f587c184-5ef4-41cb-b157-01311b17d49d', 366, 730, 15421.0, TRUE) ON CONFLICT DO NOTHING;
INSERT INTO tiers (plan_id, min_days, max_days, price_inr, is_active) VALUES ('f587c184-5ef4-41cb-b157-01311b17d49d', 731, 1095, 17424.0, TRUE) ON CONFLICT DO NOTHING;
INSERT INTO plans (id, variant_id, plan_name, duration_months, max_kms) VALUES ('c8c8a652-835d-49df-83dd-bdd6329b0a53', 'bca4d87b-6022-4b42-97a7-7e73074ca9b9', '3+2 Year (5 Years / 1.2L Kms)', 24, 120000) ON CONFLICT DO NOTHING;
INSERT INTO tiers (plan_id, min_days, max_days, price_inr, is_active) VALUES ('c8c8a652-835d-49df-83dd-bdd6329b0a53', 0, 90, 13773.0, TRUE) ON CONFLICT DO NOTHING;
INSERT INTO tiers (plan_id, min_days, max_days, price_inr, is_active) VALUES ('c8c8a652-835d-49df-83dd-bdd6329b0a53', 91, 365, 14944.0, TRUE) ON CONFLICT DO NOTHING;
INSERT INTO tiers (plan_id, min_days, max_days, price_inr, is_active) VALUES ('c8c8a652-835d-49df-83dd-bdd6329b0a53', 366, 730, 16490.0, TRUE) ON CONFLICT DO NOTHING;
INSERT INTO tiers (plan_id, min_days, max_days, price_inr, is_active) VALUES ('c8c8a652-835d-49df-83dd-bdd6329b0a53', 731, 1095, 18653.0, TRUE) ON CONFLICT DO NOTHING;
INSERT INTO plans (id, variant_id, plan_name, duration_months, max_kms) VALUES ('456050eb-ba3b-4647-a908-10a62646975b', 'bca4d87b-6022-4b42-97a7-7e73074ca9b9', '3+3 Year (6 Years / 1.2L Kms)', 36, 120000) ON CONFLICT DO NOTHING;
INSERT INTO tiers (plan_id, min_days, max_days, price_inr, is_active) VALUES ('456050eb-ba3b-4647-a908-10a62646975b', 0, 90, 17313.0, TRUE) ON CONFLICT DO NOTHING;
INSERT INTO tiers (plan_id, min_days, max_days, price_inr, is_active) VALUES ('456050eb-ba3b-4647-a908-10a62646975b', 91, 365, 18775.0, TRUE) ON CONFLICT DO NOTHING;
INSERT INTO tiers (plan_id, min_days, max_days, price_inr, is_active) VALUES ('456050eb-ba3b-4647-a908-10a62646975b', 366, 730, 20704.0, TRUE) ON CONFLICT DO NOTHING;
INSERT INTO tiers (plan_id, min_days, max_days, price_inr, is_active) VALUES ('456050eb-ba3b-4647-a908-10a62646975b', 731, 1095, 23405.0, TRUE) ON CONFLICT DO NOTHING;
INSERT INTO plans (id, variant_id, plan_name, duration_months, max_kms) VALUES ('21df612f-b55e-453d-93a2-2be13f3b59c5', 'bca4d87b-6022-4b42-97a7-7e73074ca9b9', '3+3 Year (6 Years / 1.4L Kms)', 36, 140000) ON CONFLICT DO NOTHING;
INSERT INTO tiers (plan_id, min_days, max_days, price_inr, is_active) VALUES ('21df612f-b55e-453d-93a2-2be13f3b59c5', 0, 90, 18484.0, TRUE) ON CONFLICT DO NOTHING;
INSERT INTO tiers (plan_id, min_days, max_days, price_inr, is_active) VALUES ('21df612f-b55e-453d-93a2-2be13f3b59c5', 91, 365, 20061.0, TRUE) ON CONFLICT DO NOTHING;
INSERT INTO tiers (plan_id, min_days, max_days, price_inr, is_active) VALUES ('21df612f-b55e-453d-93a2-2be13f3b59c5', 366, 730, 22145.0, TRUE) ON CONFLICT DO NOTHING;
INSERT INTO tiers (plan_id, min_days, max_days, price_inr, is_active) VALUES ('21df612f-b55e-453d-93a2-2be13f3b59c5', 731, 1095, 25062.0, TRUE) ON CONFLICT DO NOTHING;
INSERT INTO plans (id, variant_id, plan_name, duration_months, max_kms) VALUES ('7cded0ca-1e40-4cdb-9f92-54aa5d2a3eb7', 'bca4d87b-6022-4b42-97a7-7e73074ca9b9', '3+4 Year (7 Years / Unlimited Kms)', 48, NULL) ON CONFLICT DO NOTHING;
INSERT INTO tiers (plan_id, min_days, max_days, price_inr, is_active) VALUES ('7cded0ca-1e40-4cdb-9f92-54aa5d2a3eb7', 0, 90, 22793.0, TRUE) ON CONFLICT DO NOTHING;
INSERT INTO tiers (plan_id, min_days, max_days, price_inr, is_active) VALUES ('7cded0ca-1e40-4cdb-9f92-54aa5d2a3eb7', 91, 365, 24717.0, TRUE) ON CONFLICT DO NOTHING;
INSERT INTO tiers (plan_id, min_days, max_days, price_inr, is_active) VALUES ('7cded0ca-1e40-4cdb-9f92-54aa5d2a3eb7', 366, 730, 27257.0, TRUE) ON CONFLICT DO NOTHING;
INSERT INTO tiers (plan_id, min_days, max_days, price_inr, is_active) VALUES ('7cded0ca-1e40-4cdb-9f92-54aa5d2a3eb7', 731, 1095, 30813.0, TRUE) ON CONFLICT DO NOTHING;
INSERT INTO models (id, brand_id, name) VALUES ('a0289d3e-cf22-4452-afd3-ca297e73ad1a', '6fb8d1e1-a960-4024-bb1f-6a6a91099d12', 'KIGER MT TURBO') ON CONFLICT DO NOTHING;
INSERT INTO variants (id, model_id, name, fuel, transmission, oem_warranty_months, oem_warranty_kms) VALUES ('6581e831-3b7c-48f7-9f45-99424404d60c', 'a0289d3e-cf22-4452-afd3-ca297e73ad1a', 'KIGER MT TURBO', 'Petrol', 'N/A', 36, 100000) ON CONFLICT DO NOTHING;
INSERT INTO plans (id, variant_id, plan_name, duration_months, max_kms) VALUES ('df06877c-8a68-4f97-8f32-02d90edcc9f3', '6581e831-3b7c-48f7-9f45-99424404d60c', '3+1 Year (4 Years / 1L Kms)', 12, 100000) ON CONFLICT DO NOTHING;
INSERT INTO tiers (plan_id, min_days, max_days, price_inr, is_active) VALUES ('df06877c-8a68-4f97-8f32-02d90edcc9f3', 0, 90, 9059.0, TRUE) ON CONFLICT DO NOTHING;
INSERT INTO tiers (plan_id, min_days, max_days, price_inr, is_active) VALUES ('df06877c-8a68-4f97-8f32-02d90edcc9f3', 91, 365, 9837.0, TRUE) ON CONFLICT DO NOTHING;
INSERT INTO tiers (plan_id, min_days, max_days, price_inr, is_active) VALUES ('df06877c-8a68-4f97-8f32-02d90edcc9f3', 366, 730, 10864.0, TRUE) ON CONFLICT DO NOTHING;
INSERT INTO tiers (plan_id, min_days, max_days, price_inr, is_active) VALUES ('df06877c-8a68-4f97-8f32-02d90edcc9f3', 731, 1095, 12301.0, TRUE) ON CONFLICT DO NOTHING;
INSERT INTO plans (id, variant_id, plan_name, duration_months, max_kms) VALUES ('c5dc43fb-16e4-4249-a8b7-d53697547509', '6581e831-3b7c-48f7-9f45-99424404d60c', '3+2 Year (5 Years / 1L Kms)', 24, 100000) ON CONFLICT DO NOTHING;
INSERT INTO tiers (plan_id, min_days, max_days, price_inr, is_active) VALUES ('c5dc43fb-16e4-4249-a8b7-d53697547509', 0, 90, 12741.0, TRUE) ON CONFLICT DO NOTHING;
INSERT INTO tiers (plan_id, min_days, max_days, price_inr, is_active) VALUES ('c5dc43fb-16e4-4249-a8b7-d53697547509', 91, 365, 13809.0, TRUE) ON CONFLICT DO NOTHING;
INSERT INTO tiers (plan_id, min_days, max_days, price_inr, is_active) VALUES ('c5dc43fb-16e4-4249-a8b7-d53697547509', 366, 730, 15218.0, TRUE) ON CONFLICT DO NOTHING;
INSERT INTO tiers (plan_id, min_days, max_days, price_inr, is_active) VALUES ('c5dc43fb-16e4-4249-a8b7-d53697547509', 731, 1095, 17190.0, TRUE) ON CONFLICT DO NOTHING;
INSERT INTO plans (id, variant_id, plan_name, duration_months, max_kms) VALUES ('55190387-7ebb-4162-bc80-2fdf19619a01', '6581e831-3b7c-48f7-9f45-99424404d60c', '3+2 Year (5 Years / 1.2L Kms)', 24, 120000) ON CONFLICT DO NOTHING;
INSERT INTO tiers (plan_id, min_days, max_days, price_inr, is_active) VALUES ('55190387-7ebb-4162-bc80-2fdf19619a01', 0, 90, 13595.0, TRUE) ON CONFLICT DO NOTHING;
INSERT INTO tiers (plan_id, min_days, max_days, price_inr, is_active) VALUES ('55190387-7ebb-4162-bc80-2fdf19619a01', 91, 365, 14748.0, TRUE) ON CONFLICT DO NOTHING;
INSERT INTO tiers (plan_id, min_days, max_days, price_inr, is_active) VALUES ('55190387-7ebb-4162-bc80-2fdf19619a01', 366, 730, 16270.0, TRUE) ON CONFLICT DO NOTHING;
INSERT INTO tiers (plan_id, min_days, max_days, price_inr, is_active) VALUES ('55190387-7ebb-4162-bc80-2fdf19619a01', 731, 1095, 18401.0, TRUE) ON CONFLICT DO NOTHING;
INSERT INTO plans (id, variant_id, plan_name, duration_months, max_kms) VALUES ('03f4027b-be4f-4a64-9fae-63def64a87f7', '6581e831-3b7c-48f7-9f45-99424404d60c', '3+3 Year (6 Years / 1.2L Kms)', 36, 120000) ON CONFLICT DO NOTHING;
INSERT INTO tiers (plan_id, min_days, max_days, price_inr, is_active) VALUES ('03f4027b-be4f-4a64-9fae-63def64a87f7', 0, 90, 16984.0, TRUE) ON CONFLICT DO NOTHING;
INSERT INTO tiers (plan_id, min_days, max_days, price_inr, is_active) VALUES ('03f4027b-be4f-4a64-9fae-63def64a87f7', 91, 365, 18413.0, TRUE) ON CONFLICT DO NOTHING;
INSERT INTO tiers (plan_id, min_days, max_days, price_inr, is_active) VALUES ('03f4027b-be4f-4a64-9fae-63def64a87f7', 366, 730, 20298.0, TRUE) ON CONFLICT DO NOTHING;
INSERT INTO tiers (plan_id, min_days, max_days, price_inr, is_active) VALUES ('03f4027b-be4f-4a64-9fae-63def64a87f7', 731, 1095, 22938.0, TRUE) ON CONFLICT DO NOTHING;
INSERT INTO plans (id, variant_id, plan_name, duration_months, max_kms) VALUES ('9766dc79-76ae-40f4-8b35-1c989f0694fd', '6581e831-3b7c-48f7-9f45-99424404d60c', '3+3 Year (6 Years / 1.4L Kms)', 36, 140000) ON CONFLICT DO NOTHING;
INSERT INTO tiers (plan_id, min_days, max_days, price_inr, is_active) VALUES ('9766dc79-76ae-40f4-8b35-1c989f0694fd', 0, 90, 18125.0, TRUE) ON CONFLICT DO NOTHING;
INSERT INTO tiers (plan_id, min_days, max_days, price_inr, is_active) VALUES ('9766dc79-76ae-40f4-8b35-1c989f0694fd', 91, 365, 19668.0, TRUE) ON CONFLICT DO NOTHING;
INSERT INTO tiers (plan_id, min_days, max_days, price_inr, is_active) VALUES ('9766dc79-76ae-40f4-8b35-1c989f0694fd', 366, 730, 21705.0, TRUE) ON CONFLICT DO NOTHING;
INSERT INTO tiers (plan_id, min_days, max_days, price_inr, is_active) VALUES ('9766dc79-76ae-40f4-8b35-1c989f0694fd', 731, 1095, 24556.0, TRUE) ON CONFLICT DO NOTHING;
INSERT INTO plans (id, variant_id, plan_name, duration_months, max_kms) VALUES ('a09b470c-b251-4a22-b8ac-fcaaf10de50d', '6581e831-3b7c-48f7-9f45-99424404d60c', '3+4 Year (7 Years / Unlimited Kms)', 48, NULL) ON CONFLICT DO NOTHING;
INSERT INTO tiers (plan_id, min_days, max_days, price_inr, is_active) VALUES ('a09b470c-b251-4a22-b8ac-fcaaf10de50d', 0, 90, 22243.0, TRUE) ON CONFLICT DO NOTHING;
INSERT INTO tiers (plan_id, min_days, max_days, price_inr, is_active) VALUES ('a09b470c-b251-4a22-b8ac-fcaaf10de50d', 91, 365, 24112.0, TRUE) ON CONFLICT DO NOTHING;
INSERT INTO tiers (plan_id, min_days, max_days, price_inr, is_active) VALUES ('a09b470c-b251-4a22-b8ac-fcaaf10de50d', 366, 730, 26580.0, TRUE) ON CONFLICT DO NOTHING;
INSERT INTO tiers (plan_id, min_days, max_days, price_inr, is_active) VALUES ('a09b470c-b251-4a22-b8ac-fcaaf10de50d', 731, 1095, 30034.0, TRUE) ON CONFLICT DO NOTHING;
INSERT INTO models (id, brand_id, name) VALUES ('7d551e16-5e26-499f-9a06-27b4662f71d6', '6fb8d1e1-a960-4024-bb1f-6a6a91099d12', 'KIGER CVT TURBO') ON CONFLICT DO NOTHING;
INSERT INTO variants (id, model_id, name, fuel, transmission, oem_warranty_months, oem_warranty_kms) VALUES ('1005d1f2-a885-4117-8c23-69d3ca33d873', '7d551e16-5e26-499f-9a06-27b4662f71d6', 'KIGER CVT TURBO', 'Petrol', 'N/A', 36, 100000) ON CONFLICT DO NOTHING;
INSERT INTO plans (id, variant_id, plan_name, duration_months, max_kms) VALUES ('f3aa6803-6358-4d05-b333-3168fc32d6d9', '1005d1f2-a885-4117-8c23-69d3ca33d873', '3+1 Year (4 Years / 1L Kms)', 12, 100000) ON CONFLICT DO NOTHING;
INSERT INTO tiers (plan_id, min_days, max_days, price_inr, is_active) VALUES ('f3aa6803-6358-4d05-b333-3168fc32d6d9', 0, 90, 9646.0, TRUE) ON CONFLICT DO NOTHING;
INSERT INTO tiers (plan_id, min_days, max_days, price_inr, is_active) VALUES ('f3aa6803-6358-4d05-b333-3168fc32d6d9', 91, 365, 10481.0, TRUE) ON CONFLICT DO NOTHING;
INSERT INTO tiers (plan_id, min_days, max_days, price_inr, is_active) VALUES ('f3aa6803-6358-4d05-b333-3168fc32d6d9', 366, 730, 11585.0, TRUE) ON CONFLICT DO NOTHING;
INSERT INTO tiers (plan_id, min_days, max_days, price_inr, is_active) VALUES ('f3aa6803-6358-4d05-b333-3168fc32d6d9', 731, 1095, 13131.0, TRUE) ON CONFLICT DO NOTHING;
INSERT INTO plans (id, variant_id, plan_name, duration_months, max_kms) VALUES ('2c038e7b-4c3b-4ec3-b6f3-1a4c3d8720c2', '1005d1f2-a885-4117-8c23-69d3ca33d873', '3+2 Year (5 Years / 1L Kms)', 24, 100000) ON CONFLICT DO NOTHING;
INSERT INTO tiers (plan_id, min_days, max_days, price_inr, is_active) VALUES ('2c038e7b-4c3b-4ec3-b6f3-1a4c3d8720c2', 0, 90, 13223.0, TRUE) ON CONFLICT DO NOTHING;
INSERT INTO tiers (plan_id, min_days, max_days, price_inr, is_active) VALUES ('2c038e7b-4c3b-4ec3-b6f3-1a4c3d8720c2', 91, 365, 14339.0, TRUE) ON CONFLICT DO NOTHING;
INSERT INTO tiers (plan_id, min_days, max_days, price_inr, is_active) VALUES ('2c038e7b-4c3b-4ec3-b6f3-1a4c3d8720c2', 366, 730, 15811.0, TRUE) ON CONFLICT DO NOTHING;
INSERT INTO tiers (plan_id, min_days, max_days, price_inr, is_active) VALUES ('2c038e7b-4c3b-4ec3-b6f3-1a4c3d8720c2', 731, 1095, 17873.0, TRUE) ON CONFLICT DO NOTHING;
INSERT INTO plans (id, variant_id, plan_name, duration_months, max_kms) VALUES ('adf4c3ef-fa19-4a72-bd4a-8d1f1579ec10', '1005d1f2-a885-4117-8c23-69d3ca33d873', '3+2 Year (5 Years / 1.2L Kms)', 24, 120000) ON CONFLICT DO NOTHING;
INSERT INTO tiers (plan_id, min_days, max_days, price_inr, is_active) VALUES ('adf4c3ef-fa19-4a72-bd4a-8d1f1579ec10', 0, 90, 14115.0, TRUE) ON CONFLICT DO NOTHING;
INSERT INTO tiers (plan_id, min_days, max_days, price_inr, is_active) VALUES ('adf4c3ef-fa19-4a72-bd4a-8d1f1579ec10', 91, 365, 15320.0, TRUE) ON CONFLICT DO NOTHING;
INSERT INTO tiers (plan_id, min_days, max_days, price_inr, is_active) VALUES ('adf4c3ef-fa19-4a72-bd4a-8d1f1579ec10', 366, 730, 16910.0, TRUE) ON CONFLICT DO NOTHING;
INSERT INTO tiers (plan_id, min_days, max_days, price_inr, is_active) VALUES ('adf4c3ef-fa19-4a72-bd4a-8d1f1579ec10', 731, 1095, 19137.0, TRUE) ON CONFLICT DO NOTHING;
INSERT INTO plans (id, variant_id, plan_name, duration_months, max_kms) VALUES ('5c1fd099-f6bd-4cb1-baad-bf1bb01b9e6b', '1005d1f2-a885-4117-8c23-69d3ca33d873', '3+3 Year (6 Years / 1.2L Kms)', 36, 120000) ON CONFLICT DO NOTHING;
INSERT INTO tiers (plan_id, min_days, max_days, price_inr, is_active) VALUES ('5c1fd099-f6bd-4cb1-baad-bf1bb01b9e6b', 0, 90, 17534.0, TRUE) ON CONFLICT DO NOTHING;
INSERT INTO tiers (plan_id, min_days, max_days, price_inr, is_active) VALUES ('5c1fd099-f6bd-4cb1-baad-bf1bb01b9e6b', 91, 365, 19017.0, TRUE) ON CONFLICT DO NOTHING;
INSERT INTO tiers (plan_id, min_days, max_days, price_inr, is_active) VALUES ('5c1fd099-f6bd-4cb1-baad-bf1bb01b9e6b', 366, 730, 20976.0, TRUE) ON CONFLICT DO NOTHING;
INSERT INTO tiers (plan_id, min_days, max_days, price_inr, is_active) VALUES ('5c1fd099-f6bd-4cb1-baad-bf1bb01b9e6b', 731, 1095, 23717.0, TRUE) ON CONFLICT DO NOTHING;
INSERT INTO plans (id, variant_id, plan_name, duration_months, max_kms) VALUES ('360409fe-2272-4820-861f-5b9666de5f22', '1005d1f2-a885-4117-8c23-69d3ca33d873', '3+3 Year (6 Years / 1.4L Kms)', 36, 140000) ON CONFLICT DO NOTHING;
INSERT INTO tiers (plan_id, min_days, max_days, price_inr, is_active) VALUES ('360409fe-2272-4820-861f-5b9666de5f22', 0, 90, 18720.0, TRUE) ON CONFLICT DO NOTHING;
INSERT INTO tiers (plan_id, min_days, max_days, price_inr, is_active) VALUES ('360409fe-2272-4820-861f-5b9666de5f22', 91, 365, 20322.0, TRUE) ON CONFLICT DO NOTHING;
INSERT INTO tiers (plan_id, min_days, max_days, price_inr, is_active) VALUES ('360409fe-2272-4820-861f-5b9666de5f22', 366, 730, 22435.0, TRUE) ON CONFLICT DO NOTHING;
INSERT INTO tiers (plan_id, min_days, max_days, price_inr, is_active) VALUES ('360409fe-2272-4820-861f-5b9666de5f22', 731, 1095, 25396.0, TRUE) ON CONFLICT DO NOTHING;
INSERT INTO plans (id, variant_id, plan_name, duration_months, max_kms) VALUES ('4efea946-aadf-44ee-8054-a9688b78b6bd', '1005d1f2-a885-4117-8c23-69d3ca33d873', '3+4 Year (7 Years / Unlimited Kms)', 48, NULL) ON CONFLICT DO NOTHING;
INSERT INTO tiers (plan_id, min_days, max_days, price_inr, is_active) VALUES ('4efea946-aadf-44ee-8054-a9688b78b6bd', 0, 90, 23343.0, TRUE) ON CONFLICT DO NOTHING;
INSERT INTO tiers (plan_id, min_days, max_days, price_inr, is_active) VALUES ('4efea946-aadf-44ee-8054-a9688b78b6bd', 91, 365, 25323.0, TRUE) ON CONFLICT DO NOTHING;
INSERT INTO tiers (plan_id, min_days, max_days, price_inr, is_active) VALUES ('4efea946-aadf-44ee-8054-a9688b78b6bd', 366, 730, 27935.0, TRUE) ON CONFLICT DO NOTHING;
INSERT INTO tiers (plan_id, min_days, max_days, price_inr, is_active) VALUES ('4efea946-aadf-44ee-8054-a9688b78b6bd', 731, 1095, 31594.0, TRUE) ON CONFLICT DO NOTHING;
INSERT INTO brands (id, name) VALUES ('b1e782a2-c0d1-4b20-ae57-becb98f3ab90', 'Maruti') ON CONFLICT DO NOTHING;
INSERT INTO models (id, brand_id, name) VALUES ('dd1002b6-a3ee-4f74-8fa9-cfd661d751f1', 'b1e782a2-c0d1-4b20-ae57-becb98f3ab90', 'ALTO 800') ON CONFLICT DO NOTHING;
INSERT INTO variants (id, model_id, name, fuel, transmission, oem_warranty_months, oem_warranty_kms) VALUES ('96e35ff7-d326-47ba-b39e-e9500136eb39', 'dd1002b6-a3ee-4f74-8fa9-cfd661d751f1', 'MARUTI ALTO CNG LXI', 'CNG', 'Manual', 36, 100000) ON CONFLICT DO NOTHING;
INSERT INTO plans (id, variant_id, plan_name, duration_months, max_kms) VALUES ('badc7055-fb15-42b1-aec3-dd4a5084611d', '96e35ff7-d326-47ba-b39e-e9500136eb39', '12 Months / 20,000 Kms', 12, 20000) ON CONFLICT DO NOTHING;
INSERT INTO tiers (plan_id, min_days, max_days, price_inr, is_active) VALUES ('badc7055-fb15-42b1-aec3-dd4a5084611d', 0, 30, 6195.0, TRUE) ON CONFLICT DO NOTHING;
INSERT INTO tiers (plan_id, min_days, max_days, price_inr, is_active) VALUES ('badc7055-fb15-42b1-aec3-dd4a5084611d', 31, 365, 7127.2, TRUE) ON CONFLICT DO NOTHING;
INSERT INTO tiers (plan_id, min_days, max_days, price_inr, is_active) VALUES ('badc7055-fb15-42b1-aec3-dd4a5084611d', 366, 730, 8059.4, TRUE) ON CONFLICT DO NOTHING;
INSERT INTO tiers (plan_id, min_days, max_days, price_inr, is_active) VALUES ('badc7055-fb15-42b1-aec3-dd4a5084611d', 731, 1095, 8991.6, TRUE) ON CONFLICT DO NOTHING;
INSERT INTO plans (id, variant_id, plan_name, duration_months, max_kms) VALUES ('6deafffd-84c1-493c-a13e-c4a1d5bbe09c', '96e35ff7-d326-47ba-b39e-e9500136eb39', '24 Months / 40,000 Kms', 24, 40000) ON CONFLICT DO NOTHING;
INSERT INTO tiers (plan_id, min_days, max_days, price_inr, is_active) VALUES ('6deafffd-84c1-493c-a13e-c4a1d5bbe09c', 0, 30, 7493.0, TRUE) ON CONFLICT DO NOTHING;
INSERT INTO tiers (plan_id, min_days, max_days, price_inr, is_active) VALUES ('6deafffd-84c1-493c-a13e-c4a1d5bbe09c', 31, 365, 8625.8, TRUE) ON CONFLICT DO NOTHING;
INSERT INTO tiers (plan_id, min_days, max_days, price_inr, is_active) VALUES ('6deafffd-84c1-493c-a13e-c4a1d5bbe09c', 366, 730, 9746.8, TRUE) ON CONFLICT DO NOTHING;
INSERT INTO tiers (plan_id, min_days, max_days, price_inr, is_active) VALUES ('6deafffd-84c1-493c-a13e-c4a1d5bbe09c', 731, 1095, 10867.8, TRUE) ON CONFLICT DO NOTHING;
INSERT INTO plans (id, variant_id, plan_name, duration_months, max_kms) VALUES ('aa898f8d-7128-4d4e-a5c7-e9e6639ada19', '96e35ff7-d326-47ba-b39e-e9500136eb39', '36 Months / 60,000 Kms', 36, 60000) ON CONFLICT DO NOTHING;
INSERT INTO tiers (plan_id, min_days, max_days, price_inr, is_active) VALUES ('aa898f8d-7128-4d4e-a5c7-e9e6639ada19', 0, 30, 8083.0, TRUE) ON CONFLICT DO NOTHING;
INSERT INTO tiers (plan_id, min_days, max_days, price_inr, is_active) VALUES ('aa898f8d-7128-4d4e-a5c7-e9e6639ada19', 31, 365, 9298.4, TRUE) ON CONFLICT DO NOTHING;
INSERT INTO tiers (plan_id, min_days, max_days, price_inr, is_active) VALUES ('aa898f8d-7128-4d4e-a5c7-e9e6639ada19', 366, 730, 10513.8, TRUE) ON CONFLICT DO NOTHING;
INSERT INTO tiers (plan_id, min_days, max_days, price_inr, is_active) VALUES ('aa898f8d-7128-4d4e-a5c7-e9e6639ada19', 731, 1095, 11729.2, TRUE) ON CONFLICT DO NOTHING;
INSERT INTO variants (id, model_id, name, fuel, transmission, oem_warranty_months, oem_warranty_kms) VALUES ('07c102a8-cd94-44ef-8ac6-858d23c1f7c8', 'dd1002b6-a3ee-4f74-8fa9-cfd661d751f1', 'MARUTI ALTO LXI', 'Petrol', 'Manual', 36, 100000) ON CONFLICT DO NOTHING;
INSERT INTO plans (id, variant_id, plan_name, duration_months, max_kms) VALUES ('b259da65-e4a9-4e0c-84df-1e12134db3a5', '07c102a8-cd94-44ef-8ac6-858d23c1f7c8', '12 Months / 20,000 Kms', 12, 20000) ON CONFLICT DO NOTHING;
INSERT INTO tiers (plan_id, min_days, max_days, price_inr, is_active) VALUES ('b259da65-e4a9-4e0c-84df-1e12134db3a5', 0, 30, 4625.6, TRUE) ON CONFLICT DO NOTHING;
INSERT INTO tiers (plan_id, min_days, max_days, price_inr, is_active) VALUES ('b259da65-e4a9-4e0c-84df-1e12134db3a5', 31, 365, 5321.8, TRUE) ON CONFLICT DO NOTHING;
INSERT INTO tiers (plan_id, min_days, max_days, price_inr, is_active) VALUES ('b259da65-e4a9-4e0c-84df-1e12134db3a5', 366, 730, 6018.0, TRUE) ON CONFLICT DO NOTHING;
INSERT INTO tiers (plan_id, min_days, max_days, price_inr, is_active) VALUES ('b259da65-e4a9-4e0c-84df-1e12134db3a5', 731, 1095, 6714.2, TRUE) ON CONFLICT DO NOTHING;
INSERT INTO plans (id, variant_id, plan_name, duration_months, max_kms) VALUES ('96b4f11e-01b4-4b15-8c76-d28567de6ae6', '07c102a8-cd94-44ef-8ac6-858d23c1f7c8', '24 Months / 40,000 Kms', 24, 40000) ON CONFLICT DO NOTHING;
INSERT INTO tiers (plan_id, min_days, max_days, price_inr, is_active) VALUES ('96b4f11e-01b4-4b15-8c76-d28567de6ae6', 0, 30, 5923.6, TRUE) ON CONFLICT DO NOTHING;
INSERT INTO tiers (plan_id, min_days, max_days, price_inr, is_active) VALUES ('96b4f11e-01b4-4b15-8c76-d28567de6ae6', 31, 365, 6820.4, TRUE) ON CONFLICT DO NOTHING;
INSERT INTO tiers (plan_id, min_days, max_days, price_inr, is_active) VALUES ('96b4f11e-01b4-4b15-8c76-d28567de6ae6', 366, 730, 7705.4, TRUE) ON CONFLICT DO NOTHING;
INSERT INTO tiers (plan_id, min_days, max_days, price_inr, is_active) VALUES ('96b4f11e-01b4-4b15-8c76-d28567de6ae6', 731, 1095, 8590.4, TRUE) ON CONFLICT DO NOTHING;
INSERT INTO plans (id, variant_id, plan_name, duration_months, max_kms) VALUES ('40f420c1-1d43-4249-a4af-58f86eef5a02', '07c102a8-cd94-44ef-8ac6-858d23c1f7c8', '36 Months / 60,000 Kms', 36, 60000) ON CONFLICT DO NOTHING;
INSERT INTO tiers (plan_id, min_days, max_days, price_inr, is_active) VALUES ('40f420c1-1d43-4249-a4af-58f86eef5a02', 0, 30, 6513.6, TRUE) ON CONFLICT DO NOTHING;
INSERT INTO tiers (plan_id, min_days, max_days, price_inr, is_active) VALUES ('40f420c1-1d43-4249-a4af-58f86eef5a02', 31, 365, 7493.0, TRUE) ON CONFLICT DO NOTHING;
INSERT INTO tiers (plan_id, min_days, max_days, price_inr, is_active) VALUES ('40f420c1-1d43-4249-a4af-58f86eef5a02', 366, 730, 8472.4, TRUE) ON CONFLICT DO NOTHING;
INSERT INTO tiers (plan_id, min_days, max_days, price_inr, is_active) VALUES ('40f420c1-1d43-4249-a4af-58f86eef5a02', 731, 1095, 9451.8, TRUE) ON CONFLICT DO NOTHING;
INSERT INTO variants (id, model_id, name, fuel, transmission, oem_warranty_months, oem_warranty_kms) VALUES ('e3170293-595e-4f70-9650-110f02e454d5', 'dd1002b6-a3ee-4f74-8fa9-cfd661d751f1', 'MARUTI ALTO LXI (O)', 'Petrol', 'Manual', 36, 100000) ON CONFLICT DO NOTHING;
INSERT INTO plans (id, variant_id, plan_name, duration_months, max_kms) VALUES ('a69ed65b-858f-4b76-81b0-1801251f6332', 'e3170293-595e-4f70-9650-110f02e454d5', '12 Months / 20,000 Kms', 12, 20000) ON CONFLICT DO NOTHING;
INSERT INTO tiers (plan_id, min_days, max_days, price_inr, is_active) VALUES ('a69ed65b-858f-4b76-81b0-1801251f6332', 0, 30, 5109.4, TRUE) ON CONFLICT DO NOTHING;
INSERT INTO tiers (plan_id, min_days, max_days, price_inr, is_active) VALUES ('a69ed65b-858f-4b76-81b0-1801251f6332', 31, 365, 5876.4, TRUE) ON CONFLICT DO NOTHING;
INSERT INTO tiers (plan_id, min_days, max_days, price_inr, is_active) VALUES ('a69ed65b-858f-4b76-81b0-1801251f6332', 366, 730, 6643.4, TRUE) ON CONFLICT DO NOTHING;
INSERT INTO tiers (plan_id, min_days, max_days, price_inr, is_active) VALUES ('a69ed65b-858f-4b76-81b0-1801251f6332', 731, 1095, 7410.4, TRUE) ON CONFLICT DO NOTHING;
INSERT INTO plans (id, variant_id, plan_name, duration_months, max_kms) VALUES ('e6e90061-2647-4975-ac03-034a18665e7b', 'e3170293-595e-4f70-9650-110f02e454d5', '24 Months / 40,000 Kms', 24, 40000) ON CONFLICT DO NOTHING;
INSERT INTO tiers (plan_id, min_days, max_days, price_inr, is_active) VALUES ('e6e90061-2647-4975-ac03-034a18665e7b', 0, 30, 6407.4, TRUE) ON CONFLICT DO NOTHING;
INSERT INTO tiers (plan_id, min_days, max_days, price_inr, is_active) VALUES ('e6e90061-2647-4975-ac03-034a18665e7b', 31, 365, 7375.0, TRUE) ON CONFLICT DO NOTHING;
INSERT INTO tiers (plan_id, min_days, max_days, price_inr, is_active) VALUES ('e6e90061-2647-4975-ac03-034a18665e7b', 366, 730, 8330.8, TRUE) ON CONFLICT DO NOTHING;
INSERT INTO tiers (plan_id, min_days, max_days, price_inr, is_active) VALUES ('e6e90061-2647-4975-ac03-034a18665e7b', 731, 1095, 9298.4, TRUE) ON CONFLICT DO NOTHING;
INSERT INTO plans (id, variant_id, plan_name, duration_months, max_kms) VALUES ('3cdd3034-3a86-48ac-a7ed-d7982e8ecee7', 'e3170293-595e-4f70-9650-110f02e454d5', '36 Months / 60,000 Kms', 36, 60000) ON CONFLICT DO NOTHING;
INSERT INTO tiers (plan_id, min_days, max_days, price_inr, is_active) VALUES ('3cdd3034-3a86-48ac-a7ed-d7982e8ecee7', 0, 30, 6997.4, TRUE) ON CONFLICT DO NOTHING;
INSERT INTO tiers (plan_id, min_days, max_days, price_inr, is_active) VALUES ('3cdd3034-3a86-48ac-a7ed-d7982e8ecee7', 31, 365, 8047.6, TRUE) ON CONFLICT DO NOTHING;
INSERT INTO tiers (plan_id, min_days, max_days, price_inr, is_active) VALUES ('3cdd3034-3a86-48ac-a7ed-d7982e8ecee7', 366, 730, 9097.8, TRUE) ON CONFLICT DO NOTHING;
INSERT INTO tiers (plan_id, min_days, max_days, price_inr, is_active) VALUES ('3cdd3034-3a86-48ac-a7ed-d7982e8ecee7', 731, 1095, 10148.0, TRUE) ON CONFLICT DO NOTHING;
INSERT INTO variants (id, model_id, name, fuel, transmission, oem_warranty_months, oem_warranty_kms) VALUES ('f905443b-3d2f-44c9-9e32-fb6d25762615', 'dd1002b6-a3ee-4f74-8fa9-cfd661d751f1', 'MARUTI ALTO LXI (O) CNG 0.8L 5MT', 'CNG', 'Manual', 36, 100000) ON CONFLICT DO NOTHING;
INSERT INTO plans (id, variant_id, plan_name, duration_months, max_kms) VALUES ('bd903355-1a5f-4f7d-96b5-16cdcd2e107f', 'f905443b-3d2f-44c9-9e32-fb6d25762615', '12 Months / 20,000 Kms', 12, 20000) ON CONFLICT DO NOTHING;
INSERT INTO tiers (plan_id, min_days, max_days, price_inr, is_active) VALUES ('bd903355-1a5f-4f7d-96b5-16cdcd2e107f', 0, 30, 6596.2, TRUE) ON CONFLICT DO NOTHING;
INSERT INTO tiers (plan_id, min_days, max_days, price_inr, is_active) VALUES ('bd903355-1a5f-4f7d-96b5-16cdcd2e107f', 31, 365, 7587.4, TRUE) ON CONFLICT DO NOTHING;
INSERT INTO tiers (plan_id, min_days, max_days, price_inr, is_active) VALUES ('bd903355-1a5f-4f7d-96b5-16cdcd2e107f', 366, 730, 8578.6, TRUE) ON CONFLICT DO NOTHING;
INSERT INTO tiers (plan_id, min_days, max_days, price_inr, is_active) VALUES ('bd903355-1a5f-4f7d-96b5-16cdcd2e107f', 731, 1095, 9569.8, TRUE) ON CONFLICT DO NOTHING;
INSERT INTO plans (id, variant_id, plan_name, duration_months, max_kms) VALUES ('4e0f4e40-1827-4b28-b24e-be2736bb7f1a', 'f905443b-3d2f-44c9-9e32-fb6d25762615', '24 Months / 40,000 Kms', 24, 40000) ON CONFLICT DO NOTHING;
INSERT INTO tiers (plan_id, min_days, max_days, price_inr, is_active) VALUES ('4e0f4e40-1827-4b28-b24e-be2736bb7f1a', 0, 30, 7894.2, TRUE) ON CONFLICT DO NOTHING;
INSERT INTO tiers (plan_id, min_days, max_days, price_inr, is_active) VALUES ('4e0f4e40-1827-4b28-b24e-be2736bb7f1a', 31, 365, 9086.0, TRUE) ON CONFLICT DO NOTHING;
INSERT INTO tiers (plan_id, min_days, max_days, price_inr, is_active) VALUES ('4e0f4e40-1827-4b28-b24e-be2736bb7f1a', 366, 730, 10266.0, TRUE) ON CONFLICT DO NOTHING;
INSERT INTO tiers (plan_id, min_days, max_days, price_inr, is_active) VALUES ('4e0f4e40-1827-4b28-b24e-be2736bb7f1a', 731, 1095, 11457.8, TRUE) ON CONFLICT DO NOTHING;
INSERT INTO plans (id, variant_id, plan_name, duration_months, max_kms) VALUES ('79a7221b-82bc-422b-808d-565779c3d293', 'f905443b-3d2f-44c9-9e32-fb6d25762615', '36 Months / 60,000 Kms', 36, 60000) ON CONFLICT DO NOTHING;
INSERT INTO tiers (plan_id, min_days, max_days, price_inr, is_active) VALUES ('79a7221b-82bc-422b-808d-565779c3d293', 0, 30, 8484.2, TRUE) ON CONFLICT DO NOTHING;
INSERT INTO tiers (plan_id, min_days, max_days, price_inr, is_active) VALUES ('79a7221b-82bc-422b-808d-565779c3d293', 31, 365, 9758.6, TRUE) ON CONFLICT DO NOTHING;
INSERT INTO tiers (plan_id, min_days, max_days, price_inr, is_active) VALUES ('79a7221b-82bc-422b-808d-565779c3d293', 366, 730, 11033.0, TRUE) ON CONFLICT DO NOTHING;
INSERT INTO tiers (plan_id, min_days, max_days, price_inr, is_active) VALUES ('79a7221b-82bc-422b-808d-565779c3d293', 731, 1095, 12307.4, TRUE) ON CONFLICT DO NOTHING;
INSERT INTO variants (id, model_id, name, fuel, transmission, oem_warranty_months, oem_warranty_kms) VALUES ('b138e584-eddd-48e6-a8ab-ee729d7f336d', 'dd1002b6-a3ee-4f74-8fa9-cfd661d751f1', 'MARUTI ALTO STD.', 'Petrol', 'Manual', 36, 100000) ON CONFLICT DO NOTHING;
INSERT INTO plans (id, variant_id, plan_name, duration_months, max_kms) VALUES ('9b79d20e-0a12-4b72-9160-86217dc488fd', 'b138e584-eddd-48e6-a8ab-ee729d7f336d', '12 Months / 20,000 Kms', 12, 20000) ON CONFLICT DO NOTHING;
INSERT INTO tiers (plan_id, min_days, max_days, price_inr, is_active) VALUES ('9b79d20e-0a12-4b72-9160-86217dc488fd', 0, 30, 3481.0, TRUE) ON CONFLICT DO NOTHING;
INSERT INTO tiers (plan_id, min_days, max_days, price_inr, is_active) VALUES ('9b79d20e-0a12-4b72-9160-86217dc488fd', 31, 365, 4012.0, TRUE) ON CONFLICT DO NOTHING;
INSERT INTO tiers (plan_id, min_days, max_days, price_inr, is_active) VALUES ('9b79d20e-0a12-4b72-9160-86217dc488fd', 366, 730, 4531.2, TRUE) ON CONFLICT DO NOTHING;
INSERT INTO tiers (plan_id, min_days, max_days, price_inr, is_active) VALUES ('9b79d20e-0a12-4b72-9160-86217dc488fd', 731, 1095, 5050.4, TRUE) ON CONFLICT DO NOTHING;
INSERT INTO plans (id, variant_id, plan_name, duration_months, max_kms) VALUES ('41b2e9e3-e80d-4eee-9e0c-1e54fb2de845', 'b138e584-eddd-48e6-a8ab-ee729d7f336d', '24 Months / 40,000 Kms', 24, 40000) ON CONFLICT DO NOTHING;
INSERT INTO tiers (plan_id, min_days, max_days, price_inr, is_active) VALUES ('41b2e9e3-e80d-4eee-9e0c-1e54fb2de845', 0, 30, 4779.0, TRUE) ON CONFLICT DO NOTHING;
INSERT INTO tiers (plan_id, min_days, max_days, price_inr, is_active) VALUES ('41b2e9e3-e80d-4eee-9e0c-1e54fb2de845', 31, 365, 5498.8, TRUE) ON CONFLICT DO NOTHING;
INSERT INTO tiers (plan_id, min_days, max_days, price_inr, is_active) VALUES ('41b2e9e3-e80d-4eee-9e0c-1e54fb2de845', 366, 730, 6218.6, TRUE) ON CONFLICT DO NOTHING;
INSERT INTO tiers (plan_id, min_days, max_days, price_inr, is_active) VALUES ('41b2e9e3-e80d-4eee-9e0c-1e54fb2de845', 731, 1095, 6938.4, TRUE) ON CONFLICT DO NOTHING;
INSERT INTO plans (id, variant_id, plan_name, duration_months, max_kms) VALUES ('ad6951ec-3d94-451e-ba22-b4f0fd1502f9', 'b138e584-eddd-48e6-a8ab-ee729d7f336d', '36 Months / 60,000 Kms', 36, 60000) ON CONFLICT DO NOTHING;
INSERT INTO tiers (plan_id, min_days, max_days, price_inr, is_active) VALUES ('ad6951ec-3d94-451e-ba22-b4f0fd1502f9', 0, 30, 5369.0, TRUE) ON CONFLICT DO NOTHING;
INSERT INTO tiers (plan_id, min_days, max_days, price_inr, is_active) VALUES ('ad6951ec-3d94-451e-ba22-b4f0fd1502f9', 31, 365, 6183.2, TRUE) ON CONFLICT DO NOTHING;
INSERT INTO tiers (plan_id, min_days, max_days, price_inr, is_active) VALUES ('ad6951ec-3d94-451e-ba22-b4f0fd1502f9', 366, 730, 6985.6, TRUE) ON CONFLICT DO NOTHING;
INSERT INTO tiers (plan_id, min_days, max_days, price_inr, is_active) VALUES ('ad6951ec-3d94-451e-ba22-b4f0fd1502f9', 731, 1095, 7788.0, TRUE) ON CONFLICT DO NOTHING;
INSERT INTO variants (id, model_id, name, fuel, transmission, oem_warranty_months, oem_warranty_kms) VALUES ('ac5231bf-3a36-4493-83ed-e9651a913498', 'dd1002b6-a3ee-4f74-8fa9-cfd661d751f1', 'MARUTI ALTO STD.(O)', 'Petrol', 'Manual', 36, 100000) ON CONFLICT DO NOTHING;
INSERT INTO plans (id, variant_id, plan_name, duration_months, max_kms) VALUES ('93b21e2f-0b40-46a0-bcd0-fe683dc5e802', 'ac5231bf-3a36-4493-83ed-e9651a913498', '12 Months / 20,000 Kms', 12, 20000) ON CONFLICT DO NOTHING;
INSERT INTO tiers (plan_id, min_days, max_days, price_inr, is_active) VALUES ('93b21e2f-0b40-46a0-bcd0-fe683dc5e802', 0, 30, 3964.8, TRUE) ON CONFLICT DO NOTHING;
INSERT INTO tiers (plan_id, min_days, max_days, price_inr, is_active) VALUES ('93b21e2f-0b40-46a0-bcd0-fe683dc5e802', 31, 365, 4566.6, TRUE) ON CONFLICT DO NOTHING;
INSERT INTO tiers (plan_id, min_days, max_days, price_inr, is_active) VALUES ('93b21e2f-0b40-46a0-bcd0-fe683dc5e802', 366, 730, 5156.6, TRUE) ON CONFLICT DO NOTHING;
INSERT INTO tiers (plan_id, min_days, max_days, price_inr, is_active) VALUES ('93b21e2f-0b40-46a0-bcd0-fe683dc5e802', 731, 1095, 5758.4, TRUE) ON CONFLICT DO NOTHING;
INSERT INTO plans (id, variant_id, plan_name, duration_months, max_kms) VALUES ('1011e29e-b733-41bf-afad-f4d32f1eda24', 'ac5231bf-3a36-4493-83ed-e9651a913498', '24 Months / 40,000 Kms', 24, 40000) ON CONFLICT DO NOTHING;
INSERT INTO tiers (plan_id, min_days, max_days, price_inr, is_active) VALUES ('1011e29e-b733-41bf-afad-f4d32f1eda24', 0, 30, 5262.8, TRUE) ON CONFLICT DO NOTHING;
INSERT INTO tiers (plan_id, min_days, max_days, price_inr, is_active) VALUES ('1011e29e-b733-41bf-afad-f4d32f1eda24', 31, 365, 6053.4, TRUE) ON CONFLICT DO NOTHING;
INSERT INTO tiers (plan_id, min_days, max_days, price_inr, is_active) VALUES ('1011e29e-b733-41bf-afad-f4d32f1eda24', 366, 730, 6844.0, TRUE) ON CONFLICT DO NOTHING;
INSERT INTO tiers (plan_id, min_days, max_days, price_inr, is_active) VALUES ('1011e29e-b733-41bf-afad-f4d32f1eda24', 731, 1095, 7634.6, TRUE) ON CONFLICT DO NOTHING;
INSERT INTO plans (id, variant_id, plan_name, duration_months, max_kms) VALUES ('4b1a660a-4c51-48c8-9e52-3f64e8970562', 'ac5231bf-3a36-4493-83ed-e9651a913498', '36 Months / 60,000 Kms', 36, 60000) ON CONFLICT DO NOTHING;
INSERT INTO tiers (plan_id, min_days, max_days, price_inr, is_active) VALUES ('4b1a660a-4c51-48c8-9e52-3f64e8970562', 0, 30, 5852.8, TRUE) ON CONFLICT DO NOTHING;
INSERT INTO tiers (plan_id, min_days, max_days, price_inr, is_active) VALUES ('4b1a660a-4c51-48c8-9e52-3f64e8970562', 31, 365, 6737.8, TRUE) ON CONFLICT DO NOTHING;
INSERT INTO tiers (plan_id, min_days, max_days, price_inr, is_active) VALUES ('4b1a660a-4c51-48c8-9e52-3f64e8970562', 366, 730, 7611.0, TRUE) ON CONFLICT DO NOTHING;
INSERT INTO tiers (plan_id, min_days, max_days, price_inr, is_active) VALUES ('4b1a660a-4c51-48c8-9e52-3f64e8970562', 731, 1095, 8496.0, TRUE) ON CONFLICT DO NOTHING;
INSERT INTO variants (id, model_id, name, fuel, transmission, oem_warranty_months, oem_warranty_kms) VALUES ('6fd089ec-6124-4559-950a-a0e8c21762ce', 'dd1002b6-a3ee-4f74-8fa9-cfd661d751f1', 'MARUTI ALTO VXI', 'Petrol', 'Manual', 36, 100000) ON CONFLICT DO NOTHING;
INSERT INTO plans (id, variant_id, plan_name, duration_months, max_kms) VALUES ('35b8a28f-b4ab-4dd7-8dd4-1f2dae242dae', '6fd089ec-6124-4559-950a-a0e8c21762ce', '12 Months / 20,000 Kms', 12, 20000) ON CONFLICT DO NOTHING;
INSERT INTO tiers (plan_id, min_days, max_days, price_inr, is_active) VALUES ('35b8a28f-b4ab-4dd7-8dd4-1f2dae242dae', 0, 30, 5439.8, TRUE) ON CONFLICT DO NOTHING;
INSERT INTO tiers (plan_id, min_days, max_days, price_inr, is_active) VALUES ('35b8a28f-b4ab-4dd7-8dd4-1f2dae242dae', 31, 365, 6265.8, TRUE) ON CONFLICT DO NOTHING;
INSERT INTO tiers (plan_id, min_days, max_days, price_inr, is_active) VALUES ('35b8a28f-b4ab-4dd7-8dd4-1f2dae242dae', 366, 730, 7080.0, TRUE) ON CONFLICT DO NOTHING;
INSERT INTO tiers (plan_id, min_days, max_days, price_inr, is_active) VALUES ('35b8a28f-b4ab-4dd7-8dd4-1f2dae242dae', 731, 1095, 7894.2, TRUE) ON CONFLICT DO NOTHING;
INSERT INTO plans (id, variant_id, plan_name, duration_months, max_kms) VALUES ('22f1cf5c-14ea-426c-b052-4e019005e031', '6fd089ec-6124-4559-950a-a0e8c21762ce', '24 Months / 40,000 Kms', 24, 40000) ON CONFLICT DO NOTHING;
INSERT INTO tiers (plan_id, min_days, max_days, price_inr, is_active) VALUES ('22f1cf5c-14ea-426c-b052-4e019005e031', 0, 30, 6737.8, TRUE) ON CONFLICT DO NOTHING;
INSERT INTO tiers (plan_id, min_days, max_days, price_inr, is_active) VALUES ('22f1cf5c-14ea-426c-b052-4e019005e031', 31, 365, 7752.6, TRUE) ON CONFLICT DO NOTHING;
INSERT INTO tiers (plan_id, min_days, max_days, price_inr, is_active) VALUES ('22f1cf5c-14ea-426c-b052-4e019005e031', 366, 730, 8767.4, TRUE) ON CONFLICT DO NOTHING;
INSERT INTO tiers (plan_id, min_days, max_days, price_inr, is_active) VALUES ('22f1cf5c-14ea-426c-b052-4e019005e031', 731, 1095, 9770.4, TRUE) ON CONFLICT DO NOTHING;
INSERT INTO plans (id, variant_id, plan_name, duration_months, max_kms) VALUES ('e79ff941-a053-49e4-9001-56653522ac05', '6fd089ec-6124-4559-950a-a0e8c21762ce', '36 Months / 60,000 Kms', 36, 60000) ON CONFLICT DO NOTHING;
INSERT INTO tiers (plan_id, min_days, max_days, price_inr, is_active) VALUES ('e79ff941-a053-49e4-9001-56653522ac05', 0, 30, 7327.8, TRUE) ON CONFLICT DO NOTHING;
INSERT INTO tiers (plan_id, min_days, max_days, price_inr, is_active) VALUES ('e79ff941-a053-49e4-9001-56653522ac05', 31, 365, 8437.0, TRUE) ON CONFLICT DO NOTHING;
INSERT INTO tiers (plan_id, min_days, max_days, price_inr, is_active) VALUES ('e79ff941-a053-49e4-9001-56653522ac05', 366, 730, 9534.4, TRUE) ON CONFLICT DO NOTHING;
INSERT INTO tiers (plan_id, min_days, max_days, price_inr, is_active) VALUES ('e79ff941-a053-49e4-9001-56653522ac05', 731, 1095, 10631.8, TRUE) ON CONFLICT DO NOTHING;
INSERT INTO variants (id, model_id, name, fuel, transmission, oem_warranty_months, oem_warranty_kms) VALUES ('ad09650f-8a43-471d-a312-126a2914f81e', 'dd1002b6-a3ee-4f74-8fa9-cfd661d751f1', 'MARUTI ALTO VXI+ 0.8L 5MT', 'Petrol', 'Manual', 36, 100000) ON CONFLICT DO NOTHING;
INSERT INTO plans (id, variant_id, plan_name, duration_months, max_kms) VALUES ('11403121-f8c6-47ac-aab2-a622fcf05b59', 'ad09650f-8a43-471d-a312-126a2914f81e', '12 Months / 20,000 Kms', 12, 20000) ON CONFLICT DO NOTHING;
INSERT INTO tiers (plan_id, min_days, max_days, price_inr, is_active) VALUES ('11403121-f8c6-47ac-aab2-a622fcf05b59', 0, 30, 5664.0, TRUE) ON CONFLICT DO NOTHING;
INSERT INTO tiers (plan_id, min_days, max_days, price_inr, is_active) VALUES ('11403121-f8c6-47ac-aab2-a622fcf05b59', 31, 365, 6513.6, TRUE) ON CONFLICT DO NOTHING;
INSERT INTO tiers (plan_id, min_days, max_days, price_inr, is_active) VALUES ('11403121-f8c6-47ac-aab2-a622fcf05b59', 366, 730, 7363.2, TRUE) ON CONFLICT DO NOTHING;
INSERT INTO tiers (plan_id, min_days, max_days, price_inr, is_active) VALUES ('11403121-f8c6-47ac-aab2-a622fcf05b59', 731, 1095, 8212.8, TRUE) ON CONFLICT DO NOTHING;
INSERT INTO plans (id, variant_id, plan_name, duration_months, max_kms) VALUES ('8cedc05a-d1c0-43cd-b76f-adaa33ba403d', 'ad09650f-8a43-471d-a312-126a2914f81e', '24 Months / 40,000 Kms', 24, 40000) ON CONFLICT DO NOTHING;
INSERT INTO tiers (plan_id, min_days, max_days, price_inr, is_active) VALUES ('8cedc05a-d1c0-43cd-b76f-adaa33ba403d', 0, 30, 6962.0, TRUE) ON CONFLICT DO NOTHING;
INSERT INTO tiers (plan_id, min_days, max_days, price_inr, is_active) VALUES ('8cedc05a-d1c0-43cd-b76f-adaa33ba403d', 31, 365, 8012.2, TRUE) ON CONFLICT DO NOTHING;
INSERT INTO tiers (plan_id, min_days, max_days, price_inr, is_active) VALUES ('8cedc05a-d1c0-43cd-b76f-adaa33ba403d', 366, 730, 9050.6, TRUE) ON CONFLICT DO NOTHING;
INSERT INTO tiers (plan_id, min_days, max_days, price_inr, is_active) VALUES ('8cedc05a-d1c0-43cd-b76f-adaa33ba403d', 731, 1095, 10100.8, TRUE) ON CONFLICT DO NOTHING;
INSERT INTO plans (id, variant_id, plan_name, duration_months, max_kms) VALUES ('d1068caf-3172-47bf-a39b-cdb1afeaad54', 'ad09650f-8a43-471d-a312-126a2914f81e', '36 Months / 60,000 Kms', 36, 60000) ON CONFLICT DO NOTHING;
INSERT INTO tiers (plan_id, min_days, max_days, price_inr, is_active) VALUES ('d1068caf-3172-47bf-a39b-cdb1afeaad54', 0, 30, 7552.0, TRUE) ON CONFLICT DO NOTHING;
INSERT INTO tiers (plan_id, min_days, max_days, price_inr, is_active) VALUES ('d1068caf-3172-47bf-a39b-cdb1afeaad54', 31, 365, 8684.8, TRUE) ON CONFLICT DO NOTHING;
INSERT INTO tiers (plan_id, min_days, max_days, price_inr, is_active) VALUES ('d1068caf-3172-47bf-a39b-cdb1afeaad54', 366, 730, 9817.6, TRUE) ON CONFLICT DO NOTHING;
INSERT INTO tiers (plan_id, min_days, max_days, price_inr, is_active) VALUES ('d1068caf-3172-47bf-a39b-cdb1afeaad54', 731, 1095, 10950.4, TRUE) ON CONFLICT DO NOTHING;
INSERT INTO models (id, brand_id, name) VALUES ('a87d8795-6541-44a6-a647-c9b17c24d16a', 'b1e782a2-c0d1-4b20-ae57-becb98f3ab90', 'ALTO 800 TOUR') ON CONFLICT DO NOTHING;
INSERT INTO variants (id, model_id, name, fuel, transmission, oem_warranty_months, oem_warranty_kms) VALUES ('afbef992-42ac-43a5-9fdd-c13b2bf8d056', 'a87d8795-6541-44a6-a647-c9b17c24d16a', 'MARUTI TOUR H1', 'Petrol', 'Manual', 36, 100000) ON CONFLICT DO NOTHING;
INSERT INTO plans (id, variant_id, plan_name, duration_months, max_kms) VALUES ('f1bd6196-03df-4d6a-8743-48badf8016bf', 'afbef992-42ac-43a5-9fdd-c13b2bf8d056', '12 Months / 20,000 Kms', 12, 20000) ON CONFLICT DO NOTHING;
INSERT INTO tiers (plan_id, min_days, max_days, price_inr, is_active) VALUES ('f1bd6196-03df-4d6a-8743-48badf8016bf', 0, 30, 4578.4, TRUE) ON CONFLICT DO NOTHING;
INSERT INTO tiers (plan_id, min_days, max_days, price_inr, is_active) VALUES ('f1bd6196-03df-4d6a-8743-48badf8016bf', 31, 365, 5274.6, TRUE) ON CONFLICT DO NOTHING;
INSERT INTO tiers (plan_id, min_days, max_days, price_inr, is_active) VALUES ('f1bd6196-03df-4d6a-8743-48badf8016bf', 366, 730, 5959.0, TRUE) ON CONFLICT DO NOTHING;
INSERT INTO tiers (plan_id, min_days, max_days, price_inr, is_active) VALUES ('f1bd6196-03df-4d6a-8743-48badf8016bf', 731, 1095, 6643.4, TRUE) ON CONFLICT DO NOTHING;
INSERT INTO plans (id, variant_id, plan_name, duration_months, max_kms) VALUES ('64e85693-e258-4cae-bda5-2047e71e4d0b', 'afbef992-42ac-43a5-9fdd-c13b2bf8d056', '24 Months / 40,000 Kms', 24, 40000) ON CONFLICT DO NOTHING;
INSERT INTO tiers (plan_id, min_days, max_days, price_inr, is_active) VALUES ('64e85693-e258-4cae-bda5-2047e71e4d0b', 0, 30, 5876.4, TRUE) ON CONFLICT DO NOTHING;
INSERT INTO tiers (plan_id, min_days, max_days, price_inr, is_active) VALUES ('64e85693-e258-4cae-bda5-2047e71e4d0b', 31, 365, 6761.4, TRUE) ON CONFLICT DO NOTHING;
INSERT INTO tiers (plan_id, min_days, max_days, price_inr, is_active) VALUES ('64e85693-e258-4cae-bda5-2047e71e4d0b', 366, 730, 7646.4, TRUE) ON CONFLICT DO NOTHING;
INSERT INTO tiers (plan_id, min_days, max_days, price_inr, is_active) VALUES ('64e85693-e258-4cae-bda5-2047e71e4d0b', 731, 1095, 8531.4, TRUE) ON CONFLICT DO NOTHING;
INSERT INTO plans (id, variant_id, plan_name, duration_months, max_kms) VALUES ('26850416-e8a6-4b0d-b096-d0cd53fcf88f', 'afbef992-42ac-43a5-9fdd-c13b2bf8d056', '36 Months / 60,000 Kms', 36, 60000) ON CONFLICT DO NOTHING;
INSERT INTO tiers (plan_id, min_days, max_days, price_inr, is_active) VALUES ('26850416-e8a6-4b0d-b096-d0cd53fcf88f', 0, 30, 6466.4, TRUE) ON CONFLICT DO NOTHING;
INSERT INTO tiers (plan_id, min_days, max_days, price_inr, is_active) VALUES ('26850416-e8a6-4b0d-b096-d0cd53fcf88f', 31, 365, 7445.8, TRUE) ON CONFLICT DO NOTHING;
INSERT INTO tiers (plan_id, min_days, max_days, price_inr, is_active) VALUES ('26850416-e8a6-4b0d-b096-d0cd53fcf88f', 366, 730, 8413.4, TRUE) ON CONFLICT DO NOTHING;
INSERT INTO tiers (plan_id, min_days, max_days, price_inr, is_active) VALUES ('26850416-e8a6-4b0d-b096-d0cd53fcf88f', 731, 1095, 9381.0, TRUE) ON CONFLICT DO NOTHING;
INSERT INTO variants (id, model_id, name, fuel, transmission, oem_warranty_months, oem_warranty_kms) VALUES ('040f4915-a203-448e-95c0-bd01e0f7dc30', 'a87d8795-6541-44a6-a647-c9b17c24d16a', 'MARUTI TOUR H1 (O)', 'Petrol', 'Manual', 36, 100000) ON CONFLICT DO NOTHING;
INSERT INTO plans (id, variant_id, plan_name, duration_months, max_kms) VALUES ('31e1cf71-58a7-43b1-b75e-27bba30644fe', '040f4915-a203-448e-95c0-bd01e0f7dc30', '12 Months / 20,000 Kms', 12, 20000) ON CONFLICT DO NOTHING;
INSERT INTO tiers (plan_id, min_days, max_days, price_inr, is_active) VALUES ('31e1cf71-58a7-43b1-b75e-27bba30644fe', 0, 30, 5062.2, TRUE) ON CONFLICT DO NOTHING;
INSERT INTO tiers (plan_id, min_days, max_days, price_inr, is_active) VALUES ('31e1cf71-58a7-43b1-b75e-27bba30644fe', 31, 365, 5829.2, TRUE) ON CONFLICT DO NOTHING;
INSERT INTO tiers (plan_id, min_days, max_days, price_inr, is_active) VALUES ('31e1cf71-58a7-43b1-b75e-27bba30644fe', 366, 730, 6584.4, TRUE) ON CONFLICT DO NOTHING;
INSERT INTO tiers (plan_id, min_days, max_days, price_inr, is_active) VALUES ('31e1cf71-58a7-43b1-b75e-27bba30644fe', 731, 1095, 7351.4, TRUE) ON CONFLICT DO NOTHING;
INSERT INTO plans (id, variant_id, plan_name, duration_months, max_kms) VALUES ('0e0b2d20-0e32-49ef-ba01-282628a9c93c', '040f4915-a203-448e-95c0-bd01e0f7dc30', '24 Months / 40,000 Kms', 24, 40000) ON CONFLICT DO NOTHING;
INSERT INTO tiers (plan_id, min_days, max_days, price_inr, is_active) VALUES ('0e0b2d20-0e32-49ef-ba01-282628a9c93c', 0, 30, 6360.2, TRUE) ON CONFLICT DO NOTHING;
INSERT INTO tiers (plan_id, min_days, max_days, price_inr, is_active) VALUES ('0e0b2d20-0e32-49ef-ba01-282628a9c93c', 31, 365, 7316.0, TRUE) ON CONFLICT DO NOTHING;
INSERT INTO tiers (plan_id, min_days, max_days, price_inr, is_active) VALUES ('0e0b2d20-0e32-49ef-ba01-282628a9c93c', 366, 730, 8271.8, TRUE) ON CONFLICT DO NOTHING;
INSERT INTO tiers (plan_id, min_days, max_days, price_inr, is_active) VALUES ('0e0b2d20-0e32-49ef-ba01-282628a9c93c', 731, 1095, 9227.6, TRUE) ON CONFLICT DO NOTHING;
INSERT INTO plans (id, variant_id, plan_name, duration_months, max_kms) VALUES ('1c6b4cf5-ef80-4510-9402-0fd2bc223923', '040f4915-a203-448e-95c0-bd01e0f7dc30', '36 Months / 60,000 Kms', 36, 60000) ON CONFLICT DO NOTHING;
INSERT INTO tiers (plan_id, min_days, max_days, price_inr, is_active) VALUES ('1c6b4cf5-ef80-4510-9402-0fd2bc223923', 0, 30, 6950.2, TRUE) ON CONFLICT DO NOTHING;
INSERT INTO tiers (plan_id, min_days, max_days, price_inr, is_active) VALUES ('1c6b4cf5-ef80-4510-9402-0fd2bc223923', 31, 365, 8000.4, TRUE) ON CONFLICT DO NOTHING;
INSERT INTO tiers (plan_id, min_days, max_days, price_inr, is_active) VALUES ('1c6b4cf5-ef80-4510-9402-0fd2bc223923', 366, 730, 9038.8, TRUE) ON CONFLICT DO NOTHING;
INSERT INTO tiers (plan_id, min_days, max_days, price_inr, is_active) VALUES ('1c6b4cf5-ef80-4510-9402-0fd2bc223923', 731, 1095, 10089.0, TRUE) ON CONFLICT DO NOTHING;
INSERT INTO models (id, brand_id, name) VALUES ('54ac06d2-b357-4395-af79-db8e8b5e1f0d', 'b1e782a2-c0d1-4b20-ae57-becb98f3ab90', 'BALENO') ON CONFLICT DO NOTHING;
INSERT INTO variants (id, model_id, name, fuel, transmission, oem_warranty_months, oem_warranty_kms) VALUES ('c3dc0005-cfc3-4416-aa4c-ca6279f95ac3', '54ac06d2-b357-4395-af79-db8e8b5e1f0d', 'MARUTI BALENO ALPHA (AUTOMATIC) PETROL', 'Petrol', 'Automatic', 36, 100000) ON CONFLICT DO NOTHING;
INSERT INTO plans (id, variant_id, plan_name, duration_months, max_kms) VALUES ('1bfe8fa4-85d5-4aa2-8122-65e87a91c11e', 'c3dc0005-cfc3-4416-aa4c-ca6279f95ac3', '12 Months / 20,000 Kms', 12, 20000) ON CONFLICT DO NOTHING;
INSERT INTO tiers (plan_id, min_days, max_days, price_inr, is_active) VALUES ('1bfe8fa4-85d5-4aa2-8122-65e87a91c11e', 0, 30, 14490.4, TRUE) ON CONFLICT DO NOTHING;
INSERT INTO tiers (plan_id, min_days, max_days, price_inr, is_active) VALUES ('1bfe8fa4-85d5-4aa2-8122-65e87a91c11e', 31, 365, 16673.4, TRUE) ON CONFLICT DO NOTHING;
INSERT INTO tiers (plan_id, min_days, max_days, price_inr, is_active) VALUES ('1bfe8fa4-85d5-4aa2-8122-65e87a91c11e', 366, 730, 18844.6, TRUE) ON CONFLICT DO NOTHING;
INSERT INTO tiers (plan_id, min_days, max_days, price_inr, is_active) VALUES ('1bfe8fa4-85d5-4aa2-8122-65e87a91c11e', 731, 1095, 21015.8, TRUE) ON CONFLICT DO NOTHING;
INSERT INTO plans (id, variant_id, plan_name, duration_months, max_kms) VALUES ('174d3fd1-8d53-4df7-b87c-0ea8d5890f3a', 'c3dc0005-cfc3-4416-aa4c-ca6279f95ac3', '24 Months / 40,000 Kms', 24, 40000) ON CONFLICT DO NOTHING;
INSERT INTO tiers (plan_id, min_days, max_days, price_inr, is_active) VALUES ('174d3fd1-8d53-4df7-b87c-0ea8d5890f3a', 0, 30, 16378.4, TRUE) ON CONFLICT DO NOTHING;
INSERT INTO tiers (plan_id, min_days, max_days, price_inr, is_active) VALUES ('174d3fd1-8d53-4df7-b87c-0ea8d5890f3a', 31, 365, 18844.6, TRUE) ON CONFLICT DO NOTHING;
INSERT INTO tiers (plan_id, min_days, max_days, price_inr, is_active) VALUES ('174d3fd1-8d53-4df7-b87c-0ea8d5890f3a', 366, 730, 21299.0, TRUE) ON CONFLICT DO NOTHING;
INSERT INTO tiers (plan_id, min_days, max_days, price_inr, is_active) VALUES ('174d3fd1-8d53-4df7-b87c-0ea8d5890f3a', 731, 1095, 23753.4, TRUE) ON CONFLICT DO NOTHING;
INSERT INTO plans (id, variant_id, plan_name, duration_months, max_kms) VALUES ('11fb9697-a876-469a-81a6-113050b2eb17', 'c3dc0005-cfc3-4416-aa4c-ca6279f95ac3', '36 Months / 60,000 Kms', 36, 60000) ON CONFLICT DO NOTHING;
INSERT INTO tiers (plan_id, min_days, max_days, price_inr, is_active) VALUES ('11fb9697-a876-469a-81a6-113050b2eb17', 0, 30, 17676.4, TRUE) ON CONFLICT DO NOTHING;
INSERT INTO tiers (plan_id, min_days, max_days, price_inr, is_active) VALUES ('11fb9697-a876-469a-81a6-113050b2eb17', 31, 365, 20331.4, TRUE) ON CONFLICT DO NOTHING;
INSERT INTO tiers (plan_id, min_days, max_days, price_inr, is_active) VALUES ('11fb9697-a876-469a-81a6-113050b2eb17', 366, 730, 22986.4, TRUE) ON CONFLICT DO NOTHING;
INSERT INTO tiers (plan_id, min_days, max_days, price_inr, is_active) VALUES ('11fb9697-a876-469a-81a6-113050b2eb17', 731, 1095, 25641.4, TRUE) ON CONFLICT DO NOTHING;
INSERT INTO variants (id, model_id, name, fuel, transmission, oem_warranty_months, oem_warranty_kms) VALUES ('8d480be7-0a53-46c0-bfc9-c5fdc7d6a130', '54ac06d2-b357-4395-af79-db8e8b5e1f0d', 'MARUTI BALENO ALPHA PETROL', 'Petrol', 'Manual', 36, 100000) ON CONFLICT DO NOTHING;
INSERT INTO plans (id, variant_id, plan_name, duration_months, max_kms) VALUES ('101e4810-3632-48c3-bfed-1fba650f1685', '8d480be7-0a53-46c0-bfc9-c5fdc7d6a130', '12 Months / 20,000 Kms', 12, 20000) ON CONFLICT DO NOTHING;
INSERT INTO tiers (plan_id, min_days, max_days, price_inr, is_active) VALUES ('101e4810-3632-48c3-bfed-1fba650f1685', 0, 30, 12295.6, TRUE) ON CONFLICT DO NOTHING;
INSERT INTO tiers (plan_id, min_days, max_days, price_inr, is_active) VALUES ('101e4810-3632-48c3-bfed-1fba650f1685', 31, 365, 14148.2, TRUE) ON CONFLICT DO NOTHING;
INSERT INTO tiers (plan_id, min_days, max_days, price_inr, is_active) VALUES ('101e4810-3632-48c3-bfed-1fba650f1685', 366, 730, 15989.0, TRUE) ON CONFLICT DO NOTHING;
INSERT INTO tiers (plan_id, min_days, max_days, price_inr, is_active) VALUES ('101e4810-3632-48c3-bfed-1fba650f1685', 731, 1095, 17829.8, TRUE) ON CONFLICT DO NOTHING;
INSERT INTO plans (id, variant_id, plan_name, duration_months, max_kms) VALUES ('035c4e20-2911-44f8-a64f-8e5595df0b98', '8d480be7-0a53-46c0-bfc9-c5fdc7d6a130', '24 Months / 40,000 Kms', 24, 40000) ON CONFLICT DO NOTHING;
INSERT INTO tiers (plan_id, min_days, max_days, price_inr, is_active) VALUES ('035c4e20-2911-44f8-a64f-8e5595df0b98', 0, 30, 14183.6, TRUE) ON CONFLICT DO NOTHING;
INSERT INTO tiers (plan_id, min_days, max_days, price_inr, is_active) VALUES ('035c4e20-2911-44f8-a64f-8e5595df0b98', 31, 365, 16319.4, TRUE) ON CONFLICT DO NOTHING;
INSERT INTO tiers (plan_id, min_days, max_days, price_inr, is_active) VALUES ('035c4e20-2911-44f8-a64f-8e5595df0b98', 366, 730, 18443.4, TRUE) ON CONFLICT DO NOTHING;
INSERT INTO tiers (plan_id, min_days, max_days, price_inr, is_active) VALUES ('035c4e20-2911-44f8-a64f-8e5595df0b98', 731, 1095, 20567.4, TRUE) ON CONFLICT DO NOTHING;
INSERT INTO plans (id, variant_id, plan_name, duration_months, max_kms) VALUES ('2486dad4-d93f-45fd-94d6-3a5fe1b8178f', '8d480be7-0a53-46c0-bfc9-c5fdc7d6a130', '36 Months / 60,000 Kms', 36, 60000) ON CONFLICT DO NOTHING;
INSERT INTO tiers (plan_id, min_days, max_days, price_inr, is_active) VALUES ('2486dad4-d93f-45fd-94d6-3a5fe1b8178f', 0, 30, 15481.6, TRUE) ON CONFLICT DO NOTHING;
INSERT INTO tiers (plan_id, min_days, max_days, price_inr, is_active) VALUES ('2486dad4-d93f-45fd-94d6-3a5fe1b8178f', 31, 365, 17806.2, TRUE) ON CONFLICT DO NOTHING;
INSERT INTO tiers (plan_id, min_days, max_days, price_inr, is_active) VALUES ('2486dad4-d93f-45fd-94d6-3a5fe1b8178f', 366, 730, 20130.8, TRUE) ON CONFLICT DO NOTHING;
INSERT INTO tiers (plan_id, min_days, max_days, price_inr, is_active) VALUES ('2486dad4-d93f-45fd-94d6-3a5fe1b8178f', 731, 1095, 22455.4, TRUE) ON CONFLICT DO NOTHING;
INSERT INTO variants (id, model_id, name, fuel, transmission, oem_warranty_months, oem_warranty_kms) VALUES ('f103e140-d4b9-493e-84f2-7efd4862d5bb', '54ac06d2-b357-4395-af79-db8e8b5e1f0d', 'MARUTI BALENO DELTA (AUTOMATIC) PETROL', 'Petrol', 'Automatic', 36, 100000) ON CONFLICT DO NOTHING;
INSERT INTO plans (id, variant_id, plan_name, duration_months, max_kms) VALUES ('799203e6-30ac-49a9-9cd8-9c335a5f2f96', 'f103e140-d4b9-493e-84f2-7efd4862d5bb', '12 Months / 20,000 Kms', 12, 20000) ON CONFLICT DO NOTHING;
INSERT INTO tiers (plan_id, min_days, max_days, price_inr, is_active) VALUES ('799203e6-30ac-49a9-9cd8-9c335a5f2f96', 0, 30, 11835.4, TRUE) ON CONFLICT DO NOTHING;
INSERT INTO tiers (plan_id, min_days, max_days, price_inr, is_active) VALUES ('799203e6-30ac-49a9-9cd8-9c335a5f2f96', 31, 365, 13617.2, TRUE) ON CONFLICT DO NOTHING;
INSERT INTO tiers (plan_id, min_days, max_days, price_inr, is_active) VALUES ('799203e6-30ac-49a9-9cd8-9c335a5f2f96', 366, 730, 15387.2, TRUE) ON CONFLICT DO NOTHING;
INSERT INTO tiers (plan_id, min_days, max_days, price_inr, is_active) VALUES ('799203e6-30ac-49a9-9cd8-9c335a5f2f96', 731, 1095, 17169.0, TRUE) ON CONFLICT DO NOTHING;
INSERT INTO plans (id, variant_id, plan_name, duration_months, max_kms) VALUES ('4b744409-dd4b-4a64-978f-4aa6304ab013', 'f103e140-d4b9-493e-84f2-7efd4862d5bb', '24 Months / 40,000 Kms', 24, 40000) ON CONFLICT DO NOTHING;
INSERT INTO tiers (plan_id, min_days, max_days, price_inr, is_active) VALUES ('4b744409-dd4b-4a64-978f-4aa6304ab013', 0, 30, 13723.4, TRUE) ON CONFLICT DO NOTHING;
INSERT INTO tiers (plan_id, min_days, max_days, price_inr, is_active) VALUES ('4b744409-dd4b-4a64-978f-4aa6304ab013', 31, 365, 15788.4, TRUE) ON CONFLICT DO NOTHING;
INSERT INTO tiers (plan_id, min_days, max_days, price_inr, is_active) VALUES ('4b744409-dd4b-4a64-978f-4aa6304ab013', 366, 730, 17841.6, TRUE) ON CONFLICT DO NOTHING;
INSERT INTO tiers (plan_id, min_days, max_days, price_inr, is_active) VALUES ('4b744409-dd4b-4a64-978f-4aa6304ab013', 731, 1095, 19906.6, TRUE) ON CONFLICT DO NOTHING;
INSERT INTO plans (id, variant_id, plan_name, duration_months, max_kms) VALUES ('27bd4755-51aa-4ae8-b2b5-6c0095dcff99', 'f103e140-d4b9-493e-84f2-7efd4862d5bb', '36 Months / 60,000 Kms', 36, 60000) ON CONFLICT DO NOTHING;
INSERT INTO tiers (plan_id, min_days, max_days, price_inr, is_active) VALUES ('27bd4755-51aa-4ae8-b2b5-6c0095dcff99', 0, 30, 15021.4, TRUE) ON CONFLICT DO NOTHING;
INSERT INTO tiers (plan_id, min_days, max_days, price_inr, is_active) VALUES ('27bd4755-51aa-4ae8-b2b5-6c0095dcff99', 31, 365, 17275.2, TRUE) ON CONFLICT DO NOTHING;
INSERT INTO tiers (plan_id, min_days, max_days, price_inr, is_active) VALUES ('27bd4755-51aa-4ae8-b2b5-6c0095dcff99', 366, 730, 19529.0, TRUE) ON CONFLICT DO NOTHING;
INSERT INTO tiers (plan_id, min_days, max_days, price_inr, is_active) VALUES ('27bd4755-51aa-4ae8-b2b5-6c0095dcff99', 731, 1095, 21782.8, TRUE) ON CONFLICT DO NOTHING;
INSERT INTO variants (id, model_id, name, fuel, transmission, oem_warranty_months, oem_warranty_kms) VALUES ('3096542f-8903-4cd5-8903-4c64906612dd', '54ac06d2-b357-4395-af79-db8e8b5e1f0d', 'MARUTI BALENO DELTA PETROL', 'Petrol', 'Manual', 36, 100000) ON CONFLICT DO NOTHING;
INSERT INTO plans (id, variant_id, plan_name, duration_months, max_kms) VALUES ('8ea51695-1855-4b70-9bb1-c9933bd453ce', '3096542f-8903-4cd5-8903-4c64906612dd', '12 Months / 20,000 Kms', 12, 20000) ON CONFLICT DO NOTHING;
INSERT INTO tiers (plan_id, min_days, max_days, price_inr, is_active) VALUES ('8ea51695-1855-4b70-9bb1-c9933bd453ce', 0, 30, 9640.6, TRUE) ON CONFLICT DO NOTHING;
INSERT INTO tiers (plan_id, min_days, max_days, price_inr, is_active) VALUES ('8ea51695-1855-4b70-9bb1-c9933bd453ce', 31, 365, 11092.0, TRUE) ON CONFLICT DO NOTHING;
INSERT INTO tiers (plan_id, min_days, max_days, price_inr, is_active) VALUES ('8ea51695-1855-4b70-9bb1-c9933bd453ce', 366, 730, 12543.4, TRUE) ON CONFLICT DO NOTHING;
INSERT INTO tiers (plan_id, min_days, max_days, price_inr, is_active) VALUES ('8ea51695-1855-4b70-9bb1-c9933bd453ce', 731, 1095, 13983.0, TRUE) ON CONFLICT DO NOTHING;
INSERT INTO plans (id, variant_id, plan_name, duration_months, max_kms) VALUES ('29ff1380-4620-4425-9372-802adf47d5ab', '3096542f-8903-4cd5-8903-4c64906612dd', '24 Months / 40,000 Kms', 24, 40000) ON CONFLICT DO NOTHING;
INSERT INTO tiers (plan_id, min_days, max_days, price_inr, is_active) VALUES ('29ff1380-4620-4425-9372-802adf47d5ab', 0, 30, 11528.6, TRUE) ON CONFLICT DO NOTHING;
INSERT INTO tiers (plan_id, min_days, max_days, price_inr, is_active) VALUES ('29ff1380-4620-4425-9372-802adf47d5ab', 31, 365, 13263.2, TRUE) ON CONFLICT DO NOTHING;
INSERT INTO tiers (plan_id, min_days, max_days, price_inr, is_active) VALUES ('29ff1380-4620-4425-9372-802adf47d5ab', 366, 730, 14997.8, TRUE) ON CONFLICT DO NOTHING;
INSERT INTO tiers (plan_id, min_days, max_days, price_inr, is_active) VALUES ('29ff1380-4620-4425-9372-802adf47d5ab', 731, 1095, 16720.6, TRUE) ON CONFLICT DO NOTHING;
INSERT INTO plans (id, variant_id, plan_name, duration_months, max_kms) VALUES ('4eb985d4-f7eb-4a9a-96d6-7b7b581c8502', '3096542f-8903-4cd5-8903-4c64906612dd', '36 Months / 60,000 Kms', 36, 60000) ON CONFLICT DO NOTHING;
INSERT INTO tiers (plan_id, min_days, max_days, price_inr, is_active) VALUES ('4eb985d4-f7eb-4a9a-96d6-7b7b581c8502', 0, 30, 12826.6, TRUE) ON CONFLICT DO NOTHING;
INSERT INTO tiers (plan_id, min_days, max_days, price_inr, is_active) VALUES ('4eb985d4-f7eb-4a9a-96d6-7b7b581c8502', 31, 365, 14761.8, TRUE) ON CONFLICT DO NOTHING;
INSERT INTO tiers (plan_id, min_days, max_days, price_inr, is_active) VALUES ('4eb985d4-f7eb-4a9a-96d6-7b7b581c8502', 366, 730, 16685.2, TRUE) ON CONFLICT DO NOTHING;
INSERT INTO tiers (plan_id, min_days, max_days, price_inr, is_active) VALUES ('4eb985d4-f7eb-4a9a-96d6-7b7b581c8502', 731, 1095, 18608.6, TRUE) ON CONFLICT DO NOTHING;
INSERT INTO variants (id, model_id, name, fuel, transmission, oem_warranty_months, oem_warranty_kms) VALUES ('884a31dc-eba6-46ce-ae4c-89a98249ece8', '54ac06d2-b357-4395-af79-db8e8b5e1f0d', 'MARUTI BALENO DELTA SMART HYBRID PETROL', 'Hybrid', 'Manual', 36, 100000) ON CONFLICT DO NOTHING;
INSERT INTO plans (id, variant_id, plan_name, duration_months, max_kms) VALUES ('e557402c-44c7-4821-886a-8e5b31c1571c', '884a31dc-eba6-46ce-ae4c-89a98249ece8', '12 Months / 20,000 Kms', 12, 20000) ON CONFLICT DO NOTHING;
INSERT INTO tiers (plan_id, min_days, max_days, price_inr, is_active) VALUES ('e557402c-44c7-4821-886a-8e5b31c1571c', 0, 30, 11269.0, TRUE) ON CONFLICT DO NOTHING;
INSERT INTO tiers (plan_id, min_days, max_days, price_inr, is_active) VALUES ('e557402c-44c7-4821-886a-8e5b31c1571c', 31, 365, 12968.2, TRUE) ON CONFLICT DO NOTHING;
INSERT INTO tiers (plan_id, min_days, max_days, price_inr, is_active) VALUES ('e557402c-44c7-4821-886a-8e5b31c1571c', 366, 730, 14655.6, TRUE) ON CONFLICT DO NOTHING;
INSERT INTO tiers (plan_id, min_days, max_days, price_inr, is_active) VALUES ('e557402c-44c7-4821-886a-8e5b31c1571c', 731, 1095, 16343.0, TRUE) ON CONFLICT DO NOTHING;
INSERT INTO plans (id, variant_id, plan_name, duration_months, max_kms) VALUES ('dcd2c5ec-c1df-4d56-8e01-869c0c6eb66f', '884a31dc-eba6-46ce-ae4c-89a98249ece8', '24 Months / 40,000 Kms', 24, 40000) ON CONFLICT DO NOTHING;
INSERT INTO tiers (plan_id, min_days, max_days, price_inr, is_active) VALUES ('dcd2c5ec-c1df-4d56-8e01-869c0c6eb66f', 0, 30, 13157.0, TRUE) ON CONFLICT DO NOTHING;
INSERT INTO tiers (plan_id, min_days, max_days, price_inr, is_active) VALUES ('dcd2c5ec-c1df-4d56-8e01-869c0c6eb66f', 31, 365, 15139.4, TRUE) ON CONFLICT DO NOTHING;
INSERT INTO tiers (plan_id, min_days, max_days, price_inr, is_active) VALUES ('dcd2c5ec-c1df-4d56-8e01-869c0c6eb66f', 366, 730, 17110.0, TRUE) ON CONFLICT DO NOTHING;
INSERT INTO tiers (plan_id, min_days, max_days, price_inr, is_active) VALUES ('dcd2c5ec-c1df-4d56-8e01-869c0c6eb66f', 731, 1095, 19080.6, TRUE) ON CONFLICT DO NOTHING;
INSERT INTO plans (id, variant_id, plan_name, duration_months, max_kms) VALUES ('3cfbba52-50bf-4b06-815c-e32771be046b', '884a31dc-eba6-46ce-ae4c-89a98249ece8', '36 Months / 60,000 Kms', 36, 60000) ON CONFLICT DO NOTHING;
INSERT INTO tiers (plan_id, min_days, max_days, price_inr, is_active) VALUES ('3cfbba52-50bf-4b06-815c-e32771be046b', 0, 30, 14455.0, TRUE) ON CONFLICT DO NOTHING;
INSERT INTO tiers (plan_id, min_days, max_days, price_inr, is_active) VALUES ('3cfbba52-50bf-4b06-815c-e32771be046b', 31, 365, 16626.2, TRUE) ON CONFLICT DO NOTHING;
INSERT INTO tiers (plan_id, min_days, max_days, price_inr, is_active) VALUES ('3cfbba52-50bf-4b06-815c-e32771be046b', 366, 730, 18797.4, TRUE) ON CONFLICT DO NOTHING;
INSERT INTO tiers (plan_id, min_days, max_days, price_inr, is_active) VALUES ('3cfbba52-50bf-4b06-815c-e32771be046b', 731, 1095, 20968.6, TRUE) ON CONFLICT DO NOTHING;
INSERT INTO variants (id, model_id, name, fuel, transmission, oem_warranty_months, oem_warranty_kms) VALUES ('581abe17-332b-47d5-abb2-e678528b8fae', '54ac06d2-b357-4395-af79-db8e8b5e1f0d', 'MARUTI BALENO SIGMA PETROL', 'Petrol', 'Manual', 36, 100000) ON CONFLICT DO NOTHING;
INSERT INTO plans (id, variant_id, plan_name, duration_months, max_kms) VALUES ('f7fb7c84-7595-459b-a50b-3baedeece10a', '581abe17-332b-47d5-abb2-e678528b8fae', '12 Months / 20,000 Kms', 12, 20000) ON CONFLICT DO NOTHING;
INSERT INTO tiers (plan_id, min_days, max_days, price_inr, is_active) VALUES ('f7fb7c84-7595-459b-a50b-3baedeece10a', 0, 30, 8047.6, TRUE) ON CONFLICT DO NOTHING;
INSERT INTO tiers (plan_id, min_days, max_days, price_inr, is_active) VALUES ('f7fb7c84-7595-459b-a50b-3baedeece10a', 31, 365, 9263.0, TRUE) ON CONFLICT DO NOTHING;
INSERT INTO tiers (plan_id, min_days, max_days, price_inr, is_active) VALUES ('f7fb7c84-7595-459b-a50b-3baedeece10a', 366, 730, 10466.6, TRUE) ON CONFLICT DO NOTHING;
INSERT INTO tiers (plan_id, min_days, max_days, price_inr, is_active) VALUES ('f7fb7c84-7595-459b-a50b-3baedeece10a', 731, 1095, 11670.2, TRUE) ON CONFLICT DO NOTHING;
INSERT INTO plans (id, variant_id, plan_name, duration_months, max_kms) VALUES ('9f9798a0-2c9d-4253-946b-ca7ff228d0b8', '581abe17-332b-47d5-abb2-e678528b8fae', '24 Months / 40,000 Kms', 24, 40000) ON CONFLICT DO NOTHING;
INSERT INTO tiers (plan_id, min_days, max_days, price_inr, is_active) VALUES ('9f9798a0-2c9d-4253-946b-ca7ff228d0b8', 0, 30, 9935.6, TRUE) ON CONFLICT DO NOTHING;
INSERT INTO tiers (plan_id, min_days, max_days, price_inr, is_active) VALUES ('9f9798a0-2c9d-4253-946b-ca7ff228d0b8', 31, 365, 11434.2, TRUE) ON CONFLICT DO NOTHING;
INSERT INTO tiers (plan_id, min_days, max_days, price_inr, is_active) VALUES ('9f9798a0-2c9d-4253-946b-ca7ff228d0b8', 366, 730, 12921.0, TRUE) ON CONFLICT DO NOTHING;
INSERT INTO tiers (plan_id, min_days, max_days, price_inr, is_active) VALUES ('9f9798a0-2c9d-4253-946b-ca7ff228d0b8', 731, 1095, 14407.8, TRUE) ON CONFLICT DO NOTHING;
INSERT INTO plans (id, variant_id, plan_name, duration_months, max_kms) VALUES ('338df814-1efe-49db-9c1f-df5180b0207e', '581abe17-332b-47d5-abb2-e678528b8fae', '36 Months / 60,000 Kms', 36, 60000) ON CONFLICT DO NOTHING;
INSERT INTO tiers (plan_id, min_days, max_days, price_inr, is_active) VALUES ('338df814-1efe-49db-9c1f-df5180b0207e', 0, 30, 11233.6, TRUE) ON CONFLICT DO NOTHING;
INSERT INTO tiers (plan_id, min_days, max_days, price_inr, is_active) VALUES ('338df814-1efe-49db-9c1f-df5180b0207e', 31, 365, 12921.0, TRUE) ON CONFLICT DO NOTHING;
INSERT INTO tiers (plan_id, min_days, max_days, price_inr, is_active) VALUES ('338df814-1efe-49db-9c1f-df5180b0207e', 366, 730, 14608.4, TRUE) ON CONFLICT DO NOTHING;
INSERT INTO tiers (plan_id, min_days, max_days, price_inr, is_active) VALUES ('338df814-1efe-49db-9c1f-df5180b0207e', 731, 1095, 16295.8, TRUE) ON CONFLICT DO NOTHING;
INSERT INTO variants (id, model_id, name, fuel, transmission, oem_warranty_months, oem_warranty_kms) VALUES ('fc2f66af-0cab-4e45-ba5a-5e1c86bf409c', '54ac06d2-b357-4395-af79-db8e8b5e1f0d', 'MARUTI BALENO ZETA (AUTOMATIC) PETROL', 'Petrol', 'Automatic', 36, 100000) ON CONFLICT DO NOTHING;
INSERT INTO plans (id, variant_id, plan_name, duration_months, max_kms) VALUES ('34a83836-b8f7-4a5a-a580-ae6e04eee0a0', 'fc2f66af-0cab-4e45-ba5a-5e1c86bf409c', '12 Months / 20,000 Kms', 12, 20000) ON CONFLICT DO NOTHING;
INSERT INTO tiers (plan_id, min_days, max_days, price_inr, is_active) VALUES ('34a83836-b8f7-4a5a-a580-ae6e04eee0a0', 0, 30, 13098.0, TRUE) ON CONFLICT DO NOTHING;
INSERT INTO tiers (plan_id, min_days, max_days, price_inr, is_active) VALUES ('34a83836-b8f7-4a5a-a580-ae6e04eee0a0', 31, 365, 15068.6, TRUE) ON CONFLICT DO NOTHING;
INSERT INTO tiers (plan_id, min_days, max_days, price_inr, is_active) VALUES ('34a83836-b8f7-4a5a-a580-ae6e04eee0a0', 366, 730, 17027.4, TRUE) ON CONFLICT DO NOTHING;
INSERT INTO tiers (plan_id, min_days, max_days, price_inr, is_active) VALUES ('34a83836-b8f7-4a5a-a580-ae6e04eee0a0', 731, 1095, 18998.0, TRUE) ON CONFLICT DO NOTHING;
INSERT INTO plans (id, variant_id, plan_name, duration_months, max_kms) VALUES ('9f21d5ff-0e0a-4ffc-9b51-178a81e3ef63', 'fc2f66af-0cab-4e45-ba5a-5e1c86bf409c', '24 Months / 40,000 Kms', 24, 40000) ON CONFLICT DO NOTHING;
INSERT INTO tiers (plan_id, min_days, max_days, price_inr, is_active) VALUES ('9f21d5ff-0e0a-4ffc-9b51-178a81e3ef63', 0, 30, 14986.0, TRUE) ON CONFLICT DO NOTHING;
INSERT INTO tiers (plan_id, min_days, max_days, price_inr, is_active) VALUES ('9f21d5ff-0e0a-4ffc-9b51-178a81e3ef63', 31, 365, 17239.8, TRUE) ON CONFLICT DO NOTHING;
INSERT INTO tiers (plan_id, min_days, max_days, price_inr, is_active) VALUES ('9f21d5ff-0e0a-4ffc-9b51-178a81e3ef63', 366, 730, 19481.8, TRUE) ON CONFLICT DO NOTHING;
INSERT INTO tiers (plan_id, min_days, max_days, price_inr, is_active) VALUES ('9f21d5ff-0e0a-4ffc-9b51-178a81e3ef63', 731, 1095, 21735.6, TRUE) ON CONFLICT DO NOTHING;
INSERT INTO plans (id, variant_id, plan_name, duration_months, max_kms) VALUES ('9a0944fc-f299-40f8-83cc-5ae5d5d3f474', 'fc2f66af-0cab-4e45-ba5a-5e1c86bf409c', '36 Months / 60,000 Kms', 36, 60000) ON CONFLICT DO NOTHING;
INSERT INTO tiers (plan_id, min_days, max_days, price_inr, is_active) VALUES ('9a0944fc-f299-40f8-83cc-5ae5d5d3f474', 0, 30, 16284.0, TRUE) ON CONFLICT DO NOTHING;
INSERT INTO tiers (plan_id, min_days, max_days, price_inr, is_active) VALUES ('9a0944fc-f299-40f8-83cc-5ae5d5d3f474', 31, 365, 18726.6, TRUE) ON CONFLICT DO NOTHING;
INSERT INTO tiers (plan_id, min_days, max_days, price_inr, is_active) VALUES ('9a0944fc-f299-40f8-83cc-5ae5d5d3f474', 366, 730, 21169.2, TRUE) ON CONFLICT DO NOTHING;
INSERT INTO tiers (plan_id, min_days, max_days, price_inr, is_active) VALUES ('9a0944fc-f299-40f8-83cc-5ae5d5d3f474', 731, 1095, 23611.8, TRUE) ON CONFLICT DO NOTHING;
INSERT INTO variants (id, model_id, name, fuel, transmission, oem_warranty_months, oem_warranty_kms) VALUES ('fb84144b-91c7-4f63-84bc-2d69683119d5', '54ac06d2-b357-4395-af79-db8e8b5e1f0d', 'MARUTI BALENO ZETA PETROL', 'Petrol', 'Manual', 36, 100000) ON CONFLICT DO NOTHING;
INSERT INTO plans (id, variant_id, plan_name, duration_months, max_kms) VALUES ('ce2418a6-6592-4795-9248-b163a0c53f51', 'fb84144b-91c7-4f63-84bc-2d69683119d5', '12 Months / 20,000 Kms', 12, 20000) ON CONFLICT DO NOTHING;
INSERT INTO tiers (plan_id, min_days, max_days, price_inr, is_active) VALUES ('ce2418a6-6592-4795-9248-b163a0c53f51', 0, 30, 10903.2, TRUE) ON CONFLICT DO NOTHING;
INSERT INTO tiers (plan_id, min_days, max_days, price_inr, is_active) VALUES ('ce2418a6-6592-4795-9248-b163a0c53f51', 31, 365, 12543.4, TRUE) ON CONFLICT DO NOTHING;
INSERT INTO tiers (plan_id, min_days, max_days, price_inr, is_active) VALUES ('ce2418a6-6592-4795-9248-b163a0c53f51', 366, 730, 14183.6, TRUE) ON CONFLICT DO NOTHING;
INSERT INTO tiers (plan_id, min_days, max_days, price_inr, is_active) VALUES ('ce2418a6-6592-4795-9248-b163a0c53f51', 731, 1095, 15812.0, TRUE) ON CONFLICT DO NOTHING;
INSERT INTO plans (id, variant_id, plan_name, duration_months, max_kms) VALUES ('96b2b7c8-4e19-4bae-9e04-3fe7c2973754', 'fb84144b-91c7-4f63-84bc-2d69683119d5', '24 Months / 40,000 Kms', 24, 40000) ON CONFLICT DO NOTHING;
INSERT INTO tiers (plan_id, min_days, max_days, price_inr, is_active) VALUES ('96b2b7c8-4e19-4bae-9e04-3fe7c2973754', 0, 30, 12791.2, TRUE) ON CONFLICT DO NOTHING;
INSERT INTO tiers (plan_id, min_days, max_days, price_inr, is_active) VALUES ('96b2b7c8-4e19-4bae-9e04-3fe7c2973754', 31, 365, 14714.6, TRUE) ON CONFLICT DO NOTHING;
INSERT INTO tiers (plan_id, min_days, max_days, price_inr, is_active) VALUES ('96b2b7c8-4e19-4bae-9e04-3fe7c2973754', 366, 730, 16638.0, TRUE) ON CONFLICT DO NOTHING;
INSERT INTO tiers (plan_id, min_days, max_days, price_inr, is_active) VALUES ('96b2b7c8-4e19-4bae-9e04-3fe7c2973754', 731, 1095, 18549.6, TRUE) ON CONFLICT DO NOTHING;
INSERT INTO plans (id, variant_id, plan_name, duration_months, max_kms) VALUES ('b5449d9b-7fa1-4738-a785-3dd0cad72365', 'fb84144b-91c7-4f63-84bc-2d69683119d5', '36 Months / 60,000 Kms', 36, 60000) ON CONFLICT DO NOTHING;
INSERT INTO tiers (plan_id, min_days, max_days, price_inr, is_active) VALUES ('b5449d9b-7fa1-4738-a785-3dd0cad72365', 0, 30, 14089.2, TRUE) ON CONFLICT DO NOTHING;
INSERT INTO tiers (plan_id, min_days, max_days, price_inr, is_active) VALUES ('b5449d9b-7fa1-4738-a785-3dd0cad72365', 31, 365, 16213.2, TRUE) ON CONFLICT DO NOTHING;
INSERT INTO tiers (plan_id, min_days, max_days, price_inr, is_active) VALUES ('b5449d9b-7fa1-4738-a785-3dd0cad72365', 366, 730, 18325.4, TRUE) ON CONFLICT DO NOTHING;
INSERT INTO tiers (plan_id, min_days, max_days, price_inr, is_active) VALUES ('b5449d9b-7fa1-4738-a785-3dd0cad72365', 731, 1095, 20437.6, TRUE) ON CONFLICT DO NOTHING;
INSERT INTO variants (id, model_id, name, fuel, transmission, oem_warranty_months, oem_warranty_kms) VALUES ('a8fea756-5a9c-4ba9-bbe0-28b6b68d8214', '54ac06d2-b357-4395-af79-db8e8b5e1f0d', 'MARUTI BALENO ZETA SMART HYBRID PETROL', 'Hybrid', 'Manual', 36, 100000) ON CONFLICT DO NOTHING;
INSERT INTO plans (id, variant_id, plan_name, duration_months, max_kms) VALUES ('4e384e4a-d0a0-4f44-b4f3-b32af86f3270', 'a8fea756-5a9c-4ba9-bbe0-28b6b68d8214', '12 Months / 20,000 Kms', 12, 20000) ON CONFLICT DO NOTHING;
INSERT INTO tiers (plan_id, min_days, max_days, price_inr, is_active) VALUES ('4e384e4a-d0a0-4f44-b4f3-b32af86f3270', 0, 30, 12531.6, TRUE) ON CONFLICT DO NOTHING;
INSERT INTO tiers (plan_id, min_days, max_days, price_inr, is_active) VALUES ('4e384e4a-d0a0-4f44-b4f3-b32af86f3270', 31, 365, 14419.6, TRUE) ON CONFLICT DO NOTHING;
INSERT INTO tiers (plan_id, min_days, max_days, price_inr, is_active) VALUES ('4e384e4a-d0a0-4f44-b4f3-b32af86f3270', 366, 730, 16295.8, TRUE) ON CONFLICT DO NOTHING;
INSERT INTO tiers (plan_id, min_days, max_days, price_inr, is_active) VALUES ('4e384e4a-d0a0-4f44-b4f3-b32af86f3270', 731, 1095, 18172.0, TRUE) ON CONFLICT DO NOTHING;
INSERT INTO plans (id, variant_id, plan_name, duration_months, max_kms) VALUES ('299547dc-0ad9-4f29-ada5-9df5fcc3d43e', 'a8fea756-5a9c-4ba9-bbe0-28b6b68d8214', '24 Months / 40,000 Kms', 24, 40000) ON CONFLICT DO NOTHING;
INSERT INTO tiers (plan_id, min_days, max_days, price_inr, is_active) VALUES ('299547dc-0ad9-4f29-ada5-9df5fcc3d43e', 0, 30, 14419.6, TRUE) ON CONFLICT DO NOTHING;
INSERT INTO tiers (plan_id, min_days, max_days, price_inr, is_active) VALUES ('299547dc-0ad9-4f29-ada5-9df5fcc3d43e', 31, 365, 16590.8, TRUE) ON CONFLICT DO NOTHING;
INSERT INTO tiers (plan_id, min_days, max_days, price_inr, is_active) VALUES ('299547dc-0ad9-4f29-ada5-9df5fcc3d43e', 366, 730, 18750.2, TRUE) ON CONFLICT DO NOTHING;
INSERT INTO tiers (plan_id, min_days, max_days, price_inr, is_active) VALUES ('299547dc-0ad9-4f29-ada5-9df5fcc3d43e', 731, 1095, 20909.6, TRUE) ON CONFLICT DO NOTHING;
INSERT INTO plans (id, variant_id, plan_name, duration_months, max_kms) VALUES ('68800ad7-04be-48d6-8d48-2f713cf49591', 'a8fea756-5a9c-4ba9-bbe0-28b6b68d8214', '36 Months / 60,000 Kms', 36, 60000) ON CONFLICT DO NOTHING;
INSERT INTO tiers (plan_id, min_days, max_days, price_inr, is_active) VALUES ('68800ad7-04be-48d6-8d48-2f713cf49591', 0, 30, 15717.6, TRUE) ON CONFLICT DO NOTHING;
INSERT INTO tiers (plan_id, min_days, max_days, price_inr, is_active) VALUES ('68800ad7-04be-48d6-8d48-2f713cf49591', 31, 365, 18077.6, TRUE) ON CONFLICT DO NOTHING;
INSERT INTO tiers (plan_id, min_days, max_days, price_inr, is_active) VALUES ('68800ad7-04be-48d6-8d48-2f713cf49591', 366, 730, 20437.6, TRUE) ON CONFLICT DO NOTHING;
INSERT INTO tiers (plan_id, min_days, max_days, price_inr, is_active) VALUES ('68800ad7-04be-48d6-8d48-2f713cf49591', 731, 1095, 22797.6, TRUE) ON CONFLICT DO NOTHING;
INSERT INTO models (id, brand_id, name) VALUES ('0fe4444a-d8fe-48fc-9d36-bbb0a2fe3af4', 'b1e782a2-c0d1-4b20-ae57-becb98f3ab90', 'CELERIO') ON CONFLICT DO NOTHING;
INSERT INTO variants (id, model_id, name, fuel, transmission, oem_warranty_months, oem_warranty_kms) VALUES ('dd6545aa-9e8b-44ad-b09f-f895a7ed913d', '0fe4444a-d8fe-48fc-9d36-bbb0a2fe3af4', 'MARUTI CELERIO LXI (O) 1L 5MT', 'Petrol', 'Manual', 36, 100000) ON CONFLICT DO NOTHING;
INSERT INTO plans (id, variant_id, plan_name, duration_months, max_kms) VALUES ('8756bd60-1ee2-4894-81cc-3a5901bebf38', 'dd6545aa-9e8b-44ad-b09f-f895a7ed913d', '12 Months / 20,000 Kms', 12, 20000) ON CONFLICT DO NOTHING;
INSERT INTO tiers (plan_id, min_days, max_days, price_inr, is_active) VALUES ('8756bd60-1ee2-4894-81cc-3a5901bebf38', 0, 30, 5900.0, TRUE) ON CONFLICT DO NOTHING;
INSERT INTO tiers (plan_id, min_days, max_days, price_inr, is_active) VALUES ('8756bd60-1ee2-4894-81cc-3a5901bebf38', 31, 365, 6785.0, TRUE) ON CONFLICT DO NOTHING;
INSERT INTO tiers (plan_id, min_days, max_days, price_inr, is_active) VALUES ('8756bd60-1ee2-4894-81cc-3a5901bebf38', 366, 730, 7670.0, TRUE) ON CONFLICT DO NOTHING;
INSERT INTO tiers (plan_id, min_days, max_days, price_inr, is_active) VALUES ('8756bd60-1ee2-4894-81cc-3a5901bebf38', 731, 1095, 8555.0, TRUE) ON CONFLICT DO NOTHING;
INSERT INTO plans (id, variant_id, plan_name, duration_months, max_kms) VALUES ('bf70a63d-1539-4cb5-bb0c-540013ca2ad4', 'dd6545aa-9e8b-44ad-b09f-f895a7ed913d', '24 Months / 40,000 Kms', 24, 40000) ON CONFLICT DO NOTHING;
INSERT INTO tiers (plan_id, min_days, max_days, price_inr, is_active) VALUES ('bf70a63d-1539-4cb5-bb0c-540013ca2ad4', 0, 30, 7198.0, TRUE) ON CONFLICT DO NOTHING;
INSERT INTO tiers (plan_id, min_days, max_days, price_inr, is_active) VALUES ('bf70a63d-1539-4cb5-bb0c-540013ca2ad4', 31, 365, 8283.6, TRUE) ON CONFLICT DO NOTHING;
INSERT INTO tiers (plan_id, min_days, max_days, price_inr, is_active) VALUES ('bf70a63d-1539-4cb5-bb0c-540013ca2ad4', 366, 730, 9357.4, TRUE) ON CONFLICT DO NOTHING;
INSERT INTO tiers (plan_id, min_days, max_days, price_inr, is_active) VALUES ('bf70a63d-1539-4cb5-bb0c-540013ca2ad4', 731, 1095, 10443.0, TRUE) ON CONFLICT DO NOTHING;
INSERT INTO plans (id, variant_id, plan_name, duration_months, max_kms) VALUES ('8c1f4c49-e4fb-4e41-a836-ef5cb3767e67', 'dd6545aa-9e8b-44ad-b09f-f895a7ed913d', '36 Months / 60,000 Kms', 36, 60000) ON CONFLICT DO NOTHING;
INSERT INTO tiers (plan_id, min_days, max_days, price_inr, is_active) VALUES ('8c1f4c49-e4fb-4e41-a836-ef5cb3767e67', 0, 30, 7788.0, TRUE) ON CONFLICT DO NOTHING;
INSERT INTO tiers (plan_id, min_days, max_days, price_inr, is_active) VALUES ('8c1f4c49-e4fb-4e41-a836-ef5cb3767e67', 31, 365, 8956.2, TRUE) ON CONFLICT DO NOTHING;
INSERT INTO tiers (plan_id, min_days, max_days, price_inr, is_active) VALUES ('8c1f4c49-e4fb-4e41-a836-ef5cb3767e67', 366, 730, 10124.4, TRUE) ON CONFLICT DO NOTHING;
INSERT INTO tiers (plan_id, min_days, max_days, price_inr, is_active) VALUES ('8c1f4c49-e4fb-4e41-a836-ef5cb3767e67', 731, 1095, 11292.6, TRUE) ON CONFLICT DO NOTHING;
INSERT INTO variants (id, model_id, name, fuel, transmission, oem_warranty_months, oem_warranty_kms) VALUES ('7dc3d089-f8f4-4664-b8f8-155d77c56438', '0fe4444a-d8fe-48fc-9d36-bbb0a2fe3af4', 'MARUTI CELERIO LXI 1L 5MT', 'Petrol', 'Manual', 36, 100000) ON CONFLICT DO NOTHING;
INSERT INTO plans (id, variant_id, plan_name, duration_months, max_kms) VALUES ('486cc876-09a9-4aed-8c1a-1a0b93f1e907', '7dc3d089-f8f4-4664-b8f8-155d77c56438', '12 Months / 20,000 Kms', 12, 20000) ON CONFLICT DO NOTHING;
INSERT INTO tiers (plan_id, min_days, max_days, price_inr, is_active) VALUES ('486cc876-09a9-4aed-8c1a-1a0b93f1e907', 0, 30, 5805.6, TRUE) ON CONFLICT DO NOTHING;
INSERT INTO tiers (plan_id, min_days, max_days, price_inr, is_active) VALUES ('486cc876-09a9-4aed-8c1a-1a0b93f1e907', 31, 365, 6678.8, TRUE) ON CONFLICT DO NOTHING;
INSERT INTO tiers (plan_id, min_days, max_days, price_inr, is_active) VALUES ('486cc876-09a9-4aed-8c1a-1a0b93f1e907', 366, 730, 7552.0, TRUE) ON CONFLICT DO NOTHING;
INSERT INTO tiers (plan_id, min_days, max_days, price_inr, is_active) VALUES ('486cc876-09a9-4aed-8c1a-1a0b93f1e907', 731, 1095, 8425.2, TRUE) ON CONFLICT DO NOTHING;
INSERT INTO plans (id, variant_id, plan_name, duration_months, max_kms) VALUES ('e845f3b3-89c6-403a-af99-1583f80e4835', '7dc3d089-f8f4-4664-b8f8-155d77c56438', '24 Months / 40,000 Kms', 24, 40000) ON CONFLICT DO NOTHING;
INSERT INTO tiers (plan_id, min_days, max_days, price_inr, is_active) VALUES ('e845f3b3-89c6-403a-af99-1583f80e4835', 0, 30, 7103.6, TRUE) ON CONFLICT DO NOTHING;
INSERT INTO tiers (plan_id, min_days, max_days, price_inr, is_active) VALUES ('e845f3b3-89c6-403a-af99-1583f80e4835', 31, 365, 8177.4, TRUE) ON CONFLICT DO NOTHING;
INSERT INTO tiers (plan_id, min_days, max_days, price_inr, is_active) VALUES ('e845f3b3-89c6-403a-af99-1583f80e4835', 366, 730, 9239.4, TRUE) ON CONFLICT DO NOTHING;
INSERT INTO tiers (plan_id, min_days, max_days, price_inr, is_active) VALUES ('e845f3b3-89c6-403a-af99-1583f80e4835', 731, 1095, 10301.4, TRUE) ON CONFLICT DO NOTHING;
INSERT INTO plans (id, variant_id, plan_name, duration_months, max_kms) VALUES ('c79412f8-99d1-4afc-9093-b504031da179', '7dc3d089-f8f4-4664-b8f8-155d77c56438', '36 Months / 60,000 Kms', 36, 60000) ON CONFLICT DO NOTHING;
INSERT INTO tiers (plan_id, min_days, max_days, price_inr, is_active) VALUES ('c79412f8-99d1-4afc-9093-b504031da179', 0, 30, 7693.6, TRUE) ON CONFLICT DO NOTHING;
INSERT INTO tiers (plan_id, min_days, max_days, price_inr, is_active) VALUES ('c79412f8-99d1-4afc-9093-b504031da179', 31, 365, 8850.0, TRUE) ON CONFLICT DO NOTHING;
INSERT INTO tiers (plan_id, min_days, max_days, price_inr, is_active) VALUES ('c79412f8-99d1-4afc-9093-b504031da179', 366, 730, 10006.4, TRUE) ON CONFLICT DO NOTHING;
INSERT INTO tiers (plan_id, min_days, max_days, price_inr, is_active) VALUES ('c79412f8-99d1-4afc-9093-b504031da179', 731, 1095, 11162.8, TRUE) ON CONFLICT DO NOTHING;
INSERT INTO variants (id, model_id, name, fuel, transmission, oem_warranty_months, oem_warranty_kms) VALUES ('b6424035-7e28-43e6-ad5d-5bf2ec6b1a30', '0fe4444a-d8fe-48fc-9d36-bbb0a2fe3af4', 'MARUTI CELERIO VXI (O) 1L 5MT', 'Petrol', 'Manual', 36, 100000) ON CONFLICT DO NOTHING;
INSERT INTO plans (id, variant_id, plan_name, duration_months, max_kms) VALUES ('fe65ddd0-cbd4-4edc-b8c2-090ebaea533f', 'b6424035-7e28-43e6-ad5d-5bf2ec6b1a30', '12 Months / 20,000 Kms', 12, 20000) ON CONFLICT DO NOTHING;
INSERT INTO tiers (plan_id, min_days, max_days, price_inr, is_active) VALUES ('fe65ddd0-cbd4-4edc-b8c2-090ebaea533f', 0, 30, 6549.0, TRUE) ON CONFLICT DO NOTHING;
INSERT INTO tiers (plan_id, min_days, max_days, price_inr, is_active) VALUES ('fe65ddd0-cbd4-4edc-b8c2-090ebaea533f', 31, 365, 7540.2, TRUE) ON CONFLICT DO NOTHING;
INSERT INTO tiers (plan_id, min_days, max_days, price_inr, is_active) VALUES ('fe65ddd0-cbd4-4edc-b8c2-090ebaea533f', 366, 730, 8519.6, TRUE) ON CONFLICT DO NOTHING;
INSERT INTO tiers (plan_id, min_days, max_days, price_inr, is_active) VALUES ('fe65ddd0-cbd4-4edc-b8c2-090ebaea533f', 731, 1095, 9499.0, TRUE) ON CONFLICT DO NOTHING;
INSERT INTO plans (id, variant_id, plan_name, duration_months, max_kms) VALUES ('ddd4460b-292d-4b81-bd07-2c844694614e', 'b6424035-7e28-43e6-ad5d-5bf2ec6b1a30', '24 Months / 40,000 Kms', 24, 40000) ON CONFLICT DO NOTHING;
INSERT INTO tiers (plan_id, min_days, max_days, price_inr, is_active) VALUES ('ddd4460b-292d-4b81-bd07-2c844694614e', 0, 30, 7847.0, TRUE) ON CONFLICT DO NOTHING;
INSERT INTO tiers (plan_id, min_days, max_days, price_inr, is_active) VALUES ('ddd4460b-292d-4b81-bd07-2c844694614e', 31, 365, 9027.0, TRUE) ON CONFLICT DO NOTHING;
INSERT INTO tiers (plan_id, min_days, max_days, price_inr, is_active) VALUES ('ddd4460b-292d-4b81-bd07-2c844694614e', 366, 730, 10207.0, TRUE) ON CONFLICT DO NOTHING;
INSERT INTO tiers (plan_id, min_days, max_days, price_inr, is_active) VALUES ('ddd4460b-292d-4b81-bd07-2c844694614e', 731, 1095, 11387.0, TRUE) ON CONFLICT DO NOTHING;
INSERT INTO plans (id, variant_id, plan_name, duration_months, max_kms) VALUES ('f6ae36b8-110d-4252-ac39-0a62e439b9b7', 'b6424035-7e28-43e6-ad5d-5bf2ec6b1a30', '36 Months / 60,000 Kms', 36, 60000) ON CONFLICT DO NOTHING;
INSERT INTO tiers (plan_id, min_days, max_days, price_inr, is_active) VALUES ('f6ae36b8-110d-4252-ac39-0a62e439b9b7', 0, 30, 8437.0, TRUE) ON CONFLICT DO NOTHING;
INSERT INTO tiers (plan_id, min_days, max_days, price_inr, is_active) VALUES ('f6ae36b8-110d-4252-ac39-0a62e439b9b7', 31, 365, 9711.4, TRUE) ON CONFLICT DO NOTHING;
INSERT INTO tiers (plan_id, min_days, max_days, price_inr, is_active) VALUES ('f6ae36b8-110d-4252-ac39-0a62e439b9b7', 366, 730, 10974.0, TRUE) ON CONFLICT DO NOTHING;
INSERT INTO tiers (plan_id, min_days, max_days, price_inr, is_active) VALUES ('f6ae36b8-110d-4252-ac39-0a62e439b9b7', 731, 1095, 12236.6, TRUE) ON CONFLICT DO NOTHING;
INSERT INTO variants (id, model_id, name, fuel, transmission, oem_warranty_months, oem_warranty_kms) VALUES ('7da65802-b131-445c-80c8-484c26a5bd5b', '0fe4444a-d8fe-48fc-9d36-bbb0a2fe3af4', 'MARUTI CELERIO VXI (O) 1L AGS', 'Petrol', 'Automatic', 36, 100000) ON CONFLICT DO NOTHING;
INSERT INTO plans (id, variant_id, plan_name, duration_months, max_kms) VALUES ('a9e87135-1d77-4014-8ff1-95499587d775', '7da65802-b131-445c-80c8-484c26a5bd5b', '12 Months / 20,000 Kms', 12, 20000) ON CONFLICT DO NOTHING;
INSERT INTO tiers (plan_id, min_days, max_days, price_inr, is_active) VALUES ('a9e87135-1d77-4014-8ff1-95499587d775', 0, 30, 7375.0, TRUE) ON CONFLICT DO NOTHING;
INSERT INTO tiers (plan_id, min_days, max_days, price_inr, is_active) VALUES ('a9e87135-1d77-4014-8ff1-95499587d775', 31, 365, 8484.2, TRUE) ON CONFLICT DO NOTHING;
INSERT INTO tiers (plan_id, min_days, max_days, price_inr, is_active) VALUES ('a9e87135-1d77-4014-8ff1-95499587d775', 366, 730, 9593.4, TRUE) ON CONFLICT DO NOTHING;
INSERT INTO tiers (plan_id, min_days, max_days, price_inr, is_active) VALUES ('a9e87135-1d77-4014-8ff1-95499587d775', 731, 1095, 10702.6, TRUE) ON CONFLICT DO NOTHING;
INSERT INTO plans (id, variant_id, plan_name, duration_months, max_kms) VALUES ('6f567d00-a678-41df-bc37-be40e8017b38', '7da65802-b131-445c-80c8-484c26a5bd5b', '24 Months / 40,000 Kms', 24, 40000) ON CONFLICT DO NOTHING;
INSERT INTO tiers (plan_id, min_days, max_days, price_inr, is_active) VALUES ('6f567d00-a678-41df-bc37-be40e8017b38', 0, 30, 8673.0, TRUE) ON CONFLICT DO NOTHING;
INSERT INTO tiers (plan_id, min_days, max_days, price_inr, is_active) VALUES ('6f567d00-a678-41df-bc37-be40e8017b38', 31, 365, 9982.8, TRUE) ON CONFLICT DO NOTHING;
INSERT INTO tiers (plan_id, min_days, max_days, price_inr, is_active) VALUES ('6f567d00-a678-41df-bc37-be40e8017b38', 366, 730, 11280.8, TRUE) ON CONFLICT DO NOTHING;
INSERT INTO tiers (plan_id, min_days, max_days, price_inr, is_active) VALUES ('6f567d00-a678-41df-bc37-be40e8017b38', 731, 1095, 12578.8, TRUE) ON CONFLICT DO NOTHING;
INSERT INTO plans (id, variant_id, plan_name, duration_months, max_kms) VALUES ('829a42f7-8f78-4cd9-84ca-535c06c997db', '7da65802-b131-445c-80c8-484c26a5bd5b', '36 Months / 60,000 Kms', 36, 60000) ON CONFLICT DO NOTHING;
INSERT INTO tiers (plan_id, min_days, max_days, price_inr, is_active) VALUES ('829a42f7-8f78-4cd9-84ca-535c06c997db', 0, 30, 9263.0, TRUE) ON CONFLICT DO NOTHING;
INSERT INTO tiers (plan_id, min_days, max_days, price_inr, is_active) VALUES ('829a42f7-8f78-4cd9-84ca-535c06c997db', 31, 365, 10655.4, TRUE) ON CONFLICT DO NOTHING;
INSERT INTO tiers (plan_id, min_days, max_days, price_inr, is_active) VALUES ('829a42f7-8f78-4cd9-84ca-535c06c997db', 366, 730, 12047.8, TRUE) ON CONFLICT DO NOTHING;
INSERT INTO tiers (plan_id, min_days, max_days, price_inr, is_active) VALUES ('829a42f7-8f78-4cd9-84ca-535c06c997db', 731, 1095, 13440.2, TRUE) ON CONFLICT DO NOTHING;
INSERT INTO variants (id, model_id, name, fuel, transmission, oem_warranty_months, oem_warranty_kms) VALUES ('2ba05327-67d6-4d3e-b127-43dab228ba59', '0fe4444a-d8fe-48fc-9d36-bbb0a2fe3af4', 'MARUTI CELERIO VXI (O) CNG 1L 5MT', 'CNG', 'Manual', 36, 100000) ON CONFLICT DO NOTHING;
INSERT INTO plans (id, variant_id, plan_name, duration_months, max_kms) VALUES ('8bfbd885-e93f-48b6-925b-2fd3ede7c21e', '2ba05327-67d6-4d3e-b127-43dab228ba59', '12 Months / 20,000 Kms', 12, 20000) ON CONFLICT DO NOTHING;
INSERT INTO tiers (plan_id, min_days, max_days, price_inr, is_active) VALUES ('8bfbd885-e93f-48b6-925b-2fd3ede7c21e', 0, 30, 8035.8, TRUE) ON CONFLICT DO NOTHING;
INSERT INTO tiers (plan_id, min_days, max_days, price_inr, is_active) VALUES ('8bfbd885-e93f-48b6-925b-2fd3ede7c21e', 31, 365, 9251.2, TRUE) ON CONFLICT DO NOTHING;
INSERT INTO tiers (plan_id, min_days, max_days, price_inr, is_active) VALUES ('8bfbd885-e93f-48b6-925b-2fd3ede7c21e', 366, 730, 10454.8, TRUE) ON CONFLICT DO NOTHING;
INSERT INTO tiers (plan_id, min_days, max_days, price_inr, is_active) VALUES ('8bfbd885-e93f-48b6-925b-2fd3ede7c21e', 731, 1095, 11658.4, TRUE) ON CONFLICT DO NOTHING;
INSERT INTO plans (id, variant_id, plan_name, duration_months, max_kms) VALUES ('4a84d7c3-8ffe-4a5a-9681-715f0260d99c', '2ba05327-67d6-4d3e-b127-43dab228ba59', '24 Months / 40,000 Kms', 24, 40000) ON CONFLICT DO NOTHING;
INSERT INTO tiers (plan_id, min_days, max_days, price_inr, is_active) VALUES ('4a84d7c3-8ffe-4a5a-9681-715f0260d99c', 0, 30, 9333.8, TRUE) ON CONFLICT DO NOTHING;
INSERT INTO tiers (plan_id, min_days, max_days, price_inr, is_active) VALUES ('4a84d7c3-8ffe-4a5a-9681-715f0260d99c', 31, 365, 10738.0, TRUE) ON CONFLICT DO NOTHING;
INSERT INTO tiers (plan_id, min_days, max_days, price_inr, is_active) VALUES ('4a84d7c3-8ffe-4a5a-9681-715f0260d99c', 366, 730, 12142.2, TRUE) ON CONFLICT DO NOTHING;
INSERT INTO tiers (plan_id, min_days, max_days, price_inr, is_active) VALUES ('4a84d7c3-8ffe-4a5a-9681-715f0260d99c', 731, 1095, 13534.6, TRUE) ON CONFLICT DO NOTHING;
INSERT INTO plans (id, variant_id, plan_name, duration_months, max_kms) VALUES ('cef9b807-7e45-4c1c-a536-349c17483816', '2ba05327-67d6-4d3e-b127-43dab228ba59', '36 Months / 60,000 Kms', 36, 60000) ON CONFLICT DO NOTHING;
INSERT INTO tiers (plan_id, min_days, max_days, price_inr, is_active) VALUES ('cef9b807-7e45-4c1c-a536-349c17483816', 0, 30, 9923.8, TRUE) ON CONFLICT DO NOTHING;
INSERT INTO tiers (plan_id, min_days, max_days, price_inr, is_active) VALUES ('cef9b807-7e45-4c1c-a536-349c17483816', 31, 365, 11422.4, TRUE) ON CONFLICT DO NOTHING;
INSERT INTO tiers (plan_id, min_days, max_days, price_inr, is_active) VALUES ('cef9b807-7e45-4c1c-a536-349c17483816', 366, 730, 12909.2, TRUE) ON CONFLICT DO NOTHING;
INSERT INTO tiers (plan_id, min_days, max_days, price_inr, is_active) VALUES ('cef9b807-7e45-4c1c-a536-349c17483816', 731, 1095, 14396.0, TRUE) ON CONFLICT DO NOTHING;
INSERT INTO variants (id, model_id, name, fuel, transmission, oem_warranty_months, oem_warranty_kms) VALUES ('15f633c2-551d-4487-a4f9-e66624207a50', '0fe4444a-d8fe-48fc-9d36-bbb0a2fe3af4', 'MARUTI CELERIO VXI 1L 5MT', 'Petrol', 'Manual', 36, 100000) ON CONFLICT DO NOTHING;
INSERT INTO plans (id, variant_id, plan_name, duration_months, max_kms) VALUES ('a6302edd-d815-4321-a8d6-0126117a23d9', '15f633c2-551d-4487-a4f9-e66624207a50', '12 Months / 20,000 Kms', 12, 20000) ON CONFLICT DO NOTHING;
INSERT INTO tiers (plan_id, min_days, max_days, price_inr, is_active) VALUES ('a6302edd-d815-4321-a8d6-0126117a23d9', 0, 30, 6454.6, TRUE) ON CONFLICT DO NOTHING;
INSERT INTO tiers (plan_id, min_days, max_days, price_inr, is_active) VALUES ('a6302edd-d815-4321-a8d6-0126117a23d9', 31, 365, 7434.0, TRUE) ON CONFLICT DO NOTHING;
INSERT INTO tiers (plan_id, min_days, max_days, price_inr, is_active) VALUES ('a6302edd-d815-4321-a8d6-0126117a23d9', 366, 730, 8401.6, TRUE) ON CONFLICT DO NOTHING;
INSERT INTO tiers (plan_id, min_days, max_days, price_inr, is_active) VALUES ('a6302edd-d815-4321-a8d6-0126117a23d9', 731, 1095, 9369.2, TRUE) ON CONFLICT DO NOTHING;
INSERT INTO plans (id, variant_id, plan_name, duration_months, max_kms) VALUES ('5517620c-cff5-48f8-817f-5397456a62ef', '15f633c2-551d-4487-a4f9-e66624207a50', '24 Months / 40,000 Kms', 24, 40000) ON CONFLICT DO NOTHING;
INSERT INTO tiers (plan_id, min_days, max_days, price_inr, is_active) VALUES ('5517620c-cff5-48f8-817f-5397456a62ef', 0, 30, 7752.6, TRUE) ON CONFLICT DO NOTHING;
INSERT INTO tiers (plan_id, min_days, max_days, price_inr, is_active) VALUES ('5517620c-cff5-48f8-817f-5397456a62ef', 31, 365, 8920.8, TRUE) ON CONFLICT DO NOTHING;
INSERT INTO tiers (plan_id, min_days, max_days, price_inr, is_active) VALUES ('5517620c-cff5-48f8-817f-5397456a62ef', 366, 730, 10089.0, TRUE) ON CONFLICT DO NOTHING;
INSERT INTO tiers (plan_id, min_days, max_days, price_inr, is_active) VALUES ('5517620c-cff5-48f8-817f-5397456a62ef', 731, 1095, 11245.4, TRUE) ON CONFLICT DO NOTHING;
INSERT INTO plans (id, variant_id, plan_name, duration_months, max_kms) VALUES ('d818ce26-2150-4987-a6cc-d7a3b4286fa7', '15f633c2-551d-4487-a4f9-e66624207a50', '36 Months / 60,000 Kms', 36, 60000) ON CONFLICT DO NOTHING;
INSERT INTO tiers (plan_id, min_days, max_days, price_inr, is_active) VALUES ('d818ce26-2150-4987-a6cc-d7a3b4286fa7', 0, 30, 8342.6, TRUE) ON CONFLICT DO NOTHING;
INSERT INTO tiers (plan_id, min_days, max_days, price_inr, is_active) VALUES ('d818ce26-2150-4987-a6cc-d7a3b4286fa7', 31, 365, 9605.2, TRUE) ON CONFLICT DO NOTHING;
INSERT INTO tiers (plan_id, min_days, max_days, price_inr, is_active) VALUES ('d818ce26-2150-4987-a6cc-d7a3b4286fa7', 366, 730, 10856.0, TRUE) ON CONFLICT DO NOTHING;
INSERT INTO tiers (plan_id, min_days, max_days, price_inr, is_active) VALUES ('d818ce26-2150-4987-a6cc-d7a3b4286fa7', 731, 1095, 12106.8, TRUE) ON CONFLICT DO NOTHING;
INSERT INTO variants (id, model_id, name, fuel, transmission, oem_warranty_months, oem_warranty_kms) VALUES ('e4f21fd9-3ead-49cb-8d61-90c2089729b0', '0fe4444a-d8fe-48fc-9d36-bbb0a2fe3af4', 'MARUTI CELERIO VXI 1L AGS', 'Petrol', 'Automatic', 36, 100000) ON CONFLICT DO NOTHING;
INSERT INTO plans (id, variant_id, plan_name, duration_months, max_kms) VALUES ('5db4693e-4664-43d9-845d-90bf6cad4db7', 'e4f21fd9-3ead-49cb-8d61-90c2089729b0', '12 Months / 20,000 Kms', 12, 20000) ON CONFLICT DO NOTHING;
INSERT INTO tiers (plan_id, min_days, max_days, price_inr, is_active) VALUES ('5db4693e-4664-43d9-845d-90bf6cad4db7', 0, 30, 7280.6, TRUE) ON CONFLICT DO NOTHING;
INSERT INTO tiers (plan_id, min_days, max_days, price_inr, is_active) VALUES ('5db4693e-4664-43d9-845d-90bf6cad4db7', 31, 365, 8378.0, TRUE) ON CONFLICT DO NOTHING;
INSERT INTO tiers (plan_id, min_days, max_days, price_inr, is_active) VALUES ('5db4693e-4664-43d9-845d-90bf6cad4db7', 366, 730, 9475.4, TRUE) ON CONFLICT DO NOTHING;
INSERT INTO tiers (plan_id, min_days, max_days, price_inr, is_active) VALUES ('5db4693e-4664-43d9-845d-90bf6cad4db7', 731, 1095, 10561.0, TRUE) ON CONFLICT DO NOTHING;
INSERT INTO plans (id, variant_id, plan_name, duration_months, max_kms) VALUES ('529a7ed9-ade0-4956-83dc-6b48be4079b3', 'e4f21fd9-3ead-49cb-8d61-90c2089729b0', '24 Months / 40,000 Kms', 24, 40000) ON CONFLICT DO NOTHING;
INSERT INTO tiers (plan_id, min_days, max_days, price_inr, is_active) VALUES ('529a7ed9-ade0-4956-83dc-6b48be4079b3', 0, 30, 8578.6, TRUE) ON CONFLICT DO NOTHING;
INSERT INTO tiers (plan_id, min_days, max_days, price_inr, is_active) VALUES ('529a7ed9-ade0-4956-83dc-6b48be4079b3', 31, 365, 9876.6, TRUE) ON CONFLICT DO NOTHING;
INSERT INTO tiers (plan_id, min_days, max_days, price_inr, is_active) VALUES ('529a7ed9-ade0-4956-83dc-6b48be4079b3', 366, 730, 11162.8, TRUE) ON CONFLICT DO NOTHING;
INSERT INTO tiers (plan_id, min_days, max_days, price_inr, is_active) VALUES ('529a7ed9-ade0-4956-83dc-6b48be4079b3', 731, 1095, 12449.0, TRUE) ON CONFLICT DO NOTHING;
INSERT INTO plans (id, variant_id, plan_name, duration_months, max_kms) VALUES ('fbefb48c-fe28-4e0f-ab18-74e5f6aeef0b', 'e4f21fd9-3ead-49cb-8d61-90c2089729b0', '36 Months / 60,000 Kms', 36, 60000) ON CONFLICT DO NOTHING;
INSERT INTO tiers (plan_id, min_days, max_days, price_inr, is_active) VALUES ('fbefb48c-fe28-4e0f-ab18-74e5f6aeef0b', 0, 30, 9168.6, TRUE) ON CONFLICT DO NOTHING;
INSERT INTO tiers (plan_id, min_days, max_days, price_inr, is_active) VALUES ('fbefb48c-fe28-4e0f-ab18-74e5f6aeef0b', 31, 365, 10549.2, TRUE) ON CONFLICT DO NOTHING;
INSERT INTO tiers (plan_id, min_days, max_days, price_inr, is_active) VALUES ('fbefb48c-fe28-4e0f-ab18-74e5f6aeef0b', 366, 730, 11929.8, TRUE) ON CONFLICT DO NOTHING;
INSERT INTO tiers (plan_id, min_days, max_days, price_inr, is_active) VALUES ('fbefb48c-fe28-4e0f-ab18-74e5f6aeef0b', 731, 1095, 13298.6, TRUE) ON CONFLICT DO NOTHING;
INSERT INTO variants (id, model_id, name, fuel, transmission, oem_warranty_months, oem_warranty_kms) VALUES ('c22f8d85-e9cb-46c4-8b4f-06cfab7e6cbb', '0fe4444a-d8fe-48fc-9d36-bbb0a2fe3af4', 'MARUTI CELERIO ZXI (O) 1L 5MT', 'Petrol', 'Manual', 36, 100000) ON CONFLICT DO NOTHING;
INSERT INTO plans (id, variant_id, plan_name, duration_months, max_kms) VALUES ('b2d0e783-20cb-41f7-a30e-1344a9c0f9a7', 'c22f8d85-e9cb-46c4-8b4f-06cfab7e6cbb', '12 Months / 20,000 Kms', 12, 20000) ON CONFLICT DO NOTHING;
INSERT INTO tiers (plan_id, min_days, max_days, price_inr, is_active) VALUES ('b2d0e783-20cb-41f7-a30e-1344a9c0f9a7', 0, 30, 7552.0, TRUE) ON CONFLICT DO NOTHING;
INSERT INTO tiers (plan_id, min_days, max_days, price_inr, is_active) VALUES ('b2d0e783-20cb-41f7-a30e-1344a9c0f9a7', 31, 365, 8684.8, TRUE) ON CONFLICT DO NOTHING;
INSERT INTO tiers (plan_id, min_days, max_days, price_inr, is_active) VALUES ('b2d0e783-20cb-41f7-a30e-1344a9c0f9a7', 366, 730, 9817.6, TRUE) ON CONFLICT DO NOTHING;
INSERT INTO tiers (plan_id, min_days, max_days, price_inr, is_active) VALUES ('b2d0e783-20cb-41f7-a30e-1344a9c0f9a7', 731, 1095, 10950.4, TRUE) ON CONFLICT DO NOTHING;
INSERT INTO plans (id, variant_id, plan_name, duration_months, max_kms) VALUES ('694d06b1-e44f-43c6-a6ca-c99d6060eb7c', 'c22f8d85-e9cb-46c4-8b4f-06cfab7e6cbb', '24 Months / 40,000 Kms', 24, 40000) ON CONFLICT DO NOTHING;
INSERT INTO tiers (plan_id, min_days, max_days, price_inr, is_active) VALUES ('694d06b1-e44f-43c6-a6ca-c99d6060eb7c', 0, 30, 8850.0, TRUE) ON CONFLICT DO NOTHING;
INSERT INTO tiers (plan_id, min_days, max_days, price_inr, is_active) VALUES ('694d06b1-e44f-43c6-a6ca-c99d6060eb7c', 31, 365, 10183.4, TRUE) ON CONFLICT DO NOTHING;
INSERT INTO tiers (plan_id, min_days, max_days, price_inr, is_active) VALUES ('694d06b1-e44f-43c6-a6ca-c99d6060eb7c', 366, 730, 11505.0, TRUE) ON CONFLICT DO NOTHING;
INSERT INTO tiers (plan_id, min_days, max_days, price_inr, is_active) VALUES ('694d06b1-e44f-43c6-a6ca-c99d6060eb7c', 731, 1095, 12838.4, TRUE) ON CONFLICT DO NOTHING;
INSERT INTO plans (id, variant_id, plan_name, duration_months, max_kms) VALUES ('69fe060d-c666-4025-8b47-dac9fca1a639', 'c22f8d85-e9cb-46c4-8b4f-06cfab7e6cbb', '36 Months / 60,000 Kms', 36, 60000) ON CONFLICT DO NOTHING;
INSERT INTO tiers (plan_id, min_days, max_days, price_inr, is_active) VALUES ('69fe060d-c666-4025-8b47-dac9fca1a639', 0, 30, 9440.0, TRUE) ON CONFLICT DO NOTHING;
INSERT INTO tiers (plan_id, min_days, max_days, price_inr, is_active) VALUES ('69fe060d-c666-4025-8b47-dac9fca1a639', 31, 365, 10856.0, TRUE) ON CONFLICT DO NOTHING;
INSERT INTO tiers (plan_id, min_days, max_days, price_inr, is_active) VALUES ('69fe060d-c666-4025-8b47-dac9fca1a639', 366, 730, 12272.0, TRUE) ON CONFLICT DO NOTHING;
INSERT INTO tiers (plan_id, min_days, max_days, price_inr, is_active) VALUES ('69fe060d-c666-4025-8b47-dac9fca1a639', 731, 1095, 13688.0, TRUE) ON CONFLICT DO NOTHING;
INSERT INTO variants (id, model_id, name, fuel, transmission, oem_warranty_months, oem_warranty_kms) VALUES ('7f05ac43-0c6a-4c39-bb43-ff60a15867f2', '0fe4444a-d8fe-48fc-9d36-bbb0a2fe3af4', 'MARUTI CELERIO ZXI (O) 1L AGS', 'Petrol', 'Automatic', 36, 100000) ON CONFLICT DO NOTHING;
INSERT INTO plans (id, variant_id, plan_name, duration_months, max_kms) VALUES ('28be3d22-ac45-401c-bef0-352cd665b4c5', '7f05ac43-0c6a-4c39-bb43-ff60a15867f2', '12 Months / 20,000 Kms', 12, 20000) ON CONFLICT DO NOTHING;
INSERT INTO tiers (plan_id, min_days, max_days, price_inr, is_active) VALUES ('28be3d22-ac45-401c-bef0-352cd665b4c5', 0, 30, 7752.6, TRUE) ON CONFLICT DO NOTHING;
INSERT INTO tiers (plan_id, min_days, max_days, price_inr, is_active) VALUES ('28be3d22-ac45-401c-bef0-352cd665b4c5', 31, 365, 8920.8, TRUE) ON CONFLICT DO NOTHING;
INSERT INTO tiers (plan_id, min_days, max_days, price_inr, is_active) VALUES ('28be3d22-ac45-401c-bef0-352cd665b4c5', 366, 730, 10089.0, TRUE) ON CONFLICT DO NOTHING;
INSERT INTO tiers (plan_id, min_days, max_days, price_inr, is_active) VALUES ('28be3d22-ac45-401c-bef0-352cd665b4c5', 731, 1095, 11245.4, TRUE) ON CONFLICT DO NOTHING;
INSERT INTO plans (id, variant_id, plan_name, duration_months, max_kms) VALUES ('47f4c4ed-90d0-4861-87d7-1e2a1c814146', '7f05ac43-0c6a-4c39-bb43-ff60a15867f2', '24 Months / 40,000 Kms', 24, 40000) ON CONFLICT DO NOTHING;
INSERT INTO tiers (plan_id, min_days, max_days, price_inr, is_active) VALUES ('47f4c4ed-90d0-4861-87d7-1e2a1c814146', 0, 30, 9050.6, TRUE) ON CONFLICT DO NOTHING;
INSERT INTO tiers (plan_id, min_days, max_days, price_inr, is_active) VALUES ('47f4c4ed-90d0-4861-87d7-1e2a1c814146', 31, 365, 10419.4, TRUE) ON CONFLICT DO NOTHING;
INSERT INTO tiers (plan_id, min_days, max_days, price_inr, is_active) VALUES ('47f4c4ed-90d0-4861-87d7-1e2a1c814146', 366, 730, 11776.4, TRUE) ON CONFLICT DO NOTHING;
INSERT INTO tiers (plan_id, min_days, max_days, price_inr, is_active) VALUES ('47f4c4ed-90d0-4861-87d7-1e2a1c814146', 731, 1095, 13133.4, TRUE) ON CONFLICT DO NOTHING;
INSERT INTO plans (id, variant_id, plan_name, duration_months, max_kms) VALUES ('0bd2b8bc-3acb-405c-97f5-40a4ca92cf70', '7f05ac43-0c6a-4c39-bb43-ff60a15867f2', '36 Months / 60,000 Kms', 36, 60000) ON CONFLICT DO NOTHING;
INSERT INTO tiers (plan_id, min_days, max_days, price_inr, is_active) VALUES ('0bd2b8bc-3acb-405c-97f5-40a4ca92cf70', 0, 30, 9640.6, TRUE) ON CONFLICT DO NOTHING;
INSERT INTO tiers (plan_id, min_days, max_days, price_inr, is_active) VALUES ('0bd2b8bc-3acb-405c-97f5-40a4ca92cf70', 31, 365, 11092.0, TRUE) ON CONFLICT DO NOTHING;
INSERT INTO tiers (plan_id, min_days, max_days, price_inr, is_active) VALUES ('0bd2b8bc-3acb-405c-97f5-40a4ca92cf70', 366, 730, 12543.4, TRUE) ON CONFLICT DO NOTHING;
INSERT INTO tiers (plan_id, min_days, max_days, price_inr, is_active) VALUES ('0bd2b8bc-3acb-405c-97f5-40a4ca92cf70', 731, 1095, 13983.0, TRUE) ON CONFLICT DO NOTHING;
INSERT INTO variants (id, model_id, name, fuel, transmission, oem_warranty_months, oem_warranty_kms) VALUES ('924f1f00-734c-4817-a760-6d3722ee5ef4', '0fe4444a-d8fe-48fc-9d36-bbb0a2fe3af4', 'MARUTI CELERIO ZXI 1L 5MT', 'Petrol', 'Manual', 36, 100000) ON CONFLICT DO NOTHING;
INSERT INTO plans (id, variant_id, plan_name, duration_months, max_kms) VALUES ('64d7c6ce-8c40-4a03-a922-f5a0a6bebe82', '924f1f00-734c-4817-a760-6d3722ee5ef4', '12 Months / 20,000 Kms', 12, 20000) ON CONFLICT DO NOTHING;
INSERT INTO tiers (plan_id, min_days, max_days, price_inr, is_active) VALUES ('64d7c6ce-8c40-4a03-a922-f5a0a6bebe82', 0, 30, 6844.0, TRUE) ON CONFLICT DO NOTHING;
INSERT INTO tiers (plan_id, min_days, max_days, price_inr, is_active) VALUES ('64d7c6ce-8c40-4a03-a922-f5a0a6bebe82', 31, 365, 7870.6, TRUE) ON CONFLICT DO NOTHING;
INSERT INTO tiers (plan_id, min_days, max_days, price_inr, is_active) VALUES ('64d7c6ce-8c40-4a03-a922-f5a0a6bebe82', 366, 730, 8897.2, TRUE) ON CONFLICT DO NOTHING;
INSERT INTO tiers (plan_id, min_days, max_days, price_inr, is_active) VALUES ('64d7c6ce-8c40-4a03-a922-f5a0a6bebe82', 731, 1095, 9923.8, TRUE) ON CONFLICT DO NOTHING;
INSERT INTO plans (id, variant_id, plan_name, duration_months, max_kms) VALUES ('526bf476-6db5-4b07-b2d8-59245230a43d', '924f1f00-734c-4817-a760-6d3722ee5ef4', '24 Months / 40,000 Kms', 24, 40000) ON CONFLICT DO NOTHING;
INSERT INTO tiers (plan_id, min_days, max_days, price_inr, is_active) VALUES ('526bf476-6db5-4b07-b2d8-59245230a43d', 0, 30, 8142.0, TRUE) ON CONFLICT DO NOTHING;
INSERT INTO tiers (plan_id, min_days, max_days, price_inr, is_active) VALUES ('526bf476-6db5-4b07-b2d8-59245230a43d', 31, 365, 9369.2, TRUE) ON CONFLICT DO NOTHING;
INSERT INTO tiers (plan_id, min_days, max_days, price_inr, is_active) VALUES ('526bf476-6db5-4b07-b2d8-59245230a43d', 366, 730, 10584.6, TRUE) ON CONFLICT DO NOTHING;
INSERT INTO tiers (plan_id, min_days, max_days, price_inr, is_active) VALUES ('526bf476-6db5-4b07-b2d8-59245230a43d', 731, 1095, 11811.8, TRUE) ON CONFLICT DO NOTHING;
INSERT INTO plans (id, variant_id, plan_name, duration_months, max_kms) VALUES ('56c813ba-7831-44df-bce8-a0e1fd185030', '924f1f00-734c-4817-a760-6d3722ee5ef4', '36 Months / 60,000 Kms', 36, 60000) ON CONFLICT DO NOTHING;
INSERT INTO tiers (plan_id, min_days, max_days, price_inr, is_active) VALUES ('56c813ba-7831-44df-bce8-a0e1fd185030', 0, 30, 8732.0, TRUE) ON CONFLICT DO NOTHING;
INSERT INTO tiers (plan_id, min_days, max_days, price_inr, is_active) VALUES ('56c813ba-7831-44df-bce8-a0e1fd185030', 31, 365, 10041.8, TRUE) ON CONFLICT DO NOTHING;
INSERT INTO tiers (plan_id, min_days, max_days, price_inr, is_active) VALUES ('56c813ba-7831-44df-bce8-a0e1fd185030', 366, 730, 11351.6, TRUE) ON CONFLICT DO NOTHING;
INSERT INTO tiers (plan_id, min_days, max_days, price_inr, is_active) VALUES ('56c813ba-7831-44df-bce8-a0e1fd185030', 731, 1095, 12661.4, TRUE) ON CONFLICT DO NOTHING;
INSERT INTO variants (id, model_id, name, fuel, transmission, oem_warranty_months, oem_warranty_kms) VALUES ('b536210a-d3ca-48e6-aad4-690216cb5236', '0fe4444a-d8fe-48fc-9d36-bbb0a2fe3af4', 'MARUTI CELERIO ZXI 1L AGS', 'Petrol', 'Automatic', 36, 100000) ON CONFLICT DO NOTHING;
INSERT INTO plans (id, variant_id, plan_name, duration_months, max_kms) VALUES ('45024003-caf3-4a85-a15e-17c94e32d9d2', 'b536210a-d3ca-48e6-aad4-690216cb5236', '12 Months / 20,000 Kms', 12, 20000) ON CONFLICT DO NOTHING;
INSERT INTO tiers (plan_id, min_days, max_days, price_inr, is_active) VALUES ('45024003-caf3-4a85-a15e-17c94e32d9d2', 0, 30, 7670.0, TRUE) ON CONFLICT DO NOTHING;
INSERT INTO tiers (plan_id, min_days, max_days, price_inr, is_active) VALUES ('45024003-caf3-4a85-a15e-17c94e32d9d2', 31, 365, 8826.4, TRUE) ON CONFLICT DO NOTHING;
INSERT INTO tiers (plan_id, min_days, max_days, price_inr, is_active) VALUES ('45024003-caf3-4a85-a15e-17c94e32d9d2', 366, 730, 9971.0, TRUE) ON CONFLICT DO NOTHING;
INSERT INTO tiers (plan_id, min_days, max_days, price_inr, is_active) VALUES ('45024003-caf3-4a85-a15e-17c94e32d9d2', 731, 1095, 11127.4, TRUE) ON CONFLICT DO NOTHING;
INSERT INTO plans (id, variant_id, plan_name, duration_months, max_kms) VALUES ('29826b6a-5b9f-4bdd-bf20-225663e34563', 'b536210a-d3ca-48e6-aad4-690216cb5236', '24 Months / 40,000 Kms', 24, 40000) ON CONFLICT DO NOTHING;
INSERT INTO tiers (plan_id, min_days, max_days, price_inr, is_active) VALUES ('29826b6a-5b9f-4bdd-bf20-225663e34563', 0, 30, 8968.0, TRUE) ON CONFLICT DO NOTHING;
INSERT INTO tiers (plan_id, min_days, max_days, price_inr, is_active) VALUES ('29826b6a-5b9f-4bdd-bf20-225663e34563', 31, 365, 10313.2, TRUE) ON CONFLICT DO NOTHING;
INSERT INTO tiers (plan_id, min_days, max_days, price_inr, is_active) VALUES ('29826b6a-5b9f-4bdd-bf20-225663e34563', 366, 730, 11658.4, TRUE) ON CONFLICT DO NOTHING;
INSERT INTO tiers (plan_id, min_days, max_days, price_inr, is_active) VALUES ('29826b6a-5b9f-4bdd-bf20-225663e34563', 731, 1095, 13003.6, TRUE) ON CONFLICT DO NOTHING;
INSERT INTO plans (id, variant_id, plan_name, duration_months, max_kms) VALUES ('6ced99ed-fa73-457a-aecf-c3d445c34b67', 'b536210a-d3ca-48e6-aad4-690216cb5236', '36 Months / 60,000 Kms', 36, 60000) ON CONFLICT DO NOTHING;
INSERT INTO tiers (plan_id, min_days, max_days, price_inr, is_active) VALUES ('6ced99ed-fa73-457a-aecf-c3d445c34b67', 0, 30, 9558.0, TRUE) ON CONFLICT DO NOTHING;
INSERT INTO tiers (plan_id, min_days, max_days, price_inr, is_active) VALUES ('6ced99ed-fa73-457a-aecf-c3d445c34b67', 31, 365, 10997.6, TRUE) ON CONFLICT DO NOTHING;
INSERT INTO tiers (plan_id, min_days, max_days, price_inr, is_active) VALUES ('6ced99ed-fa73-457a-aecf-c3d445c34b67', 366, 730, 12425.4, TRUE) ON CONFLICT DO NOTHING;
INSERT INTO tiers (plan_id, min_days, max_days, price_inr, is_active) VALUES ('6ced99ed-fa73-457a-aecf-c3d445c34b67', 731, 1095, 13865.0, TRUE) ON CONFLICT DO NOTHING;
INSERT INTO variants (id, model_id, name, fuel, transmission, oem_warranty_months, oem_warranty_kms) VALUES ('099a993f-ef3e-43b2-addf-7ba80eb674fd', '0fe4444a-d8fe-48fc-9d36-bbb0a2fe3af4', 'MARUTI CELERIOX VXI (O) 1L 5MT', 'Petrol', 'Manual', 36, 100000) ON CONFLICT DO NOTHING;
INSERT INTO plans (id, variant_id, plan_name, duration_months, max_kms) VALUES ('ac5bec5b-e7c0-462f-baec-be218adc5cd6', '099a993f-ef3e-43b2-addf-7ba80eb674fd', '12 Months / 20,000 Kms', 12, 20000) ON CONFLICT DO NOTHING;
INSERT INTO tiers (plan_id, min_days, max_days, price_inr, is_active) VALUES ('ac5bec5b-e7c0-462f-baec-be218adc5cd6', 0, 30, 6714.2, TRUE) ON CONFLICT DO NOTHING;
INSERT INTO tiers (plan_id, min_days, max_days, price_inr, is_active) VALUES ('ac5bec5b-e7c0-462f-baec-be218adc5cd6', 31, 365, 7729.0, TRUE) ON CONFLICT DO NOTHING;
INSERT INTO tiers (plan_id, min_days, max_days, price_inr, is_active) VALUES ('ac5bec5b-e7c0-462f-baec-be218adc5cd6', 366, 730, 8732.0, TRUE) ON CONFLICT DO NOTHING;
INSERT INTO tiers (plan_id, min_days, max_days, price_inr, is_active) VALUES ('ac5bec5b-e7c0-462f-baec-be218adc5cd6', 731, 1095, 9746.8, TRUE) ON CONFLICT DO NOTHING;
INSERT INTO plans (id, variant_id, plan_name, duration_months, max_kms) VALUES ('6347ec0b-bb33-4000-ac40-d0f1f77dcfe3', '099a993f-ef3e-43b2-addf-7ba80eb674fd', '24 Months / 40,000 Kms', 24, 40000) ON CONFLICT DO NOTHING;
INSERT INTO tiers (plan_id, min_days, max_days, price_inr, is_active) VALUES ('6347ec0b-bb33-4000-ac40-d0f1f77dcfe3', 0, 30, 8012.2, TRUE) ON CONFLICT DO NOTHING;
INSERT INTO tiers (plan_id, min_days, max_days, price_inr, is_active) VALUES ('6347ec0b-bb33-4000-ac40-d0f1f77dcfe3', 31, 365, 9215.8, TRUE) ON CONFLICT DO NOTHING;
INSERT INTO tiers (plan_id, min_days, max_days, price_inr, is_active) VALUES ('6347ec0b-bb33-4000-ac40-d0f1f77dcfe3', 366, 730, 10419.4, TRUE) ON CONFLICT DO NOTHING;
INSERT INTO tiers (plan_id, min_days, max_days, price_inr, is_active) VALUES ('6347ec0b-bb33-4000-ac40-d0f1f77dcfe3', 731, 1095, 11623.0, TRUE) ON CONFLICT DO NOTHING;
INSERT INTO plans (id, variant_id, plan_name, duration_months, max_kms) VALUES ('d484d501-01ba-42bc-8a30-452cec4ec116', '099a993f-ef3e-43b2-addf-7ba80eb674fd', '36 Months / 60,000 Kms', 36, 60000) ON CONFLICT DO NOTHING;
INSERT INTO tiers (plan_id, min_days, max_days, price_inr, is_active) VALUES ('d484d501-01ba-42bc-8a30-452cec4ec116', 0, 30, 8602.2, TRUE) ON CONFLICT DO NOTHING;
INSERT INTO tiers (plan_id, min_days, max_days, price_inr, is_active) VALUES ('d484d501-01ba-42bc-8a30-452cec4ec116', 31, 365, 9900.2, TRUE) ON CONFLICT DO NOTHING;
INSERT INTO tiers (plan_id, min_days, max_days, price_inr, is_active) VALUES ('d484d501-01ba-42bc-8a30-452cec4ec116', 366, 730, 11186.4, TRUE) ON CONFLICT DO NOTHING;
INSERT INTO tiers (plan_id, min_days, max_days, price_inr, is_active) VALUES ('d484d501-01ba-42bc-8a30-452cec4ec116', 731, 1095, 12484.4, TRUE) ON CONFLICT DO NOTHING;
INSERT INTO variants (id, model_id, name, fuel, transmission, oem_warranty_months, oem_warranty_kms) VALUES ('35d2110e-8f6f-4249-a79c-68c87b9f51c6', '0fe4444a-d8fe-48fc-9d36-bbb0a2fe3af4', 'MARUTI CELERIOX VXI (O) 1L AGS', 'Petrol', 'Automatic', 36, 100000) ON CONFLICT DO NOTHING;
INSERT INTO plans (id, variant_id, plan_name, duration_months, max_kms) VALUES ('2cdd9be8-ec57-47c7-b5d7-d486bec3236f', '35d2110e-8f6f-4249-a79c-68c87b9f51c6', '12 Months / 20,000 Kms', 12, 20000) ON CONFLICT DO NOTHING;
INSERT INTO tiers (plan_id, min_days, max_days, price_inr, is_active) VALUES ('2cdd9be8-ec57-47c7-b5d7-d486bec3236f', 0, 30, 7540.2, TRUE) ON CONFLICT DO NOTHING;
INSERT INTO tiers (plan_id, min_days, max_days, price_inr, is_active) VALUES ('2cdd9be8-ec57-47c7-b5d7-d486bec3236f', 31, 365, 8673.0, TRUE) ON CONFLICT DO NOTHING;
INSERT INTO tiers (plan_id, min_days, max_days, price_inr, is_active) VALUES ('2cdd9be8-ec57-47c7-b5d7-d486bec3236f', 366, 730, 9805.8, TRUE) ON CONFLICT DO NOTHING;
INSERT INTO tiers (plan_id, min_days, max_days, price_inr, is_active) VALUES ('2cdd9be8-ec57-47c7-b5d7-d486bec3236f', 731, 1095, 10938.6, TRUE) ON CONFLICT DO NOTHING;
INSERT INTO plans (id, variant_id, plan_name, duration_months, max_kms) VALUES ('213cddcb-7e6d-44e7-9679-670b17105f7b', '35d2110e-8f6f-4249-a79c-68c87b9f51c6', '24 Months / 40,000 Kms', 24, 40000) ON CONFLICT DO NOTHING;
INSERT INTO tiers (plan_id, min_days, max_days, price_inr, is_active) VALUES ('213cddcb-7e6d-44e7-9679-670b17105f7b', 0, 30, 8838.2, TRUE) ON CONFLICT DO NOTHING;
INSERT INTO tiers (plan_id, min_days, max_days, price_inr, is_active) VALUES ('213cddcb-7e6d-44e7-9679-670b17105f7b', 31, 365, 10171.6, TRUE) ON CONFLICT DO NOTHING;
INSERT INTO tiers (plan_id, min_days, max_days, price_inr, is_active) VALUES ('213cddcb-7e6d-44e7-9679-670b17105f7b', 366, 730, 11493.2, TRUE) ON CONFLICT DO NOTHING;
INSERT INTO tiers (plan_id, min_days, max_days, price_inr, is_active) VALUES ('213cddcb-7e6d-44e7-9679-670b17105f7b', 731, 1095, 12826.6, TRUE) ON CONFLICT DO NOTHING;
INSERT INTO plans (id, variant_id, plan_name, duration_months, max_kms) VALUES ('7bc37924-2877-4eea-be87-ed3cd9cd11a1', '35d2110e-8f6f-4249-a79c-68c87b9f51c6', '36 Months / 60,000 Kms', 36, 60000) ON CONFLICT DO NOTHING;
INSERT INTO tiers (plan_id, min_days, max_days, price_inr, is_active) VALUES ('7bc37924-2877-4eea-be87-ed3cd9cd11a1', 0, 30, 9428.2, TRUE) ON CONFLICT DO NOTHING;
INSERT INTO tiers (plan_id, min_days, max_days, price_inr, is_active) VALUES ('7bc37924-2877-4eea-be87-ed3cd9cd11a1', 31, 365, 10844.2, TRUE) ON CONFLICT DO NOTHING;
INSERT INTO tiers (plan_id, min_days, max_days, price_inr, is_active) VALUES ('7bc37924-2877-4eea-be87-ed3cd9cd11a1', 366, 730, 12260.2, TRUE) ON CONFLICT DO NOTHING;
INSERT INTO tiers (plan_id, min_days, max_days, price_inr, is_active) VALUES ('7bc37924-2877-4eea-be87-ed3cd9cd11a1', 731, 1095, 13676.2, TRUE) ON CONFLICT DO NOTHING;
INSERT INTO variants (id, model_id, name, fuel, transmission, oem_warranty_months, oem_warranty_kms) VALUES ('fe4a66c8-f6bd-4d06-8054-24e340b60436', '0fe4444a-d8fe-48fc-9d36-bbb0a2fe3af4', 'MARUTI CELERIOX VXI 1L 5MT', 'Petrol', 'Manual', 36, 100000) ON CONFLICT DO NOTHING;
INSERT INTO plans (id, variant_id, plan_name, duration_months, max_kms) VALUES ('503906d3-6f1f-486e-9d4a-77069c8e0d8e', 'fe4a66c8-f6bd-4d06-8054-24e340b60436', '12 Months / 20,000 Kms', 12, 20000) ON CONFLICT DO NOTHING;
INSERT INTO tiers (plan_id, min_days, max_days, price_inr, is_active) VALUES ('503906d3-6f1f-486e-9d4a-77069c8e0d8e', 0, 30, 6572.6, TRUE) ON CONFLICT DO NOTHING;
INSERT INTO tiers (plan_id, min_days, max_days, price_inr, is_active) VALUES ('503906d3-6f1f-486e-9d4a-77069c8e0d8e', 31, 365, 7563.8, TRUE) ON CONFLICT DO NOTHING;
INSERT INTO tiers (plan_id, min_days, max_days, price_inr, is_active) VALUES ('503906d3-6f1f-486e-9d4a-77069c8e0d8e', 366, 730, 8555.0, TRUE) ON CONFLICT DO NOTHING;
INSERT INTO tiers (plan_id, min_days, max_days, price_inr, is_active) VALUES ('503906d3-6f1f-486e-9d4a-77069c8e0d8e', 731, 1095, 9534.4, TRUE) ON CONFLICT DO NOTHING;
INSERT INTO plans (id, variant_id, plan_name, duration_months, max_kms) VALUES ('3a8098b4-a551-47d9-b7fd-a2e4f4477799', 'fe4a66c8-f6bd-4d06-8054-24e340b60436', '24 Months / 40,000 Kms', 24, 40000) ON CONFLICT DO NOTHING;
INSERT INTO tiers (plan_id, min_days, max_days, price_inr, is_active) VALUES ('3a8098b4-a551-47d9-b7fd-a2e4f4477799', 0, 30, 7870.6, TRUE) ON CONFLICT DO NOTHING;
INSERT INTO tiers (plan_id, min_days, max_days, price_inr, is_active) VALUES ('3a8098b4-a551-47d9-b7fd-a2e4f4477799', 31, 365, 9062.4, TRUE) ON CONFLICT DO NOTHING;
INSERT INTO tiers (plan_id, min_days, max_days, price_inr, is_active) VALUES ('3a8098b4-a551-47d9-b7fd-a2e4f4477799', 366, 730, 10242.4, TRUE) ON CONFLICT DO NOTHING;
INSERT INTO tiers (plan_id, min_days, max_days, price_inr, is_active) VALUES ('3a8098b4-a551-47d9-b7fd-a2e4f4477799', 731, 1095, 11422.4, TRUE) ON CONFLICT DO NOTHING;
INSERT INTO plans (id, variant_id, plan_name, duration_months, max_kms) VALUES ('4ae62bad-dbe3-485b-b67a-86ab1d086607', 'fe4a66c8-f6bd-4d06-8054-24e340b60436', '36 Months / 60,000 Kms', 36, 60000) ON CONFLICT DO NOTHING;
INSERT INTO tiers (plan_id, min_days, max_days, price_inr, is_active) VALUES ('4ae62bad-dbe3-485b-b67a-86ab1d086607', 0, 30, 8460.6, TRUE) ON CONFLICT DO NOTHING;
INSERT INTO tiers (plan_id, min_days, max_days, price_inr, is_active) VALUES ('4ae62bad-dbe3-485b-b67a-86ab1d086607', 31, 365, 9735.0, TRUE) ON CONFLICT DO NOTHING;
INSERT INTO tiers (plan_id, min_days, max_days, price_inr, is_active) VALUES ('4ae62bad-dbe3-485b-b67a-86ab1d086607', 366, 730, 11009.4, TRUE) ON CONFLICT DO NOTHING;
INSERT INTO tiers (plan_id, min_days, max_days, price_inr, is_active) VALUES ('4ae62bad-dbe3-485b-b67a-86ab1d086607', 731, 1095, 12272.0, TRUE) ON CONFLICT DO NOTHING;
INSERT INTO variants (id, model_id, name, fuel, transmission, oem_warranty_months, oem_warranty_kms) VALUES ('a3ac4269-efa1-40f4-bae1-642f37ab9ed5', '0fe4444a-d8fe-48fc-9d36-bbb0a2fe3af4', 'MARUTI CELERIOX VXI 1L AGS', 'Petrol', 'Automatic', 36, 100000) ON CONFLICT DO NOTHING;
INSERT INTO plans (id, variant_id, plan_name, duration_months, max_kms) VALUES ('c85471c5-1c5b-4be6-8af1-582a4d95a4e8', 'a3ac4269-efa1-40f4-bae1-642f37ab9ed5', '12 Months / 20,000 Kms', 12, 20000) ON CONFLICT DO NOTHING;
INSERT INTO tiers (plan_id, min_days, max_days, price_inr, is_active) VALUES ('c85471c5-1c5b-4be6-8af1-582a4d95a4e8', 0, 30, 7398.6, TRUE) ON CONFLICT DO NOTHING;
INSERT INTO tiers (plan_id, min_days, max_days, price_inr, is_active) VALUES ('c85471c5-1c5b-4be6-8af1-582a4d95a4e8', 31, 365, 8519.6, TRUE) ON CONFLICT DO NOTHING;
INSERT INTO tiers (plan_id, min_days, max_days, price_inr, is_active) VALUES ('c85471c5-1c5b-4be6-8af1-582a4d95a4e8', 366, 730, 9628.8, TRUE) ON CONFLICT DO NOTHING;
INSERT INTO tiers (plan_id, min_days, max_days, price_inr, is_active) VALUES ('c85471c5-1c5b-4be6-8af1-582a4d95a4e8', 731, 1095, 10738.0, TRUE) ON CONFLICT DO NOTHING;
INSERT INTO plans (id, variant_id, plan_name, duration_months, max_kms) VALUES ('0121bc51-a48b-4995-ab8b-cdb929aca66d', 'a3ac4269-efa1-40f4-bae1-642f37ab9ed5', '24 Months / 40,000 Kms', 24, 40000) ON CONFLICT DO NOTHING;
INSERT INTO tiers (plan_id, min_days, max_days, price_inr, is_active) VALUES ('0121bc51-a48b-4995-ab8b-cdb929aca66d', 0, 30, 8696.6, TRUE) ON CONFLICT DO NOTHING;
INSERT INTO tiers (plan_id, min_days, max_days, price_inr, is_active) VALUES ('0121bc51-a48b-4995-ab8b-cdb929aca66d', 31, 365, 10006.4, TRUE) ON CONFLICT DO NOTHING;
INSERT INTO tiers (plan_id, min_days, max_days, price_inr, is_active) VALUES ('0121bc51-a48b-4995-ab8b-cdb929aca66d', 366, 730, 11316.2, TRUE) ON CONFLICT DO NOTHING;
INSERT INTO tiers (plan_id, min_days, max_days, price_inr, is_active) VALUES ('0121bc51-a48b-4995-ab8b-cdb929aca66d', 731, 1095, 12614.2, TRUE) ON CONFLICT DO NOTHING;
INSERT INTO plans (id, variant_id, plan_name, duration_months, max_kms) VALUES ('dd8bacfb-0559-46a9-98b7-f3c1312a11a8', 'a3ac4269-efa1-40f4-bae1-642f37ab9ed5', '36 Months / 60,000 Kms', 36, 60000) ON CONFLICT DO NOTHING;
INSERT INTO tiers (plan_id, min_days, max_days, price_inr, is_active) VALUES ('dd8bacfb-0559-46a9-98b7-f3c1312a11a8', 0, 30, 9286.6, TRUE) ON CONFLICT DO NOTHING;
INSERT INTO tiers (plan_id, min_days, max_days, price_inr, is_active) VALUES ('dd8bacfb-0559-46a9-98b7-f3c1312a11a8', 31, 365, 10690.8, TRUE) ON CONFLICT DO NOTHING;
INSERT INTO tiers (plan_id, min_days, max_days, price_inr, is_active) VALUES ('dd8bacfb-0559-46a9-98b7-f3c1312a11a8', 366, 730, 12083.2, TRUE) ON CONFLICT DO NOTHING;
INSERT INTO tiers (plan_id, min_days, max_days, price_inr, is_active) VALUES ('dd8bacfb-0559-46a9-98b7-f3c1312a11a8', 731, 1095, 13475.6, TRUE) ON CONFLICT DO NOTHING;
INSERT INTO variants (id, model_id, name, fuel, transmission, oem_warranty_months, oem_warranty_kms) VALUES ('a221df6b-ebea-489c-aa4e-92f4287f28f7', '0fe4444a-d8fe-48fc-9d36-bbb0a2fe3af4', 'MARUTI CELERIOX ZXI (O) 1L 5MT', 'Petrol', 'Manual', 36, 100000) ON CONFLICT DO NOTHING;
INSERT INTO plans (id, variant_id, plan_name, duration_months, max_kms) VALUES ('2595652f-1b66-4931-baa7-3b806a68d67b', 'a221df6b-ebea-489c-aa4e-92f4287f28f7', '12 Months / 20,000 Kms', 12, 20000) ON CONFLICT DO NOTHING;
INSERT INTO tiers (plan_id, min_days, max_days, price_inr, is_active) VALUES ('2595652f-1b66-4931-baa7-3b806a68d67b', 0, 30, 7693.6, TRUE) ON CONFLICT DO NOTHING;
INSERT INTO tiers (plan_id, min_days, max_days, price_inr, is_active) VALUES ('2595652f-1b66-4931-baa7-3b806a68d67b', 31, 365, 8850.0, TRUE) ON CONFLICT DO NOTHING;
INSERT INTO tiers (plan_id, min_days, max_days, price_inr, is_active) VALUES ('2595652f-1b66-4931-baa7-3b806a68d67b', 366, 730, 10006.4, TRUE) ON CONFLICT DO NOTHING;
INSERT INTO tiers (plan_id, min_days, max_days, price_inr, is_active) VALUES ('2595652f-1b66-4931-baa7-3b806a68d67b', 731, 1095, 11162.8, TRUE) ON CONFLICT DO NOTHING;
INSERT INTO plans (id, variant_id, plan_name, duration_months, max_kms) VALUES ('fd3bac0d-3d37-4c6c-ae91-44750c856cc0', 'a221df6b-ebea-489c-aa4e-92f4287f28f7', '24 Months / 40,000 Kms', 24, 40000) ON CONFLICT DO NOTHING;
INSERT INTO tiers (plan_id, min_days, max_days, price_inr, is_active) VALUES ('fd3bac0d-3d37-4c6c-ae91-44750c856cc0', 0, 30, 8991.6, TRUE) ON CONFLICT DO NOTHING;
INSERT INTO tiers (plan_id, min_days, max_days, price_inr, is_active) VALUES ('fd3bac0d-3d37-4c6c-ae91-44750c856cc0', 31, 365, 10348.6, TRUE) ON CONFLICT DO NOTHING;
INSERT INTO tiers (plan_id, min_days, max_days, price_inr, is_active) VALUES ('fd3bac0d-3d37-4c6c-ae91-44750c856cc0', 366, 730, 11693.8, TRUE) ON CONFLICT DO NOTHING;
INSERT INTO tiers (plan_id, min_days, max_days, price_inr, is_active) VALUES ('fd3bac0d-3d37-4c6c-ae91-44750c856cc0', 731, 1095, 13039.0, TRUE) ON CONFLICT DO NOTHING;
INSERT INTO plans (id, variant_id, plan_name, duration_months, max_kms) VALUES ('212ae596-03c1-4854-9d03-cfa8c2bd29fb', 'a221df6b-ebea-489c-aa4e-92f4287f28f7', '36 Months / 60,000 Kms', 36, 60000) ON CONFLICT DO NOTHING;
INSERT INTO tiers (plan_id, min_days, max_days, price_inr, is_active) VALUES ('212ae596-03c1-4854-9d03-cfa8c2bd29fb', 0, 30, 9581.6, TRUE) ON CONFLICT DO NOTHING;
INSERT INTO tiers (plan_id, min_days, max_days, price_inr, is_active) VALUES ('212ae596-03c1-4854-9d03-cfa8c2bd29fb', 31, 365, 11021.2, TRUE) ON CONFLICT DO NOTHING;
INSERT INTO tiers (plan_id, min_days, max_days, price_inr, is_active) VALUES ('212ae596-03c1-4854-9d03-cfa8c2bd29fb', 366, 730, 12460.8, TRUE) ON CONFLICT DO NOTHING;
INSERT INTO tiers (plan_id, min_days, max_days, price_inr, is_active) VALUES ('212ae596-03c1-4854-9d03-cfa8c2bd29fb', 731, 1095, 13900.4, TRUE) ON CONFLICT DO NOTHING;
INSERT INTO variants (id, model_id, name, fuel, transmission, oem_warranty_months, oem_warranty_kms) VALUES ('43d98a3a-305a-4c15-983e-c0b85697ce8e', '0fe4444a-d8fe-48fc-9d36-bbb0a2fe3af4', 'MARUTI CELERIOX ZXI (O) 1L AGS', 'Petrol', 'Automatic', 36, 100000) ON CONFLICT DO NOTHING;
INSERT INTO plans (id, variant_id, plan_name, duration_months, max_kms) VALUES ('70b8d5b5-6f23-47cf-8ed9-0a20c6b77c6f', '43d98a3a-305a-4c15-983e-c0b85697ce8e', '12 Months / 20,000 Kms', 12, 20000) ON CONFLICT DO NOTHING;
INSERT INTO tiers (plan_id, min_days, max_days, price_inr, is_active) VALUES ('70b8d5b5-6f23-47cf-8ed9-0a20c6b77c6f', 0, 30, 7894.2, TRUE) ON CONFLICT DO NOTHING;
INSERT INTO tiers (plan_id, min_days, max_days, price_inr, is_active) VALUES ('70b8d5b5-6f23-47cf-8ed9-0a20c6b77c6f', 31, 365, 9086.0, TRUE) ON CONFLICT DO NOTHING;
INSERT INTO tiers (plan_id, min_days, max_days, price_inr, is_active) VALUES ('70b8d5b5-6f23-47cf-8ed9-0a20c6b77c6f', 366, 730, 10266.0, TRUE) ON CONFLICT DO NOTHING;
INSERT INTO tiers (plan_id, min_days, max_days, price_inr, is_active) VALUES ('70b8d5b5-6f23-47cf-8ed9-0a20c6b77c6f', 731, 1095, 11457.8, TRUE) ON CONFLICT DO NOTHING;
INSERT INTO plans (id, variant_id, plan_name, duration_months, max_kms) VALUES ('1ad85faa-bf88-4ed7-9d0c-6983bc8c06d0', '43d98a3a-305a-4c15-983e-c0b85697ce8e', '24 Months / 40,000 Kms', 24, 40000) ON CONFLICT DO NOTHING;
INSERT INTO tiers (plan_id, min_days, max_days, price_inr, is_active) VALUES ('1ad85faa-bf88-4ed7-9d0c-6983bc8c06d0', 0, 30, 9192.2, TRUE) ON CONFLICT DO NOTHING;
INSERT INTO tiers (plan_id, min_days, max_days, price_inr, is_active) VALUES ('1ad85faa-bf88-4ed7-9d0c-6983bc8c06d0', 31, 365, 10572.8, TRUE) ON CONFLICT DO NOTHING;
INSERT INTO tiers (plan_id, min_days, max_days, price_inr, is_active) VALUES ('1ad85faa-bf88-4ed7-9d0c-6983bc8c06d0', 366, 730, 11953.4, TRUE) ON CONFLICT DO NOTHING;
INSERT INTO tiers (plan_id, min_days, max_days, price_inr, is_active) VALUES ('1ad85faa-bf88-4ed7-9d0c-6983bc8c06d0', 731, 1095, 13334.0, TRUE) ON CONFLICT DO NOTHING;
INSERT INTO plans (id, variant_id, plan_name, duration_months, max_kms) VALUES ('27436d6f-86e4-4611-b5f3-a29101c2a754', '43d98a3a-305a-4c15-983e-c0b85697ce8e', '36 Months / 60,000 Kms', 36, 60000) ON CONFLICT DO NOTHING;
INSERT INTO tiers (plan_id, min_days, max_days, price_inr, is_active) VALUES ('27436d6f-86e4-4611-b5f3-a29101c2a754', 0, 30, 9782.2, TRUE) ON CONFLICT DO NOTHING;
INSERT INTO tiers (plan_id, min_days, max_days, price_inr, is_active) VALUES ('27436d6f-86e4-4611-b5f3-a29101c2a754', 31, 365, 11257.2, TRUE) ON CONFLICT DO NOTHING;
INSERT INTO tiers (plan_id, min_days, max_days, price_inr, is_active) VALUES ('27436d6f-86e4-4611-b5f3-a29101c2a754', 366, 730, 12720.4, TRUE) ON CONFLICT DO NOTHING;
INSERT INTO tiers (plan_id, min_days, max_days, price_inr, is_active) VALUES ('27436d6f-86e4-4611-b5f3-a29101c2a754', 731, 1095, 14195.4, TRUE) ON CONFLICT DO NOTHING;
INSERT INTO variants (id, model_id, name, fuel, transmission, oem_warranty_months, oem_warranty_kms) VALUES ('190ab18b-c903-462d-bc5c-4fe0694731c2', '0fe4444a-d8fe-48fc-9d36-bbb0a2fe3af4', 'MARUTI CELERIOX ZXI 1L 5MT', 'Petrol', 'Manual', 36, 100000) ON CONFLICT DO NOTHING;
INSERT INTO plans (id, variant_id, plan_name, duration_months, max_kms) VALUES ('d71b9ac5-1739-4e9f-9f0c-dea7c7d3b949', '190ab18b-c903-462d-bc5c-4fe0694731c2', '12 Months / 20,000 Kms', 12, 20000) ON CONFLICT DO NOTHING;
INSERT INTO tiers (plan_id, min_days, max_days, price_inr, is_active) VALUES ('d71b9ac5-1739-4e9f-9f0c-dea7c7d3b949', 0, 30, 7021.0, TRUE) ON CONFLICT DO NOTHING;
INSERT INTO tiers (plan_id, min_days, max_days, price_inr, is_active) VALUES ('d71b9ac5-1739-4e9f-9f0c-dea7c7d3b949', 31, 365, 8083.0, TRUE) ON CONFLICT DO NOTHING;
INSERT INTO tiers (plan_id, min_days, max_days, price_inr, is_active) VALUES ('d71b9ac5-1739-4e9f-9f0c-dea7c7d3b949', 366, 730, 9133.2, TRUE) ON CONFLICT DO NOTHING;
INSERT INTO tiers (plan_id, min_days, max_days, price_inr, is_active) VALUES ('d71b9ac5-1739-4e9f-9f0c-dea7c7d3b949', 731, 1095, 10183.4, TRUE) ON CONFLICT DO NOTHING;
INSERT INTO plans (id, variant_id, plan_name, duration_months, max_kms) VALUES ('a38fc743-b6fe-48fb-8d9f-c7655d1f64a7', '190ab18b-c903-462d-bc5c-4fe0694731c2', '24 Months / 40,000 Kms', 24, 40000) ON CONFLICT DO NOTHING;
INSERT INTO tiers (plan_id, min_days, max_days, price_inr, is_active) VALUES ('a38fc743-b6fe-48fb-8d9f-c7655d1f64a7', 0, 30, 8319.0, TRUE) ON CONFLICT DO NOTHING;
INSERT INTO tiers (plan_id, min_days, max_days, price_inr, is_active) VALUES ('a38fc743-b6fe-48fb-8d9f-c7655d1f64a7', 31, 365, 9569.8, TRUE) ON CONFLICT DO NOTHING;
INSERT INTO tiers (plan_id, min_days, max_days, price_inr, is_active) VALUES ('a38fc743-b6fe-48fb-8d9f-c7655d1f64a7', 366, 730, 10820.6, TRUE) ON CONFLICT DO NOTHING;
INSERT INTO tiers (plan_id, min_days, max_days, price_inr, is_active) VALUES ('a38fc743-b6fe-48fb-8d9f-c7655d1f64a7', 731, 1095, 12071.4, TRUE) ON CONFLICT DO NOTHING;
INSERT INTO plans (id, variant_id, plan_name, duration_months, max_kms) VALUES ('4effbf2b-78bf-45e0-b042-891421ae7964', '190ab18b-c903-462d-bc5c-4fe0694731c2', '36 Months / 60,000 Kms', 36, 60000) ON CONFLICT DO NOTHING;
INSERT INTO tiers (plan_id, min_days, max_days, price_inr, is_active) VALUES ('4effbf2b-78bf-45e0-b042-891421ae7964', 0, 30, 8909.0, TRUE) ON CONFLICT DO NOTHING;
INSERT INTO tiers (plan_id, min_days, max_days, price_inr, is_active) VALUES ('4effbf2b-78bf-45e0-b042-891421ae7964', 31, 365, 10254.2, TRUE) ON CONFLICT DO NOTHING;
INSERT INTO tiers (plan_id, min_days, max_days, price_inr, is_active) VALUES ('4effbf2b-78bf-45e0-b042-891421ae7964', 366, 730, 11587.6, TRUE) ON CONFLICT DO NOTHING;
INSERT INTO tiers (plan_id, min_days, max_days, price_inr, is_active) VALUES ('4effbf2b-78bf-45e0-b042-891421ae7964', 731, 1095, 12921.0, TRUE) ON CONFLICT DO NOTHING;
INSERT INTO variants (id, model_id, name, fuel, transmission, oem_warranty_months, oem_warranty_kms) VALUES ('7cb9fe09-4c4b-455b-9f33-e46732ebac46', '0fe4444a-d8fe-48fc-9d36-bbb0a2fe3af4', 'MARUTI CELERIOX ZXI 1L AGS', 'Petrol', 'Automatic', 36, 100000) ON CONFLICT DO NOTHING;
INSERT INTO plans (id, variant_id, plan_name, duration_months, max_kms) VALUES ('2193c4e6-7a8c-47e3-b480-277c917b45c5', '7cb9fe09-4c4b-455b-9f33-e46732ebac46', '12 Months / 20,000 Kms', 12, 20000) ON CONFLICT DO NOTHING;
INSERT INTO tiers (plan_id, min_days, max_days, price_inr, is_active) VALUES ('2193c4e6-7a8c-47e3-b480-277c917b45c5', 0, 30, 7847.0, TRUE) ON CONFLICT DO NOTHING;
INSERT INTO tiers (plan_id, min_days, max_days, price_inr, is_active) VALUES ('2193c4e6-7a8c-47e3-b480-277c917b45c5', 31, 365, 9027.0, TRUE) ON CONFLICT DO NOTHING;
INSERT INTO tiers (plan_id, min_days, max_days, price_inr, is_active) VALUES ('2193c4e6-7a8c-47e3-b480-277c917b45c5', 366, 730, 10207.0, TRUE) ON CONFLICT DO NOTHING;
INSERT INTO tiers (plan_id, min_days, max_days, price_inr, is_active) VALUES ('2193c4e6-7a8c-47e3-b480-277c917b45c5', 731, 1095, 11387.0, TRUE) ON CONFLICT DO NOTHING;
INSERT INTO plans (id, variant_id, plan_name, duration_months, max_kms) VALUES ('f2c87cc6-4d87-4677-8e0f-2d2d544e6a22', '7cb9fe09-4c4b-455b-9f33-e46732ebac46', '24 Months / 40,000 Kms', 24, 40000) ON CONFLICT DO NOTHING;
INSERT INTO tiers (plan_id, min_days, max_days, price_inr, is_active) VALUES ('f2c87cc6-4d87-4677-8e0f-2d2d544e6a22', 0, 30, 9145.0, TRUE) ON CONFLICT DO NOTHING;
INSERT INTO tiers (plan_id, min_days, max_days, price_inr, is_active) VALUES ('f2c87cc6-4d87-4677-8e0f-2d2d544e6a22', 31, 365, 10525.6, TRUE) ON CONFLICT DO NOTHING;
INSERT INTO tiers (plan_id, min_days, max_days, price_inr, is_active) VALUES ('f2c87cc6-4d87-4677-8e0f-2d2d544e6a22', 366, 730, 11894.4, TRUE) ON CONFLICT DO NOTHING;
INSERT INTO tiers (plan_id, min_days, max_days, price_inr, is_active) VALUES ('f2c87cc6-4d87-4677-8e0f-2d2d544e6a22', 731, 1095, 13263.2, TRUE) ON CONFLICT DO NOTHING;
INSERT INTO plans (id, variant_id, plan_name, duration_months, max_kms) VALUES ('df0bec9d-e9aa-469d-aacf-9b2a8a21f134', '7cb9fe09-4c4b-455b-9f33-e46732ebac46', '36 Months / 60,000 Kms', 36, 60000) ON CONFLICT DO NOTHING;
INSERT INTO tiers (plan_id, min_days, max_days, price_inr, is_active) VALUES ('df0bec9d-e9aa-469d-aacf-9b2a8a21f134', 0, 30, 9735.0, TRUE) ON CONFLICT DO NOTHING;
INSERT INTO tiers (plan_id, min_days, max_days, price_inr, is_active) VALUES ('df0bec9d-e9aa-469d-aacf-9b2a8a21f134', 31, 365, 11198.2, TRUE) ON CONFLICT DO NOTHING;
INSERT INTO tiers (plan_id, min_days, max_days, price_inr, is_active) VALUES ('df0bec9d-e9aa-469d-aacf-9b2a8a21f134', 366, 730, 12661.4, TRUE) ON CONFLICT DO NOTHING;
INSERT INTO tiers (plan_id, min_days, max_days, price_inr, is_active) VALUES ('df0bec9d-e9aa-469d-aacf-9b2a8a21f134', 731, 1095, 14124.6, TRUE) ON CONFLICT DO NOTHING;
INSERT INTO models (id, brand_id, name) VALUES ('f9c32664-aa15-403a-a209-9892cf5f569f', 'b1e782a2-c0d1-4b20-ae57-becb98f3ab90', 'CELERIO TOUR') ON CONFLICT DO NOTHING;
INSERT INTO variants (id, model_id, name, fuel, transmission, oem_warranty_months, oem_warranty_kms) VALUES ('6a28fe52-2196-4e20-80ff-4d99cf3a1b58', 'f9c32664-aa15-403a-a209-9892cf5f569f', 'MARUTI TOUR H2 1L 5MT', 'Petrol', 'Manual', 36, 100000) ON CONFLICT DO NOTHING;
INSERT INTO plans (id, variant_id, plan_name, duration_months, max_kms) VALUES ('5845f3db-b65b-4446-bd36-85eb44e24638', '6a28fe52-2196-4e20-80ff-4d99cf3a1b58', '12 Months / 20,000 Kms', 12, 20000) ON CONFLICT DO NOTHING;
INSERT INTO tiers (plan_id, min_days, max_days, price_inr, is_active) VALUES ('5845f3db-b65b-4446-bd36-85eb44e24638', 0, 30, 5829.2, TRUE) ON CONFLICT DO NOTHING;
INSERT INTO tiers (plan_id, min_days, max_days, price_inr, is_active) VALUES ('5845f3db-b65b-4446-bd36-85eb44e24638', 31, 365, 6714.2, TRUE) ON CONFLICT DO NOTHING;
INSERT INTO tiers (plan_id, min_days, max_days, price_inr, is_active) VALUES ('5845f3db-b65b-4446-bd36-85eb44e24638', 366, 730, 7587.4, TRUE) ON CONFLICT DO NOTHING;
INSERT INTO tiers (plan_id, min_days, max_days, price_inr, is_active) VALUES ('5845f3db-b65b-4446-bd36-85eb44e24638', 731, 1095, 8460.6, TRUE) ON CONFLICT DO NOTHING;
INSERT INTO plans (id, variant_id, plan_name, duration_months, max_kms) VALUES ('4d09010a-d7bd-48e3-a189-bab15ebf40d5', '6a28fe52-2196-4e20-80ff-4d99cf3a1b58', '24 Months / 40,000 Kms', 24, 40000) ON CONFLICT DO NOTHING;
INSERT INTO tiers (plan_id, min_days, max_days, price_inr, is_active) VALUES ('4d09010a-d7bd-48e3-a189-bab15ebf40d5', 0, 30, 7127.2, TRUE) ON CONFLICT DO NOTHING;
INSERT INTO tiers (plan_id, min_days, max_days, price_inr, is_active) VALUES ('4d09010a-d7bd-48e3-a189-bab15ebf40d5', 31, 365, 8201.0, TRUE) ON CONFLICT DO NOTHING;
INSERT INTO tiers (plan_id, min_days, max_days, price_inr, is_active) VALUES ('4d09010a-d7bd-48e3-a189-bab15ebf40d5', 366, 730, 9274.8, TRUE) ON CONFLICT DO NOTHING;
INSERT INTO tiers (plan_id, min_days, max_days, price_inr, is_active) VALUES ('4d09010a-d7bd-48e3-a189-bab15ebf40d5', 731, 1095, 10336.8, TRUE) ON CONFLICT DO NOTHING;
INSERT INTO plans (id, variant_id, plan_name, duration_months, max_kms) VALUES ('121cfc67-5fce-4cff-ada6-b62694aeb9b9', '6a28fe52-2196-4e20-80ff-4d99cf3a1b58', '36 Months / 60,000 Kms', 36, 60000) ON CONFLICT DO NOTHING;
INSERT INTO tiers (plan_id, min_days, max_days, price_inr, is_active) VALUES ('121cfc67-5fce-4cff-ada6-b62694aeb9b9', 0, 30, 7717.2, TRUE) ON CONFLICT DO NOTHING;
INSERT INTO tiers (plan_id, min_days, max_days, price_inr, is_active) VALUES ('121cfc67-5fce-4cff-ada6-b62694aeb9b9', 31, 365, 8885.4, TRUE) ON CONFLICT DO NOTHING;
INSERT INTO tiers (plan_id, min_days, max_days, price_inr, is_active) VALUES ('121cfc67-5fce-4cff-ada6-b62694aeb9b9', 366, 730, 10041.8, TRUE) ON CONFLICT DO NOTHING;
INSERT INTO tiers (plan_id, min_days, max_days, price_inr, is_active) VALUES ('121cfc67-5fce-4cff-ada6-b62694aeb9b9', 731, 1095, 11198.2, TRUE) ON CONFLICT DO NOTHING;
INSERT INTO variants (id, model_id, name, fuel, transmission, oem_warranty_months, oem_warranty_kms) VALUES ('c9b7959b-3069-44ec-a664-95f71933e471', 'f9c32664-aa15-403a-a209-9892cf5f569f', 'MARUTI TOUR H2 CNG 1L 5MT', 'CNG', 'Manual', 36, 100000) ON CONFLICT DO NOTHING;
INSERT INTO plans (id, variant_id, plan_name, duration_months, max_kms) VALUES ('76e917c0-5a7d-4d67-be68-a2713ee7eb3e', 'c9b7959b-3069-44ec-a664-95f71933e471', '12 Months / 20,000 Kms', 12, 20000) ON CONFLICT DO NOTHING;
INSERT INTO tiers (plan_id, min_days, max_days, price_inr, is_active) VALUES ('76e917c0-5a7d-4d67-be68-a2713ee7eb3e', 0, 30, 7316.0, TRUE) ON CONFLICT DO NOTHING;
INSERT INTO tiers (plan_id, min_days, max_days, price_inr, is_active) VALUES ('76e917c0-5a7d-4d67-be68-a2713ee7eb3e', 31, 365, 8413.4, TRUE) ON CONFLICT DO NOTHING;
INSERT INTO tiers (plan_id, min_days, max_days, price_inr, is_active) VALUES ('76e917c0-5a7d-4d67-be68-a2713ee7eb3e', 366, 730, 9510.8, TRUE) ON CONFLICT DO NOTHING;
INSERT INTO tiers (plan_id, min_days, max_days, price_inr, is_active) VALUES ('76e917c0-5a7d-4d67-be68-a2713ee7eb3e', 731, 1095, 10608.2, TRUE) ON CONFLICT DO NOTHING;
INSERT INTO plans (id, variant_id, plan_name, duration_months, max_kms) VALUES ('9d55b7db-ae7b-41d3-862b-8365810c8894', 'c9b7959b-3069-44ec-a664-95f71933e471', '24 Months / 40,000 Kms', 24, 40000) ON CONFLICT DO NOTHING;
INSERT INTO tiers (plan_id, min_days, max_days, price_inr, is_active) VALUES ('9d55b7db-ae7b-41d3-862b-8365810c8894', 0, 30, 8614.0, TRUE) ON CONFLICT DO NOTHING;
INSERT INTO tiers (plan_id, min_days, max_days, price_inr, is_active) VALUES ('9d55b7db-ae7b-41d3-862b-8365810c8894', 31, 365, 9912.0, TRUE) ON CONFLICT DO NOTHING;
INSERT INTO tiers (plan_id, min_days, max_days, price_inr, is_active) VALUES ('9d55b7db-ae7b-41d3-862b-8365810c8894', 366, 730, 11198.2, TRUE) ON CONFLICT DO NOTHING;
INSERT INTO tiers (plan_id, min_days, max_days, price_inr, is_active) VALUES ('9d55b7db-ae7b-41d3-862b-8365810c8894', 731, 1095, 12496.2, TRUE) ON CONFLICT DO NOTHING;
INSERT INTO plans (id, variant_id, plan_name, duration_months, max_kms) VALUES ('b836335e-a9fd-4383-af1d-77123d4e5bd0', 'c9b7959b-3069-44ec-a664-95f71933e471', '36 Months / 60,000 Kms', 36, 60000) ON CONFLICT DO NOTHING;
INSERT INTO tiers (plan_id, min_days, max_days, price_inr, is_active) VALUES ('b836335e-a9fd-4383-af1d-77123d4e5bd0', 0, 30, 9204.0, TRUE) ON CONFLICT DO NOTHING;
INSERT INTO tiers (plan_id, min_days, max_days, price_inr, is_active) VALUES ('b836335e-a9fd-4383-af1d-77123d4e5bd0', 31, 365, 10584.6, TRUE) ON CONFLICT DO NOTHING;
INSERT INTO tiers (plan_id, min_days, max_days, price_inr, is_active) VALUES ('b836335e-a9fd-4383-af1d-77123d4e5bd0', 366, 730, 11965.2, TRUE) ON CONFLICT DO NOTHING;
INSERT INTO tiers (plan_id, min_days, max_days, price_inr, is_active) VALUES ('b836335e-a9fd-4383-af1d-77123d4e5bd0', 731, 1095, 13345.8, TRUE) ON CONFLICT DO NOTHING;
INSERT INTO models (id, brand_id, name) VALUES ('4ba415fb-cbe6-45e0-8e98-000451c39bf0', 'b1e782a2-c0d1-4b20-ae57-becb98f3ab90', 'CIAZ') ON CONFLICT DO NOTHING;
INSERT INTO variants (id, model_id, name, fuel, transmission, oem_warranty_months, oem_warranty_kms) VALUES ('ed831e13-eb68-4e65-bcb4-6617a3a3a05b', '4ba415fb-cbe6-45e0-8e98-000451c39bf0', 'MARUTI CIAZ SMART HYBRID ALPHA 1.5L 5MT', 'Hybrid', 'Manual', 36, 100000) ON CONFLICT DO NOTHING;
INSERT INTO plans (id, variant_id, plan_name, duration_months, max_kms) VALUES ('91a988a9-c3fc-48f1-a81b-b36136338534', 'ed831e13-eb68-4e65-bcb4-6617a3a3a05b', '12 Months / 20,000 Kms', 12, 20000) ON CONFLICT DO NOTHING;
INSERT INTO tiers (plan_id, min_days, max_days, price_inr, is_active) VALUES ('91a988a9-c3fc-48f1-a81b-b36136338534', 0, 30, 18195.6, TRUE) ON CONFLICT DO NOTHING;
INSERT INTO tiers (plan_id, min_days, max_days, price_inr, is_active) VALUES ('91a988a9-c3fc-48f1-a81b-b36136338534', 31, 365, 20933.2, TRUE) ON CONFLICT DO NOTHING;
INSERT INTO tiers (plan_id, min_days, max_days, price_inr, is_active) VALUES ('91a988a9-c3fc-48f1-a81b-b36136338534', 366, 730, 23659.0, TRUE) ON CONFLICT DO NOTHING;
INSERT INTO tiers (plan_id, min_days, max_days, price_inr, is_active) VALUES ('91a988a9-c3fc-48f1-a81b-b36136338534', 731, 1095, 26384.8, TRUE) ON CONFLICT DO NOTHING;
INSERT INTO plans (id, variant_id, plan_name, duration_months, max_kms) VALUES ('0289d87c-25b3-446e-ba5a-832e979777c1', 'ed831e13-eb68-4e65-bcb4-6617a3a3a05b', '24 Months / 40,000 Kms', 24, 40000) ON CONFLICT DO NOTHING;
INSERT INTO tiers (plan_id, min_days, max_days, price_inr, is_active) VALUES ('0289d87c-25b3-446e-ba5a-832e979777c1', 0, 30, 20083.6, TRUE) ON CONFLICT DO NOTHING;
INSERT INTO tiers (plan_id, min_days, max_days, price_inr, is_active) VALUES ('0289d87c-25b3-446e-ba5a-832e979777c1', 31, 365, 23104.4, TRUE) ON CONFLICT DO NOTHING;
INSERT INTO tiers (plan_id, min_days, max_days, price_inr, is_active) VALUES ('0289d87c-25b3-446e-ba5a-832e979777c1', 366, 730, 26113.4, TRUE) ON CONFLICT DO NOTHING;
INSERT INTO tiers (plan_id, min_days, max_days, price_inr, is_active) VALUES ('0289d87c-25b3-446e-ba5a-832e979777c1', 731, 1095, 29122.4, TRUE) ON CONFLICT DO NOTHING;
INSERT INTO plans (id, variant_id, plan_name, duration_months, max_kms) VALUES ('f5bf3689-9947-40a4-8cfe-979f4b4eedf5', 'ed831e13-eb68-4e65-bcb4-6617a3a3a05b', '36 Months / 60,000 Kms', 36, 60000) ON CONFLICT DO NOTHING;
INSERT INTO tiers (plan_id, min_days, max_days, price_inr, is_active) VALUES ('f5bf3689-9947-40a4-8cfe-979f4b4eedf5', 0, 30, 21971.6, TRUE) ON CONFLICT DO NOTHING;
INSERT INTO tiers (plan_id, min_days, max_days, price_inr, is_active) VALUES ('f5bf3689-9947-40a4-8cfe-979f4b4eedf5', 31, 365, 25275.6, TRUE) ON CONFLICT DO NOTHING;
INSERT INTO tiers (plan_id, min_days, max_days, price_inr, is_active) VALUES ('f5bf3689-9947-40a4-8cfe-979f4b4eedf5', 366, 730, 28567.8, TRUE) ON CONFLICT DO NOTHING;
INSERT INTO tiers (plan_id, min_days, max_days, price_inr, is_active) VALUES ('f5bf3689-9947-40a4-8cfe-979f4b4eedf5', 731, 1095, 31860.0, TRUE) ON CONFLICT DO NOTHING;
INSERT INTO variants (id, model_id, name, fuel, transmission, oem_warranty_months, oem_warranty_kms) VALUES ('160c0495-e185-44ec-b438-23028f989e35', '4ba415fb-cbe6-45e0-8e98-000451c39bf0', 'MARUTI CIAZ SMART HYBRID ALPHA 1.5L AT', 'Hybrid', 'Automatic', 36, 100000) ON CONFLICT DO NOTHING;
INSERT INTO plans (id, variant_id, plan_name, duration_months, max_kms) VALUES ('876d2bd3-8690-41bc-b71e-a1ae7a96a814', '160c0495-e185-44ec-b438-23028f989e35', '12 Months / 20,000 Kms', 12, 20000) ON CONFLICT DO NOTHING;
INSERT INTO tiers (plan_id, min_days, max_days, price_inr, is_active) VALUES ('876d2bd3-8690-41bc-b71e-a1ae7a96a814', 0, 30, 20319.6, TRUE) ON CONFLICT DO NOTHING;
INSERT INTO tiers (plan_id, min_days, max_days, price_inr, is_active) VALUES ('876d2bd3-8690-41bc-b71e-a1ae7a96a814', 31, 365, 23375.8, TRUE) ON CONFLICT DO NOTHING;
INSERT INTO tiers (plan_id, min_days, max_days, price_inr, is_active) VALUES ('876d2bd3-8690-41bc-b71e-a1ae7a96a814', 366, 730, 26420.2, TRUE) ON CONFLICT DO NOTHING;
INSERT INTO tiers (plan_id, min_days, max_days, price_inr, is_active) VALUES ('876d2bd3-8690-41bc-b71e-a1ae7a96a814', 731, 1095, 29464.6, TRUE) ON CONFLICT DO NOTHING;
INSERT INTO plans (id, variant_id, plan_name, duration_months, max_kms) VALUES ('22aa0b33-9cba-4ad7-9711-25879883b3e9', '160c0495-e185-44ec-b438-23028f989e35', '24 Months / 40,000 Kms', 24, 40000) ON CONFLICT DO NOTHING;
INSERT INTO tiers (plan_id, min_days, max_days, price_inr, is_active) VALUES ('22aa0b33-9cba-4ad7-9711-25879883b3e9', 0, 30, 22207.6, TRUE) ON CONFLICT DO NOTHING;
INSERT INTO tiers (plan_id, min_days, max_days, price_inr, is_active) VALUES ('22aa0b33-9cba-4ad7-9711-25879883b3e9', 31, 365, 25547.0, TRUE) ON CONFLICT DO NOTHING;
INSERT INTO tiers (plan_id, min_days, max_days, price_inr, is_active) VALUES ('22aa0b33-9cba-4ad7-9711-25879883b3e9', 366, 730, 28874.6, TRUE) ON CONFLICT DO NOTHING;
INSERT INTO tiers (plan_id, min_days, max_days, price_inr, is_active) VALUES ('22aa0b33-9cba-4ad7-9711-25879883b3e9', 731, 1095, 32202.2, TRUE) ON CONFLICT DO NOTHING;
INSERT INTO plans (id, variant_id, plan_name, duration_months, max_kms) VALUES ('0f3fdf86-e585-4311-9170-13d6c9b45724', '160c0495-e185-44ec-b438-23028f989e35', '36 Months / 60,000 Kms', 36, 60000) ON CONFLICT DO NOTHING;
INSERT INTO tiers (plan_id, min_days, max_days, price_inr, is_active) VALUES ('0f3fdf86-e585-4311-9170-13d6c9b45724', 0, 30, 24095.6, TRUE) ON CONFLICT DO NOTHING;
INSERT INTO tiers (plan_id, min_days, max_days, price_inr, is_active) VALUES ('0f3fdf86-e585-4311-9170-13d6c9b45724', 31, 365, 27718.2, TRUE) ON CONFLICT DO NOTHING;
INSERT INTO tiers (plan_id, min_days, max_days, price_inr, is_active) VALUES ('0f3fdf86-e585-4311-9170-13d6c9b45724', 366, 730, 31329.0, TRUE) ON CONFLICT DO NOTHING;
INSERT INTO tiers (plan_id, min_days, max_days, price_inr, is_active) VALUES ('0f3fdf86-e585-4311-9170-13d6c9b45724', 731, 1095, 34939.8, TRUE) ON CONFLICT DO NOTHING;
INSERT INTO variants (id, model_id, name, fuel, transmission, oem_warranty_months, oem_warranty_kms) VALUES ('641c61ee-bf33-4259-9af6-65daa5968654', '4ba415fb-cbe6-45e0-8e98-000451c39bf0', 'MARUTI CIAZ SMART HYBRID DELTA 1.5L 5MT', 'Hybrid', 'Manual', 36, 100000) ON CONFLICT DO NOTHING;
INSERT INTO plans (id, variant_id, plan_name, duration_months, max_kms) VALUES ('b59be8a7-501c-495f-88b1-db81fc776674', '641c61ee-bf33-4259-9af6-65daa5968654', '12 Months / 20,000 Kms', 12, 20000) ON CONFLICT DO NOTHING;
INSERT INTO tiers (plan_id, min_days, max_days, price_inr, is_active) VALUES ('b59be8a7-501c-495f-88b1-db81fc776674', 0, 30, 15576.0, TRUE) ON CONFLICT DO NOTHING;
INSERT INTO tiers (plan_id, min_days, max_days, price_inr, is_active) VALUES ('b59be8a7-501c-495f-88b1-db81fc776674', 31, 365, 17912.4, TRUE) ON CONFLICT DO NOTHING;
INSERT INTO tiers (plan_id, min_days, max_days, price_inr, is_active) VALUES ('b59be8a7-501c-495f-88b1-db81fc776674', 366, 730, 20248.8, TRUE) ON CONFLICT DO NOTHING;
INSERT INTO tiers (plan_id, min_days, max_days, price_inr, is_active) VALUES ('b59be8a7-501c-495f-88b1-db81fc776674', 731, 1095, 22585.2, TRUE) ON CONFLICT DO NOTHING;
INSERT INTO plans (id, variant_id, plan_name, duration_months, max_kms) VALUES ('66a8f207-5a75-49c6-a20b-a8bce834291b', '641c61ee-bf33-4259-9af6-65daa5968654', '24 Months / 40,000 Kms', 24, 40000) ON CONFLICT DO NOTHING;
INSERT INTO tiers (plan_id, min_days, max_days, price_inr, is_active) VALUES ('66a8f207-5a75-49c6-a20b-a8bce834291b', 0, 30, 17464.0, TRUE) ON CONFLICT DO NOTHING;
INSERT INTO tiers (plan_id, min_days, max_days, price_inr, is_active) VALUES ('66a8f207-5a75-49c6-a20b-a8bce834291b', 31, 365, 20083.6, TRUE) ON CONFLICT DO NOTHING;
INSERT INTO tiers (plan_id, min_days, max_days, price_inr, is_active) VALUES ('66a8f207-5a75-49c6-a20b-a8bce834291b', 366, 730, 22703.2, TRUE) ON CONFLICT DO NOTHING;
INSERT INTO tiers (plan_id, min_days, max_days, price_inr, is_active) VALUES ('66a8f207-5a75-49c6-a20b-a8bce834291b', 731, 1095, 25322.8, TRUE) ON CONFLICT DO NOTHING;
INSERT INTO plans (id, variant_id, plan_name, duration_months, max_kms) VALUES ('5d50362b-4234-4d21-bff2-49d328a51eba', '641c61ee-bf33-4259-9af6-65daa5968654', '36 Months / 60,000 Kms', 36, 60000) ON CONFLICT DO NOTHING;
INSERT INTO tiers (plan_id, min_days, max_days, price_inr, is_active) VALUES ('5d50362b-4234-4d21-bff2-49d328a51eba', 0, 30, 19352.0, TRUE) ON CONFLICT DO NOTHING;
INSERT INTO tiers (plan_id, min_days, max_days, price_inr, is_active) VALUES ('5d50362b-4234-4d21-bff2-49d328a51eba', 31, 365, 22254.8, TRUE) ON CONFLICT DO NOTHING;
INSERT INTO tiers (plan_id, min_days, max_days, price_inr, is_active) VALUES ('5d50362b-4234-4d21-bff2-49d328a51eba', 366, 730, 25157.6, TRUE) ON CONFLICT DO NOTHING;
INSERT INTO tiers (plan_id, min_days, max_days, price_inr, is_active) VALUES ('5d50362b-4234-4d21-bff2-49d328a51eba', 731, 1095, 28060.4, TRUE) ON CONFLICT DO NOTHING;
INSERT INTO variants (id, model_id, name, fuel, transmission, oem_warranty_months, oem_warranty_kms) VALUES ('62f76409-4ea1-4ee9-880a-a9c449c0f0b2', '4ba415fb-cbe6-45e0-8e98-000451c39bf0', 'MARUTI CIAZ SMART HYBRID DELTA 1.5L AT', 'Hybrid', 'Automatic', 36, 100000) ON CONFLICT DO NOTHING;
INSERT INTO plans (id, variant_id, plan_name, duration_months, max_kms) VALUES ('193c756f-cb86-4db9-9b57-5f8e7225be56', '62f76409-4ea1-4ee9-880a-a9c449c0f0b2', '12 Months / 20,000 Kms', 12, 20000) ON CONFLICT DO NOTHING;
INSERT INTO tiers (plan_id, min_days, max_days, price_inr, is_active) VALUES ('193c756f-cb86-4db9-9b57-5f8e7225be56', 0, 30, 17711.8, TRUE) ON CONFLICT DO NOTHING;
INSERT INTO tiers (plan_id, min_days, max_days, price_inr, is_active) VALUES ('193c756f-cb86-4db9-9b57-5f8e7225be56', 31, 365, 20378.6, TRUE) ON CONFLICT DO NOTHING;
INSERT INTO tiers (plan_id, min_days, max_days, price_inr, is_active) VALUES ('193c756f-cb86-4db9-9b57-5f8e7225be56', 366, 730, 23033.6, TRUE) ON CONFLICT DO NOTHING;
INSERT INTO tiers (plan_id, min_days, max_days, price_inr, is_active) VALUES ('193c756f-cb86-4db9-9b57-5f8e7225be56', 731, 1095, 25688.6, TRUE) ON CONFLICT DO NOTHING;
INSERT INTO plans (id, variant_id, plan_name, duration_months, max_kms) VALUES ('c86148c3-7582-4aac-8e3a-31377368ef94', '62f76409-4ea1-4ee9-880a-a9c449c0f0b2', '24 Months / 40,000 Kms', 24, 40000) ON CONFLICT DO NOTHING;
INSERT INTO tiers (plan_id, min_days, max_days, price_inr, is_active) VALUES ('c86148c3-7582-4aac-8e3a-31377368ef94', 0, 30, 19599.8, TRUE) ON CONFLICT DO NOTHING;
INSERT INTO tiers (plan_id, min_days, max_days, price_inr, is_active) VALUES ('c86148c3-7582-4aac-8e3a-31377368ef94', 31, 365, 22549.8, TRUE) ON CONFLICT DO NOTHING;
INSERT INTO tiers (plan_id, min_days, max_days, price_inr, is_active) VALUES ('c86148c3-7582-4aac-8e3a-31377368ef94', 366, 730, 25488.0, TRUE) ON CONFLICT DO NOTHING;
INSERT INTO tiers (plan_id, min_days, max_days, price_inr, is_active) VALUES ('c86148c3-7582-4aac-8e3a-31377368ef94', 731, 1095, 28426.2, TRUE) ON CONFLICT DO NOTHING;
INSERT INTO plans (id, variant_id, plan_name, duration_months, max_kms) VALUES ('44fbab93-d9a9-4297-8719-83ed2ccc6bca', '62f76409-4ea1-4ee9-880a-a9c449c0f0b2', '36 Months / 60,000 Kms', 36, 60000) ON CONFLICT DO NOTHING;
INSERT INTO tiers (plan_id, min_days, max_days, price_inr, is_active) VALUES ('44fbab93-d9a9-4297-8719-83ed2ccc6bca', 0, 30, 21487.8, TRUE) ON CONFLICT DO NOTHING;
INSERT INTO tiers (plan_id, min_days, max_days, price_inr, is_active) VALUES ('44fbab93-d9a9-4297-8719-83ed2ccc6bca', 31, 365, 24721.0, TRUE) ON CONFLICT DO NOTHING;
INSERT INTO tiers (plan_id, min_days, max_days, price_inr, is_active) VALUES ('44fbab93-d9a9-4297-8719-83ed2ccc6bca', 366, 730, 27942.4, TRUE) ON CONFLICT DO NOTHING;
INSERT INTO tiers (plan_id, min_days, max_days, price_inr, is_active) VALUES ('44fbab93-d9a9-4297-8719-83ed2ccc6bca', 731, 1095, 31163.8, TRUE) ON CONFLICT DO NOTHING;
INSERT INTO variants (id, model_id, name, fuel, transmission, oem_warranty_months, oem_warranty_kms) VALUES ('0212166f-032d-4b64-b5d7-5101158be1c3', '4ba415fb-cbe6-45e0-8e98-000451c39bf0', 'MARUTI CIAZ SMART HYBRID S 1.5L 5MT', 'Hybrid', 'Manual', 36, 100000) ON CONFLICT DO NOTHING;
INSERT INTO plans (id, variant_id, plan_name, duration_months, max_kms) VALUES ('48bf1969-ffa2-4156-aa67-88f1f2a94b80', '0212166f-032d-4b64-b5d7-5101158be1c3', '12 Months / 20,000 Kms', 12, 20000) ON CONFLICT DO NOTHING;
INSERT INTO tiers (plan_id, min_days, max_days, price_inr, is_active) VALUES ('48bf1969-ffa2-4156-aa67-88f1f2a94b80', 0, 30, 17700.0, TRUE) ON CONFLICT DO NOTHING;
INSERT INTO tiers (plan_id, min_days, max_days, price_inr, is_active) VALUES ('48bf1969-ffa2-4156-aa67-88f1f2a94b80', 31, 365, 20355.0, TRUE) ON CONFLICT DO NOTHING;
INSERT INTO tiers (plan_id, min_days, max_days, price_inr, is_active) VALUES ('48bf1969-ffa2-4156-aa67-88f1f2a94b80', 366, 730, 23010.0, TRUE) ON CONFLICT DO NOTHING;
INSERT INTO tiers (plan_id, min_days, max_days, price_inr, is_active) VALUES ('48bf1969-ffa2-4156-aa67-88f1f2a94b80', 731, 1095, 25665.0, TRUE) ON CONFLICT DO NOTHING;
INSERT INTO plans (id, variant_id, plan_name, duration_months, max_kms) VALUES ('54c93f69-540f-4fbc-965f-e1c1bbb26f6a', '0212166f-032d-4b64-b5d7-5101158be1c3', '24 Months / 40,000 Kms', 24, 40000) ON CONFLICT DO NOTHING;
INSERT INTO tiers (plan_id, min_days, max_days, price_inr, is_active) VALUES ('54c93f69-540f-4fbc-965f-e1c1bbb26f6a', 0, 30, 19588.0, TRUE) ON CONFLICT DO NOTHING;
INSERT INTO tiers (plan_id, min_days, max_days, price_inr, is_active) VALUES ('54c93f69-540f-4fbc-965f-e1c1bbb26f6a', 31, 365, 22526.2, TRUE) ON CONFLICT DO NOTHING;
INSERT INTO tiers (plan_id, min_days, max_days, price_inr, is_active) VALUES ('54c93f69-540f-4fbc-965f-e1c1bbb26f6a', 366, 730, 25464.4, TRUE) ON CONFLICT DO NOTHING;
INSERT INTO tiers (plan_id, min_days, max_days, price_inr, is_active) VALUES ('54c93f69-540f-4fbc-965f-e1c1bbb26f6a', 731, 1095, 28402.6, TRUE) ON CONFLICT DO NOTHING;
INSERT INTO plans (id, variant_id, plan_name, duration_months, max_kms) VALUES ('95414997-ee63-4932-b3d8-87e20c061f78', '0212166f-032d-4b64-b5d7-5101158be1c3', '36 Months / 60,000 Kms', 36, 60000) ON CONFLICT DO NOTHING;
INSERT INTO tiers (plan_id, min_days, max_days, price_inr, is_active) VALUES ('95414997-ee63-4932-b3d8-87e20c061f78', 0, 30, 21476.0, TRUE) ON CONFLICT DO NOTHING;
INSERT INTO tiers (plan_id, min_days, max_days, price_inr, is_active) VALUES ('95414997-ee63-4932-b3d8-87e20c061f78', 31, 365, 24697.4, TRUE) ON CONFLICT DO NOTHING;
INSERT INTO tiers (plan_id, min_days, max_days, price_inr, is_active) VALUES ('95414997-ee63-4932-b3d8-87e20c061f78', 366, 730, 27918.8, TRUE) ON CONFLICT DO NOTHING;
INSERT INTO tiers (plan_id, min_days, max_days, price_inr, is_active) VALUES ('95414997-ee63-4932-b3d8-87e20c061f78', 731, 1095, 31140.2, TRUE) ON CONFLICT DO NOTHING;
INSERT INTO variants (id, model_id, name, fuel, transmission, oem_warranty_months, oem_warranty_kms) VALUES ('d7b92be4-34b0-44d9-8190-8a07533f2efc', '4ba415fb-cbe6-45e0-8e98-000451c39bf0', 'MARUTI CIAZ SMART HYBRID SIGMA 1.5L 5MT', 'Hybrid', 'Manual', 36, 100000) ON CONFLICT DO NOTHING;
INSERT INTO plans (id, variant_id, plan_name, duration_months, max_kms) VALUES ('6274d652-6f4c-4d68-aa3a-f62efd361c1c', 'd7b92be4-34b0-44d9-8190-8a07533f2efc', '12 Months / 20,000 Kms', 12, 20000) ON CONFLICT DO NOTHING;
INSERT INTO tiers (plan_id, min_days, max_days, price_inr, is_active) VALUES ('6274d652-6f4c-4d68-aa3a-f62efd361c1c', 0, 30, 14419.6, TRUE) ON CONFLICT DO NOTHING;
INSERT INTO tiers (plan_id, min_days, max_days, price_inr, is_active) VALUES ('6274d652-6f4c-4d68-aa3a-f62efd361c1c', 31, 365, 16590.8, TRUE) ON CONFLICT DO NOTHING;
INSERT INTO tiers (plan_id, min_days, max_days, price_inr, is_active) VALUES ('6274d652-6f4c-4d68-aa3a-f62efd361c1c', 366, 730, 18750.2, TRUE) ON CONFLICT DO NOTHING;
INSERT INTO tiers (plan_id, min_days, max_days, price_inr, is_active) VALUES ('6274d652-6f4c-4d68-aa3a-f62efd361c1c', 731, 1095, 20909.6, TRUE) ON CONFLICT DO NOTHING;
INSERT INTO plans (id, variant_id, plan_name, duration_months, max_kms) VALUES ('055927cd-beda-4d66-adf0-d60ebc878132', 'd7b92be4-34b0-44d9-8190-8a07533f2efc', '24 Months / 40,000 Kms', 24, 40000) ON CONFLICT DO NOTHING;
INSERT INTO tiers (plan_id, min_days, max_days, price_inr, is_active) VALUES ('055927cd-beda-4d66-adf0-d60ebc878132', 0, 30, 16307.6, TRUE) ON CONFLICT DO NOTHING;
INSERT INTO tiers (plan_id, min_days, max_days, price_inr, is_active) VALUES ('055927cd-beda-4d66-adf0-d60ebc878132', 31, 365, 18762.0, TRUE) ON CONFLICT DO NOTHING;
INSERT INTO tiers (plan_id, min_days, max_days, price_inr, is_active) VALUES ('055927cd-beda-4d66-adf0-d60ebc878132', 366, 730, 21204.6, TRUE) ON CONFLICT DO NOTHING;
INSERT INTO tiers (plan_id, min_days, max_days, price_inr, is_active) VALUES ('055927cd-beda-4d66-adf0-d60ebc878132', 731, 1095, 23647.2, TRUE) ON CONFLICT DO NOTHING;
INSERT INTO plans (id, variant_id, plan_name, duration_months, max_kms) VALUES ('2bf280fa-e676-453e-aa81-894bf589fbfd', 'd7b92be4-34b0-44d9-8190-8a07533f2efc', '36 Months / 60,000 Kms', 36, 60000) ON CONFLICT DO NOTHING;
INSERT INTO tiers (plan_id, min_days, max_days, price_inr, is_active) VALUES ('2bf280fa-e676-453e-aa81-894bf589fbfd', 0, 30, 18195.6, TRUE) ON CONFLICT DO NOTHING;
INSERT INTO tiers (plan_id, min_days, max_days, price_inr, is_active) VALUES ('2bf280fa-e676-453e-aa81-894bf589fbfd', 31, 365, 20933.2, TRUE) ON CONFLICT DO NOTHING;
INSERT INTO tiers (plan_id, min_days, max_days, price_inr, is_active) VALUES ('2bf280fa-e676-453e-aa81-894bf589fbfd', 366, 730, 23659.0, TRUE) ON CONFLICT DO NOTHING;
INSERT INTO tiers (plan_id, min_days, max_days, price_inr, is_active) VALUES ('2bf280fa-e676-453e-aa81-894bf589fbfd', 731, 1095, 26384.8, TRUE) ON CONFLICT DO NOTHING;
INSERT INTO variants (id, model_id, name, fuel, transmission, oem_warranty_months, oem_warranty_kms) VALUES ('77fabb46-43e6-454e-a706-48559fa46a35', '4ba415fb-cbe6-45e0-8e98-000451c39bf0', 'MARUTI CIAZ SMART HYBRID ZETA 1.5L 5MT', 'Hybrid', 'Manual', 36, 100000) ON CONFLICT DO NOTHING;
INSERT INTO plans (id, variant_id, plan_name, duration_months, max_kms) VALUES ('0560a0a6-9de7-468f-b421-98512cab9543', '77fabb46-43e6-454e-a706-48559fa46a35', '12 Months / 20,000 Kms', 12, 20000) ON CONFLICT DO NOTHING;
INSERT INTO tiers (plan_id, min_days, max_days, price_inr, is_active) VALUES ('0560a0a6-9de7-468f-b421-98512cab9543', 0, 30, 16354.8, TRUE) ON CONFLICT DO NOTHING;
INSERT INTO tiers (plan_id, min_days, max_days, price_inr, is_active) VALUES ('0560a0a6-9de7-468f-b421-98512cab9543', 31, 365, 18809.2, TRUE) ON CONFLICT DO NOTHING;
INSERT INTO tiers (plan_id, min_days, max_days, price_inr, is_active) VALUES ('0560a0a6-9de7-468f-b421-98512cab9543', 366, 730, 21263.6, TRUE) ON CONFLICT DO NOTHING;
INSERT INTO tiers (plan_id, min_days, max_days, price_inr, is_active) VALUES ('0560a0a6-9de7-468f-b421-98512cab9543', 731, 1095, 23718.0, TRUE) ON CONFLICT DO NOTHING;
INSERT INTO plans (id, variant_id, plan_name, duration_months, max_kms) VALUES ('595f4a85-e514-4d57-ab05-1e80f4a2382a', '77fabb46-43e6-454e-a706-48559fa46a35', '24 Months / 40,000 Kms', 24, 40000) ON CONFLICT DO NOTHING;
INSERT INTO tiers (plan_id, min_days, max_days, price_inr, is_active) VALUES ('595f4a85-e514-4d57-ab05-1e80f4a2382a', 0, 30, 18242.8, TRUE) ON CONFLICT DO NOTHING;
INSERT INTO tiers (plan_id, min_days, max_days, price_inr, is_active) VALUES ('595f4a85-e514-4d57-ab05-1e80f4a2382a', 31, 365, 20980.4, TRUE) ON CONFLICT DO NOTHING;
INSERT INTO tiers (plan_id, min_days, max_days, price_inr, is_active) VALUES ('595f4a85-e514-4d57-ab05-1e80f4a2382a', 366, 730, 23718.0, TRUE) ON CONFLICT DO NOTHING;
INSERT INTO tiers (plan_id, min_days, max_days, price_inr, is_active) VALUES ('595f4a85-e514-4d57-ab05-1e80f4a2382a', 731, 1095, 26455.6, TRUE) ON CONFLICT DO NOTHING;
INSERT INTO plans (id, variant_id, plan_name, duration_months, max_kms) VALUES ('12c5d8cb-a2a5-4f1e-b255-cd5867c0ea22', '77fabb46-43e6-454e-a706-48559fa46a35', '36 Months / 60,000 Kms', 36, 60000) ON CONFLICT DO NOTHING;
INSERT INTO tiers (plan_id, min_days, max_days, price_inr, is_active) VALUES ('12c5d8cb-a2a5-4f1e-b255-cd5867c0ea22', 0, 30, 20130.8, TRUE) ON CONFLICT DO NOTHING;
INSERT INTO tiers (plan_id, min_days, max_days, price_inr, is_active) VALUES ('12c5d8cb-a2a5-4f1e-b255-cd5867c0ea22', 31, 365, 23151.6, TRUE) ON CONFLICT DO NOTHING;
INSERT INTO tiers (plan_id, min_days, max_days, price_inr, is_active) VALUES ('12c5d8cb-a2a5-4f1e-b255-cd5867c0ea22', 366, 730, 26172.4, TRUE) ON CONFLICT DO NOTHING;
INSERT INTO tiers (plan_id, min_days, max_days, price_inr, is_active) VALUES ('12c5d8cb-a2a5-4f1e-b255-cd5867c0ea22', 731, 1095, 29193.2, TRUE) ON CONFLICT DO NOTHING;
INSERT INTO variants (id, model_id, name, fuel, transmission, oem_warranty_months, oem_warranty_kms) VALUES ('cea8b57a-75b7-43dc-855e-227cf8277609', '4ba415fb-cbe6-45e0-8e98-000451c39bf0', 'MARUTI CIAZ SMART HYBRID ZETA 1.5L AT', 'Hybrid', 'Automatic', 36, 100000) ON CONFLICT DO NOTHING;
INSERT INTO plans (id, variant_id, plan_name, duration_months, max_kms) VALUES ('6a6691cb-2f15-46c0-8f42-41838a5671b7', 'cea8b57a-75b7-43dc-855e-227cf8277609', '12 Months / 20,000 Kms', 12, 20000) ON CONFLICT DO NOTHING;
INSERT INTO tiers (plan_id, min_days, max_days, price_inr, is_active) VALUES ('6a6691cb-2f15-46c0-8f42-41838a5671b7', 0, 30, 18478.8, TRUE) ON CONFLICT DO NOTHING;
INSERT INTO tiers (plan_id, min_days, max_days, price_inr, is_active) VALUES ('6a6691cb-2f15-46c0-8f42-41838a5671b7', 31, 365, 21251.8, TRUE) ON CONFLICT DO NOTHING;
INSERT INTO tiers (plan_id, min_days, max_days, price_inr, is_active) VALUES ('6a6691cb-2f15-46c0-8f42-41838a5671b7', 366, 730, 24024.8, TRUE) ON CONFLICT DO NOTHING;
INSERT INTO tiers (plan_id, min_days, max_days, price_inr, is_active) VALUES ('6a6691cb-2f15-46c0-8f42-41838a5671b7', 731, 1095, 26797.8, TRUE) ON CONFLICT DO NOTHING;
INSERT INTO plans (id, variant_id, plan_name, duration_months, max_kms) VALUES ('766300fd-5acc-4d67-9d7f-41c0c5667b77', 'cea8b57a-75b7-43dc-855e-227cf8277609', '24 Months / 40,000 Kms', 24, 40000) ON CONFLICT DO NOTHING;
INSERT INTO tiers (plan_id, min_days, max_days, price_inr, is_active) VALUES ('766300fd-5acc-4d67-9d7f-41c0c5667b77', 0, 30, 20366.8, TRUE) ON CONFLICT DO NOTHING;
INSERT INTO tiers (plan_id, min_days, max_days, price_inr, is_active) VALUES ('766300fd-5acc-4d67-9d7f-41c0c5667b77', 31, 365, 23423.0, TRUE) ON CONFLICT DO NOTHING;
INSERT INTO tiers (plan_id, min_days, max_days, price_inr, is_active) VALUES ('766300fd-5acc-4d67-9d7f-41c0c5667b77', 366, 730, 26479.2, TRUE) ON CONFLICT DO NOTHING;
INSERT INTO tiers (plan_id, min_days, max_days, price_inr, is_active) VALUES ('766300fd-5acc-4d67-9d7f-41c0c5667b77', 731, 1095, 29535.4, TRUE) ON CONFLICT DO NOTHING;
INSERT INTO plans (id, variant_id, plan_name, duration_months, max_kms) VALUES ('d1c670a4-7b2f-4af0-b427-ae11dfe95cb8', 'cea8b57a-75b7-43dc-855e-227cf8277609', '36 Months / 60,000 Kms', 36, 60000) ON CONFLICT DO NOTHING;
INSERT INTO tiers (plan_id, min_days, max_days, price_inr, is_active) VALUES ('d1c670a4-7b2f-4af0-b427-ae11dfe95cb8', 0, 30, 22254.8, TRUE) ON CONFLICT DO NOTHING;
INSERT INTO tiers (plan_id, min_days, max_days, price_inr, is_active) VALUES ('d1c670a4-7b2f-4af0-b427-ae11dfe95cb8', 31, 365, 25594.2, TRUE) ON CONFLICT DO NOTHING;
INSERT INTO tiers (plan_id, min_days, max_days, price_inr, is_active) VALUES ('d1c670a4-7b2f-4af0-b427-ae11dfe95cb8', 366, 730, 28933.6, TRUE) ON CONFLICT DO NOTHING;
INSERT INTO tiers (plan_id, min_days, max_days, price_inr, is_active) VALUES ('d1c670a4-7b2f-4af0-b427-ae11dfe95cb8', 731, 1095, 32273.0, TRUE) ON CONFLICT DO NOTHING;
INSERT INTO models (id, brand_id, name) VALUES ('e891fe2c-3049-4338-b808-70110700fb13', 'b1e782a2-c0d1-4b20-ae57-becb98f3ab90', 'DZIRE') ON CONFLICT DO NOTHING;
INSERT INTO variants (id, model_id, name, fuel, transmission, oem_warranty_months, oem_warranty_kms) VALUES ('ade99ba9-46bb-4c13-abbc-0623cf64d83b', 'e891fe2c-3049-4338-b808-70110700fb13', 'MARUTI DZIRE LXI 1.2L 5MT', 'Petrol', 'Manual', 36, 100000) ON CONFLICT DO NOTHING;
INSERT INTO plans (id, variant_id, plan_name, duration_months, max_kms) VALUES ('57ee34fe-8446-4631-808c-d378e214736c', 'ade99ba9-46bb-4c13-abbc-0623cf64d83b', '12 Months / 20,000 Kms', 12, 20000) ON CONFLICT DO NOTHING;
INSERT INTO tiers (plan_id, min_days, max_days, price_inr, is_active) VALUES ('57ee34fe-8446-4631-808c-d378e214736c', 0, 30, 8826.4, TRUE) ON CONFLICT DO NOTHING;
INSERT INTO tiers (plan_id, min_days, max_days, price_inr, is_active) VALUES ('57ee34fe-8446-4631-808c-d378e214736c', 31, 365, 10159.8, TRUE) ON CONFLICT DO NOTHING;
INSERT INTO tiers (plan_id, min_days, max_days, price_inr, is_active) VALUES ('57ee34fe-8446-4631-808c-d378e214736c', 366, 730, 11481.4, TRUE) ON CONFLICT DO NOTHING;
INSERT INTO tiers (plan_id, min_days, max_days, price_inr, is_active) VALUES ('57ee34fe-8446-4631-808c-d378e214736c', 731, 1095, 12803.0, TRUE) ON CONFLICT DO NOTHING;
INSERT INTO plans (id, variant_id, plan_name, duration_months, max_kms) VALUES ('b02956ac-2138-4485-a794-c676d19f8b62', 'ade99ba9-46bb-4c13-abbc-0623cf64d83b', '24 Months / 40,000 Kms', 24, 40000) ON CONFLICT DO NOTHING;
INSERT INTO tiers (plan_id, min_days, max_days, price_inr, is_active) VALUES ('b02956ac-2138-4485-a794-c676d19f8b62', 0, 30, 10714.4, TRUE) ON CONFLICT DO NOTHING;
INSERT INTO tiers (plan_id, min_days, max_days, price_inr, is_active) VALUES ('b02956ac-2138-4485-a794-c676d19f8b62', 31, 365, 12331.0, TRUE) ON CONFLICT DO NOTHING;
INSERT INTO tiers (plan_id, min_days, max_days, price_inr, is_active) VALUES ('b02956ac-2138-4485-a794-c676d19f8b62', 366, 730, 13935.8, TRUE) ON CONFLICT DO NOTHING;
INSERT INTO tiers (plan_id, min_days, max_days, price_inr, is_active) VALUES ('b02956ac-2138-4485-a794-c676d19f8b62', 731, 1095, 15540.6, TRUE) ON CONFLICT DO NOTHING;
INSERT INTO plans (id, variant_id, plan_name, duration_months, max_kms) VALUES ('c53fc200-6030-4ff5-a93c-40d96a8be099', 'ade99ba9-46bb-4c13-abbc-0623cf64d83b', '36 Months / 60,000 Kms', 36, 60000) ON CONFLICT DO NOTHING;
INSERT INTO tiers (plan_id, min_days, max_days, price_inr, is_active) VALUES ('c53fc200-6030-4ff5-a93c-40d96a8be099', 0, 30, 12012.4, TRUE) ON CONFLICT DO NOTHING;
INSERT INTO tiers (plan_id, min_days, max_days, price_inr, is_active) VALUES ('c53fc200-6030-4ff5-a93c-40d96a8be099', 31, 365, 13817.8, TRUE) ON CONFLICT DO NOTHING;
INSERT INTO tiers (plan_id, min_days, max_days, price_inr, is_active) VALUES ('c53fc200-6030-4ff5-a93c-40d96a8be099', 366, 730, 15623.2, TRUE) ON CONFLICT DO NOTHING;
INSERT INTO tiers (plan_id, min_days, max_days, price_inr, is_active) VALUES ('c53fc200-6030-4ff5-a93c-40d96a8be099', 731, 1095, 17428.6, TRUE) ON CONFLICT DO NOTHING;
INSERT INTO variants (id, model_id, name, fuel, transmission, oem_warranty_months, oem_warranty_kms) VALUES ('52ed095d-9790-4842-9883-6e3d604dc788', 'e891fe2c-3049-4338-b808-70110700fb13', 'MARUTI DZIRE LXI 1.2L ISS 5MT', 'Hybrid', 'Manual', 36, 100000) ON CONFLICT DO NOTHING;
INSERT INTO plans (id, variant_id, plan_name, duration_months, max_kms) VALUES ('00d6a2ff-520e-4f46-8cd3-b190cc02e31a', '52ed095d-9790-4842-9883-6e3d604dc788', '12 Months / 20,000 Kms', 12, 20000) ON CONFLICT DO NOTHING;
INSERT INTO tiers (plan_id, min_days, max_days, price_inr, is_active) VALUES ('00d6a2ff-520e-4f46-8cd3-b190cc02e31a', 0, 30, 8236.4, TRUE) ON CONFLICT DO NOTHING;
INSERT INTO tiers (plan_id, min_days, max_days, price_inr, is_active) VALUES ('00d6a2ff-520e-4f46-8cd3-b190cc02e31a', 31, 365, 9475.4, TRUE) ON CONFLICT DO NOTHING;
INSERT INTO tiers (plan_id, min_days, max_days, price_inr, is_active) VALUES ('00d6a2ff-520e-4f46-8cd3-b190cc02e31a', 366, 730, 10714.4, TRUE) ON CONFLICT DO NOTHING;
INSERT INTO tiers (plan_id, min_days, max_days, price_inr, is_active) VALUES ('00d6a2ff-520e-4f46-8cd3-b190cc02e31a', 731, 1095, 11953.4, TRUE) ON CONFLICT DO NOTHING;
INSERT INTO plans (id, variant_id, plan_name, duration_months, max_kms) VALUES ('dd6ea223-206f-46f3-aca5-b03c872960ab', '52ed095d-9790-4842-9883-6e3d604dc788', '24 Months / 40,000 Kms', 24, 40000) ON CONFLICT DO NOTHING;
INSERT INTO tiers (plan_id, min_days, max_days, price_inr, is_active) VALUES ('dd6ea223-206f-46f3-aca5-b03c872960ab', 0, 30, 10124.4, TRUE) ON CONFLICT DO NOTHING;
INSERT INTO tiers (plan_id, min_days, max_days, price_inr, is_active) VALUES ('dd6ea223-206f-46f3-aca5-b03c872960ab', 31, 365, 11646.6, TRUE) ON CONFLICT DO NOTHING;
INSERT INTO tiers (plan_id, min_days, max_days, price_inr, is_active) VALUES ('dd6ea223-206f-46f3-aca5-b03c872960ab', 366, 730, 13168.8, TRUE) ON CONFLICT DO NOTHING;
INSERT INTO tiers (plan_id, min_days, max_days, price_inr, is_active) VALUES ('dd6ea223-206f-46f3-aca5-b03c872960ab', 731, 1095, 14691.0, TRUE) ON CONFLICT DO NOTHING;
INSERT INTO plans (id, variant_id, plan_name, duration_months, max_kms) VALUES ('a33d72d3-6c9d-4f20-85a7-44054bb04133', '52ed095d-9790-4842-9883-6e3d604dc788', '36 Months / 60,000 Kms', 36, 60000) ON CONFLICT DO NOTHING;
INSERT INTO tiers (plan_id, min_days, max_days, price_inr, is_active) VALUES ('a33d72d3-6c9d-4f20-85a7-44054bb04133', 0, 30, 11422.4, TRUE) ON CONFLICT DO NOTHING;
INSERT INTO tiers (plan_id, min_days, max_days, price_inr, is_active) VALUES ('a33d72d3-6c9d-4f20-85a7-44054bb04133', 31, 365, 13145.2, TRUE) ON CONFLICT DO NOTHING;
INSERT INTO tiers (plan_id, min_days, max_days, price_inr, is_active) VALUES ('a33d72d3-6c9d-4f20-85a7-44054bb04133', 366, 730, 14856.2, TRUE) ON CONFLICT DO NOTHING;
INSERT INTO tiers (plan_id, min_days, max_days, price_inr, is_active) VALUES ('a33d72d3-6c9d-4f20-85a7-44054bb04133', 731, 1095, 16567.2, TRUE) ON CONFLICT DO NOTHING;
INSERT INTO variants (id, model_id, name, fuel, transmission, oem_warranty_months, oem_warranty_kms) VALUES ('40c35d38-1687-4037-9187-2a2140244f43', 'e891fe2c-3049-4338-b808-70110700fb13', 'MARUTI DZIRE VXI 1.2L 5MT', 'Petrol', 'Manual', 36, 100000) ON CONFLICT DO NOTHING;
INSERT INTO plans (id, variant_id, plan_name, duration_months, max_kms) VALUES ('fb735907-8ffd-4301-b0c9-0e8eb665a2e1', '40c35d38-1687-4037-9187-2a2140244f43', '12 Months / 20,000 Kms', 12, 20000) ON CONFLICT DO NOTHING;
INSERT INTO tiers (plan_id, min_days, max_days, price_inr, is_active) VALUES ('fb735907-8ffd-4301-b0c9-0e8eb665a2e1', 0, 30, 10525.6, TRUE) ON CONFLICT DO NOTHING;
INSERT INTO tiers (plan_id, min_days, max_days, price_inr, is_active) VALUES ('fb735907-8ffd-4301-b0c9-0e8eb665a2e1', 31, 365, 12106.8, TRUE) ON CONFLICT DO NOTHING;
INSERT INTO tiers (plan_id, min_days, max_days, price_inr, is_active) VALUES ('fb735907-8ffd-4301-b0c9-0e8eb665a2e1', 366, 730, 13688.0, TRUE) ON CONFLICT DO NOTHING;
INSERT INTO tiers (plan_id, min_days, max_days, price_inr, is_active) VALUES ('fb735907-8ffd-4301-b0c9-0e8eb665a2e1', 731, 1095, 15269.2, TRUE) ON CONFLICT DO NOTHING;
INSERT INTO plans (id, variant_id, plan_name, duration_months, max_kms) VALUES ('9f929231-95f2-4c79-8814-9f61dedad4dd', '40c35d38-1687-4037-9187-2a2140244f43', '24 Months / 40,000 Kms', 24, 40000) ON CONFLICT DO NOTHING;
INSERT INTO tiers (plan_id, min_days, max_days, price_inr, is_active) VALUES ('9f929231-95f2-4c79-8814-9f61dedad4dd', 0, 30, 12413.6, TRUE) ON CONFLICT DO NOTHING;
INSERT INTO tiers (plan_id, min_days, max_days, price_inr, is_active) VALUES ('9f929231-95f2-4c79-8814-9f61dedad4dd', 31, 365, 14278.0, TRUE) ON CONFLICT DO NOTHING;
INSERT INTO tiers (plan_id, min_days, max_days, price_inr, is_active) VALUES ('9f929231-95f2-4c79-8814-9f61dedad4dd', 366, 730, 16142.4, TRUE) ON CONFLICT DO NOTHING;
INSERT INTO tiers (plan_id, min_days, max_days, price_inr, is_active) VALUES ('9f929231-95f2-4c79-8814-9f61dedad4dd', 731, 1095, 18006.8, TRUE) ON CONFLICT DO NOTHING;
INSERT INTO plans (id, variant_id, plan_name, duration_months, max_kms) VALUES ('b70e98c3-b4f9-4f05-abce-41aecb6c2f65', '40c35d38-1687-4037-9187-2a2140244f43', '36 Months / 60,000 Kms', 36, 60000) ON CONFLICT DO NOTHING;
INSERT INTO tiers (plan_id, min_days, max_days, price_inr, is_active) VALUES ('b70e98c3-b4f9-4f05-abce-41aecb6c2f65', 0, 30, 13711.6, TRUE) ON CONFLICT DO NOTHING;
INSERT INTO tiers (plan_id, min_days, max_days, price_inr, is_active) VALUES ('b70e98c3-b4f9-4f05-abce-41aecb6c2f65', 31, 365, 15776.6, TRUE) ON CONFLICT DO NOTHING;
INSERT INTO tiers (plan_id, min_days, max_days, price_inr, is_active) VALUES ('b70e98c3-b4f9-4f05-abce-41aecb6c2f65', 366, 730, 17829.8, TRUE) ON CONFLICT DO NOTHING;
INSERT INTO tiers (plan_id, min_days, max_days, price_inr, is_active) VALUES ('b70e98c3-b4f9-4f05-abce-41aecb6c2f65', 731, 1095, 19883.0, TRUE) ON CONFLICT DO NOTHING;
INSERT INTO variants (id, model_id, name, fuel, transmission, oem_warranty_months, oem_warranty_kms) VALUES ('e5f75b3f-1977-487c-a1a4-0362934ab0e1', 'e891fe2c-3049-4338-b808-70110700fb13', 'MARUTI DZIRE VXI 1.2L AGS', 'Petrol', 'Automatic', 36, 100000) ON CONFLICT DO NOTHING;
INSERT INTO plans (id, variant_id, plan_name, duration_months, max_kms) VALUES ('d7496fed-b097-49dc-87b5-2fbae331afea', 'e5f75b3f-1977-487c-a1a4-0362934ab0e1', '12 Months / 20,000 Kms', 12, 20000) ON CONFLICT DO NOTHING;
INSERT INTO tiers (plan_id, min_days, max_days, price_inr, is_active) VALUES ('d7496fed-b097-49dc-87b5-2fbae331afea', 0, 30, 11434.2, TRUE) ON CONFLICT DO NOTHING;
INSERT INTO tiers (plan_id, min_days, max_days, price_inr, is_active) VALUES ('d7496fed-b097-49dc-87b5-2fbae331afea', 31, 365, 13157.0, TRUE) ON CONFLICT DO NOTHING;
INSERT INTO tiers (plan_id, min_days, max_days, price_inr, is_active) VALUES ('d7496fed-b097-49dc-87b5-2fbae331afea', 366, 730, 14868.0, TRUE) ON CONFLICT DO NOTHING;
INSERT INTO tiers (plan_id, min_days, max_days, price_inr, is_active) VALUES ('d7496fed-b097-49dc-87b5-2fbae331afea', 731, 1095, 16590.8, TRUE) ON CONFLICT DO NOTHING;
INSERT INTO plans (id, variant_id, plan_name, duration_months, max_kms) VALUES ('18304699-7046-4867-ace5-6ac72837ae8a', 'e5f75b3f-1977-487c-a1a4-0362934ab0e1', '24 Months / 40,000 Kms', 24, 40000) ON CONFLICT DO NOTHING;
INSERT INTO tiers (plan_id, min_days, max_days, price_inr, is_active) VALUES ('18304699-7046-4867-ace5-6ac72837ae8a', 0, 30, 13322.2, TRUE) ON CONFLICT DO NOTHING;
INSERT INTO tiers (plan_id, min_days, max_days, price_inr, is_active) VALUES ('18304699-7046-4867-ace5-6ac72837ae8a', 31, 365, 15328.2, TRUE) ON CONFLICT DO NOTHING;
INSERT INTO tiers (plan_id, min_days, max_days, price_inr, is_active) VALUES ('18304699-7046-4867-ace5-6ac72837ae8a', 366, 730, 17322.4, TRUE) ON CONFLICT DO NOTHING;
INSERT INTO tiers (plan_id, min_days, max_days, price_inr, is_active) VALUES ('18304699-7046-4867-ace5-6ac72837ae8a', 731, 1095, 19328.4, TRUE) ON CONFLICT DO NOTHING;
INSERT INTO plans (id, variant_id, plan_name, duration_months, max_kms) VALUES ('4188badc-041d-4f77-8bbe-bb4b101cd11f', 'e5f75b3f-1977-487c-a1a4-0362934ab0e1', '36 Months / 60,000 Kms', 36, 60000) ON CONFLICT DO NOTHING;
INSERT INTO tiers (plan_id, min_days, max_days, price_inr, is_active) VALUES ('4188badc-041d-4f77-8bbe-bb4b101cd11f', 0, 30, 14620.2, TRUE) ON CONFLICT DO NOTHING;
INSERT INTO tiers (plan_id, min_days, max_days, price_inr, is_active) VALUES ('4188badc-041d-4f77-8bbe-bb4b101cd11f', 31, 365, 16815.0, TRUE) ON CONFLICT DO NOTHING;
INSERT INTO tiers (plan_id, min_days, max_days, price_inr, is_active) VALUES ('4188badc-041d-4f77-8bbe-bb4b101cd11f', 366, 730, 19009.8, TRUE) ON CONFLICT DO NOTHING;
INSERT INTO tiers (plan_id, min_days, max_days, price_inr, is_active) VALUES ('4188badc-041d-4f77-8bbe-bb4b101cd11f', 731, 1095, 21204.6, TRUE) ON CONFLICT DO NOTHING;
INSERT INTO variants (id, model_id, name, fuel, transmission, oem_warranty_months, oem_warranty_kms) VALUES ('3dd77f0c-fb7a-4dcd-ac35-5da93aa6fac1', 'e891fe2c-3049-4338-b808-70110700fb13', 'MARUTI DZIRE VXI 1.2L ISS 5MT', 'Hybrid', 'Manual', 36, 100000) ON CONFLICT DO NOTHING;
INSERT INTO plans (id, variant_id, plan_name, duration_months, max_kms) VALUES ('a3e15e86-fbc3-4420-a247-fe18a24c3d21', '3dd77f0c-fb7a-4dcd-ac35-5da93aa6fac1', '12 Months / 20,000 Kms', 12, 20000) ON CONFLICT DO NOTHING;
INSERT INTO tiers (plan_id, min_days, max_days, price_inr, is_active) VALUES ('a3e15e86-fbc3-4420-a247-fe18a24c3d21', 0, 30, 10136.2, TRUE) ON CONFLICT DO NOTHING;
INSERT INTO tiers (plan_id, min_days, max_days, price_inr, is_active) VALUES ('a3e15e86-fbc3-4420-a247-fe18a24c3d21', 31, 365, 11658.4, TRUE) ON CONFLICT DO NOTHING;
INSERT INTO tiers (plan_id, min_days, max_days, price_inr, is_active) VALUES ('a3e15e86-fbc3-4420-a247-fe18a24c3d21', 366, 730, 13180.6, TRUE) ON CONFLICT DO NOTHING;
INSERT INTO tiers (plan_id, min_days, max_days, price_inr, is_active) VALUES ('a3e15e86-fbc3-4420-a247-fe18a24c3d21', 731, 1095, 14702.8, TRUE) ON CONFLICT DO NOTHING;
INSERT INTO plans (id, variant_id, plan_name, duration_months, max_kms) VALUES ('1793d22c-5216-44a8-ace6-4c6f549ee8ff', '3dd77f0c-fb7a-4dcd-ac35-5da93aa6fac1', '24 Months / 40,000 Kms', 24, 40000) ON CONFLICT DO NOTHING;
INSERT INTO tiers (plan_id, min_days, max_days, price_inr, is_active) VALUES ('1793d22c-5216-44a8-ace6-4c6f549ee8ff', 0, 30, 12024.2, TRUE) ON CONFLICT DO NOTHING;
INSERT INTO tiers (plan_id, min_days, max_days, price_inr, is_active) VALUES ('1793d22c-5216-44a8-ace6-4c6f549ee8ff', 31, 365, 13829.6, TRUE) ON CONFLICT DO NOTHING;
INSERT INTO tiers (plan_id, min_days, max_days, price_inr, is_active) VALUES ('1793d22c-5216-44a8-ace6-4c6f549ee8ff', 366, 730, 15635.0, TRUE) ON CONFLICT DO NOTHING;
INSERT INTO tiers (plan_id, min_days, max_days, price_inr, is_active) VALUES ('1793d22c-5216-44a8-ace6-4c6f549ee8ff', 731, 1095, 17440.4, TRUE) ON CONFLICT DO NOTHING;
INSERT INTO plans (id, variant_id, plan_name, duration_months, max_kms) VALUES ('d8999e9c-a16c-4ad4-9931-63be7f3d38e9', '3dd77f0c-fb7a-4dcd-ac35-5da93aa6fac1', '36 Months / 60,000 Kms', 36, 60000) ON CONFLICT DO NOTHING;
INSERT INTO tiers (plan_id, min_days, max_days, price_inr, is_active) VALUES ('d8999e9c-a16c-4ad4-9931-63be7f3d38e9', 0, 30, 13322.2, TRUE) ON CONFLICT DO NOTHING;
INSERT INTO tiers (plan_id, min_days, max_days, price_inr, is_active) VALUES ('d8999e9c-a16c-4ad4-9931-63be7f3d38e9', 31, 365, 15328.2, TRUE) ON CONFLICT DO NOTHING;
INSERT INTO tiers (plan_id, min_days, max_days, price_inr, is_active) VALUES ('d8999e9c-a16c-4ad4-9931-63be7f3d38e9', 366, 730, 17322.4, TRUE) ON CONFLICT DO NOTHING;
INSERT INTO tiers (plan_id, min_days, max_days, price_inr, is_active) VALUES ('d8999e9c-a16c-4ad4-9931-63be7f3d38e9', 731, 1095, 19328.4, TRUE) ON CONFLICT DO NOTHING;
INSERT INTO variants (id, model_id, name, fuel, transmission, oem_warranty_months, oem_warranty_kms) VALUES ('5fd7f701-3699-46cf-a7c0-2cb79a1214f7', 'e891fe2c-3049-4338-b808-70110700fb13', 'MARUTI DZIRE VXI 1.2L ISS AGS', 'Hybrid', 'Automatic', 36, 100000) ON CONFLICT DO NOTHING;
INSERT INTO plans (id, variant_id, plan_name, duration_months, max_kms) VALUES ('55bd5be7-6771-428b-803c-227d87a60a64', '5fd7f701-3699-46cf-a7c0-2cb79a1214f7', '12 Months / 20,000 Kms', 12, 20000) ON CONFLICT DO NOTHING;
INSERT INTO tiers (plan_id, min_days, max_days, price_inr, is_active) VALUES ('55bd5be7-6771-428b-803c-227d87a60a64', 0, 30, 11044.8, TRUE) ON CONFLICT DO NOTHING;
INSERT INTO tiers (plan_id, min_days, max_days, price_inr, is_active) VALUES ('55bd5be7-6771-428b-803c-227d87a60a64', 31, 365, 12708.6, TRUE) ON CONFLICT DO NOTHING;
INSERT INTO tiers (plan_id, min_days, max_days, price_inr, is_active) VALUES ('55bd5be7-6771-428b-803c-227d87a60a64', 366, 730, 14360.6, TRUE) ON CONFLICT DO NOTHING;
INSERT INTO tiers (plan_id, min_days, max_days, price_inr, is_active) VALUES ('55bd5be7-6771-428b-803c-227d87a60a64', 731, 1095, 16024.4, TRUE) ON CONFLICT DO NOTHING;
INSERT INTO plans (id, variant_id, plan_name, duration_months, max_kms) VALUES ('e4d31a62-7cf4-4fe3-a9e9-de04c60c1960', '5fd7f701-3699-46cf-a7c0-2cb79a1214f7', '24 Months / 40,000 Kms', 24, 40000) ON CONFLICT DO NOTHING;
INSERT INTO tiers (plan_id, min_days, max_days, price_inr, is_active) VALUES ('e4d31a62-7cf4-4fe3-a9e9-de04c60c1960', 0, 30, 12932.8, TRUE) ON CONFLICT DO NOTHING;
INSERT INTO tiers (plan_id, min_days, max_days, price_inr, is_active) VALUES ('e4d31a62-7cf4-4fe3-a9e9-de04c60c1960', 31, 365, 14879.8, TRUE) ON CONFLICT DO NOTHING;
INSERT INTO tiers (plan_id, min_days, max_days, price_inr, is_active) VALUES ('e4d31a62-7cf4-4fe3-a9e9-de04c60c1960', 366, 730, 16815.0, TRUE) ON CONFLICT DO NOTHING;
INSERT INTO tiers (plan_id, min_days, max_days, price_inr, is_active) VALUES ('e4d31a62-7cf4-4fe3-a9e9-de04c60c1960', 731, 1095, 18762.0, TRUE) ON CONFLICT DO NOTHING;
INSERT INTO plans (id, variant_id, plan_name, duration_months, max_kms) VALUES ('8c307247-1bc0-4e4d-9ac4-a287c0b05f41', '5fd7f701-3699-46cf-a7c0-2cb79a1214f7', '36 Months / 60,000 Kms', 36, 60000) ON CONFLICT DO NOTHING;
INSERT INTO tiers (plan_id, min_days, max_days, price_inr, is_active) VALUES ('8c307247-1bc0-4e4d-9ac4-a287c0b05f41', 0, 30, 14230.8, TRUE) ON CONFLICT DO NOTHING;
INSERT INTO tiers (plan_id, min_days, max_days, price_inr, is_active) VALUES ('8c307247-1bc0-4e4d-9ac4-a287c0b05f41', 31, 365, 16366.6, TRUE) ON CONFLICT DO NOTHING;
INSERT INTO tiers (plan_id, min_days, max_days, price_inr, is_active) VALUES ('8c307247-1bc0-4e4d-9ac4-a287c0b05f41', 366, 730, 18502.4, TRUE) ON CONFLICT DO NOTHING;
INSERT INTO tiers (plan_id, min_days, max_days, price_inr, is_active) VALUES ('8c307247-1bc0-4e4d-9ac4-a287c0b05f41', 731, 1095, 20638.2, TRUE) ON CONFLICT DO NOTHING;
INSERT INTO variants (id, model_id, name, fuel, transmission, oem_warranty_months, oem_warranty_kms) VALUES ('cb386dad-6808-43b2-8aac-99ee6765cabd', 'e891fe2c-3049-4338-b808-70110700fb13', 'MARUTI DZIRE VXI CNG 1.2L 5MT', 'CNG', 'Manual', 36, 100000) ON CONFLICT DO NOTHING;
INSERT INTO plans (id, variant_id, plan_name, duration_months, max_kms) VALUES ('8bd4a20f-aba2-4a44-9d38-30ad99701210', 'cb386dad-6808-43b2-8aac-99ee6765cabd', '12 Months / 20,000 Kms', 12, 20000) ON CONFLICT DO NOTHING;
INSERT INTO tiers (plan_id, min_days, max_days, price_inr, is_active) VALUES ('8bd4a20f-aba2-4a44-9d38-30ad99701210', 0, 30, 12260.2, TRUE) ON CONFLICT DO NOTHING;
INSERT INTO tiers (plan_id, min_days, max_days, price_inr, is_active) VALUES ('8bd4a20f-aba2-4a44-9d38-30ad99701210', 31, 365, 14101.0, TRUE) ON CONFLICT DO NOTHING;
INSERT INTO tiers (plan_id, min_days, max_days, price_inr, is_active) VALUES ('8bd4a20f-aba2-4a44-9d38-30ad99701210', 366, 730, 15941.8, TRUE) ON CONFLICT DO NOTHING;
INSERT INTO tiers (plan_id, min_days, max_days, price_inr, is_active) VALUES ('8bd4a20f-aba2-4a44-9d38-30ad99701210', 731, 1095, 17782.6, TRUE) ON CONFLICT DO NOTHING;
INSERT INTO plans (id, variant_id, plan_name, duration_months, max_kms) VALUES ('16f80a19-2498-4975-a15e-fc948a442bc5', 'cb386dad-6808-43b2-8aac-99ee6765cabd', '24 Months / 40,000 Kms', 24, 40000) ON CONFLICT DO NOTHING;
INSERT INTO tiers (plan_id, min_days, max_days, price_inr, is_active) VALUES ('16f80a19-2498-4975-a15e-fc948a442bc5', 0, 30, 14148.2, TRUE) ON CONFLICT DO NOTHING;
INSERT INTO tiers (plan_id, min_days, max_days, price_inr, is_active) VALUES ('16f80a19-2498-4975-a15e-fc948a442bc5', 31, 365, 16272.2, TRUE) ON CONFLICT DO NOTHING;
INSERT INTO tiers (plan_id, min_days, max_days, price_inr, is_active) VALUES ('16f80a19-2498-4975-a15e-fc948a442bc5', 366, 730, 18396.2, TRUE) ON CONFLICT DO NOTHING;
INSERT INTO tiers (plan_id, min_days, max_days, price_inr, is_active) VALUES ('16f80a19-2498-4975-a15e-fc948a442bc5', 731, 1095, 20520.2, TRUE) ON CONFLICT DO NOTHING;
INSERT INTO plans (id, variant_id, plan_name, duration_months, max_kms) VALUES ('a6cdedb8-2c76-42b3-b964-18c0c7dbb88b', 'cb386dad-6808-43b2-8aac-99ee6765cabd', '36 Months / 60,000 Kms', 36, 60000) ON CONFLICT DO NOTHING;
INSERT INTO tiers (plan_id, min_days, max_days, price_inr, is_active) VALUES ('a6cdedb8-2c76-42b3-b964-18c0c7dbb88b', 0, 30, 15446.2, TRUE) ON CONFLICT DO NOTHING;
INSERT INTO tiers (plan_id, min_days, max_days, price_inr, is_active) VALUES ('a6cdedb8-2c76-42b3-b964-18c0c7dbb88b', 31, 365, 17770.8, TRUE) ON CONFLICT DO NOTHING;
INSERT INTO tiers (plan_id, min_days, max_days, price_inr, is_active) VALUES ('a6cdedb8-2c76-42b3-b964-18c0c7dbb88b', 366, 730, 20083.6, TRUE) ON CONFLICT DO NOTHING;
INSERT INTO tiers (plan_id, min_days, max_days, price_inr, is_active) VALUES ('a6cdedb8-2c76-42b3-b964-18c0c7dbb88b', 731, 1095, 22408.2, TRUE) ON CONFLICT DO NOTHING;
INSERT INTO variants (id, model_id, name, fuel, transmission, oem_warranty_months, oem_warranty_kms) VALUES ('b8429c37-4975-4e77-9ebc-c2d07282fd8a', 'e891fe2c-3049-4338-b808-70110700fb13', 'MARUTI DZIRE ZXI 1.2L 5MT', 'Petrol', 'Manual', 36, 100000) ON CONFLICT DO NOTHING;
INSERT INTO plans (id, variant_id, plan_name, duration_months, max_kms) VALUES ('c953b40d-2b50-48ca-82fc-a4a2f3092d2e', 'b8429c37-4975-4e77-9ebc-c2d07282fd8a', '12 Months / 20,000 Kms', 12, 20000) ON CONFLICT DO NOTHING;
INSERT INTO tiers (plan_id, min_days, max_days, price_inr, is_active) VALUES ('c953b40d-2b50-48ca-82fc-a4a2f3092d2e', 0, 30, 11764.6, TRUE) ON CONFLICT DO NOTHING;
INSERT INTO tiers (plan_id, min_days, max_days, price_inr, is_active) VALUES ('c953b40d-2b50-48ca-82fc-a4a2f3092d2e', 31, 365, 13534.6, TRUE) ON CONFLICT DO NOTHING;
INSERT INTO tiers (plan_id, min_days, max_days, price_inr, is_active) VALUES ('c953b40d-2b50-48ca-82fc-a4a2f3092d2e', 366, 730, 15304.6, TRUE) ON CONFLICT DO NOTHING;
INSERT INTO tiers (plan_id, min_days, max_days, price_inr, is_active) VALUES ('c953b40d-2b50-48ca-82fc-a4a2f3092d2e', 731, 1095, 17062.8, TRUE) ON CONFLICT DO NOTHING;
INSERT INTO plans (id, variant_id, plan_name, duration_months, max_kms) VALUES ('25989493-7f36-4426-ae52-46b82d41869a', 'b8429c37-4975-4e77-9ebc-c2d07282fd8a', '24 Months / 40,000 Kms', 24, 40000) ON CONFLICT DO NOTHING;
INSERT INTO tiers (plan_id, min_days, max_days, price_inr, is_active) VALUES ('25989493-7f36-4426-ae52-46b82d41869a', 0, 30, 13652.6, TRUE) ON CONFLICT DO NOTHING;
INSERT INTO tiers (plan_id, min_days, max_days, price_inr, is_active) VALUES ('25989493-7f36-4426-ae52-46b82d41869a', 31, 365, 15705.8, TRUE) ON CONFLICT DO NOTHING;
INSERT INTO tiers (plan_id, min_days, max_days, price_inr, is_active) VALUES ('25989493-7f36-4426-ae52-46b82d41869a', 366, 730, 17759.0, TRUE) ON CONFLICT DO NOTHING;
INSERT INTO tiers (plan_id, min_days, max_days, price_inr, is_active) VALUES ('25989493-7f36-4426-ae52-46b82d41869a', 731, 1095, 19800.4, TRUE) ON CONFLICT DO NOTHING;
INSERT INTO plans (id, variant_id, plan_name, duration_months, max_kms) VALUES ('bb328935-57a6-4f6d-af88-30cdf705f813', 'b8429c37-4975-4e77-9ebc-c2d07282fd8a', '36 Months / 60,000 Kms', 36, 60000) ON CONFLICT DO NOTHING;
INSERT INTO tiers (plan_id, min_days, max_days, price_inr, is_active) VALUES ('bb328935-57a6-4f6d-af88-30cdf705f813', 0, 30, 14950.6, TRUE) ON CONFLICT DO NOTHING;
INSERT INTO tiers (plan_id, min_days, max_days, price_inr, is_active) VALUES ('bb328935-57a6-4f6d-af88-30cdf705f813', 31, 365, 17204.4, TRUE) ON CONFLICT DO NOTHING;
INSERT INTO tiers (plan_id, min_days, max_days, price_inr, is_active) VALUES ('bb328935-57a6-4f6d-af88-30cdf705f813', 366, 730, 19446.4, TRUE) ON CONFLICT DO NOTHING;
INSERT INTO tiers (plan_id, min_days, max_days, price_inr, is_active) VALUES ('bb328935-57a6-4f6d-af88-30cdf705f813', 731, 1095, 21688.4, TRUE) ON CONFLICT DO NOTHING;
INSERT INTO variants (id, model_id, name, fuel, transmission, oem_warranty_months, oem_warranty_kms) VALUES ('54e78aa7-a8a8-4e33-a151-c9986ee79cde', 'e891fe2c-3049-4338-b808-70110700fb13', 'MARUTI DZIRE ZXI 1.2L AGS', 'Petrol', 'Automatic', 36, 100000) ON CONFLICT DO NOTHING;
INSERT INTO plans (id, variant_id, plan_name, duration_months, max_kms) VALUES ('4dbc4e87-ab39-4b8b-b76a-bf07faa2aeb2', '54e78aa7-a8a8-4e33-a151-c9986ee79cde', '12 Months / 20,000 Kms', 12, 20000) ON CONFLICT DO NOTHING;
INSERT INTO tiers (plan_id, min_days, max_days, price_inr, is_active) VALUES ('4dbc4e87-ab39-4b8b-b76a-bf07faa2aeb2', 0, 30, 12685.0, TRUE) ON CONFLICT DO NOTHING;
INSERT INTO tiers (plan_id, min_days, max_days, price_inr, is_active) VALUES ('4dbc4e87-ab39-4b8b-b76a-bf07faa2aeb2', 31, 365, 14596.6, TRUE) ON CONFLICT DO NOTHING;
INSERT INTO tiers (plan_id, min_days, max_days, price_inr, is_active) VALUES ('4dbc4e87-ab39-4b8b-b76a-bf07faa2aeb2', 366, 730, 16496.4, TRUE) ON CONFLICT DO NOTHING;
INSERT INTO tiers (plan_id, min_days, max_days, price_inr, is_active) VALUES ('4dbc4e87-ab39-4b8b-b76a-bf07faa2aeb2', 731, 1095, 18396.2, TRUE) ON CONFLICT DO NOTHING;
INSERT INTO plans (id, variant_id, plan_name, duration_months, max_kms) VALUES ('9be80dfd-08dc-4896-a894-086364121cd7', '54e78aa7-a8a8-4e33-a151-c9986ee79cde', '24 Months / 40,000 Kms', 24, 40000) ON CONFLICT DO NOTHING;
INSERT INTO tiers (plan_id, min_days, max_days, price_inr, is_active) VALUES ('9be80dfd-08dc-4896-a894-086364121cd7', 0, 30, 14573.0, TRUE) ON CONFLICT DO NOTHING;
INSERT INTO tiers (plan_id, min_days, max_days, price_inr, is_active) VALUES ('9be80dfd-08dc-4896-a894-086364121cd7', 31, 365, 16767.8, TRUE) ON CONFLICT DO NOTHING;
INSERT INTO tiers (plan_id, min_days, max_days, price_inr, is_active) VALUES ('9be80dfd-08dc-4896-a894-086364121cd7', 366, 730, 18950.8, TRUE) ON CONFLICT DO NOTHING;
INSERT INTO tiers (plan_id, min_days, max_days, price_inr, is_active) VALUES ('9be80dfd-08dc-4896-a894-086364121cd7', 731, 1095, 21133.8, TRUE) ON CONFLICT DO NOTHING;
INSERT INTO plans (id, variant_id, plan_name, duration_months, max_kms) VALUES ('06627044-377a-4477-88a2-cec76395cdf3', '54e78aa7-a8a8-4e33-a151-c9986ee79cde', '36 Months / 60,000 Kms', 36, 60000) ON CONFLICT DO NOTHING;
INSERT INTO tiers (plan_id, min_days, max_days, price_inr, is_active) VALUES ('06627044-377a-4477-88a2-cec76395cdf3', 0, 30, 15871.0, TRUE) ON CONFLICT DO NOTHING;
INSERT INTO tiers (plan_id, min_days, max_days, price_inr, is_active) VALUES ('06627044-377a-4477-88a2-cec76395cdf3', 31, 365, 18254.6, TRUE) ON CONFLICT DO NOTHING;
INSERT INTO tiers (plan_id, min_days, max_days, price_inr, is_active) VALUES ('06627044-377a-4477-88a2-cec76395cdf3', 366, 730, 20638.2, TRUE) ON CONFLICT DO NOTHING;
INSERT INTO tiers (plan_id, min_days, max_days, price_inr, is_active) VALUES ('06627044-377a-4477-88a2-cec76395cdf3', 731, 1095, 23021.8, TRUE) ON CONFLICT DO NOTHING;
INSERT INTO variants (id, model_id, name, fuel, transmission, oem_warranty_months, oem_warranty_kms) VALUES ('802f4e8d-0f40-45a7-905b-1c5fb58e4d2c', 'e891fe2c-3049-4338-b808-70110700fb13', 'MARUTI DZIRE ZXI 1.2L ISS 5MT', 'Hybrid', 'Manual', 36, 100000) ON CONFLICT DO NOTHING;
INSERT INTO plans (id, variant_id, plan_name, duration_months, max_kms) VALUES ('b137806e-51b9-4792-a32b-c94dbe8e21fb', '802f4e8d-0f40-45a7-905b-1c5fb58e4d2c', '12 Months / 20,000 Kms', 12, 20000) ON CONFLICT DO NOTHING;
INSERT INTO tiers (plan_id, min_days, max_days, price_inr, is_active) VALUES ('b137806e-51b9-4792-a32b-c94dbe8e21fb', 0, 30, 11375.2, TRUE) ON CONFLICT DO NOTHING;
INSERT INTO tiers (plan_id, min_days, max_days, price_inr, is_active) VALUES ('b137806e-51b9-4792-a32b-c94dbe8e21fb', 31, 365, 13086.2, TRUE) ON CONFLICT DO NOTHING;
INSERT INTO tiers (plan_id, min_days, max_days, price_inr, is_active) VALUES ('b137806e-51b9-4792-a32b-c94dbe8e21fb', 366, 730, 14797.2, TRUE) ON CONFLICT DO NOTHING;
INSERT INTO tiers (plan_id, min_days, max_days, price_inr, is_active) VALUES ('b137806e-51b9-4792-a32b-c94dbe8e21fb', 731, 1095, 16496.4, TRUE) ON CONFLICT DO NOTHING;
INSERT INTO plans (id, variant_id, plan_name, duration_months, max_kms) VALUES ('034ad2c3-d39c-4c3c-8d8f-c9cb22337432', '802f4e8d-0f40-45a7-905b-1c5fb58e4d2c', '24 Months / 40,000 Kms', 24, 40000) ON CONFLICT DO NOTHING;
INSERT INTO tiers (plan_id, min_days, max_days, price_inr, is_active) VALUES ('034ad2c3-d39c-4c3c-8d8f-c9cb22337432', 0, 30, 13263.2, TRUE) ON CONFLICT DO NOTHING;
INSERT INTO tiers (plan_id, min_days, max_days, price_inr, is_active) VALUES ('034ad2c3-d39c-4c3c-8d8f-c9cb22337432', 31, 365, 15257.4, TRUE) ON CONFLICT DO NOTHING;
INSERT INTO tiers (plan_id, min_days, max_days, price_inr, is_active) VALUES ('034ad2c3-d39c-4c3c-8d8f-c9cb22337432', 366, 730, 17251.6, TRUE) ON CONFLICT DO NOTHING;
INSERT INTO tiers (plan_id, min_days, max_days, price_inr, is_active) VALUES ('034ad2c3-d39c-4c3c-8d8f-c9cb22337432', 731, 1095, 19234.0, TRUE) ON CONFLICT DO NOTHING;
INSERT INTO plans (id, variant_id, plan_name, duration_months, max_kms) VALUES ('4cbe1365-6cc9-49c9-8a19-c2f383b962ab', '802f4e8d-0f40-45a7-905b-1c5fb58e4d2c', '36 Months / 60,000 Kms', 36, 60000) ON CONFLICT DO NOTHING;
INSERT INTO tiers (plan_id, min_days, max_days, price_inr, is_active) VALUES ('4cbe1365-6cc9-49c9-8a19-c2f383b962ab', 0, 30, 14561.2, TRUE) ON CONFLICT DO NOTHING;
INSERT INTO tiers (plan_id, min_days, max_days, price_inr, is_active) VALUES ('4cbe1365-6cc9-49c9-8a19-c2f383b962ab', 31, 365, 16756.0, TRUE) ON CONFLICT DO NOTHING;
INSERT INTO tiers (plan_id, min_days, max_days, price_inr, is_active) VALUES ('4cbe1365-6cc9-49c9-8a19-c2f383b962ab', 366, 730, 18939.0, TRUE) ON CONFLICT DO NOTHING;
INSERT INTO tiers (plan_id, min_days, max_days, price_inr, is_active) VALUES ('4cbe1365-6cc9-49c9-8a19-c2f383b962ab', 731, 1095, 21122.0, TRUE) ON CONFLICT DO NOTHING;
INSERT INTO variants (id, model_id, name, fuel, transmission, oem_warranty_months, oem_warranty_kms) VALUES ('1caa078a-52b8-4915-b929-764d7c4390bc', 'e891fe2c-3049-4338-b808-70110700fb13', 'MARUTI DZIRE ZXI 1.2L ISS AGS', 'Hybrid', 'Automatic', 36, 100000) ON CONFLICT DO NOTHING;
INSERT INTO plans (id, variant_id, plan_name, duration_months, max_kms) VALUES ('17356a3b-b284-43bb-83db-d4d985c78995', '1caa078a-52b8-4915-b929-764d7c4390bc', '12 Months / 20,000 Kms', 12, 20000) ON CONFLICT DO NOTHING;
INSERT INTO tiers (plan_id, min_days, max_days, price_inr, is_active) VALUES ('17356a3b-b284-43bb-83db-d4d985c78995', 0, 30, 12295.6, TRUE) ON CONFLICT DO NOTHING;
INSERT INTO tiers (plan_id, min_days, max_days, price_inr, is_active) VALUES ('17356a3b-b284-43bb-83db-d4d985c78995', 31, 365, 14148.2, TRUE) ON CONFLICT DO NOTHING;
INSERT INTO tiers (plan_id, min_days, max_days, price_inr, is_active) VALUES ('17356a3b-b284-43bb-83db-d4d985c78995', 366, 730, 15989.0, TRUE) ON CONFLICT DO NOTHING;
INSERT INTO tiers (plan_id, min_days, max_days, price_inr, is_active) VALUES ('17356a3b-b284-43bb-83db-d4d985c78995', 731, 1095, 17829.8, TRUE) ON CONFLICT DO NOTHING;
INSERT INTO plans (id, variant_id, plan_name, duration_months, max_kms) VALUES ('f605e6a2-6b08-496f-a84d-b8c9c538d98a', '1caa078a-52b8-4915-b929-764d7c4390bc', '24 Months / 40,000 Kms', 24, 40000) ON CONFLICT DO NOTHING;
INSERT INTO tiers (plan_id, min_days, max_days, price_inr, is_active) VALUES ('f605e6a2-6b08-496f-a84d-b8c9c538d98a', 0, 30, 14183.6, TRUE) ON CONFLICT DO NOTHING;
INSERT INTO tiers (plan_id, min_days, max_days, price_inr, is_active) VALUES ('f605e6a2-6b08-496f-a84d-b8c9c538d98a', 31, 365, 16319.4, TRUE) ON CONFLICT DO NOTHING;
INSERT INTO tiers (plan_id, min_days, max_days, price_inr, is_active) VALUES ('f605e6a2-6b08-496f-a84d-b8c9c538d98a', 366, 730, 18443.4, TRUE) ON CONFLICT DO NOTHING;
INSERT INTO tiers (plan_id, min_days, max_days, price_inr, is_active) VALUES ('f605e6a2-6b08-496f-a84d-b8c9c538d98a', 731, 1095, 20567.4, TRUE) ON CONFLICT DO NOTHING;
INSERT INTO plans (id, variant_id, plan_name, duration_months, max_kms) VALUES ('02b91f4e-33f2-46ff-930d-02cc6e069635', '1caa078a-52b8-4915-b929-764d7c4390bc', '36 Months / 60,000 Kms', 36, 60000) ON CONFLICT DO NOTHING;
INSERT INTO tiers (plan_id, min_days, max_days, price_inr, is_active) VALUES ('02b91f4e-33f2-46ff-930d-02cc6e069635', 0, 30, 15481.6, TRUE) ON CONFLICT DO NOTHING;
INSERT INTO tiers (plan_id, min_days, max_days, price_inr, is_active) VALUES ('02b91f4e-33f2-46ff-930d-02cc6e069635', 31, 365, 17806.2, TRUE) ON CONFLICT DO NOTHING;
INSERT INTO tiers (plan_id, min_days, max_days, price_inr, is_active) VALUES ('02b91f4e-33f2-46ff-930d-02cc6e069635', 366, 730, 20130.8, TRUE) ON CONFLICT DO NOTHING;
INSERT INTO tiers (plan_id, min_days, max_days, price_inr, is_active) VALUES ('02b91f4e-33f2-46ff-930d-02cc6e069635', 731, 1095, 22455.4, TRUE) ON CONFLICT DO NOTHING;
INSERT INTO variants (id, model_id, name, fuel, transmission, oem_warranty_months, oem_warranty_kms) VALUES ('02672dff-f679-4ff5-8e51-61cee3880b01', 'e891fe2c-3049-4338-b808-70110700fb13', 'MARUTI DZIRE ZXI CNG 1.2L 5MT', 'CNG', 'Manual', 36, 100000) ON CONFLICT DO NOTHING;
INSERT INTO plans (id, variant_id, plan_name, duration_months, max_kms) VALUES ('95f91d6e-3315-4d2a-bfa8-a0e386ba48ca', '02672dff-f679-4ff5-8e51-61cee3880b01', '12 Months / 20,000 Kms', 12, 20000) ON CONFLICT DO NOTHING;
INSERT INTO tiers (plan_id, min_days, max_days, price_inr, is_active) VALUES ('95f91d6e-3315-4d2a-bfa8-a0e386ba48ca', 0, 30, 13499.2, TRUE) ON CONFLICT DO NOTHING;
INSERT INTO tiers (plan_id, min_days, max_days, price_inr, is_active) VALUES ('95f91d6e-3315-4d2a-bfa8-a0e386ba48ca', 31, 365, 15528.8, TRUE) ON CONFLICT DO NOTHING;
INSERT INTO tiers (plan_id, min_days, max_days, price_inr, is_active) VALUES ('95f91d6e-3315-4d2a-bfa8-a0e386ba48ca', 366, 730, 17558.4, TRUE) ON CONFLICT DO NOTHING;
INSERT INTO tiers (plan_id, min_days, max_days, price_inr, is_active) VALUES ('95f91d6e-3315-4d2a-bfa8-a0e386ba48ca', 731, 1095, 19576.2, TRUE) ON CONFLICT DO NOTHING;
INSERT INTO plans (id, variant_id, plan_name, duration_months, max_kms) VALUES ('05e57d74-7e16-4bc5-a02c-c73f896f658f', '02672dff-f679-4ff5-8e51-61cee3880b01', '24 Months / 40,000 Kms', 24, 40000) ON CONFLICT DO NOTHING;
INSERT INTO tiers (plan_id, min_days, max_days, price_inr, is_active) VALUES ('05e57d74-7e16-4bc5-a02c-c73f896f658f', 0, 30, 15387.2, TRUE) ON CONFLICT DO NOTHING;
INSERT INTO tiers (plan_id, min_days, max_days, price_inr, is_active) VALUES ('05e57d74-7e16-4bc5-a02c-c73f896f658f', 31, 365, 17700.0, TRUE) ON CONFLICT DO NOTHING;
INSERT INTO tiers (plan_id, min_days, max_days, price_inr, is_active) VALUES ('05e57d74-7e16-4bc5-a02c-c73f896f658f', 366, 730, 20012.8, TRUE) ON CONFLICT DO NOTHING;
INSERT INTO tiers (plan_id, min_days, max_days, price_inr, is_active) VALUES ('05e57d74-7e16-4bc5-a02c-c73f896f658f', 731, 1095, 22313.8, TRUE) ON CONFLICT DO NOTHING;
INSERT INTO plans (id, variant_id, plan_name, duration_months, max_kms) VALUES ('3551546e-a9a6-4f94-942f-ce21a8c8b0a8', '02672dff-f679-4ff5-8e51-61cee3880b01', '36 Months / 60,000 Kms', 36, 60000) ON CONFLICT DO NOTHING;
INSERT INTO tiers (plan_id, min_days, max_days, price_inr, is_active) VALUES ('3551546e-a9a6-4f94-942f-ce21a8c8b0a8', 0, 30, 16685.2, TRUE) ON CONFLICT DO NOTHING;
INSERT INTO tiers (plan_id, min_days, max_days, price_inr, is_active) VALUES ('3551546e-a9a6-4f94-942f-ce21a8c8b0a8', 31, 365, 19198.6, TRUE) ON CONFLICT DO NOTHING;
INSERT INTO tiers (plan_id, min_days, max_days, price_inr, is_active) VALUES ('3551546e-a9a6-4f94-942f-ce21a8c8b0a8', 366, 730, 21700.2, TRUE) ON CONFLICT DO NOTHING;
INSERT INTO tiers (plan_id, min_days, max_days, price_inr, is_active) VALUES ('3551546e-a9a6-4f94-942f-ce21a8c8b0a8', 731, 1095, 24201.8, TRUE) ON CONFLICT DO NOTHING;
INSERT INTO variants (id, model_id, name, fuel, transmission, oem_warranty_months, oem_warranty_kms) VALUES ('c45cb542-d837-4bfe-8519-3464493676c0', 'e891fe2c-3049-4338-b808-70110700fb13', 'MARUTI DZIRE ZXI+ 1.2L 5MT', 'Petrol', 'Manual', 36, 100000) ON CONFLICT DO NOTHING;
INSERT INTO plans (id, variant_id, plan_name, duration_months, max_kms) VALUES ('706b723b-98eb-4ed6-85be-68fd752e1c7d', 'c45cb542-d837-4bfe-8519-3464493676c0', '12 Months / 20,000 Kms', 12, 20000) ON CONFLICT DO NOTHING;
INSERT INTO tiers (plan_id, min_days, max_days, price_inr, is_active) VALUES ('706b723b-98eb-4ed6-85be-68fd752e1c7d', 0, 30, 13074.4, TRUE) ON CONFLICT DO NOTHING;
INSERT INTO tiers (plan_id, min_days, max_days, price_inr, is_active) VALUES ('706b723b-98eb-4ed6-85be-68fd752e1c7d', 31, 365, 15045.0, TRUE) ON CONFLICT DO NOTHING;
INSERT INTO tiers (plan_id, min_days, max_days, price_inr, is_active) VALUES ('706b723b-98eb-4ed6-85be-68fd752e1c7d', 366, 730, 17003.8, TRUE) ON CONFLICT DO NOTHING;
INSERT INTO tiers (plan_id, min_days, max_days, price_inr, is_active) VALUES ('706b723b-98eb-4ed6-85be-68fd752e1c7d', 731, 1095, 18962.6, TRUE) ON CONFLICT DO NOTHING;
INSERT INTO plans (id, variant_id, plan_name, duration_months, max_kms) VALUES ('417c3e9c-d697-4f1b-9c84-0bfec1cac93c', 'c45cb542-d837-4bfe-8519-3464493676c0', '24 Months / 40,000 Kms', 24, 40000) ON CONFLICT DO NOTHING;
INSERT INTO tiers (plan_id, min_days, max_days, price_inr, is_active) VALUES ('417c3e9c-d697-4f1b-9c84-0bfec1cac93c', 0, 30, 14962.4, TRUE) ON CONFLICT DO NOTHING;
INSERT INTO tiers (plan_id, min_days, max_days, price_inr, is_active) VALUES ('417c3e9c-d697-4f1b-9c84-0bfec1cac93c', 31, 365, 17216.2, TRUE) ON CONFLICT DO NOTHING;
INSERT INTO tiers (plan_id, min_days, max_days, price_inr, is_active) VALUES ('417c3e9c-d697-4f1b-9c84-0bfec1cac93c', 366, 730, 19458.2, TRUE) ON CONFLICT DO NOTHING;
INSERT INTO tiers (plan_id, min_days, max_days, price_inr, is_active) VALUES ('417c3e9c-d697-4f1b-9c84-0bfec1cac93c', 731, 1095, 21700.2, TRUE) ON CONFLICT DO NOTHING;
INSERT INTO plans (id, variant_id, plan_name, duration_months, max_kms) VALUES ('3d0a68ad-54d6-4161-9998-d8c4d32c74aa', 'c45cb542-d837-4bfe-8519-3464493676c0', '36 Months / 60,000 Kms', 36, 60000) ON CONFLICT DO NOTHING;
INSERT INTO tiers (plan_id, min_days, max_days, price_inr, is_active) VALUES ('3d0a68ad-54d6-4161-9998-d8c4d32c74aa', 0, 30, 16260.4, TRUE) ON CONFLICT DO NOTHING;
INSERT INTO tiers (plan_id, min_days, max_days, price_inr, is_active) VALUES ('3d0a68ad-54d6-4161-9998-d8c4d32c74aa', 31, 365, 18703.0, TRUE) ON CONFLICT DO NOTHING;
INSERT INTO tiers (plan_id, min_days, max_days, price_inr, is_active) VALUES ('3d0a68ad-54d6-4161-9998-d8c4d32c74aa', 366, 730, 21145.6, TRUE) ON CONFLICT DO NOTHING;
INSERT INTO tiers (plan_id, min_days, max_days, price_inr, is_active) VALUES ('3d0a68ad-54d6-4161-9998-d8c4d32c74aa', 731, 1095, 23588.2, TRUE) ON CONFLICT DO NOTHING;
INSERT INTO variants (id, model_id, name, fuel, transmission, oem_warranty_months, oem_warranty_kms) VALUES ('817e9c3e-5684-4492-9fef-67dd38d2c7e5', 'e891fe2c-3049-4338-b808-70110700fb13', 'MARUTI DZIRE ZXI+ 1.2L AGS', 'Petrol', 'Automatic', 36, 100000) ON CONFLICT DO NOTHING;
INSERT INTO plans (id, variant_id, plan_name, duration_months, max_kms) VALUES ('3f8d8581-6c70-4e62-a928-5b492cee4589', '817e9c3e-5684-4492-9fef-67dd38d2c7e5', '12 Months / 20,000 Kms', 12, 20000) ON CONFLICT DO NOTHING;
INSERT INTO tiers (plan_id, min_days, max_days, price_inr, is_active) VALUES ('3f8d8581-6c70-4e62-a928-5b492cee4589', 0, 30, 13994.8, TRUE) ON CONFLICT DO NOTHING;
INSERT INTO tiers (plan_id, min_days, max_days, price_inr, is_active) VALUES ('3f8d8581-6c70-4e62-a928-5b492cee4589', 31, 365, 16095.2, TRUE) ON CONFLICT DO NOTHING;
INSERT INTO tiers (plan_id, min_days, max_days, price_inr, is_active) VALUES ('3f8d8581-6c70-4e62-a928-5b492cee4589', 366, 730, 18195.6, TRUE) ON CONFLICT DO NOTHING;
INSERT INTO tiers (plan_id, min_days, max_days, price_inr, is_active) VALUES ('3f8d8581-6c70-4e62-a928-5b492cee4589', 731, 1095, 20296.0, TRUE) ON CONFLICT DO NOTHING;
INSERT INTO plans (id, variant_id, plan_name, duration_months, max_kms) VALUES ('b43ef569-8e02-44a8-bd07-e8843ebcfdb3', '817e9c3e-5684-4492-9fef-67dd38d2c7e5', '24 Months / 40,000 Kms', 24, 40000) ON CONFLICT DO NOTHING;
INSERT INTO tiers (plan_id, min_days, max_days, price_inr, is_active) VALUES ('b43ef569-8e02-44a8-bd07-e8843ebcfdb3', 0, 30, 15882.8, TRUE) ON CONFLICT DO NOTHING;
INSERT INTO tiers (plan_id, min_days, max_days, price_inr, is_active) VALUES ('b43ef569-8e02-44a8-bd07-e8843ebcfdb3', 31, 365, 18266.4, TRUE) ON CONFLICT DO NOTHING;
INSERT INTO tiers (plan_id, min_days, max_days, price_inr, is_active) VALUES ('b43ef569-8e02-44a8-bd07-e8843ebcfdb3', 366, 730, 20650.0, TRUE) ON CONFLICT DO NOTHING;
INSERT INTO tiers (plan_id, min_days, max_days, price_inr, is_active) VALUES ('b43ef569-8e02-44a8-bd07-e8843ebcfdb3', 731, 1095, 23033.6, TRUE) ON CONFLICT DO NOTHING;
INSERT INTO plans (id, variant_id, plan_name, duration_months, max_kms) VALUES ('342f690c-7e1e-4a8a-9506-3f957a70e136', '817e9c3e-5684-4492-9fef-67dd38d2c7e5', '36 Months / 60,000 Kms', 36, 60000) ON CONFLICT DO NOTHING;
INSERT INTO tiers (plan_id, min_days, max_days, price_inr, is_active) VALUES ('342f690c-7e1e-4a8a-9506-3f957a70e136', 0, 30, 17180.8, TRUE) ON CONFLICT DO NOTHING;
INSERT INTO tiers (plan_id, min_days, max_days, price_inr, is_active) VALUES ('342f690c-7e1e-4a8a-9506-3f957a70e136', 31, 365, 19765.0, TRUE) ON CONFLICT DO NOTHING;
INSERT INTO tiers (plan_id, min_days, max_days, price_inr, is_active) VALUES ('342f690c-7e1e-4a8a-9506-3f957a70e136', 366, 730, 22337.4, TRUE) ON CONFLICT DO NOTHING;
INSERT INTO tiers (plan_id, min_days, max_days, price_inr, is_active) VALUES ('342f690c-7e1e-4a8a-9506-3f957a70e136', 731, 1095, 24921.6, TRUE) ON CONFLICT DO NOTHING;
INSERT INTO variants (id, model_id, name, fuel, transmission, oem_warranty_months, oem_warranty_kms) VALUES ('201465ca-0c42-4c38-aa41-9942b2d3257c', 'e891fe2c-3049-4338-b808-70110700fb13', 'MARUTI DZIRE ZXI+ 1.2L ISS 5MT', 'Hybrid', 'Manual', 36, 100000) ON CONFLICT DO NOTHING;
INSERT INTO plans (id, variant_id, plan_name, duration_months, max_kms) VALUES ('d01f2f59-58f2-457a-bd1d-7c7868cbe698', '201465ca-0c42-4c38-aa41-9942b2d3257c', '12 Months / 20,000 Kms', 12, 20000) ON CONFLICT DO NOTHING;
INSERT INTO tiers (plan_id, min_days, max_days, price_inr, is_active) VALUES ('d01f2f59-58f2-457a-bd1d-7c7868cbe698', 0, 30, 12685.0, TRUE) ON CONFLICT DO NOTHING;
INSERT INTO tiers (plan_id, min_days, max_days, price_inr, is_active) VALUES ('d01f2f59-58f2-457a-bd1d-7c7868cbe698', 31, 365, 14596.6, TRUE) ON CONFLICT DO NOTHING;
INSERT INTO tiers (plan_id, min_days, max_days, price_inr, is_active) VALUES ('d01f2f59-58f2-457a-bd1d-7c7868cbe698', 366, 730, 16496.4, TRUE) ON CONFLICT DO NOTHING;
INSERT INTO tiers (plan_id, min_days, max_days, price_inr, is_active) VALUES ('d01f2f59-58f2-457a-bd1d-7c7868cbe698', 731, 1095, 18396.2, TRUE) ON CONFLICT DO NOTHING;
INSERT INTO plans (id, variant_id, plan_name, duration_months, max_kms) VALUES ('0a4f2ef7-c1d6-4aee-bd8f-90c666d65d41', '201465ca-0c42-4c38-aa41-9942b2d3257c', '24 Months / 40,000 Kms', 24, 40000) ON CONFLICT DO NOTHING;
INSERT INTO tiers (plan_id, min_days, max_days, price_inr, is_active) VALUES ('0a4f2ef7-c1d6-4aee-bd8f-90c666d65d41', 0, 30, 14573.0, TRUE) ON CONFLICT DO NOTHING;
INSERT INTO tiers (plan_id, min_days, max_days, price_inr, is_active) VALUES ('0a4f2ef7-c1d6-4aee-bd8f-90c666d65d41', 31, 365, 16767.8, TRUE) ON CONFLICT DO NOTHING;
INSERT INTO tiers (plan_id, min_days, max_days, price_inr, is_active) VALUES ('0a4f2ef7-c1d6-4aee-bd8f-90c666d65d41', 366, 730, 18950.8, TRUE) ON CONFLICT DO NOTHING;
INSERT INTO tiers (plan_id, min_days, max_days, price_inr, is_active) VALUES ('0a4f2ef7-c1d6-4aee-bd8f-90c666d65d41', 731, 1095, 21133.8, TRUE) ON CONFLICT DO NOTHING;
INSERT INTO plans (id, variant_id, plan_name, duration_months, max_kms) VALUES ('5a2f0040-4e51-47c9-8023-d24853398888', '201465ca-0c42-4c38-aa41-9942b2d3257c', '36 Months / 60,000 Kms', 36, 60000) ON CONFLICT DO NOTHING;
INSERT INTO tiers (plan_id, min_days, max_days, price_inr, is_active) VALUES ('5a2f0040-4e51-47c9-8023-d24853398888', 0, 30, 15871.0, TRUE) ON CONFLICT DO NOTHING;
INSERT INTO tiers (plan_id, min_days, max_days, price_inr, is_active) VALUES ('5a2f0040-4e51-47c9-8023-d24853398888', 31, 365, 18254.6, TRUE) ON CONFLICT DO NOTHING;
INSERT INTO tiers (plan_id, min_days, max_days, price_inr, is_active) VALUES ('5a2f0040-4e51-47c9-8023-d24853398888', 366, 730, 20638.2, TRUE) ON CONFLICT DO NOTHING;
INSERT INTO tiers (plan_id, min_days, max_days, price_inr, is_active) VALUES ('5a2f0040-4e51-47c9-8023-d24853398888', 731, 1095, 23021.8, TRUE) ON CONFLICT DO NOTHING;
INSERT INTO variants (id, model_id, name, fuel, transmission, oem_warranty_months, oem_warranty_kms) VALUES ('f7e8a99c-86bf-4665-8ef4-e3b09295fd7b', 'e891fe2c-3049-4338-b808-70110700fb13', 'MARUTI DZIRE ZXI+ 1.2L ISS AGS', 'Hybrid', 'Automatic', 36, 100000) ON CONFLICT DO NOTHING;
INSERT INTO plans (id, variant_id, plan_name, duration_months, max_kms) VALUES ('97510902-ce52-4af6-8403-e36c87314e26', 'f7e8a99c-86bf-4665-8ef4-e3b09295fd7b', '12 Months / 20,000 Kms', 12, 20000) ON CONFLICT DO NOTHING;
INSERT INTO tiers (plan_id, min_days, max_days, price_inr, is_active) VALUES ('97510902-ce52-4af6-8403-e36c87314e26', 0, 30, 13605.4, TRUE) ON CONFLICT DO NOTHING;
INSERT INTO tiers (plan_id, min_days, max_days, price_inr, is_active) VALUES ('97510902-ce52-4af6-8403-e36c87314e26', 31, 365, 15646.8, TRUE) ON CONFLICT DO NOTHING;
INSERT INTO tiers (plan_id, min_days, max_days, price_inr, is_active) VALUES ('97510902-ce52-4af6-8403-e36c87314e26', 366, 730, 17688.2, TRUE) ON CONFLICT DO NOTHING;
INSERT INTO tiers (plan_id, min_days, max_days, price_inr, is_active) VALUES ('97510902-ce52-4af6-8403-e36c87314e26', 731, 1095, 19729.6, TRUE) ON CONFLICT DO NOTHING;
INSERT INTO plans (id, variant_id, plan_name, duration_months, max_kms) VALUES ('02ba3977-949c-4362-8cb4-02ae8f0f3fde', 'f7e8a99c-86bf-4665-8ef4-e3b09295fd7b', '24 Months / 40,000 Kms', 24, 40000) ON CONFLICT DO NOTHING;
INSERT INTO tiers (plan_id, min_days, max_days, price_inr, is_active) VALUES ('02ba3977-949c-4362-8cb4-02ae8f0f3fde', 0, 30, 15493.4, TRUE) ON CONFLICT DO NOTHING;
INSERT INTO tiers (plan_id, min_days, max_days, price_inr, is_active) VALUES ('02ba3977-949c-4362-8cb4-02ae8f0f3fde', 31, 365, 17818.0, TRUE) ON CONFLICT DO NOTHING;
INSERT INTO tiers (plan_id, min_days, max_days, price_inr, is_active) VALUES ('02ba3977-949c-4362-8cb4-02ae8f0f3fde', 366, 730, 20142.6, TRUE) ON CONFLICT DO NOTHING;
INSERT INTO tiers (plan_id, min_days, max_days, price_inr, is_active) VALUES ('02ba3977-949c-4362-8cb4-02ae8f0f3fde', 731, 1095, 22467.2, TRUE) ON CONFLICT DO NOTHING;
INSERT INTO plans (id, variant_id, plan_name, duration_months, max_kms) VALUES ('ee03921c-54d6-49d3-8704-b4d8f3cddd45', 'f7e8a99c-86bf-4665-8ef4-e3b09295fd7b', '36 Months / 60,000 Kms', 36, 60000) ON CONFLICT DO NOTHING;
INSERT INTO tiers (plan_id, min_days, max_days, price_inr, is_active) VALUES ('ee03921c-54d6-49d3-8704-b4d8f3cddd45', 0, 30, 16791.4, TRUE) ON CONFLICT DO NOTHING;
INSERT INTO tiers (plan_id, min_days, max_days, price_inr, is_active) VALUES ('ee03921c-54d6-49d3-8704-b4d8f3cddd45', 31, 365, 19316.6, TRUE) ON CONFLICT DO NOTHING;
INSERT INTO tiers (plan_id, min_days, max_days, price_inr, is_active) VALUES ('ee03921c-54d6-49d3-8704-b4d8f3cddd45', 366, 730, 21830.0, TRUE) ON CONFLICT DO NOTHING;
INSERT INTO tiers (plan_id, min_days, max_days, price_inr, is_active) VALUES ('ee03921c-54d6-49d3-8704-b4d8f3cddd45', 731, 1095, 24355.2, TRUE) ON CONFLICT DO NOTHING;
INSERT INTO models (id, brand_id, name) VALUES ('7a22c2f4-280f-42f0-bace-a5cc882b6da7', 'b1e782a2-c0d1-4b20-ae57-becb98f3ab90', 'NEW SWIFT DZIRE TOUR') ON CONFLICT DO NOTHING;
INSERT INTO variants (id, model_id, name, fuel, transmission, oem_warranty_months, oem_warranty_kms) VALUES ('e14fe065-90af-4560-9609-e677204d24c5', '7a22c2f4-280f-42f0-bace-a5cc882b6da7', 'MARUTI TOUR S STD 1.2L 5MT', 'Petrol', 'Manual', 36, 100000) ON CONFLICT DO NOTHING;
INSERT INTO plans (id, variant_id, plan_name, duration_months, max_kms) VALUES ('a60d6e35-0d78-479c-bf7d-6372e4688d30', 'e14fe065-90af-4560-9609-e677204d24c5', '12 Months / 20,000 Kms', 12, 20000) ON CONFLICT DO NOTHING;
INSERT INTO tiers (plan_id, min_days, max_days, price_inr, is_active) VALUES ('a60d6e35-0d78-479c-bf7d-6372e4688d30', 0, 30, 7882.4, TRUE) ON CONFLICT DO NOTHING;
INSERT INTO tiers (plan_id, min_days, max_days, price_inr, is_active) VALUES ('a60d6e35-0d78-479c-bf7d-6372e4688d30', 31, 365, 9074.2, TRUE) ON CONFLICT DO NOTHING;
INSERT INTO tiers (plan_id, min_days, max_days, price_inr, is_active) VALUES ('a60d6e35-0d78-479c-bf7d-6372e4688d30', 366, 730, 10254.2, TRUE) ON CONFLICT DO NOTHING;
INSERT INTO tiers (plan_id, min_days, max_days, price_inr, is_active) VALUES ('a60d6e35-0d78-479c-bf7d-6372e4688d30', 731, 1095, 11434.2, TRUE) ON CONFLICT DO NOTHING;
INSERT INTO plans (id, variant_id, plan_name, duration_months, max_kms) VALUES ('a77d6b2f-6e2a-4e60-b587-72ca142930f9', 'e14fe065-90af-4560-9609-e677204d24c5', '24 Months / 40,000 Kms', 24, 40000) ON CONFLICT DO NOTHING;
INSERT INTO tiers (plan_id, min_days, max_days, price_inr, is_active) VALUES ('a77d6b2f-6e2a-4e60-b587-72ca142930f9', 0, 30, 9770.4, TRUE) ON CONFLICT DO NOTHING;
INSERT INTO tiers (plan_id, min_days, max_days, price_inr, is_active) VALUES ('a77d6b2f-6e2a-4e60-b587-72ca142930f9', 31, 365, 11245.4, TRUE) ON CONFLICT DO NOTHING;
INSERT INTO tiers (plan_id, min_days, max_days, price_inr, is_active) VALUES ('a77d6b2f-6e2a-4e60-b587-72ca142930f9', 366, 730, 12708.6, TRUE) ON CONFLICT DO NOTHING;
INSERT INTO tiers (plan_id, min_days, max_days, price_inr, is_active) VALUES ('a77d6b2f-6e2a-4e60-b587-72ca142930f9', 731, 1095, 14171.8, TRUE) ON CONFLICT DO NOTHING;
INSERT INTO plans (id, variant_id, plan_name, duration_months, max_kms) VALUES ('7936f120-f4ed-4575-9ea1-0055678ae077', 'e14fe065-90af-4560-9609-e677204d24c5', '36 Months / 60,000 Kms', 36, 60000) ON CONFLICT DO NOTHING;
INSERT INTO tiers (plan_id, min_days, max_days, price_inr, is_active) VALUES ('7936f120-f4ed-4575-9ea1-0055678ae077', 0, 30, 11068.4, TRUE) ON CONFLICT DO NOTHING;
INSERT INTO tiers (plan_id, min_days, max_days, price_inr, is_active) VALUES ('7936f120-f4ed-4575-9ea1-0055678ae077', 31, 365, 12732.2, TRUE) ON CONFLICT DO NOTHING;
INSERT INTO tiers (plan_id, min_days, max_days, price_inr, is_active) VALUES ('7936f120-f4ed-4575-9ea1-0055678ae077', 366, 730, 14396.0, TRUE) ON CONFLICT DO NOTHING;
INSERT INTO tiers (plan_id, min_days, max_days, price_inr, is_active) VALUES ('7936f120-f4ed-4575-9ea1-0055678ae077', 731, 1095, 16059.8, TRUE) ON CONFLICT DO NOTHING;
INSERT INTO variants (id, model_id, name, fuel, transmission, oem_warranty_months, oem_warranty_kms) VALUES ('cca5574e-bbec-4ccb-bc0c-63d2386c9165', '7a22c2f4-280f-42f0-bace-a5cc882b6da7', 'MARUTI TOUR S STD (O) 1.2L 5MT', 'Petrol', 'Manual', 36, 100000) ON CONFLICT DO NOTHING;
INSERT INTO plans (id, variant_id, plan_name, duration_months, max_kms) VALUES ('c20f9d6d-6a31-4300-b33a-9ec916894cf3', 'cca5574e-bbec-4ccb-bc0c-63d2386c9165', '12 Months / 20,000 Kms', 12, 20000) ON CONFLICT DO NOTHING;
INSERT INTO tiers (plan_id, min_days, max_days, price_inr, is_active) VALUES ('c20f9d6d-6a31-4300-b33a-9ec916894cf3', 0, 30, 8732.0, TRUE) ON CONFLICT DO NOTHING;
INSERT INTO tiers (plan_id, min_days, max_days, price_inr, is_active) VALUES ('c20f9d6d-6a31-4300-b33a-9ec916894cf3', 31, 365, 10041.8, TRUE) ON CONFLICT DO NOTHING;
INSERT INTO tiers (plan_id, min_days, max_days, price_inr, is_active) VALUES ('c20f9d6d-6a31-4300-b33a-9ec916894cf3', 366, 730, 11351.6, TRUE) ON CONFLICT DO NOTHING;
INSERT INTO tiers (plan_id, min_days, max_days, price_inr, is_active) VALUES ('c20f9d6d-6a31-4300-b33a-9ec916894cf3', 731, 1095, 12661.4, TRUE) ON CONFLICT DO NOTHING;
INSERT INTO plans (id, variant_id, plan_name, duration_months, max_kms) VALUES ('e697fcb5-cae5-4d35-9c04-fcdb5a501f39', 'cca5574e-bbec-4ccb-bc0c-63d2386c9165', '24 Months / 40,000 Kms', 24, 40000) ON CONFLICT DO NOTHING;
INSERT INTO tiers (plan_id, min_days, max_days, price_inr, is_active) VALUES ('e697fcb5-cae5-4d35-9c04-fcdb5a501f39', 0, 30, 10620.0, TRUE) ON CONFLICT DO NOTHING;
INSERT INTO tiers (plan_id, min_days, max_days, price_inr, is_active) VALUES ('e697fcb5-cae5-4d35-9c04-fcdb5a501f39', 31, 365, 12213.0, TRUE) ON CONFLICT DO NOTHING;
INSERT INTO tiers (plan_id, min_days, max_days, price_inr, is_active) VALUES ('e697fcb5-cae5-4d35-9c04-fcdb5a501f39', 366, 730, 13806.0, TRUE) ON CONFLICT DO NOTHING;
INSERT INTO tiers (plan_id, min_days, max_days, price_inr, is_active) VALUES ('e697fcb5-cae5-4d35-9c04-fcdb5a501f39', 731, 1095, 15399.0, TRUE) ON CONFLICT DO NOTHING;
INSERT INTO plans (id, variant_id, plan_name, duration_months, max_kms) VALUES ('96ae2f83-9ecc-4a92-b001-69576aced0fd', 'cca5574e-bbec-4ccb-bc0c-63d2386c9165', '36 Months / 60,000 Kms', 36, 60000) ON CONFLICT DO NOTHING;
INSERT INTO tiers (plan_id, min_days, max_days, price_inr, is_active) VALUES ('96ae2f83-9ecc-4a92-b001-69576aced0fd', 0, 30, 11918.0, TRUE) ON CONFLICT DO NOTHING;
INSERT INTO tiers (plan_id, min_days, max_days, price_inr, is_active) VALUES ('96ae2f83-9ecc-4a92-b001-69576aced0fd', 31, 365, 13711.6, TRUE) ON CONFLICT DO NOTHING;
INSERT INTO tiers (plan_id, min_days, max_days, price_inr, is_active) VALUES ('96ae2f83-9ecc-4a92-b001-69576aced0fd', 366, 730, 15493.4, TRUE) ON CONFLICT DO NOTHING;
INSERT INTO tiers (plan_id, min_days, max_days, price_inr, is_active) VALUES ('96ae2f83-9ecc-4a92-b001-69576aced0fd', 731, 1095, 17287.0, TRUE) ON CONFLICT DO NOTHING;
INSERT INTO models (id, brand_id, name) VALUES ('c3fc728e-d034-4101-918b-b0f3ed3fd3df', 'b1e782a2-c0d1-4b20-ae57-becb98f3ab90', 'EECO') ON CONFLICT DO NOTHING;
INSERT INTO variants (id, model_id, name, fuel, transmission, oem_warranty_months, oem_warranty_kms) VALUES ('6bda563a-fbb0-402d-9055-3a06f9e865b9', 'c3fc728e-d034-4101-918b-b0f3ed3fd3df', 'MARUTI EECO 5 STR AC (O) 1.2L 5MT', 'Petrol', 'Manual', 36, 100000) ON CONFLICT DO NOTHING;
INSERT INTO plans (id, variant_id, plan_name, duration_months, max_kms) VALUES ('bc12e7db-d7cc-45d8-87b6-e98e47a474c7', '6bda563a-fbb0-402d-9055-3a06f9e865b9', '12 Months / 20,000 Kms', 12, 20000) ON CONFLICT DO NOTHING;
INSERT INTO tiers (plan_id, min_days, max_days, price_inr, is_active) VALUES ('bc12e7db-d7cc-45d8-87b6-e98e47a474c7', 0, 30, 6360.2, TRUE) ON CONFLICT DO NOTHING;
INSERT INTO tiers (plan_id, min_days, max_days, price_inr, is_active) VALUES ('bc12e7db-d7cc-45d8-87b6-e98e47a474c7', 31, 365, 7316.0, TRUE) ON CONFLICT DO NOTHING;
INSERT INTO tiers (plan_id, min_days, max_days, price_inr, is_active) VALUES ('bc12e7db-d7cc-45d8-87b6-e98e47a474c7', 366, 730, 8271.8, TRUE) ON CONFLICT DO NOTHING;
INSERT INTO tiers (plan_id, min_days, max_days, price_inr, is_active) VALUES ('bc12e7db-d7cc-45d8-87b6-e98e47a474c7', 731, 1095, 9227.6, TRUE) ON CONFLICT DO NOTHING;
INSERT INTO plans (id, variant_id, plan_name, duration_months, max_kms) VALUES ('1ae2ea91-67b8-41a4-bf34-39332f7cf158', '6bda563a-fbb0-402d-9055-3a06f9e865b9', '24 Months / 40,000 Kms', 24, 40000) ON CONFLICT DO NOTHING;
INSERT INTO tiers (plan_id, min_days, max_days, price_inr, is_active) VALUES ('1ae2ea91-67b8-41a4-bf34-39332f7cf158', 0, 30, 7658.2, TRUE) ON CONFLICT DO NOTHING;
INSERT INTO tiers (plan_id, min_days, max_days, price_inr, is_active) VALUES ('1ae2ea91-67b8-41a4-bf34-39332f7cf158', 31, 365, 8814.6, TRUE) ON CONFLICT DO NOTHING;
INSERT INTO tiers (plan_id, min_days, max_days, price_inr, is_active) VALUES ('1ae2ea91-67b8-41a4-bf34-39332f7cf158', 366, 730, 9959.2, TRUE) ON CONFLICT DO NOTHING;
INSERT INTO tiers (plan_id, min_days, max_days, price_inr, is_active) VALUES ('1ae2ea91-67b8-41a4-bf34-39332f7cf158', 731, 1095, 11115.6, TRUE) ON CONFLICT DO NOTHING;
INSERT INTO plans (id, variant_id, plan_name, duration_months, max_kms) VALUES ('55d0869f-3a63-4d4e-a65d-2a463652c5eb', '6bda563a-fbb0-402d-9055-3a06f9e865b9', '36 Months / 60,000 Kms', 36, 60000) ON CONFLICT DO NOTHING;
INSERT INTO tiers (plan_id, min_days, max_days, price_inr, is_active) VALUES ('55d0869f-3a63-4d4e-a65d-2a463652c5eb', 0, 30, 8248.2, TRUE) ON CONFLICT DO NOTHING;
INSERT INTO tiers (plan_id, min_days, max_days, price_inr, is_active) VALUES ('55d0869f-3a63-4d4e-a65d-2a463652c5eb', 31, 365, 9487.2, TRUE) ON CONFLICT DO NOTHING;
INSERT INTO tiers (plan_id, min_days, max_days, price_inr, is_active) VALUES ('55d0869f-3a63-4d4e-a65d-2a463652c5eb', 366, 730, 10726.2, TRUE) ON CONFLICT DO NOTHING;
INSERT INTO tiers (plan_id, min_days, max_days, price_inr, is_active) VALUES ('55d0869f-3a63-4d4e-a65d-2a463652c5eb', 731, 1095, 11965.2, TRUE) ON CONFLICT DO NOTHING;
INSERT INTO variants (id, model_id, name, fuel, transmission, oem_warranty_months, oem_warranty_kms) VALUES ('1a0f36c1-e54b-4819-b62a-40cfcf00b848', 'c3fc728e-d034-4101-918b-b0f3ed3fd3df', 'MARUTI EECO 5 STR AC (O) CNG 1.2L 5MT', 'CNG', 'Manual', 36, 100000) ON CONFLICT DO NOTHING;
INSERT INTO plans (id, variant_id, plan_name, duration_months, max_kms) VALUES ('041eeab6-b10f-429c-a0dd-60854a8764f9', '1a0f36c1-e54b-4819-b62a-40cfcf00b848', '12 Months / 20,000 Kms', 12, 20000) ON CONFLICT DO NOTHING;
INSERT INTO tiers (plan_id, min_days, max_days, price_inr, is_active) VALUES ('041eeab6-b10f-429c-a0dd-60854a8764f9', 0, 30, 7929.6, TRUE) ON CONFLICT DO NOTHING;
INSERT INTO tiers (plan_id, min_days, max_days, price_inr, is_active) VALUES ('041eeab6-b10f-429c-a0dd-60854a8764f9', 31, 365, 9121.4, TRUE) ON CONFLICT DO NOTHING;
INSERT INTO tiers (plan_id, min_days, max_days, price_inr, is_active) VALUES ('041eeab6-b10f-429c-a0dd-60854a8764f9', 366, 730, 10313.2, TRUE) ON CONFLICT DO NOTHING;
INSERT INTO tiers (plan_id, min_days, max_days, price_inr, is_active) VALUES ('041eeab6-b10f-429c-a0dd-60854a8764f9', 731, 1095, 11505.0, TRUE) ON CONFLICT DO NOTHING;
INSERT INTO plans (id, variant_id, plan_name, duration_months, max_kms) VALUES ('758e8b30-77d0-483a-b6ec-9562362604dc', '1a0f36c1-e54b-4819-b62a-40cfcf00b848', '24 Months / 40,000 Kms', 24, 40000) ON CONFLICT DO NOTHING;
INSERT INTO tiers (plan_id, min_days, max_days, price_inr, is_active) VALUES ('758e8b30-77d0-483a-b6ec-9562362604dc', 0, 30, 9227.6, TRUE) ON CONFLICT DO NOTHING;
INSERT INTO tiers (plan_id, min_days, max_days, price_inr, is_active) VALUES ('758e8b30-77d0-483a-b6ec-9562362604dc', 31, 365, 10620.0, TRUE) ON CONFLICT DO NOTHING;
INSERT INTO tiers (plan_id, min_days, max_days, price_inr, is_active) VALUES ('758e8b30-77d0-483a-b6ec-9562362604dc', 366, 730, 12000.6, TRUE) ON CONFLICT DO NOTHING;
INSERT INTO tiers (plan_id, min_days, max_days, price_inr, is_active) VALUES ('758e8b30-77d0-483a-b6ec-9562362604dc', 731, 1095, 13381.2, TRUE) ON CONFLICT DO NOTHING;
INSERT INTO plans (id, variant_id, plan_name, duration_months, max_kms) VALUES ('ab5935db-2b1e-496e-a360-8efe952ae46d', '1a0f36c1-e54b-4819-b62a-40cfcf00b848', '36 Months / 60,000 Kms', 36, 60000) ON CONFLICT DO NOTHING;
INSERT INTO tiers (plan_id, min_days, max_days, price_inr, is_active) VALUES ('ab5935db-2b1e-496e-a360-8efe952ae46d', 0, 30, 9817.6, TRUE) ON CONFLICT DO NOTHING;
INSERT INTO tiers (plan_id, min_days, max_days, price_inr, is_active) VALUES ('ab5935db-2b1e-496e-a360-8efe952ae46d', 31, 365, 11292.6, TRUE) ON CONFLICT DO NOTHING;
INSERT INTO tiers (plan_id, min_days, max_days, price_inr, is_active) VALUES ('ab5935db-2b1e-496e-a360-8efe952ae46d', 366, 730, 12767.6, TRUE) ON CONFLICT DO NOTHING;
INSERT INTO tiers (plan_id, min_days, max_days, price_inr, is_active) VALUES ('ab5935db-2b1e-496e-a360-8efe952ae46d', 731, 1095, 14242.6, TRUE) ON CONFLICT DO NOTHING;
INSERT INTO variants (id, model_id, name, fuel, transmission, oem_warranty_months, oem_warranty_kms) VALUES ('12b70e60-d0a4-4216-8fcf-f9011ab86c95', 'c3fc728e-d034-4101-918b-b0f3ed3fd3df', 'MARUTI EECO 5 STR AC 1.2L 5MT', 'Petrol', 'Manual', 36, 100000) ON CONFLICT DO NOTHING;
INSERT INTO plans (id, variant_id, plan_name, duration_months, max_kms) VALUES ('2c4d0537-e6a7-4136-8d07-9bfde0903f28', '12b70e60-d0a4-4216-8fcf-f9011ab86c95', '12 Months / 20,000 Kms', 12, 20000) ON CONFLICT DO NOTHING;
INSERT INTO tiers (plan_id, min_days, max_days, price_inr, is_active) VALUES ('2c4d0537-e6a7-4136-8d07-9bfde0903f28', 0, 30, 7504.8, TRUE) ON CONFLICT DO NOTHING;
INSERT INTO tiers (plan_id, min_days, max_days, price_inr, is_active) VALUES ('2c4d0537-e6a7-4136-8d07-9bfde0903f28', 31, 365, 8637.6, TRUE) ON CONFLICT DO NOTHING;
INSERT INTO tiers (plan_id, min_days, max_days, price_inr, is_active) VALUES ('2c4d0537-e6a7-4136-8d07-9bfde0903f28', 366, 730, 9758.6, TRUE) ON CONFLICT DO NOTHING;
INSERT INTO tiers (plan_id, min_days, max_days, price_inr, is_active) VALUES ('2c4d0537-e6a7-4136-8d07-9bfde0903f28', 731, 1095, 10891.4, TRUE) ON CONFLICT DO NOTHING;
INSERT INTO plans (id, variant_id, plan_name, duration_months, max_kms) VALUES ('f79031a7-cfbf-43eb-a7e8-0347ebd5b7ba', '12b70e60-d0a4-4216-8fcf-f9011ab86c95', '24 Months / 40,000 Kms', 24, 40000) ON CONFLICT DO NOTHING;
INSERT INTO tiers (plan_id, min_days, max_days, price_inr, is_active) VALUES ('f79031a7-cfbf-43eb-a7e8-0347ebd5b7ba', 0, 30, 8802.8, TRUE) ON CONFLICT DO NOTHING;
INSERT INTO tiers (plan_id, min_days, max_days, price_inr, is_active) VALUES ('f79031a7-cfbf-43eb-a7e8-0347ebd5b7ba', 31, 365, 10124.4, TRUE) ON CONFLICT DO NOTHING;
INSERT INTO tiers (plan_id, min_days, max_days, price_inr, is_active) VALUES ('f79031a7-cfbf-43eb-a7e8-0347ebd5b7ba', 366, 730, 11446.0, TRUE) ON CONFLICT DO NOTHING;
INSERT INTO tiers (plan_id, min_days, max_days, price_inr, is_active) VALUES ('f79031a7-cfbf-43eb-a7e8-0347ebd5b7ba', 731, 1095, 12767.6, TRUE) ON CONFLICT DO NOTHING;
INSERT INTO plans (id, variant_id, plan_name, duration_months, max_kms) VALUES ('531a4493-5868-4f59-a588-30dc70287674', '12b70e60-d0a4-4216-8fcf-f9011ab86c95', '36 Months / 60,000 Kms', 36, 60000) ON CONFLICT DO NOTHING;
INSERT INTO tiers (plan_id, min_days, max_days, price_inr, is_active) VALUES ('531a4493-5868-4f59-a588-30dc70287674', 0, 30, 9392.8, TRUE) ON CONFLICT DO NOTHING;
INSERT INTO tiers (plan_id, min_days, max_days, price_inr, is_active) VALUES ('531a4493-5868-4f59-a588-30dc70287674', 31, 365, 10808.8, TRUE) ON CONFLICT DO NOTHING;
INSERT INTO tiers (plan_id, min_days, max_days, price_inr, is_active) VALUES ('531a4493-5868-4f59-a588-30dc70287674', 366, 730, 12213.0, TRUE) ON CONFLICT DO NOTHING;
INSERT INTO tiers (plan_id, min_days, max_days, price_inr, is_active) VALUES ('531a4493-5868-4f59-a588-30dc70287674', 731, 1095, 13629.0, TRUE) ON CONFLICT DO NOTHING;
INSERT INTO variants (id, model_id, name, fuel, transmission, oem_warranty_months, oem_warranty_kms) VALUES ('4ae4a8c9-6c21-46e5-8fff-fc1d587dfe1d', 'c3fc728e-d034-4101-918b-b0f3ed3fd3df', 'MARUTI EECO 5 STR AC CNG 1.2L 5MT', 'CNG', 'Manual', 36, 100000) ON CONFLICT DO NOTHING;
INSERT INTO plans (id, variant_id, plan_name, duration_months, max_kms) VALUES ('aa6ecb8f-9225-40f7-b458-6b27abbf6fcb', '4ae4a8c9-6c21-46e5-8fff-fc1d587dfe1d', '12 Months / 20,000 Kms', 12, 20000) ON CONFLICT DO NOTHING;
INSERT INTO tiers (plan_id, min_days, max_days, price_inr, is_active) VALUES ('aa6ecb8f-9225-40f7-b458-6b27abbf6fcb', 0, 30, 8991.6, TRUE) ON CONFLICT DO NOTHING;
INSERT INTO tiers (plan_id, min_days, max_days, price_inr, is_active) VALUES ('aa6ecb8f-9225-40f7-b458-6b27abbf6fcb', 31, 365, 10348.6, TRUE) ON CONFLICT DO NOTHING;
INSERT INTO tiers (plan_id, min_days, max_days, price_inr, is_active) VALUES ('aa6ecb8f-9225-40f7-b458-6b27abbf6fcb', 366, 730, 11693.8, TRUE) ON CONFLICT DO NOTHING;
INSERT INTO tiers (plan_id, min_days, max_days, price_inr, is_active) VALUES ('aa6ecb8f-9225-40f7-b458-6b27abbf6fcb', 731, 1095, 13039.0, TRUE) ON CONFLICT DO NOTHING;
INSERT INTO plans (id, variant_id, plan_name, duration_months, max_kms) VALUES ('45151aed-2c1e-477e-aa2f-7bdbfb153472', '4ae4a8c9-6c21-46e5-8fff-fc1d587dfe1d', '24 Months / 40,000 Kms', 24, 40000) ON CONFLICT DO NOTHING;
INSERT INTO tiers (plan_id, min_days, max_days, price_inr, is_active) VALUES ('45151aed-2c1e-477e-aa2f-7bdbfb153472', 0, 30, 10289.6, TRUE) ON CONFLICT DO NOTHING;
INSERT INTO tiers (plan_id, min_days, max_days, price_inr, is_active) VALUES ('45151aed-2c1e-477e-aa2f-7bdbfb153472', 31, 365, 11835.4, TRUE) ON CONFLICT DO NOTHING;
INSERT INTO tiers (plan_id, min_days, max_days, price_inr, is_active) VALUES ('45151aed-2c1e-477e-aa2f-7bdbfb153472', 366, 730, 13381.2, TRUE) ON CONFLICT DO NOTHING;
INSERT INTO tiers (plan_id, min_days, max_days, price_inr, is_active) VALUES ('45151aed-2c1e-477e-aa2f-7bdbfb153472', 731, 1095, 14927.0, TRUE) ON CONFLICT DO NOTHING;
INSERT INTO plans (id, variant_id, plan_name, duration_months, max_kms) VALUES ('278a2885-f668-4994-88e9-f3068a3f9b6c', '4ae4a8c9-6c21-46e5-8fff-fc1d587dfe1d', '36 Months / 60,000 Kms', 36, 60000) ON CONFLICT DO NOTHING;
INSERT INTO tiers (plan_id, min_days, max_days, price_inr, is_active) VALUES ('278a2885-f668-4994-88e9-f3068a3f9b6c', 0, 30, 10879.6, TRUE) ON CONFLICT DO NOTHING;
INSERT INTO tiers (plan_id, min_days, max_days, price_inr, is_active) VALUES ('278a2885-f668-4994-88e9-f3068a3f9b6c', 31, 365, 12519.8, TRUE) ON CONFLICT DO NOTHING;
INSERT INTO tiers (plan_id, min_days, max_days, price_inr, is_active) VALUES ('278a2885-f668-4994-88e9-f3068a3f9b6c', 366, 730, 14148.2, TRUE) ON CONFLICT DO NOTHING;
INSERT INTO tiers (plan_id, min_days, max_days, price_inr, is_active) VALUES ('278a2885-f668-4994-88e9-f3068a3f9b6c', 731, 1095, 15776.6, TRUE) ON CONFLICT DO NOTHING;
INSERT INTO variants (id, model_id, name, fuel, transmission, oem_warranty_months, oem_warranty_kms) VALUES ('68a4836f-ba70-482e-b271-5a8f3e44f1d0', 'c3fc728e-d034-4101-918b-b0f3ed3fd3df', 'MARUTI EECO 5 STR STD (O) 1.2L 5MT', 'Petrol', 'Manual', 36, 100000) ON CONFLICT DO NOTHING;
INSERT INTO plans (id, variant_id, plan_name, duration_months, max_kms) VALUES ('7537e849-33a4-456b-8671-89fb8d3769e1', '68a4836f-ba70-482e-b271-5a8f3e44f1d0', '12 Months / 20,000 Kms', 12, 20000) ON CONFLICT DO NOTHING;
INSERT INTO tiers (plan_id, min_days, max_days, price_inr, is_active) VALUES ('7537e849-33a4-456b-8671-89fb8d3769e1', 0, 30, 5770.2, TRUE) ON CONFLICT DO NOTHING;
INSERT INTO tiers (plan_id, min_days, max_days, price_inr, is_active) VALUES ('7537e849-33a4-456b-8671-89fb8d3769e1', 31, 365, 6643.4, TRUE) ON CONFLICT DO NOTHING;
INSERT INTO tiers (plan_id, min_days, max_days, price_inr, is_active) VALUES ('7537e849-33a4-456b-8671-89fb8d3769e1', 366, 730, 7504.8, TRUE) ON CONFLICT DO NOTHING;
INSERT INTO tiers (plan_id, min_days, max_days, price_inr, is_active) VALUES ('7537e849-33a4-456b-8671-89fb8d3769e1', 731, 1095, 8378.0, TRUE) ON CONFLICT DO NOTHING;
INSERT INTO plans (id, variant_id, plan_name, duration_months, max_kms) VALUES ('ea7fe00a-1bfd-4f75-8d6f-9aa51059fc7e', '68a4836f-ba70-482e-b271-5a8f3e44f1d0', '24 Months / 40,000 Kms', 24, 40000) ON CONFLICT DO NOTHING;
INSERT INTO tiers (plan_id, min_days, max_days, price_inr, is_active) VALUES ('ea7fe00a-1bfd-4f75-8d6f-9aa51059fc7e', 0, 30, 7068.2, TRUE) ON CONFLICT DO NOTHING;
INSERT INTO tiers (plan_id, min_days, max_days, price_inr, is_active) VALUES ('ea7fe00a-1bfd-4f75-8d6f-9aa51059fc7e', 31, 365, 8130.2, TRUE) ON CONFLICT DO NOTHING;
INSERT INTO tiers (plan_id, min_days, max_days, price_inr, is_active) VALUES ('ea7fe00a-1bfd-4f75-8d6f-9aa51059fc7e', 366, 730, 9192.2, TRUE) ON CONFLICT DO NOTHING;
INSERT INTO tiers (plan_id, min_days, max_days, price_inr, is_active) VALUES ('ea7fe00a-1bfd-4f75-8d6f-9aa51059fc7e', 731, 1095, 10254.2, TRUE) ON CONFLICT DO NOTHING;
INSERT INTO plans (id, variant_id, plan_name, duration_months, max_kms) VALUES ('42e66de1-00a2-4995-a671-5928268a2caa', '68a4836f-ba70-482e-b271-5a8f3e44f1d0', '36 Months / 60,000 Kms', 36, 60000) ON CONFLICT DO NOTHING;
INSERT INTO tiers (plan_id, min_days, max_days, price_inr, is_active) VALUES ('42e66de1-00a2-4995-a671-5928268a2caa', 0, 30, 7658.2, TRUE) ON CONFLICT DO NOTHING;
INSERT INTO tiers (plan_id, min_days, max_days, price_inr, is_active) VALUES ('42e66de1-00a2-4995-a671-5928268a2caa', 31, 365, 8814.6, TRUE) ON CONFLICT DO NOTHING;
INSERT INTO tiers (plan_id, min_days, max_days, price_inr, is_active) VALUES ('42e66de1-00a2-4995-a671-5928268a2caa', 366, 730, 9959.2, TRUE) ON CONFLICT DO NOTHING;
INSERT INTO tiers (plan_id, min_days, max_days, price_inr, is_active) VALUES ('42e66de1-00a2-4995-a671-5928268a2caa', 731, 1095, 11115.6, TRUE) ON CONFLICT DO NOTHING;
INSERT INTO variants (id, model_id, name, fuel, transmission, oem_warranty_months, oem_warranty_kms) VALUES ('7b8be1c7-aba9-47fc-bf46-9c09f5ec2449', 'c3fc728e-d034-4101-918b-b0f3ed3fd3df', 'MARUTI EECO 5 STR STD 1.2L 5MT', 'Petrol', 'Manual', 36, 100000) ON CONFLICT DO NOTHING;
INSERT INTO plans (id, variant_id, plan_name, duration_months, max_kms) VALUES ('57f552bc-4d7f-4f0c-84f8-37a55d6be267', '7b8be1c7-aba9-47fc-bf46-9c09f5ec2449', '12 Months / 20,000 Kms', 12, 20000) ON CONFLICT DO NOTHING;
INSERT INTO tiers (plan_id, min_days, max_days, price_inr, is_active) VALUES ('57f552bc-4d7f-4f0c-84f8-37a55d6be267', 0, 30, 6903.0, TRUE) ON CONFLICT DO NOTHING;
INSERT INTO tiers (plan_id, min_days, max_days, price_inr, is_active) VALUES ('57f552bc-4d7f-4f0c-84f8-37a55d6be267', 31, 365, 7941.4, TRUE) ON CONFLICT DO NOTHING;
INSERT INTO tiers (plan_id, min_days, max_days, price_inr, is_active) VALUES ('57f552bc-4d7f-4f0c-84f8-37a55d6be267', 366, 730, 8979.8, TRUE) ON CONFLICT DO NOTHING;
INSERT INTO tiers (plan_id, min_days, max_days, price_inr, is_active) VALUES ('57f552bc-4d7f-4f0c-84f8-37a55d6be267', 731, 1095, 10018.2, TRUE) ON CONFLICT DO NOTHING;
INSERT INTO plans (id, variant_id, plan_name, duration_months, max_kms) VALUES ('04b49442-a276-455b-9202-996267c0ff7b', '7b8be1c7-aba9-47fc-bf46-9c09f5ec2449', '24 Months / 40,000 Kms', 24, 40000) ON CONFLICT DO NOTHING;
INSERT INTO tiers (plan_id, min_days, max_days, price_inr, is_active) VALUES ('04b49442-a276-455b-9202-996267c0ff7b', 0, 30, 8201.0, TRUE) ON CONFLICT DO NOTHING;
INSERT INTO tiers (plan_id, min_days, max_days, price_inr, is_active) VALUES ('04b49442-a276-455b-9202-996267c0ff7b', 31, 365, 9440.0, TRUE) ON CONFLICT DO NOTHING;
INSERT INTO tiers (plan_id, min_days, max_days, price_inr, is_active) VALUES ('04b49442-a276-455b-9202-996267c0ff7b', 366, 730, 10667.2, TRUE) ON CONFLICT DO NOTHING;
INSERT INTO tiers (plan_id, min_days, max_days, price_inr, is_active) VALUES ('04b49442-a276-455b-9202-996267c0ff7b', 731, 1095, 11894.4, TRUE) ON CONFLICT DO NOTHING;
INSERT INTO plans (id, variant_id, plan_name, duration_months, max_kms) VALUES ('2c79d89e-94b8-4d31-8a66-4be150fa4b01', '7b8be1c7-aba9-47fc-bf46-9c09f5ec2449', '36 Months / 60,000 Kms', 36, 60000) ON CONFLICT DO NOTHING;
INSERT INTO tiers (plan_id, min_days, max_days, price_inr, is_active) VALUES ('2c79d89e-94b8-4d31-8a66-4be150fa4b01', 0, 30, 8791.0, TRUE) ON CONFLICT DO NOTHING;
INSERT INTO tiers (plan_id, min_days, max_days, price_inr, is_active) VALUES ('2c79d89e-94b8-4d31-8a66-4be150fa4b01', 31, 365, 10112.6, TRUE) ON CONFLICT DO NOTHING;
INSERT INTO tiers (plan_id, min_days, max_days, price_inr, is_active) VALUES ('2c79d89e-94b8-4d31-8a66-4be150fa4b01', 366, 730, 11434.2, TRUE) ON CONFLICT DO NOTHING;
INSERT INTO tiers (plan_id, min_days, max_days, price_inr, is_active) VALUES ('2c79d89e-94b8-4d31-8a66-4be150fa4b01', 731, 1095, 12755.8, TRUE) ON CONFLICT DO NOTHING;
INSERT INTO variants (id, model_id, name, fuel, transmission, oem_warranty_months, oem_warranty_kms) VALUES ('c694bebd-e054-40a2-b8a9-cdeab0ca37f4', 'c3fc728e-d034-4101-918b-b0f3ed3fd3df', 'MARUTI EECO 7 STR STD (O) 1.2L 5MT', 'Petrol', 'Manual', 36, 100000) ON CONFLICT DO NOTHING;
INSERT INTO plans (id, variant_id, plan_name, duration_months, max_kms) VALUES ('04e92298-1e5a-40f1-afda-ba551eafa813', 'c694bebd-e054-40a2-b8a9-cdeab0ca37f4', '12 Months / 20,000 Kms', 12, 20000) ON CONFLICT DO NOTHING;
INSERT INTO tiers (plan_id, min_days, max_days, price_inr, is_active) VALUES ('04e92298-1e5a-40f1-afda-ba551eafa813', 0, 30, 6254.0, TRUE) ON CONFLICT DO NOTHING;
INSERT INTO tiers (plan_id, min_days, max_days, price_inr, is_active) VALUES ('04e92298-1e5a-40f1-afda-ba551eafa813', 31, 365, 7198.0, TRUE) ON CONFLICT DO NOTHING;
INSERT INTO tiers (plan_id, min_days, max_days, price_inr, is_active) VALUES ('04e92298-1e5a-40f1-afda-ba551eafa813', 366, 730, 8130.2, TRUE) ON CONFLICT DO NOTHING;
INSERT INTO tiers (plan_id, min_days, max_days, price_inr, is_active) VALUES ('04e92298-1e5a-40f1-afda-ba551eafa813', 731, 1095, 9074.2, TRUE) ON CONFLICT DO NOTHING;
INSERT INTO plans (id, variant_id, plan_name, duration_months, max_kms) VALUES ('660ae564-1a3f-4932-b18e-02ebc60a57a9', 'c694bebd-e054-40a2-b8a9-cdeab0ca37f4', '24 Months / 40,000 Kms', 24, 40000) ON CONFLICT DO NOTHING;
INSERT INTO tiers (plan_id, min_days, max_days, price_inr, is_active) VALUES ('660ae564-1a3f-4932-b18e-02ebc60a57a9', 0, 30, 7552.0, TRUE) ON CONFLICT DO NOTHING;
INSERT INTO tiers (plan_id, min_days, max_days, price_inr, is_active) VALUES ('660ae564-1a3f-4932-b18e-02ebc60a57a9', 31, 365, 8684.8, TRUE) ON CONFLICT DO NOTHING;
INSERT INTO tiers (plan_id, min_days, max_days, price_inr, is_active) VALUES ('660ae564-1a3f-4932-b18e-02ebc60a57a9', 366, 730, 9817.6, TRUE) ON CONFLICT DO NOTHING;
INSERT INTO tiers (plan_id, min_days, max_days, price_inr, is_active) VALUES ('660ae564-1a3f-4932-b18e-02ebc60a57a9', 731, 1095, 10950.4, TRUE) ON CONFLICT DO NOTHING;
INSERT INTO plans (id, variant_id, plan_name, duration_months, max_kms) VALUES ('f9caa3d5-5202-4c1f-8a64-f0173e12d4f6', 'c694bebd-e054-40a2-b8a9-cdeab0ca37f4', '36 Months / 60,000 Kms', 36, 60000) ON CONFLICT DO NOTHING;
INSERT INTO tiers (plan_id, min_days, max_days, price_inr, is_active) VALUES ('f9caa3d5-5202-4c1f-8a64-f0173e12d4f6', 0, 30, 8142.0, TRUE) ON CONFLICT DO NOTHING;
INSERT INTO tiers (plan_id, min_days, max_days, price_inr, is_active) VALUES ('f9caa3d5-5202-4c1f-8a64-f0173e12d4f6', 31, 365, 9369.2, TRUE) ON CONFLICT DO NOTHING;
INSERT INTO tiers (plan_id, min_days, max_days, price_inr, is_active) VALUES ('f9caa3d5-5202-4c1f-8a64-f0173e12d4f6', 366, 730, 10584.6, TRUE) ON CONFLICT DO NOTHING;
INSERT INTO tiers (plan_id, min_days, max_days, price_inr, is_active) VALUES ('f9caa3d5-5202-4c1f-8a64-f0173e12d4f6', 731, 1095, 11811.8, TRUE) ON CONFLICT DO NOTHING;
INSERT INTO variants (id, model_id, name, fuel, transmission, oem_warranty_months, oem_warranty_kms) VALUES ('a90bd735-0ea0-4b09-9299-4d738d825a7d', 'c3fc728e-d034-4101-918b-b0f3ed3fd3df', 'MARUTI EECO 7 STR STD 1.2L 5MT', 'Petrol', 'Manual', 36, 100000) ON CONFLICT DO NOTHING;
INSERT INTO plans (id, variant_id, plan_name, duration_months, max_kms) VALUES ('ec75737d-b13b-4501-b56a-b5082f210b07', 'a90bd735-0ea0-4b09-9299-4d738d825a7d', '12 Months / 20,000 Kms', 12, 20000) ON CONFLICT DO NOTHING;
INSERT INTO tiers (plan_id, min_days, max_days, price_inr, is_active) VALUES ('ec75737d-b13b-4501-b56a-b5082f210b07', 0, 30, 7386.8, TRUE) ON CONFLICT DO NOTHING;
INSERT INTO tiers (plan_id, min_days, max_days, price_inr, is_active) VALUES ('ec75737d-b13b-4501-b56a-b5082f210b07', 31, 365, 8496.0, TRUE) ON CONFLICT DO NOTHING;
INSERT INTO tiers (plan_id, min_days, max_days, price_inr, is_active) VALUES ('ec75737d-b13b-4501-b56a-b5082f210b07', 366, 730, 9605.2, TRUE) ON CONFLICT DO NOTHING;
INSERT INTO tiers (plan_id, min_days, max_days, price_inr, is_active) VALUES ('ec75737d-b13b-4501-b56a-b5082f210b07', 731, 1095, 10714.4, TRUE) ON CONFLICT DO NOTHING;
INSERT INTO plans (id, variant_id, plan_name, duration_months, max_kms) VALUES ('d1c96333-ab02-4882-858a-e9248f5b9053', 'a90bd735-0ea0-4b09-9299-4d738d825a7d', '24 Months / 40,000 Kms', 24, 40000) ON CONFLICT DO NOTHING;
INSERT INTO tiers (plan_id, min_days, max_days, price_inr, is_active) VALUES ('d1c96333-ab02-4882-858a-e9248f5b9053', 0, 30, 8684.8, TRUE) ON CONFLICT DO NOTHING;
INSERT INTO tiers (plan_id, min_days, max_days, price_inr, is_active) VALUES ('d1c96333-ab02-4882-858a-e9248f5b9053', 31, 365, 9994.6, TRUE) ON CONFLICT DO NOTHING;
INSERT INTO tiers (plan_id, min_days, max_days, price_inr, is_active) VALUES ('d1c96333-ab02-4882-858a-e9248f5b9053', 366, 730, 11292.6, TRUE) ON CONFLICT DO NOTHING;
INSERT INTO tiers (plan_id, min_days, max_days, price_inr, is_active) VALUES ('d1c96333-ab02-4882-858a-e9248f5b9053', 731, 1095, 12602.4, TRUE) ON CONFLICT DO NOTHING;
INSERT INTO plans (id, variant_id, plan_name, duration_months, max_kms) VALUES ('33efcb70-5a41-4de0-88a2-c31dbe798b86', 'a90bd735-0ea0-4b09-9299-4d738d825a7d', '36 Months / 60,000 Kms', 36, 60000) ON CONFLICT DO NOTHING;
INSERT INTO tiers (plan_id, min_days, max_days, price_inr, is_active) VALUES ('33efcb70-5a41-4de0-88a2-c31dbe798b86', 0, 30, 9274.8, TRUE) ON CONFLICT DO NOTHING;
INSERT INTO tiers (plan_id, min_days, max_days, price_inr, is_active) VALUES ('33efcb70-5a41-4de0-88a2-c31dbe798b86', 31, 365, 10667.2, TRUE) ON CONFLICT DO NOTHING;
INSERT INTO tiers (plan_id, min_days, max_days, price_inr, is_active) VALUES ('33efcb70-5a41-4de0-88a2-c31dbe798b86', 366, 730, 12059.6, TRUE) ON CONFLICT DO NOTHING;
INSERT INTO tiers (plan_id, min_days, max_days, price_inr, is_active) VALUES ('33efcb70-5a41-4de0-88a2-c31dbe798b86', 731, 1095, 13452.0, TRUE) ON CONFLICT DO NOTHING;
INSERT INTO variants (id, model_id, name, fuel, transmission, oem_warranty_months, oem_warranty_kms) VALUES ('8c475fc6-3447-410a-8ffd-d8293d616e83', 'c3fc728e-d034-4101-918b-b0f3ed3fd3df', 'MARUTI EECO AMBULANCE (O) 1.2L 5MT', 'Petrol', 'Manual', 36, 100000) ON CONFLICT DO NOTHING;
INSERT INTO plans (id, variant_id, plan_name, duration_months, max_kms) VALUES ('580abfc5-511b-4073-86f3-13938212fe6b', '8c475fc6-3447-410a-8ffd-d8293d616e83', '12 Months / 20,000 Kms', 12, 20000) ON CONFLICT DO NOTHING;
INSERT INTO tiers (plan_id, min_days, max_days, price_inr, is_active) VALUES ('580abfc5-511b-4073-86f3-13938212fe6b', 0, 30, 10726.2, TRUE) ON CONFLICT DO NOTHING;
INSERT INTO tiers (plan_id, min_days, max_days, price_inr, is_active) VALUES ('580abfc5-511b-4073-86f3-13938212fe6b', 31, 365, 12342.8, TRUE) ON CONFLICT DO NOTHING;
INSERT INTO tiers (plan_id, min_days, max_days, price_inr, is_active) VALUES ('580abfc5-511b-4073-86f3-13938212fe6b', 366, 730, 13947.6, TRUE) ON CONFLICT DO NOTHING;
INSERT INTO tiers (plan_id, min_days, max_days, price_inr, is_active) VALUES ('580abfc5-511b-4073-86f3-13938212fe6b', 731, 1095, 15564.2, TRUE) ON CONFLICT DO NOTHING;
INSERT INTO plans (id, variant_id, plan_name, duration_months, max_kms) VALUES ('1fbb1629-503c-49c8-bab8-fa2eddd04dc5', '8c475fc6-3447-410a-8ffd-d8293d616e83', '24 Months / 40,000 Kms', 24, 40000) ON CONFLICT DO NOTHING;
INSERT INTO tiers (plan_id, min_days, max_days, price_inr, is_active) VALUES ('1fbb1629-503c-49c8-bab8-fa2eddd04dc5', 0, 30, 12024.2, TRUE) ON CONFLICT DO NOTHING;
INSERT INTO tiers (plan_id, min_days, max_days, price_inr, is_active) VALUES ('1fbb1629-503c-49c8-bab8-fa2eddd04dc5', 31, 365, 13829.6, TRUE) ON CONFLICT DO NOTHING;
INSERT INTO tiers (plan_id, min_days, max_days, price_inr, is_active) VALUES ('1fbb1629-503c-49c8-bab8-fa2eddd04dc5', 366, 730, 15635.0, TRUE) ON CONFLICT DO NOTHING;
INSERT INTO tiers (plan_id, min_days, max_days, price_inr, is_active) VALUES ('1fbb1629-503c-49c8-bab8-fa2eddd04dc5', 731, 1095, 17440.4, TRUE) ON CONFLICT DO NOTHING;
INSERT INTO plans (id, variant_id, plan_name, duration_months, max_kms) VALUES ('a2a60a2d-35f3-4d36-aebb-071d6ae8f851', '8c475fc6-3447-410a-8ffd-d8293d616e83', '36 Months / 60,000 Kms', 36, 60000) ON CONFLICT DO NOTHING;
INSERT INTO tiers (plan_id, min_days, max_days, price_inr, is_active) VALUES ('a2a60a2d-35f3-4d36-aebb-071d6ae8f851', 0, 30, 12614.2, TRUE) ON CONFLICT DO NOTHING;
INSERT INTO tiers (plan_id, min_days, max_days, price_inr, is_active) VALUES ('a2a60a2d-35f3-4d36-aebb-071d6ae8f851', 31, 365, 14514.0, TRUE) ON CONFLICT DO NOTHING;
INSERT INTO tiers (plan_id, min_days, max_days, price_inr, is_active) VALUES ('a2a60a2d-35f3-4d36-aebb-071d6ae8f851', 366, 730, 16402.0, TRUE) ON CONFLICT DO NOTHING;
INSERT INTO tiers (plan_id, min_days, max_days, price_inr, is_active) VALUES ('a2a60a2d-35f3-4d36-aebb-071d6ae8f851', 731, 1095, 18301.8, TRUE) ON CONFLICT DO NOTHING;
INSERT INTO variants (id, model_id, name, fuel, transmission, oem_warranty_months, oem_warranty_kms) VALUES ('4277e287-5697-4ed5-8359-650d55b02396', 'c3fc728e-d034-4101-918b-b0f3ed3fd3df', 'MARUTI EECO AMBULANCE 1.2L 5MT', 'Petrol', 'Manual', 36, 100000) ON CONFLICT DO NOTHING;
INSERT INTO plans (id, variant_id, plan_name, duration_months, max_kms) VALUES ('e411a268-2d7b-4877-9288-9d42693b15e7', '4277e287-5697-4ed5-8359-650d55b02396', '12 Months / 20,000 Kms', 12, 20000) ON CONFLICT DO NOTHING;
INSERT INTO tiers (plan_id, min_days, max_days, price_inr, is_active) VALUES ('e411a268-2d7b-4877-9288-9d42693b15e7', 0, 30, 11859.0, TRUE) ON CONFLICT DO NOTHING;
INSERT INTO tiers (plan_id, min_days, max_days, price_inr, is_active) VALUES ('e411a268-2d7b-4877-9288-9d42693b15e7', 31, 365, 13640.8, TRUE) ON CONFLICT DO NOTHING;
INSERT INTO tiers (plan_id, min_days, max_days, price_inr, is_active) VALUES ('e411a268-2d7b-4877-9288-9d42693b15e7', 366, 730, 15422.6, TRUE) ON CONFLICT DO NOTHING;
INSERT INTO tiers (plan_id, min_days, max_days, price_inr, is_active) VALUES ('e411a268-2d7b-4877-9288-9d42693b15e7', 731, 1095, 17204.4, TRUE) ON CONFLICT DO NOTHING;
INSERT INTO plans (id, variant_id, plan_name, duration_months, max_kms) VALUES ('754aacf7-c0a3-42f9-9a0a-ba3c8d662269', '4277e287-5697-4ed5-8359-650d55b02396', '24 Months / 40,000 Kms', 24, 40000) ON CONFLICT DO NOTHING;
INSERT INTO tiers (plan_id, min_days, max_days, price_inr, is_active) VALUES ('754aacf7-c0a3-42f9-9a0a-ba3c8d662269', 0, 30, 13157.0, TRUE) ON CONFLICT DO NOTHING;
INSERT INTO tiers (plan_id, min_days, max_days, price_inr, is_active) VALUES ('754aacf7-c0a3-42f9-9a0a-ba3c8d662269', 31, 365, 15139.4, TRUE) ON CONFLICT DO NOTHING;
INSERT INTO tiers (plan_id, min_days, max_days, price_inr, is_active) VALUES ('754aacf7-c0a3-42f9-9a0a-ba3c8d662269', 366, 730, 17110.0, TRUE) ON CONFLICT DO NOTHING;
INSERT INTO tiers (plan_id, min_days, max_days, price_inr, is_active) VALUES ('754aacf7-c0a3-42f9-9a0a-ba3c8d662269', 731, 1095, 19080.6, TRUE) ON CONFLICT DO NOTHING;
INSERT INTO plans (id, variant_id, plan_name, duration_months, max_kms) VALUES ('9fafd862-3e40-4bbd-9f6d-592b31dd937b', '4277e287-5697-4ed5-8359-650d55b02396', '36 Months / 60,000 Kms', 36, 60000) ON CONFLICT DO NOTHING;
INSERT INTO tiers (plan_id, min_days, max_days, price_inr, is_active) VALUES ('9fafd862-3e40-4bbd-9f6d-592b31dd937b', 0, 30, 13747.0, TRUE) ON CONFLICT DO NOTHING;
INSERT INTO tiers (plan_id, min_days, max_days, price_inr, is_active) VALUES ('9fafd862-3e40-4bbd-9f6d-592b31dd937b', 31, 365, 15812.0, TRUE) ON CONFLICT DO NOTHING;
INSERT INTO tiers (plan_id, min_days, max_days, price_inr, is_active) VALUES ('9fafd862-3e40-4bbd-9f6d-592b31dd937b', 366, 730, 17877.0, TRUE) ON CONFLICT DO NOTHING;
INSERT INTO tiers (plan_id, min_days, max_days, price_inr, is_active) VALUES ('9fafd862-3e40-4bbd-9f6d-592b31dd937b', 731, 1095, 19942.0, TRUE) ON CONFLICT DO NOTHING;
INSERT INTO variants (id, model_id, name, fuel, transmission, oem_warranty_months, oem_warranty_kms) VALUES ('fdb13ef1-737d-48a4-b031-34b2bfbb2c30', 'c3fc728e-d034-4101-918b-b0f3ed3fd3df', 'MARUTI EECO AMBULANCE SHELL 1.2L 5MT', 'Petrol', 'Manual', 36, 100000) ON CONFLICT DO NOTHING;
INSERT INTO plans (id, variant_id, plan_name, duration_months, max_kms) VALUES ('6a9bb428-f0e2-4abb-ab9d-c6bf03d225a0', 'fdb13ef1-737d-48a4-b031-34b2bfbb2c30', '12 Months / 20,000 Kms', 12, 20000) ON CONFLICT DO NOTHING;
INSERT INTO tiers (plan_id, min_days, max_days, price_inr, is_active) VALUES ('6a9bb428-f0e2-4abb-ab9d-c6bf03d225a0', 0, 30, 9003.4, TRUE) ON CONFLICT DO NOTHING;
INSERT INTO tiers (plan_id, min_days, max_days, price_inr, is_active) VALUES ('6a9bb428-f0e2-4abb-ab9d-c6bf03d225a0', 31, 365, 10360.4, TRUE) ON CONFLICT DO NOTHING;
INSERT INTO tiers (plan_id, min_days, max_days, price_inr, is_active) VALUES ('6a9bb428-f0e2-4abb-ab9d-c6bf03d225a0', 366, 730, 11705.6, TRUE) ON CONFLICT DO NOTHING;
INSERT INTO tiers (plan_id, min_days, max_days, price_inr, is_active) VALUES ('6a9bb428-f0e2-4abb-ab9d-c6bf03d225a0', 731, 1095, 13062.6, TRUE) ON CONFLICT DO NOTHING;
INSERT INTO plans (id, variant_id, plan_name, duration_months, max_kms) VALUES ('5951a677-e025-431e-9339-e15c980828a9', 'fdb13ef1-737d-48a4-b031-34b2bfbb2c30', '24 Months / 40,000 Kms', 24, 40000) ON CONFLICT DO NOTHING;
INSERT INTO tiers (plan_id, min_days, max_days, price_inr, is_active) VALUES ('5951a677-e025-431e-9339-e15c980828a9', 0, 30, 10301.4, TRUE) ON CONFLICT DO NOTHING;
INSERT INTO tiers (plan_id, min_days, max_days, price_inr, is_active) VALUES ('5951a677-e025-431e-9339-e15c980828a9', 31, 365, 11847.2, TRUE) ON CONFLICT DO NOTHING;
INSERT INTO tiers (plan_id, min_days, max_days, price_inr, is_active) VALUES ('5951a677-e025-431e-9339-e15c980828a9', 366, 730, 13393.0, TRUE) ON CONFLICT DO NOTHING;
INSERT INTO tiers (plan_id, min_days, max_days, price_inr, is_active) VALUES ('5951a677-e025-431e-9339-e15c980828a9', 731, 1095, 14938.8, TRUE) ON CONFLICT DO NOTHING;
INSERT INTO plans (id, variant_id, plan_name, duration_months, max_kms) VALUES ('ea18615b-75e9-4e54-992f-5f599d33b76a', 'fdb13ef1-737d-48a4-b031-34b2bfbb2c30', '36 Months / 60,000 Kms', 36, 60000) ON CONFLICT DO NOTHING;
INSERT INTO tiers (plan_id, min_days, max_days, price_inr, is_active) VALUES ('ea18615b-75e9-4e54-992f-5f599d33b76a', 0, 30, 10891.4, TRUE) ON CONFLICT DO NOTHING;
INSERT INTO tiers (plan_id, min_days, max_days, price_inr, is_active) VALUES ('ea18615b-75e9-4e54-992f-5f599d33b76a', 31, 365, 12531.6, TRUE) ON CONFLICT DO NOTHING;
INSERT INTO tiers (plan_id, min_days, max_days, price_inr, is_active) VALUES ('ea18615b-75e9-4e54-992f-5f599d33b76a', 366, 730, 14160.0, TRUE) ON CONFLICT DO NOTHING;
INSERT INTO tiers (plan_id, min_days, max_days, price_inr, is_active) VALUES ('ea18615b-75e9-4e54-992f-5f599d33b76a', 731, 1095, 15800.2, TRUE) ON CONFLICT DO NOTHING;
INSERT INTO variants (id, model_id, name, fuel, transmission, oem_warranty_months, oem_warranty_kms) VALUES ('b59e660a-db6c-4cb3-b30f-43d71e524ec8', 'c3fc728e-d034-4101-918b-b0f3ed3fd3df', 'MARUTI EECO CARE (AMBULANCE SHELL) 1.2L 5MT', 'Petrol', 'Manual', 36, 100000) ON CONFLICT DO NOTHING;
INSERT INTO plans (id, variant_id, plan_name, duration_months, max_kms) VALUES ('2e0e03f8-54e3-434b-8f93-5e0d12668710', 'b59e660a-db6c-4cb3-b30f-43d71e524ec8', '12 Months / 20,000 Kms', 12, 20000) ON CONFLICT DO NOTHING;
INSERT INTO tiers (plan_id, min_days, max_days, price_inr, is_active) VALUES ('2e0e03f8-54e3-434b-8f93-5e0d12668710', 0, 30, 7858.8, TRUE) ON CONFLICT DO NOTHING;
INSERT INTO tiers (plan_id, min_days, max_days, price_inr, is_active) VALUES ('2e0e03f8-54e3-434b-8f93-5e0d12668710', 31, 365, 9038.8, TRUE) ON CONFLICT DO NOTHING;
INSERT INTO tiers (plan_id, min_days, max_days, price_inr, is_active) VALUES ('2e0e03f8-54e3-434b-8f93-5e0d12668710', 366, 730, 10218.8, TRUE) ON CONFLICT DO NOTHING;
INSERT INTO tiers (plan_id, min_days, max_days, price_inr, is_active) VALUES ('2e0e03f8-54e3-434b-8f93-5e0d12668710', 731, 1095, 11398.8, TRUE) ON CONFLICT DO NOTHING;
INSERT INTO plans (id, variant_id, plan_name, duration_months, max_kms) VALUES ('91891524-20f9-4a6c-9ca9-db35875a6d5f', 'b59e660a-db6c-4cb3-b30f-43d71e524ec8', '24 Months / 40,000 Kms', 24, 40000) ON CONFLICT DO NOTHING;
INSERT INTO tiers (plan_id, min_days, max_days, price_inr, is_active) VALUES ('91891524-20f9-4a6c-9ca9-db35875a6d5f', 0, 30, 9156.8, TRUE) ON CONFLICT DO NOTHING;
INSERT INTO tiers (plan_id, min_days, max_days, price_inr, is_active) VALUES ('91891524-20f9-4a6c-9ca9-db35875a6d5f', 31, 365, 10537.4, TRUE) ON CONFLICT DO NOTHING;
INSERT INTO tiers (plan_id, min_days, max_days, price_inr, is_active) VALUES ('91891524-20f9-4a6c-9ca9-db35875a6d5f', 366, 730, 11906.2, TRUE) ON CONFLICT DO NOTHING;
INSERT INTO tiers (plan_id, min_days, max_days, price_inr, is_active) VALUES ('91891524-20f9-4a6c-9ca9-db35875a6d5f', 731, 1095, 13286.8, TRUE) ON CONFLICT DO NOTHING;
INSERT INTO plans (id, variant_id, plan_name, duration_months, max_kms) VALUES ('e0b34181-caac-41f4-b064-3b0a16e6d3b8', 'b59e660a-db6c-4cb3-b30f-43d71e524ec8', '36 Months / 60,000 Kms', 36, 60000) ON CONFLICT DO NOTHING;
INSERT INTO tiers (plan_id, min_days, max_days, price_inr, is_active) VALUES ('e0b34181-caac-41f4-b064-3b0a16e6d3b8', 0, 30, 9746.8, TRUE) ON CONFLICT DO NOTHING;
INSERT INTO tiers (plan_id, min_days, max_days, price_inr, is_active) VALUES ('e0b34181-caac-41f4-b064-3b0a16e6d3b8', 31, 365, 11210.0, TRUE) ON CONFLICT DO NOTHING;
INSERT INTO tiers (plan_id, min_days, max_days, price_inr, is_active) VALUES ('e0b34181-caac-41f4-b064-3b0a16e6d3b8', 366, 730, 12673.2, TRUE) ON CONFLICT DO NOTHING;
INSERT INTO tiers (plan_id, min_days, max_days, price_inr, is_active) VALUES ('e0b34181-caac-41f4-b064-3b0a16e6d3b8', 731, 1095, 14136.4, TRUE) ON CONFLICT DO NOTHING;
INSERT INTO variants (id, model_id, name, fuel, transmission, oem_warranty_months, oem_warranty_kms) VALUES ('4b8cc6f0-cb92-412d-8556-2003c7acfc8a', 'c3fc728e-d034-4101-918b-b0f3ed3fd3df', 'MARUTI EECO CARGO 1.2L 5MT', 'Petrol', 'Manual', 36, 100000) ON CONFLICT DO NOTHING;
INSERT INTO plans (id, variant_id, plan_name, duration_months, max_kms) VALUES ('e37b376f-28d1-482b-b525-2cccfa6c5ec7', '4b8cc6f0-cb92-412d-8556-2003c7acfc8a', '12 Months / 20,000 Kms', 12, 20000) ON CONFLICT DO NOTHING;
INSERT INTO tiers (plan_id, min_days, max_days, price_inr, is_active) VALUES ('e37b376f-28d1-482b-b525-2cccfa6c5ec7', 0, 30, 7150.8, TRUE) ON CONFLICT DO NOTHING;
INSERT INTO tiers (plan_id, min_days, max_days, price_inr, is_active) VALUES ('e37b376f-28d1-482b-b525-2cccfa6c5ec7', 31, 365, 8224.6, TRUE) ON CONFLICT DO NOTHING;
INSERT INTO tiers (plan_id, min_days, max_days, price_inr, is_active) VALUES ('e37b376f-28d1-482b-b525-2cccfa6c5ec7', 366, 730, 9298.4, TRUE) ON CONFLICT DO NOTHING;
INSERT INTO tiers (plan_id, min_days, max_days, price_inr, is_active) VALUES ('e37b376f-28d1-482b-b525-2cccfa6c5ec7', 731, 1095, 10372.2, TRUE) ON CONFLICT DO NOTHING;
INSERT INTO plans (id, variant_id, plan_name, duration_months, max_kms) VALUES ('99fe179e-c510-4fb0-a18b-6e2ac081f3db', '4b8cc6f0-cb92-412d-8556-2003c7acfc8a', '24 Months / 40,000 Kms', 24, 40000) ON CONFLICT DO NOTHING;
INSERT INTO tiers (plan_id, min_days, max_days, price_inr, is_active) VALUES ('99fe179e-c510-4fb0-a18b-6e2ac081f3db', 0, 30, 8448.8, TRUE) ON CONFLICT DO NOTHING;
INSERT INTO tiers (plan_id, min_days, max_days, price_inr, is_active) VALUES ('99fe179e-c510-4fb0-a18b-6e2ac081f3db', 31, 365, 9723.2, TRUE) ON CONFLICT DO NOTHING;
INSERT INTO tiers (plan_id, min_days, max_days, price_inr, is_active) VALUES ('99fe179e-c510-4fb0-a18b-6e2ac081f3db', 366, 730, 10985.8, TRUE) ON CONFLICT DO NOTHING;
INSERT INTO tiers (plan_id, min_days, max_days, price_inr, is_active) VALUES ('99fe179e-c510-4fb0-a18b-6e2ac081f3db', 731, 1095, 12260.2, TRUE) ON CONFLICT DO NOTHING;
INSERT INTO plans (id, variant_id, plan_name, duration_months, max_kms) VALUES ('27274553-1a85-4b3c-ba78-974acb0d0b0d', '4b8cc6f0-cb92-412d-8556-2003c7acfc8a', '36 Months / 60,000 Kms', 36, 60000) ON CONFLICT DO NOTHING;
INSERT INTO tiers (plan_id, min_days, max_days, price_inr, is_active) VALUES ('27274553-1a85-4b3c-ba78-974acb0d0b0d', 0, 30, 9038.8, TRUE) ON CONFLICT DO NOTHING;
INSERT INTO tiers (plan_id, min_days, max_days, price_inr, is_active) VALUES ('27274553-1a85-4b3c-ba78-974acb0d0b0d', 31, 365, 10395.8, TRUE) ON CONFLICT DO NOTHING;
INSERT INTO tiers (plan_id, min_days, max_days, price_inr, is_active) VALUES ('27274553-1a85-4b3c-ba78-974acb0d0b0d', 366, 730, 11752.8, TRUE) ON CONFLICT DO NOTHING;
INSERT INTO tiers (plan_id, min_days, max_days, price_inr, is_active) VALUES ('27274553-1a85-4b3c-ba78-974acb0d0b0d', 731, 1095, 13109.8, TRUE) ON CONFLICT DO NOTHING;
INSERT INTO variants (id, model_id, name, fuel, transmission, oem_warranty_months, oem_warranty_kms) VALUES ('19f07e09-e249-4dab-b544-de5a1ad45478', 'c3fc728e-d034-4101-918b-b0f3ed3fd3df', 'MARUTI EECO CARGO AC CNG 1.2L 5MT', 'CNG', 'Manual', 36, 100000) ON CONFLICT DO NOTHING;
INSERT INTO plans (id, variant_id, plan_name, duration_months, max_kms) VALUES ('ad5aca3a-d02e-4878-ac28-4313f713ccb5', '19f07e09-e249-4dab-b544-de5a1ad45478', '12 Months / 20,000 Kms', 12, 20000) ON CONFLICT DO NOTHING;
INSERT INTO tiers (plan_id, min_days, max_days, price_inr, is_active) VALUES ('ad5aca3a-d02e-4878-ac28-4313f713ccb5', 0, 30, 9333.8, TRUE) ON CONFLICT DO NOTHING;
INSERT INTO tiers (plan_id, min_days, max_days, price_inr, is_active) VALUES ('ad5aca3a-d02e-4878-ac28-4313f713ccb5', 31, 365, 10738.0, TRUE) ON CONFLICT DO NOTHING;
INSERT INTO tiers (plan_id, min_days, max_days, price_inr, is_active) VALUES ('ad5aca3a-d02e-4878-ac28-4313f713ccb5', 366, 730, 12142.2, TRUE) ON CONFLICT DO NOTHING;
INSERT INTO tiers (plan_id, min_days, max_days, price_inr, is_active) VALUES ('ad5aca3a-d02e-4878-ac28-4313f713ccb5', 731, 1095, 13534.6, TRUE) ON CONFLICT DO NOTHING;
INSERT INTO plans (id, variant_id, plan_name, duration_months, max_kms) VALUES ('b4c00194-96a6-4f6c-b81a-239afa629e46', '19f07e09-e249-4dab-b544-de5a1ad45478', '24 Months / 40,000 Kms', 24, 40000) ON CONFLICT DO NOTHING;
INSERT INTO tiers (plan_id, min_days, max_days, price_inr, is_active) VALUES ('b4c00194-96a6-4f6c-b81a-239afa629e46', 0, 30, 10631.8, TRUE) ON CONFLICT DO NOTHING;
INSERT INTO tiers (plan_id, min_days, max_days, price_inr, is_active) VALUES ('b4c00194-96a6-4f6c-b81a-239afa629e46', 31, 365, 12236.6, TRUE) ON CONFLICT DO NOTHING;
INSERT INTO tiers (plan_id, min_days, max_days, price_inr, is_active) VALUES ('b4c00194-96a6-4f6c-b81a-239afa629e46', 366, 730, 13829.6, TRUE) ON CONFLICT DO NOTHING;
INSERT INTO tiers (plan_id, min_days, max_days, price_inr, is_active) VALUES ('b4c00194-96a6-4f6c-b81a-239afa629e46', 731, 1095, 15422.6, TRUE) ON CONFLICT DO NOTHING;
INSERT INTO plans (id, variant_id, plan_name, duration_months, max_kms) VALUES ('0f381a48-ced4-4bf3-99f6-308e6313c03a', '19f07e09-e249-4dab-b544-de5a1ad45478', '36 Months / 60,000 Kms', 36, 60000) ON CONFLICT DO NOTHING;
INSERT INTO tiers (plan_id, min_days, max_days, price_inr, is_active) VALUES ('0f381a48-ced4-4bf3-99f6-308e6313c03a', 0, 30, 11221.8, TRUE) ON CONFLICT DO NOTHING;
INSERT INTO tiers (plan_id, min_days, max_days, price_inr, is_active) VALUES ('0f381a48-ced4-4bf3-99f6-308e6313c03a', 31, 365, 12909.2, TRUE) ON CONFLICT DO NOTHING;
INSERT INTO tiers (plan_id, min_days, max_days, price_inr, is_active) VALUES ('0f381a48-ced4-4bf3-99f6-308e6313c03a', 366, 730, 14596.6, TRUE) ON CONFLICT DO NOTHING;
INSERT INTO tiers (plan_id, min_days, max_days, price_inr, is_active) VALUES ('0f381a48-ced4-4bf3-99f6-308e6313c03a', 731, 1095, 16272.2, TRUE) ON CONFLICT DO NOTHING;
INSERT INTO variants (id, model_id, name, fuel, transmission, oem_warranty_months, oem_warranty_kms) VALUES ('0c1488aa-6e4b-4a29-809f-580356c6e4e6', 'c3fc728e-d034-4101-918b-b0f3ed3fd3df', 'MARUTI EECO CARGO CNG 1.2L 5MT', 'CNG', 'Manual', 36, 100000) ON CONFLICT DO NOTHING;
INSERT INTO plans (id, variant_id, plan_name, duration_months, max_kms) VALUES ('179b6cee-dcca-48d5-952f-c593c28eee99', '0c1488aa-6e4b-4a29-809f-580356c6e4e6', '12 Months / 20,000 Kms', 12, 20000) ON CONFLICT DO NOTHING;
INSERT INTO tiers (plan_id, min_days, max_days, price_inr, is_active) VALUES ('179b6cee-dcca-48d5-952f-c593c28eee99', 0, 30, 8637.6, TRUE) ON CONFLICT DO NOTHING;
INSERT INTO tiers (plan_id, min_days, max_days, price_inr, is_active) VALUES ('179b6cee-dcca-48d5-952f-c593c28eee99', 31, 365, 9935.6, TRUE) ON CONFLICT DO NOTHING;
INSERT INTO tiers (plan_id, min_days, max_days, price_inr, is_active) VALUES ('179b6cee-dcca-48d5-952f-c593c28eee99', 366, 730, 11233.6, TRUE) ON CONFLICT DO NOTHING;
INSERT INTO tiers (plan_id, min_days, max_days, price_inr, is_active) VALUES ('179b6cee-dcca-48d5-952f-c593c28eee99', 731, 1095, 12531.6, TRUE) ON CONFLICT DO NOTHING;
INSERT INTO plans (id, variant_id, plan_name, duration_months, max_kms) VALUES ('0a2f1299-1819-4dc3-a2e5-10ad3799d86f', '0c1488aa-6e4b-4a29-809f-580356c6e4e6', '24 Months / 40,000 Kms', 24, 40000) ON CONFLICT DO NOTHING;
INSERT INTO tiers (plan_id, min_days, max_days, price_inr, is_active) VALUES ('0a2f1299-1819-4dc3-a2e5-10ad3799d86f', 0, 30, 9935.6, TRUE) ON CONFLICT DO NOTHING;
INSERT INTO tiers (plan_id, min_days, max_days, price_inr, is_active) VALUES ('0a2f1299-1819-4dc3-a2e5-10ad3799d86f', 31, 365, 11434.2, TRUE) ON CONFLICT DO NOTHING;
INSERT INTO tiers (plan_id, min_days, max_days, price_inr, is_active) VALUES ('0a2f1299-1819-4dc3-a2e5-10ad3799d86f', 366, 730, 12921.0, TRUE) ON CONFLICT DO NOTHING;
INSERT INTO tiers (plan_id, min_days, max_days, price_inr, is_active) VALUES ('0a2f1299-1819-4dc3-a2e5-10ad3799d86f', 731, 1095, 14407.8, TRUE) ON CONFLICT DO NOTHING;
INSERT INTO plans (id, variant_id, plan_name, duration_months, max_kms) VALUES ('5fdf78ae-63df-4219-831f-2d41655a88aa', '0c1488aa-6e4b-4a29-809f-580356c6e4e6', '36 Months / 60,000 Kms', 36, 60000) ON CONFLICT DO NOTHING;
INSERT INTO tiers (plan_id, min_days, max_days, price_inr, is_active) VALUES ('5fdf78ae-63df-4219-831f-2d41655a88aa', 0, 30, 10525.6, TRUE) ON CONFLICT DO NOTHING;
INSERT INTO tiers (plan_id, min_days, max_days, price_inr, is_active) VALUES ('5fdf78ae-63df-4219-831f-2d41655a88aa', 31, 365, 12106.8, TRUE) ON CONFLICT DO NOTHING;
INSERT INTO tiers (plan_id, min_days, max_days, price_inr, is_active) VALUES ('5fdf78ae-63df-4219-831f-2d41655a88aa', 366, 730, 13688.0, TRUE) ON CONFLICT DO NOTHING;
INSERT INTO tiers (plan_id, min_days, max_days, price_inr, is_active) VALUES ('5fdf78ae-63df-4219-831f-2d41655a88aa', 731, 1095, 15269.2, TRUE) ON CONFLICT DO NOTHING;
INSERT INTO variants (id, model_id, name, fuel, transmission, oem_warranty_months, oem_warranty_kms) VALUES ('f924dbb5-ca10-49e8-8ceb-ec4e1a6ee4f4', 'c3fc728e-d034-4101-918b-b0f3ed3fd3df', 'MARUTI EECO CARGO PETROL 1.2L 5MT', 'Petrol', 'Manual', 36, 100000) ON CONFLICT DO NOTHING;
INSERT INTO plans (id, variant_id, plan_name, duration_months, max_kms) VALUES ('be8ce4a8-8512-46b6-b22c-1d0186728e49', 'f924dbb5-ca10-49e8-8ceb-ec4e1a6ee4f4', '12 Months / 20,000 Kms', 12, 20000) ON CONFLICT DO NOTHING;
INSERT INTO tiers (plan_id, min_days, max_days, price_inr, is_active) VALUES ('be8ce4a8-8512-46b6-b22c-1d0186728e49', 0, 30, 6018.0, TRUE) ON CONFLICT DO NOTHING;
INSERT INTO tiers (plan_id, min_days, max_days, price_inr, is_active) VALUES ('be8ce4a8-8512-46b6-b22c-1d0186728e49', 31, 365, 6926.6, TRUE) ON CONFLICT DO NOTHING;
INSERT INTO tiers (plan_id, min_days, max_days, price_inr, is_active) VALUES ('be8ce4a8-8512-46b6-b22c-1d0186728e49', 366, 730, 7823.4, TRUE) ON CONFLICT DO NOTHING;
INSERT INTO tiers (plan_id, min_days, max_days, price_inr, is_active) VALUES ('be8ce4a8-8512-46b6-b22c-1d0186728e49', 731, 1095, 8732.0, TRUE) ON CONFLICT DO NOTHING;
INSERT INTO plans (id, variant_id, plan_name, duration_months, max_kms) VALUES ('00b08376-3175-4888-a84e-2cadcb650208', 'f924dbb5-ca10-49e8-8ceb-ec4e1a6ee4f4', '24 Months / 40,000 Kms', 24, 40000) ON CONFLICT DO NOTHING;
INSERT INTO tiers (plan_id, min_days, max_days, price_inr, is_active) VALUES ('00b08376-3175-4888-a84e-2cadcb650208', 0, 30, 7316.0, TRUE) ON CONFLICT DO NOTHING;
INSERT INTO tiers (plan_id, min_days, max_days, price_inr, is_active) VALUES ('00b08376-3175-4888-a84e-2cadcb650208', 31, 365, 8413.4, TRUE) ON CONFLICT DO NOTHING;
INSERT INTO tiers (plan_id, min_days, max_days, price_inr, is_active) VALUES ('00b08376-3175-4888-a84e-2cadcb650208', 366, 730, 9510.8, TRUE) ON CONFLICT DO NOTHING;
INSERT INTO tiers (plan_id, min_days, max_days, price_inr, is_active) VALUES ('00b08376-3175-4888-a84e-2cadcb650208', 731, 1095, 10608.2, TRUE) ON CONFLICT DO NOTHING;
INSERT INTO plans (id, variant_id, plan_name, duration_months, max_kms) VALUES ('32f9b855-c378-4d48-8bc6-ad6e61f1daee', 'f924dbb5-ca10-49e8-8ceb-ec4e1a6ee4f4', '36 Months / 60,000 Kms', 36, 60000) ON CONFLICT DO NOTHING;
INSERT INTO tiers (plan_id, min_days, max_days, price_inr, is_active) VALUES ('32f9b855-c378-4d48-8bc6-ad6e61f1daee', 0, 30, 7906.0, TRUE) ON CONFLICT DO NOTHING;
INSERT INTO tiers (plan_id, min_days, max_days, price_inr, is_active) VALUES ('32f9b855-c378-4d48-8bc6-ad6e61f1daee', 31, 365, 9097.8, TRUE) ON CONFLICT DO NOTHING;
INSERT INTO tiers (plan_id, min_days, max_days, price_inr, is_active) VALUES ('32f9b855-c378-4d48-8bc6-ad6e61f1daee', 366, 730, 10277.8, TRUE) ON CONFLICT DO NOTHING;
INSERT INTO tiers (plan_id, min_days, max_days, price_inr, is_active) VALUES ('32f9b855-c378-4d48-8bc6-ad6e61f1daee', 731, 1095, 11469.6, TRUE) ON CONFLICT DO NOTHING;
INSERT INTO models (id, brand_id, name) VALUES ('6c7342e4-4b34-47a3-a7a3-30c7b37189ad', 'b1e782a2-c0d1-4b20-ae57-becb98f3ab90', 'EECO TOUR') ON CONFLICT DO NOTHING;
INSERT INTO variants (id, model_id, name, fuel, transmission, oem_warranty_months, oem_warranty_kms) VALUES ('1a57094b-3407-4452-87f1-8102fcd84775', '6c7342e4-4b34-47a3-a7a3-30c7b37189ad', 'MARUTI TOUR V 5 STR AC (O) 1.2L 5MT', 'Petrol', 'Manual', 36, 100000) ON CONFLICT DO NOTHING;
INSERT INTO plans (id, variant_id, plan_name, duration_months, max_kms) VALUES ('8096f724-59c7-4a85-9043-6f3c37e8f3e3', '1a57094b-3407-4452-87f1-8102fcd84775', '12 Months / 20,000 Kms', 12, 20000) ON CONFLICT DO NOTHING;
INSERT INTO tiers (plan_id, min_days, max_days, price_inr, is_active) VALUES ('8096f724-59c7-4a85-9043-6f3c37e8f3e3', 0, 30, 6313.0, TRUE) ON CONFLICT DO NOTHING;
INSERT INTO tiers (plan_id, min_days, max_days, price_inr, is_active) VALUES ('8096f724-59c7-4a85-9043-6f3c37e8f3e3', 31, 365, 7268.8, TRUE) ON CONFLICT DO NOTHING;
INSERT INTO tiers (plan_id, min_days, max_days, price_inr, is_active) VALUES ('8096f724-59c7-4a85-9043-6f3c37e8f3e3', 366, 730, 8212.8, TRUE) ON CONFLICT DO NOTHING;
INSERT INTO tiers (plan_id, min_days, max_days, price_inr, is_active) VALUES ('8096f724-59c7-4a85-9043-6f3c37e8f3e3', 731, 1095, 9156.8, TRUE) ON CONFLICT DO NOTHING;
INSERT INTO plans (id, variant_id, plan_name, duration_months, max_kms) VALUES ('7dc52781-8360-4dd2-a629-edb90fddefc7', '1a57094b-3407-4452-87f1-8102fcd84775', '24 Months / 40,000 Kms', 24, 40000) ON CONFLICT DO NOTHING;
INSERT INTO tiers (plan_id, min_days, max_days, price_inr, is_active) VALUES ('7dc52781-8360-4dd2-a629-edb90fddefc7', 0, 30, 7611.0, TRUE) ON CONFLICT DO NOTHING;
INSERT INTO tiers (plan_id, min_days, max_days, price_inr, is_active) VALUES ('7dc52781-8360-4dd2-a629-edb90fddefc7', 31, 365, 8755.6, TRUE) ON CONFLICT DO NOTHING;
INSERT INTO tiers (plan_id, min_days, max_days, price_inr, is_active) VALUES ('7dc52781-8360-4dd2-a629-edb90fddefc7', 366, 730, 9900.2, TRUE) ON CONFLICT DO NOTHING;
INSERT INTO tiers (plan_id, min_days, max_days, price_inr, is_active) VALUES ('7dc52781-8360-4dd2-a629-edb90fddefc7', 731, 1095, 11044.8, TRUE) ON CONFLICT DO NOTHING;
INSERT INTO plans (id, variant_id, plan_name, duration_months, max_kms) VALUES ('2b0fa023-5b0e-4217-bcf5-f8b6130649ec', '1a57094b-3407-4452-87f1-8102fcd84775', '36 Months / 60,000 Kms', 36, 60000) ON CONFLICT DO NOTHING;
INSERT INTO tiers (plan_id, min_days, max_days, price_inr, is_active) VALUES ('2b0fa023-5b0e-4217-bcf5-f8b6130649ec', 0, 30, 8201.0, TRUE) ON CONFLICT DO NOTHING;
INSERT INTO tiers (plan_id, min_days, max_days, price_inr, is_active) VALUES ('2b0fa023-5b0e-4217-bcf5-f8b6130649ec', 31, 365, 9440.0, TRUE) ON CONFLICT DO NOTHING;
INSERT INTO tiers (plan_id, min_days, max_days, price_inr, is_active) VALUES ('2b0fa023-5b0e-4217-bcf5-f8b6130649ec', 366, 730, 10667.2, TRUE) ON CONFLICT DO NOTHING;
INSERT INTO tiers (plan_id, min_days, max_days, price_inr, is_active) VALUES ('2b0fa023-5b0e-4217-bcf5-f8b6130649ec', 731, 1095, 11894.4, TRUE) ON CONFLICT DO NOTHING;
INSERT INTO variants (id, model_id, name, fuel, transmission, oem_warranty_months, oem_warranty_kms) VALUES ('1ec1bfee-87cd-45c7-bfb5-26c66b6bb049', '6c7342e4-4b34-47a3-a7a3-30c7b37189ad', 'MARUTI TOUR V 5 STR AC (O) CNG 1.2L 5MT', 'CNG', 'Manual', 36, 100000) ON CONFLICT DO NOTHING;
INSERT INTO plans (id, variant_id, plan_name, duration_months, max_kms) VALUES ('6a11f47a-8a43-4c65-8ad9-76e3ee629318', '1ec1bfee-87cd-45c7-bfb5-26c66b6bb049', '12 Months / 20,000 Kms', 12, 20000) ON CONFLICT DO NOTHING;
INSERT INTO tiers (plan_id, min_days, max_days, price_inr, is_active) VALUES ('6a11f47a-8a43-4c65-8ad9-76e3ee629318', 0, 30, 7882.4, TRUE) ON CONFLICT DO NOTHING;
INSERT INTO tiers (plan_id, min_days, max_days, price_inr, is_active) VALUES ('6a11f47a-8a43-4c65-8ad9-76e3ee629318', 31, 365, 9074.2, TRUE) ON CONFLICT DO NOTHING;
INSERT INTO tiers (plan_id, min_days, max_days, price_inr, is_active) VALUES ('6a11f47a-8a43-4c65-8ad9-76e3ee629318', 366, 730, 10254.2, TRUE) ON CONFLICT DO NOTHING;
INSERT INTO tiers (plan_id, min_days, max_days, price_inr, is_active) VALUES ('6a11f47a-8a43-4c65-8ad9-76e3ee629318', 731, 1095, 11434.2, TRUE) ON CONFLICT DO NOTHING;
INSERT INTO plans (id, variant_id, plan_name, duration_months, max_kms) VALUES ('e5bf7ad8-1f16-4b57-bbcf-e8d6de339035', '1ec1bfee-87cd-45c7-bfb5-26c66b6bb049', '24 Months / 40,000 Kms', 24, 40000) ON CONFLICT DO NOTHING;
INSERT INTO tiers (plan_id, min_days, max_days, price_inr, is_active) VALUES ('e5bf7ad8-1f16-4b57-bbcf-e8d6de339035', 0, 30, 9180.4, TRUE) ON CONFLICT DO NOTHING;
INSERT INTO tiers (plan_id, min_days, max_days, price_inr, is_active) VALUES ('e5bf7ad8-1f16-4b57-bbcf-e8d6de339035', 31, 365, 10561.0, TRUE) ON CONFLICT DO NOTHING;
INSERT INTO tiers (plan_id, min_days, max_days, price_inr, is_active) VALUES ('e5bf7ad8-1f16-4b57-bbcf-e8d6de339035', 366, 730, 11941.6, TRUE) ON CONFLICT DO NOTHING;
INSERT INTO tiers (plan_id, min_days, max_days, price_inr, is_active) VALUES ('e5bf7ad8-1f16-4b57-bbcf-e8d6de339035', 731, 1095, 13322.2, TRUE) ON CONFLICT DO NOTHING;
INSERT INTO plans (id, variant_id, plan_name, duration_months, max_kms) VALUES ('59bc3621-9bea-45e6-9a4b-f2e2df2dc456', '1ec1bfee-87cd-45c7-bfb5-26c66b6bb049', '36 Months / 60,000 Kms', 36, 60000) ON CONFLICT DO NOTHING;
INSERT INTO tiers (plan_id, min_days, max_days, price_inr, is_active) VALUES ('59bc3621-9bea-45e6-9a4b-f2e2df2dc456', 0, 30, 9770.4, TRUE) ON CONFLICT DO NOTHING;
INSERT INTO tiers (plan_id, min_days, max_days, price_inr, is_active) VALUES ('59bc3621-9bea-45e6-9a4b-f2e2df2dc456', 31, 365, 11245.4, TRUE) ON CONFLICT DO NOTHING;
INSERT INTO tiers (plan_id, min_days, max_days, price_inr, is_active) VALUES ('59bc3621-9bea-45e6-9a4b-f2e2df2dc456', 366, 730, 12708.6, TRUE) ON CONFLICT DO NOTHING;
INSERT INTO tiers (plan_id, min_days, max_days, price_inr, is_active) VALUES ('59bc3621-9bea-45e6-9a4b-f2e2df2dc456', 731, 1095, 14171.8, TRUE) ON CONFLICT DO NOTHING;
INSERT INTO variants (id, model_id, name, fuel, transmission, oem_warranty_months, oem_warranty_kms) VALUES ('708afe52-bcb1-4ba5-bf01-3776c3b3d6a8', '6c7342e4-4b34-47a3-a7a3-30c7b37189ad', 'MARUTI TOUR V 5 STR AC 1.2L 5MT', 'Petrol', 'Manual', 36, 100000) ON CONFLICT DO NOTHING;
INSERT INTO plans (id, variant_id, plan_name, duration_months, max_kms) VALUES ('9d6d6dbb-7722-434c-8031-7f4750e0b919', '708afe52-bcb1-4ba5-bf01-3776c3b3d6a8', '12 Months / 20,000 Kms', 12, 20000) ON CONFLICT DO NOTHING;
INSERT INTO tiers (plan_id, min_days, max_days, price_inr, is_active) VALUES ('9d6d6dbb-7722-434c-8031-7f4750e0b919', 0, 30, 7445.8, TRUE) ON CONFLICT DO NOTHING;
INSERT INTO tiers (plan_id, min_days, max_days, price_inr, is_active) VALUES ('9d6d6dbb-7722-434c-8031-7f4750e0b919', 31, 365, 8566.8, TRUE) ON CONFLICT DO NOTHING;
INSERT INTO tiers (plan_id, min_days, max_days, price_inr, is_active) VALUES ('9d6d6dbb-7722-434c-8031-7f4750e0b919', 366, 730, 9687.8, TRUE) ON CONFLICT DO NOTHING;
INSERT INTO tiers (plan_id, min_days, max_days, price_inr, is_active) VALUES ('9d6d6dbb-7722-434c-8031-7f4750e0b919', 731, 1095, 10797.0, TRUE) ON CONFLICT DO NOTHING;
INSERT INTO plans (id, variant_id, plan_name, duration_months, max_kms) VALUES ('4fe57e61-f3a5-472f-b2e4-55df473530bf', '708afe52-bcb1-4ba5-bf01-3776c3b3d6a8', '24 Months / 40,000 Kms', 24, 40000) ON CONFLICT DO NOTHING;
INSERT INTO tiers (plan_id, min_days, max_days, price_inr, is_active) VALUES ('4fe57e61-f3a5-472f-b2e4-55df473530bf', 0, 30, 8743.8, TRUE) ON CONFLICT DO NOTHING;
INSERT INTO tiers (plan_id, min_days, max_days, price_inr, is_active) VALUES ('4fe57e61-f3a5-472f-b2e4-55df473530bf', 31, 365, 10065.4, TRUE) ON CONFLICT DO NOTHING;
INSERT INTO tiers (plan_id, min_days, max_days, price_inr, is_active) VALUES ('4fe57e61-f3a5-472f-b2e4-55df473530bf', 366, 730, 11375.2, TRUE) ON CONFLICT DO NOTHING;
INSERT INTO tiers (plan_id, min_days, max_days, price_inr, is_active) VALUES ('4fe57e61-f3a5-472f-b2e4-55df473530bf', 731, 1095, 12685.0, TRUE) ON CONFLICT DO NOTHING;
INSERT INTO plans (id, variant_id, plan_name, duration_months, max_kms) VALUES ('7ab8f1de-29db-423d-a07e-ee81fbdb4e0f', '708afe52-bcb1-4ba5-bf01-3776c3b3d6a8', '36 Months / 60,000 Kms', 36, 60000) ON CONFLICT DO NOTHING;
INSERT INTO tiers (plan_id, min_days, max_days, price_inr, is_active) VALUES ('7ab8f1de-29db-423d-a07e-ee81fbdb4e0f', 0, 30, 9333.8, TRUE) ON CONFLICT DO NOTHING;
INSERT INTO tiers (plan_id, min_days, max_days, price_inr, is_active) VALUES ('7ab8f1de-29db-423d-a07e-ee81fbdb4e0f', 31, 365, 10738.0, TRUE) ON CONFLICT DO NOTHING;
INSERT INTO tiers (plan_id, min_days, max_days, price_inr, is_active) VALUES ('7ab8f1de-29db-423d-a07e-ee81fbdb4e0f', 366, 730, 12142.2, TRUE) ON CONFLICT DO NOTHING;
INSERT INTO tiers (plan_id, min_days, max_days, price_inr, is_active) VALUES ('7ab8f1de-29db-423d-a07e-ee81fbdb4e0f', 731, 1095, 13534.6, TRUE) ON CONFLICT DO NOTHING;
INSERT INTO variants (id, model_id, name, fuel, transmission, oem_warranty_months, oem_warranty_kms) VALUES ('a7348bc5-6954-4c93-a3c8-aa3ff0ad66a1', '6c7342e4-4b34-47a3-a7a3-30c7b37189ad', 'MARUTI TOUR V 5 STR AC CNG 1.2L 5MT', 'CNG', 'Manual', 36, 100000) ON CONFLICT DO NOTHING;
INSERT INTO plans (id, variant_id, plan_name, duration_months, max_kms) VALUES ('3ce886b4-4bec-4eb6-b309-b221b3c64dd7', 'a7348bc5-6954-4c93-a3c8-aa3ff0ad66a1', '12 Months / 20,000 Kms', 12, 20000) ON CONFLICT DO NOTHING;
INSERT INTO tiers (plan_id, min_days, max_days, price_inr, is_active) VALUES ('3ce886b4-4bec-4eb6-b309-b221b3c64dd7', 0, 30, 8932.6, TRUE) ON CONFLICT DO NOTHING;
INSERT INTO tiers (plan_id, min_days, max_days, price_inr, is_active) VALUES ('3ce886b4-4bec-4eb6-b309-b221b3c64dd7', 31, 365, 10277.8, TRUE) ON CONFLICT DO NOTHING;
INSERT INTO tiers (plan_id, min_days, max_days, price_inr, is_active) VALUES ('3ce886b4-4bec-4eb6-b309-b221b3c64dd7', 366, 730, 11623.0, TRUE) ON CONFLICT DO NOTHING;
INSERT INTO tiers (plan_id, min_days, max_days, price_inr, is_active) VALUES ('3ce886b4-4bec-4eb6-b309-b221b3c64dd7', 731, 1095, 12956.4, TRUE) ON CONFLICT DO NOTHING;
INSERT INTO plans (id, variant_id, plan_name, duration_months, max_kms) VALUES ('c3808cba-35a9-477b-b4b1-042194ef9775', 'a7348bc5-6954-4c93-a3c8-aa3ff0ad66a1', '24 Months / 40,000 Kms', 24, 40000) ON CONFLICT DO NOTHING;
INSERT INTO tiers (plan_id, min_days, max_days, price_inr, is_active) VALUES ('c3808cba-35a9-477b-b4b1-042194ef9775', 0, 30, 10230.6, TRUE) ON CONFLICT DO NOTHING;
INSERT INTO tiers (plan_id, min_days, max_days, price_inr, is_active) VALUES ('c3808cba-35a9-477b-b4b1-042194ef9775', 31, 365, 11776.4, TRUE) ON CONFLICT DO NOTHING;
INSERT INTO tiers (plan_id, min_days, max_days, price_inr, is_active) VALUES ('c3808cba-35a9-477b-b4b1-042194ef9775', 366, 730, 13310.4, TRUE) ON CONFLICT DO NOTHING;
INSERT INTO tiers (plan_id, min_days, max_days, price_inr, is_active) VALUES ('c3808cba-35a9-477b-b4b1-042194ef9775', 731, 1095, 14844.4, TRUE) ON CONFLICT DO NOTHING;
INSERT INTO plans (id, variant_id, plan_name, duration_months, max_kms) VALUES ('6000df34-fc77-4f2f-a057-16bc3a171ef1', 'a7348bc5-6954-4c93-a3c8-aa3ff0ad66a1', '36 Months / 60,000 Kms', 36, 60000) ON CONFLICT DO NOTHING;
INSERT INTO tiers (plan_id, min_days, max_days, price_inr, is_active) VALUES ('6000df34-fc77-4f2f-a057-16bc3a171ef1', 0, 30, 10820.6, TRUE) ON CONFLICT DO NOTHING;
INSERT INTO tiers (plan_id, min_days, max_days, price_inr, is_active) VALUES ('6000df34-fc77-4f2f-a057-16bc3a171ef1', 31, 365, 12449.0, TRUE) ON CONFLICT DO NOTHING;
INSERT INTO tiers (plan_id, min_days, max_days, price_inr, is_active) VALUES ('6000df34-fc77-4f2f-a057-16bc3a171ef1', 366, 730, 14077.4, TRUE) ON CONFLICT DO NOTHING;
INSERT INTO tiers (plan_id, min_days, max_days, price_inr, is_active) VALUES ('6000df34-fc77-4f2f-a057-16bc3a171ef1', 731, 1095, 15694.0, TRUE) ON CONFLICT DO NOTHING;
INSERT INTO variants (id, model_id, name, fuel, transmission, oem_warranty_months, oem_warranty_kms) VALUES ('6eb56cab-39a4-458d-8283-2a250622dc63', '6c7342e4-4b34-47a3-a7a3-30c7b37189ad', 'MARUTI TOUR V 5 STR STD (O) 1.2L 5MT', 'Petrol', 'Manual', 36, 100000) ON CONFLICT DO NOTHING;
INSERT INTO plans (id, variant_id, plan_name, duration_months, max_kms) VALUES ('318975ce-b66a-4655-9803-d5ad75d654cf', '6eb56cab-39a4-458d-8283-2a250622dc63', '12 Months / 20,000 Kms', 12, 20000) ON CONFLICT DO NOTHING;
INSERT INTO tiers (plan_id, min_days, max_days, price_inr, is_active) VALUES ('318975ce-b66a-4655-9803-d5ad75d654cf', 0, 30, 5723.0, TRUE) ON CONFLICT DO NOTHING;
INSERT INTO tiers (plan_id, min_days, max_days, price_inr, is_active) VALUES ('318975ce-b66a-4655-9803-d5ad75d654cf', 31, 365, 6584.4, TRUE) ON CONFLICT DO NOTHING;
INSERT INTO tiers (plan_id, min_days, max_days, price_inr, is_active) VALUES ('318975ce-b66a-4655-9803-d5ad75d654cf', 366, 730, 7445.8, TRUE) ON CONFLICT DO NOTHING;
INSERT INTO tiers (plan_id, min_days, max_days, price_inr, is_active) VALUES ('318975ce-b66a-4655-9803-d5ad75d654cf', 731, 1095, 8307.2, TRUE) ON CONFLICT DO NOTHING;
INSERT INTO plans (id, variant_id, plan_name, duration_months, max_kms) VALUES ('a02858d1-0895-47d1-bf31-156d9cf944d6', '6eb56cab-39a4-458d-8283-2a250622dc63', '24 Months / 40,000 Kms', 24, 40000) ON CONFLICT DO NOTHING;
INSERT INTO tiers (plan_id, min_days, max_days, price_inr, is_active) VALUES ('a02858d1-0895-47d1-bf31-156d9cf944d6', 0, 30, 7021.0, TRUE) ON CONFLICT DO NOTHING;
INSERT INTO tiers (plan_id, min_days, max_days, price_inr, is_active) VALUES ('a02858d1-0895-47d1-bf31-156d9cf944d6', 31, 365, 8083.0, TRUE) ON CONFLICT DO NOTHING;
INSERT INTO tiers (plan_id, min_days, max_days, price_inr, is_active) VALUES ('a02858d1-0895-47d1-bf31-156d9cf944d6', 366, 730, 9133.2, TRUE) ON CONFLICT DO NOTHING;
INSERT INTO tiers (plan_id, min_days, max_days, price_inr, is_active) VALUES ('a02858d1-0895-47d1-bf31-156d9cf944d6', 731, 1095, 10183.4, TRUE) ON CONFLICT DO NOTHING;
INSERT INTO plans (id, variant_id, plan_name, duration_months, max_kms) VALUES ('224812a8-d0e6-47b2-9f98-3782b9eabf9c', '6eb56cab-39a4-458d-8283-2a250622dc63', '36 Months / 60,000 Kms', 36, 60000) ON CONFLICT DO NOTHING;
INSERT INTO tiers (plan_id, min_days, max_days, price_inr, is_active) VALUES ('224812a8-d0e6-47b2-9f98-3782b9eabf9c', 0, 30, 7611.0, TRUE) ON CONFLICT DO NOTHING;
INSERT INTO tiers (plan_id, min_days, max_days, price_inr, is_active) VALUES ('224812a8-d0e6-47b2-9f98-3782b9eabf9c', 31, 365, 8755.6, TRUE) ON CONFLICT DO NOTHING;
INSERT INTO tiers (plan_id, min_days, max_days, price_inr, is_active) VALUES ('224812a8-d0e6-47b2-9f98-3782b9eabf9c', 366, 730, 9900.2, TRUE) ON CONFLICT DO NOTHING;
INSERT INTO tiers (plan_id, min_days, max_days, price_inr, is_active) VALUES ('224812a8-d0e6-47b2-9f98-3782b9eabf9c', 731, 1095, 11044.8, TRUE) ON CONFLICT DO NOTHING;
INSERT INTO variants (id, model_id, name, fuel, transmission, oem_warranty_months, oem_warranty_kms) VALUES ('a052eaab-c1c4-441e-b083-86743b38e4ed', '6c7342e4-4b34-47a3-a7a3-30c7b37189ad', 'MARUTI TOUR V 5 STR STD 1.2L 5MT', 'Petrol', 'Manual', 36, 100000) ON CONFLICT DO NOTHING;
INSERT INTO plans (id, variant_id, plan_name, duration_months, max_kms) VALUES ('1e0e506c-e717-4c25-b47d-0cc9df872e4a', 'a052eaab-c1c4-441e-b083-86743b38e4ed', '12 Months / 20,000 Kms', 12, 20000) ON CONFLICT DO NOTHING;
INSERT INTO tiers (plan_id, min_days, max_days, price_inr, is_active) VALUES ('1e0e506c-e717-4c25-b47d-0cc9df872e4a', 0, 30, 6855.8, TRUE) ON CONFLICT DO NOTHING;
INSERT INTO tiers (plan_id, min_days, max_days, price_inr, is_active) VALUES ('1e0e506c-e717-4c25-b47d-0cc9df872e4a', 31, 365, 7894.2, TRUE) ON CONFLICT DO NOTHING;
INSERT INTO tiers (plan_id, min_days, max_days, price_inr, is_active) VALUES ('1e0e506c-e717-4c25-b47d-0cc9df872e4a', 366, 730, 8920.8, TRUE) ON CONFLICT DO NOTHING;
INSERT INTO tiers (plan_id, min_days, max_days, price_inr, is_active) VALUES ('1e0e506c-e717-4c25-b47d-0cc9df872e4a', 731, 1095, 9947.4, TRUE) ON CONFLICT DO NOTHING;
INSERT INTO plans (id, variant_id, plan_name, duration_months, max_kms) VALUES ('7b9f4d7f-ac80-4af6-9001-2f1768914aa8', 'a052eaab-c1c4-441e-b083-86743b38e4ed', '24 Months / 40,000 Kms', 24, 40000) ON CONFLICT DO NOTHING;
INSERT INTO tiers (plan_id, min_days, max_days, price_inr, is_active) VALUES ('7b9f4d7f-ac80-4af6-9001-2f1768914aa8', 0, 30, 8153.8, TRUE) ON CONFLICT DO NOTHING;
INSERT INTO tiers (plan_id, min_days, max_days, price_inr, is_active) VALUES ('7b9f4d7f-ac80-4af6-9001-2f1768914aa8', 31, 365, 9381.0, TRUE) ON CONFLICT DO NOTHING;
INSERT INTO tiers (plan_id, min_days, max_days, price_inr, is_active) VALUES ('7b9f4d7f-ac80-4af6-9001-2f1768914aa8', 366, 730, 10608.2, TRUE) ON CONFLICT DO NOTHING;
INSERT INTO tiers (plan_id, min_days, max_days, price_inr, is_active) VALUES ('7b9f4d7f-ac80-4af6-9001-2f1768914aa8', 731, 1095, 11823.6, TRUE) ON CONFLICT DO NOTHING;
INSERT INTO plans (id, variant_id, plan_name, duration_months, max_kms) VALUES ('5ff2e9e7-dbe2-42c0-b648-3bc85bde4bcf', 'a052eaab-c1c4-441e-b083-86743b38e4ed', '36 Months / 60,000 Kms', 36, 60000) ON CONFLICT DO NOTHING;
INSERT INTO tiers (plan_id, min_days, max_days, price_inr, is_active) VALUES ('5ff2e9e7-dbe2-42c0-b648-3bc85bde4bcf', 0, 30, 8743.8, TRUE) ON CONFLICT DO NOTHING;
INSERT INTO tiers (plan_id, min_days, max_days, price_inr, is_active) VALUES ('5ff2e9e7-dbe2-42c0-b648-3bc85bde4bcf', 31, 365, 10065.4, TRUE) ON CONFLICT DO NOTHING;
INSERT INTO tiers (plan_id, min_days, max_days, price_inr, is_active) VALUES ('5ff2e9e7-dbe2-42c0-b648-3bc85bde4bcf', 366, 730, 11375.2, TRUE) ON CONFLICT DO NOTHING;
INSERT INTO tiers (plan_id, min_days, max_days, price_inr, is_active) VALUES ('5ff2e9e7-dbe2-42c0-b648-3bc85bde4bcf', 731, 1095, 12685.0, TRUE) ON CONFLICT DO NOTHING;
INSERT INTO variants (id, model_id, name, fuel, transmission, oem_warranty_months, oem_warranty_kms) VALUES ('3d3bc9f0-c24b-4bf4-86eb-3a17f8d125f7', '6c7342e4-4b34-47a3-a7a3-30c7b37189ad', 'MARUTI TOUR V 7 STR STD (O) 1.2L 5MT', 'Petrol', 'Manual', 36, 100000) ON CONFLICT DO NOTHING;
INSERT INTO plans (id, variant_id, plan_name, duration_months, max_kms) VALUES ('1f549f52-b1db-4c03-8906-73d653076aec', '3d3bc9f0-c24b-4bf4-86eb-3a17f8d125f7', '12 Months / 20,000 Kms', 12, 20000) ON CONFLICT DO NOTHING;
INSERT INTO tiers (plan_id, min_days, max_days, price_inr, is_active) VALUES ('1f549f52-b1db-4c03-8906-73d653076aec', 0, 30, 6195.0, TRUE) ON CONFLICT DO NOTHING;
INSERT INTO tiers (plan_id, min_days, max_days, price_inr, is_active) VALUES ('1f549f52-b1db-4c03-8906-73d653076aec', 31, 365, 7127.2, TRUE) ON CONFLICT DO NOTHING;
INSERT INTO tiers (plan_id, min_days, max_days, price_inr, is_active) VALUES ('1f549f52-b1db-4c03-8906-73d653076aec', 366, 730, 8059.4, TRUE) ON CONFLICT DO NOTHING;
INSERT INTO tiers (plan_id, min_days, max_days, price_inr, is_active) VALUES ('1f549f52-b1db-4c03-8906-73d653076aec', 731, 1095, 8991.6, TRUE) ON CONFLICT DO NOTHING;
INSERT INTO plans (id, variant_id, plan_name, duration_months, max_kms) VALUES ('98500794-aea0-4148-83b9-e3701db08c5c', '3d3bc9f0-c24b-4bf4-86eb-3a17f8d125f7', '24 Months / 40,000 Kms', 24, 40000) ON CONFLICT DO NOTHING;
INSERT INTO tiers (plan_id, min_days, max_days, price_inr, is_active) VALUES ('98500794-aea0-4148-83b9-e3701db08c5c', 0, 30, 7493.0, TRUE) ON CONFLICT DO NOTHING;
INSERT INTO tiers (plan_id, min_days, max_days, price_inr, is_active) VALUES ('98500794-aea0-4148-83b9-e3701db08c5c', 31, 365, 8625.8, TRUE) ON CONFLICT DO NOTHING;
INSERT INTO tiers (plan_id, min_days, max_days, price_inr, is_active) VALUES ('98500794-aea0-4148-83b9-e3701db08c5c', 366, 730, 9746.8, TRUE) ON CONFLICT DO NOTHING;
INSERT INTO tiers (plan_id, min_days, max_days, price_inr, is_active) VALUES ('98500794-aea0-4148-83b9-e3701db08c5c', 731, 1095, 10867.8, TRUE) ON CONFLICT DO NOTHING;
INSERT INTO plans (id, variant_id, plan_name, duration_months, max_kms) VALUES ('f8beedee-2c97-4e85-9286-406bb9af7bb3', '3d3bc9f0-c24b-4bf4-86eb-3a17f8d125f7', '36 Months / 60,000 Kms', 36, 60000) ON CONFLICT DO NOTHING;
INSERT INTO tiers (plan_id, min_days, max_days, price_inr, is_active) VALUES ('f8beedee-2c97-4e85-9286-406bb9af7bb3', 0, 30, 8083.0, TRUE) ON CONFLICT DO NOTHING;
INSERT INTO tiers (plan_id, min_days, max_days, price_inr, is_active) VALUES ('f8beedee-2c97-4e85-9286-406bb9af7bb3', 31, 365, 9298.4, TRUE) ON CONFLICT DO NOTHING;
INSERT INTO tiers (plan_id, min_days, max_days, price_inr, is_active) VALUES ('f8beedee-2c97-4e85-9286-406bb9af7bb3', 366, 730, 10513.8, TRUE) ON CONFLICT DO NOTHING;
INSERT INTO tiers (plan_id, min_days, max_days, price_inr, is_active) VALUES ('f8beedee-2c97-4e85-9286-406bb9af7bb3', 731, 1095, 11729.2, TRUE) ON CONFLICT DO NOTHING;
INSERT INTO variants (id, model_id, name, fuel, transmission, oem_warranty_months, oem_warranty_kms) VALUES ('b1111ae1-b9e2-4b67-a92a-2d45cc4b9d07', '6c7342e4-4b34-47a3-a7a3-30c7b37189ad', 'MARUTI TOUR V 7 STR STD 1.2L 5MT', 'Petrol', 'Manual', 36, 100000) ON CONFLICT DO NOTHING;
INSERT INTO plans (id, variant_id, plan_name, duration_months, max_kms) VALUES ('fe45b622-4237-4741-9eb3-6727192f746d', 'b1111ae1-b9e2-4b67-a92a-2d45cc4b9d07', '12 Months / 20,000 Kms', 12, 20000) ON CONFLICT DO NOTHING;
INSERT INTO tiers (plan_id, min_days, max_days, price_inr, is_active) VALUES ('fe45b622-4237-4741-9eb3-6727192f746d', 0, 30, 7339.6, TRUE) ON CONFLICT DO NOTHING;
INSERT INTO tiers (plan_id, min_days, max_days, price_inr, is_active) VALUES ('fe45b622-4237-4741-9eb3-6727192f746d', 31, 365, 8448.8, TRUE) ON CONFLICT DO NOTHING;
INSERT INTO tiers (plan_id, min_days, max_days, price_inr, is_active) VALUES ('fe45b622-4237-4741-9eb3-6727192f746d', 366, 730, 9546.2, TRUE) ON CONFLICT DO NOTHING;
INSERT INTO tiers (plan_id, min_days, max_days, price_inr, is_active) VALUES ('fe45b622-4237-4741-9eb3-6727192f746d', 731, 1095, 10643.6, TRUE) ON CONFLICT DO NOTHING;
INSERT INTO plans (id, variant_id, plan_name, duration_months, max_kms) VALUES ('adb9a62c-2284-43cc-a50e-88b26a9a3e24', 'b1111ae1-b9e2-4b67-a92a-2d45cc4b9d07', '24 Months / 40,000 Kms', 24, 40000) ON CONFLICT DO NOTHING;
INSERT INTO tiers (plan_id, min_days, max_days, price_inr, is_active) VALUES ('adb9a62c-2284-43cc-a50e-88b26a9a3e24', 0, 30, 8637.6, TRUE) ON CONFLICT DO NOTHING;
INSERT INTO tiers (plan_id, min_days, max_days, price_inr, is_active) VALUES ('adb9a62c-2284-43cc-a50e-88b26a9a3e24', 31, 365, 9935.6, TRUE) ON CONFLICT DO NOTHING;
INSERT INTO tiers (plan_id, min_days, max_days, price_inr, is_active) VALUES ('adb9a62c-2284-43cc-a50e-88b26a9a3e24', 366, 730, 11233.6, TRUE) ON CONFLICT DO NOTHING;
INSERT INTO tiers (plan_id, min_days, max_days, price_inr, is_active) VALUES ('adb9a62c-2284-43cc-a50e-88b26a9a3e24', 731, 1095, 12531.6, TRUE) ON CONFLICT DO NOTHING;
INSERT INTO plans (id, variant_id, plan_name, duration_months, max_kms) VALUES ('a46d45b7-3774-4b27-b71a-f8839f29923a', 'b1111ae1-b9e2-4b67-a92a-2d45cc4b9d07', '36 Months / 60,000 Kms', 36, 60000) ON CONFLICT DO NOTHING;
INSERT INTO tiers (plan_id, min_days, max_days, price_inr, is_active) VALUES ('a46d45b7-3774-4b27-b71a-f8839f29923a', 0, 30, 9227.6, TRUE) ON CONFLICT DO NOTHING;
INSERT INTO tiers (plan_id, min_days, max_days, price_inr, is_active) VALUES ('a46d45b7-3774-4b27-b71a-f8839f29923a', 31, 365, 10620.0, TRUE) ON CONFLICT DO NOTHING;
INSERT INTO tiers (plan_id, min_days, max_days, price_inr, is_active) VALUES ('a46d45b7-3774-4b27-b71a-f8839f29923a', 366, 730, 12000.6, TRUE) ON CONFLICT DO NOTHING;
INSERT INTO tiers (plan_id, min_days, max_days, price_inr, is_active) VALUES ('a46d45b7-3774-4b27-b71a-f8839f29923a', 731, 1095, 13381.2, TRUE) ON CONFLICT DO NOTHING;
INSERT INTO models (id, brand_id, name) VALUES ('7bfe6b0b-4f61-4a4f-8048-cd03a54b1f12', 'b1e782a2-c0d1-4b20-ae57-becb98f3ab90', 'Epic New Swift') ON CONFLICT DO NOTHING;
INSERT INTO variants (id, model_id, name, fuel, transmission, oem_warranty_months, oem_warranty_kms) VALUES ('e3a34913-32da-40ee-8b33-41aab0e0b854', '7bfe6b0b-4f61-4a4f-8048-cd03a54b1f12', 'MARUTI SWIFT LXI 1.2L ISS 5MT', 'Hybrid', 'Manual', 36, 100000) ON CONFLICT DO NOTHING;
INSERT INTO plans (id, variant_id, plan_name, duration_months, max_kms) VALUES ('b052779a-533e-49c7-a109-3dce1f04cc3e', 'e3a34913-32da-40ee-8b33-41aab0e0b854', '12 Months / 20,000 Kms', 12, 20000) ON CONFLICT DO NOTHING;
INSERT INTO tiers (plan_id, min_days, max_days, price_inr, is_active) VALUES ('b052779a-533e-49c7-a109-3dce1f04cc3e', 0, 30, 8684.8, TRUE) ON CONFLICT DO NOTHING;
INSERT INTO tiers (plan_id, min_days, max_days, price_inr, is_active) VALUES ('b052779a-533e-49c7-a109-3dce1f04cc3e', 31, 365, 9994.6, TRUE) ON CONFLICT DO NOTHING;
INSERT INTO tiers (plan_id, min_days, max_days, price_inr, is_active) VALUES ('b052779a-533e-49c7-a109-3dce1f04cc3e', 366, 730, 11292.6, TRUE) ON CONFLICT DO NOTHING;
INSERT INTO tiers (plan_id, min_days, max_days, price_inr, is_active) VALUES ('b052779a-533e-49c7-a109-3dce1f04cc3e', 731, 1095, 12602.4, TRUE) ON CONFLICT DO NOTHING;
INSERT INTO plans (id, variant_id, plan_name, duration_months, max_kms) VALUES ('5d2e4ae8-0144-419c-8afe-45b78cc6d4c7', 'e3a34913-32da-40ee-8b33-41aab0e0b854', '24 Months / 40,000 Kms', 24, 40000) ON CONFLICT DO NOTHING;
INSERT INTO tiers (plan_id, min_days, max_days, price_inr, is_active) VALUES ('5d2e4ae8-0144-419c-8afe-45b78cc6d4c7', 0, 30, 10572.8, TRUE) ON CONFLICT DO NOTHING;
INSERT INTO tiers (plan_id, min_days, max_days, price_inr, is_active) VALUES ('5d2e4ae8-0144-419c-8afe-45b78cc6d4c7', 31, 365, 12165.8, TRUE) ON CONFLICT DO NOTHING;
INSERT INTO tiers (plan_id, min_days, max_days, price_inr, is_active) VALUES ('5d2e4ae8-0144-419c-8afe-45b78cc6d4c7', 366, 730, 13747.0, TRUE) ON CONFLICT DO NOTHING;
INSERT INTO tiers (plan_id, min_days, max_days, price_inr, is_active) VALUES ('5d2e4ae8-0144-419c-8afe-45b78cc6d4c7', 731, 1095, 15340.0, TRUE) ON CONFLICT DO NOTHING;
INSERT INTO plans (id, variant_id, plan_name, duration_months, max_kms) VALUES ('d0b661ce-9a13-417e-a97d-bd334861e730', 'e3a34913-32da-40ee-8b33-41aab0e0b854', '36 Months / 60,000 Kms', 36, 60000) ON CONFLICT DO NOTHING;
INSERT INTO tiers (plan_id, min_days, max_days, price_inr, is_active) VALUES ('d0b661ce-9a13-417e-a97d-bd334861e730', 0, 30, 11870.8, TRUE) ON CONFLICT DO NOTHING;
INSERT INTO tiers (plan_id, min_days, max_days, price_inr, is_active) VALUES ('d0b661ce-9a13-417e-a97d-bd334861e730', 31, 365, 13652.6, TRUE) ON CONFLICT DO NOTHING;
INSERT INTO tiers (plan_id, min_days, max_days, price_inr, is_active) VALUES ('d0b661ce-9a13-417e-a97d-bd334861e730', 366, 730, 15434.4, TRUE) ON CONFLICT DO NOTHING;
INSERT INTO tiers (plan_id, min_days, max_days, price_inr, is_active) VALUES ('d0b661ce-9a13-417e-a97d-bd334861e730', 731, 1095, 17216.2, TRUE) ON CONFLICT DO NOTHING;
INSERT INTO variants (id, model_id, name, fuel, transmission, oem_warranty_months, oem_warranty_kms) VALUES ('ade75f45-68ee-4a9d-b1a5-99be9a579740', '7bfe6b0b-4f61-4a4f-8048-cd03a54b1f12', 'MARUTI SWIFT VXI (O) 1.2L ISS 5MT', 'Hybrid', 'Manual', 36, 100000) ON CONFLICT DO NOTHING;
INSERT INTO plans (id, variant_id, plan_name, duration_months, max_kms) VALUES ('dfc0692a-fb2d-4768-bda3-d61f7de4c77a', 'ade75f45-68ee-4a9d-b1a5-99be9a579740', '12 Months / 20,000 Kms', 12, 20000) ON CONFLICT DO NOTHING;
INSERT INTO tiers (plan_id, min_days, max_days, price_inr, is_active) VALUES ('dfc0692a-fb2d-4768-bda3-d61f7de4c77a', 0, 30, 10655.4, TRUE) ON CONFLICT DO NOTHING;
INSERT INTO tiers (plan_id, min_days, max_days, price_inr, is_active) VALUES ('dfc0692a-fb2d-4768-bda3-d61f7de4c77a', 31, 365, 12260.2, TRUE) ON CONFLICT DO NOTHING;
INSERT INTO tiers (plan_id, min_days, max_days, price_inr, is_active) VALUES ('dfc0692a-fb2d-4768-bda3-d61f7de4c77a', 366, 730, 13853.2, TRUE) ON CONFLICT DO NOTHING;
INSERT INTO tiers (plan_id, min_days, max_days, price_inr, is_active) VALUES ('dfc0692a-fb2d-4768-bda3-d61f7de4c77a', 731, 1095, 15458.0, TRUE) ON CONFLICT DO NOTHING;
INSERT INTO plans (id, variant_id, plan_name, duration_months, max_kms) VALUES ('882151a6-afdd-48a8-b777-82784466d9c4', 'ade75f45-68ee-4a9d-b1a5-99be9a579740', '24 Months / 40,000 Kms', 24, 40000) ON CONFLICT DO NOTHING;
INSERT INTO tiers (plan_id, min_days, max_days, price_inr, is_active) VALUES ('882151a6-afdd-48a8-b777-82784466d9c4', 0, 30, 12543.4, TRUE) ON CONFLICT DO NOTHING;
INSERT INTO tiers (plan_id, min_days, max_days, price_inr, is_active) VALUES ('882151a6-afdd-48a8-b777-82784466d9c4', 31, 365, 14431.4, TRUE) ON CONFLICT DO NOTHING;
INSERT INTO tiers (plan_id, min_days, max_days, price_inr, is_active) VALUES ('882151a6-afdd-48a8-b777-82784466d9c4', 366, 730, 16307.6, TRUE) ON CONFLICT DO NOTHING;
INSERT INTO tiers (plan_id, min_days, max_days, price_inr, is_active) VALUES ('882151a6-afdd-48a8-b777-82784466d9c4', 731, 1095, 18195.6, TRUE) ON CONFLICT DO NOTHING;
INSERT INTO plans (id, variant_id, plan_name, duration_months, max_kms) VALUES ('a1435a2d-1134-421f-8429-c9beaa773fa3', 'ade75f45-68ee-4a9d-b1a5-99be9a579740', '36 Months / 60,000 Kms', 36, 60000) ON CONFLICT DO NOTHING;
INSERT INTO tiers (plan_id, min_days, max_days, price_inr, is_active) VALUES ('a1435a2d-1134-421f-8429-c9beaa773fa3', 0, 30, 13841.4, TRUE) ON CONFLICT DO NOTHING;
INSERT INTO tiers (plan_id, min_days, max_days, price_inr, is_active) VALUES ('a1435a2d-1134-421f-8429-c9beaa773fa3', 31, 365, 15918.2, TRUE) ON CONFLICT DO NOTHING;
INSERT INTO tiers (plan_id, min_days, max_days, price_inr, is_active) VALUES ('a1435a2d-1134-421f-8429-c9beaa773fa3', 366, 730, 17995.0, TRUE) ON CONFLICT DO NOTHING;
INSERT INTO tiers (plan_id, min_days, max_days, price_inr, is_active) VALUES ('a1435a2d-1134-421f-8429-c9beaa773fa3', 731, 1095, 20071.8, TRUE) ON CONFLICT DO NOTHING;
INSERT INTO variants (id, model_id, name, fuel, transmission, oem_warranty_months, oem_warranty_kms) VALUES ('0805ebeb-c16d-4213-a8b4-2abe151ea19f', '7bfe6b0b-4f61-4a4f-8048-cd03a54b1f12', 'MARUTI SWIFT VXI (O) 1.2L ISS AGS', 'Hybrid', 'Automatic', 36, 100000) ON CONFLICT DO NOTHING;
INSERT INTO plans (id, variant_id, plan_name, duration_months, max_kms) VALUES ('29488bf1-c440-4baa-a2f4-1ee82c638ab3', '0805ebeb-c16d-4213-a8b4-2abe151ea19f', '12 Months / 20,000 Kms', 12, 20000) ON CONFLICT DO NOTHING;
INSERT INTO tiers (plan_id, min_days, max_days, price_inr, is_active) VALUES ('29488bf1-c440-4baa-a2f4-1ee82c638ab3', 0, 30, 11481.4, TRUE) ON CONFLICT DO NOTHING;
INSERT INTO tiers (plan_id, min_days, max_days, price_inr, is_active) VALUES ('29488bf1-c440-4baa-a2f4-1ee82c638ab3', 31, 365, 13204.2, TRUE) ON CONFLICT DO NOTHING;
INSERT INTO tiers (plan_id, min_days, max_days, price_inr, is_active) VALUES ('29488bf1-c440-4baa-a2f4-1ee82c638ab3', 366, 730, 14927.0, TRUE) ON CONFLICT DO NOTHING;
INSERT INTO tiers (plan_id, min_days, max_days, price_inr, is_active) VALUES ('29488bf1-c440-4baa-a2f4-1ee82c638ab3', 731, 1095, 16649.8, TRUE) ON CONFLICT DO NOTHING;
INSERT INTO plans (id, variant_id, plan_name, duration_months, max_kms) VALUES ('e318eff5-eb9a-491d-9cd6-1b7195fbf890', '0805ebeb-c16d-4213-a8b4-2abe151ea19f', '24 Months / 40,000 Kms', 24, 40000) ON CONFLICT DO NOTHING;
INSERT INTO tiers (plan_id, min_days, max_days, price_inr, is_active) VALUES ('e318eff5-eb9a-491d-9cd6-1b7195fbf890', 0, 30, 13369.4, TRUE) ON CONFLICT DO NOTHING;
INSERT INTO tiers (plan_id, min_days, max_days, price_inr, is_active) VALUES ('e318eff5-eb9a-491d-9cd6-1b7195fbf890', 31, 365, 15375.4, TRUE) ON CONFLICT DO NOTHING;
INSERT INTO tiers (plan_id, min_days, max_days, price_inr, is_active) VALUES ('e318eff5-eb9a-491d-9cd6-1b7195fbf890', 366, 730, 17381.4, TRUE) ON CONFLICT DO NOTHING;
INSERT INTO tiers (plan_id, min_days, max_days, price_inr, is_active) VALUES ('e318eff5-eb9a-491d-9cd6-1b7195fbf890', 731, 1095, 19387.4, TRUE) ON CONFLICT DO NOTHING;
INSERT INTO plans (id, variant_id, plan_name, duration_months, max_kms) VALUES ('d2934af5-1431-4a53-a97c-8ef9a1dc24f1', '0805ebeb-c16d-4213-a8b4-2abe151ea19f', '36 Months / 60,000 Kms', 36, 60000) ON CONFLICT DO NOTHING;
INSERT INTO tiers (plan_id, min_days, max_days, price_inr, is_active) VALUES ('d2934af5-1431-4a53-a97c-8ef9a1dc24f1', 0, 30, 14667.4, TRUE) ON CONFLICT DO NOTHING;
INSERT INTO tiers (plan_id, min_days, max_days, price_inr, is_active) VALUES ('d2934af5-1431-4a53-a97c-8ef9a1dc24f1', 31, 365, 16874.0, TRUE) ON CONFLICT DO NOTHING;
INSERT INTO tiers (plan_id, min_days, max_days, price_inr, is_active) VALUES ('d2934af5-1431-4a53-a97c-8ef9a1dc24f1', 366, 730, 19068.8, TRUE) ON CONFLICT DO NOTHING;
INSERT INTO tiers (plan_id, min_days, max_days, price_inr, is_active) VALUES ('d2934af5-1431-4a53-a97c-8ef9a1dc24f1', 731, 1095, 21275.4, TRUE) ON CONFLICT DO NOTHING;
INSERT INTO variants (id, model_id, name, fuel, transmission, oem_warranty_months, oem_warranty_kms) VALUES ('8dd12eb8-cafb-48e3-bf26-c81692a4ddec', '7bfe6b0b-4f61-4a4f-8048-cd03a54b1f12', 'MARUTI SWIFT VXI 1.2L ISS 5MT', 'Hybrid', 'Manual', 36, 100000) ON CONFLICT DO NOTHING;
INSERT INTO plans (id, variant_id, plan_name, duration_months, max_kms) VALUES ('93bca88a-1600-45a8-b0af-a4fda8abf93d', '8dd12eb8-cafb-48e3-bf26-c81692a4ddec', '12 Months / 20,000 Kms', 12, 20000) ON CONFLICT DO NOTHING;
INSERT INTO tiers (plan_id, min_days, max_days, price_inr, is_active) VALUES ('93bca88a-1600-45a8-b0af-a4fda8abf93d', 0, 30, 10159.8, TRUE) ON CONFLICT DO NOTHING;
INSERT INTO tiers (plan_id, min_days, max_days, price_inr, is_active) VALUES ('93bca88a-1600-45a8-b0af-a4fda8abf93d', 31, 365, 11693.8, TRUE) ON CONFLICT DO NOTHING;
INSERT INTO tiers (plan_id, min_days, max_days, price_inr, is_active) VALUES ('93bca88a-1600-45a8-b0af-a4fda8abf93d', 366, 730, 13216.0, TRUE) ON CONFLICT DO NOTHING;
INSERT INTO tiers (plan_id, min_days, max_days, price_inr, is_active) VALUES ('93bca88a-1600-45a8-b0af-a4fda8abf93d', 731, 1095, 14738.2, TRUE) ON CONFLICT DO NOTHING;
INSERT INTO plans (id, variant_id, plan_name, duration_months, max_kms) VALUES ('b81ec9a1-7fb9-4197-bf6c-b88519f91638', '8dd12eb8-cafb-48e3-bf26-c81692a4ddec', '24 Months / 40,000 Kms', 24, 40000) ON CONFLICT DO NOTHING;
INSERT INTO tiers (plan_id, min_days, max_days, price_inr, is_active) VALUES ('b81ec9a1-7fb9-4197-bf6c-b88519f91638', 0, 30, 12047.8, TRUE) ON CONFLICT DO NOTHING;
INSERT INTO tiers (plan_id, min_days, max_days, price_inr, is_active) VALUES ('b81ec9a1-7fb9-4197-bf6c-b88519f91638', 31, 365, 13865.0, TRUE) ON CONFLICT DO NOTHING;
INSERT INTO tiers (plan_id, min_days, max_days, price_inr, is_active) VALUES ('b81ec9a1-7fb9-4197-bf6c-b88519f91638', 366, 730, 15670.4, TRUE) ON CONFLICT DO NOTHING;
INSERT INTO tiers (plan_id, min_days, max_days, price_inr, is_active) VALUES ('b81ec9a1-7fb9-4197-bf6c-b88519f91638', 731, 1095, 17475.8, TRUE) ON CONFLICT DO NOTHING;
INSERT INTO plans (id, variant_id, plan_name, duration_months, max_kms) VALUES ('db72c49b-ac6b-48ec-ad47-354a491c80c3', '8dd12eb8-cafb-48e3-bf26-c81692a4ddec', '36 Months / 60,000 Kms', 36, 60000) ON CONFLICT DO NOTHING;
INSERT INTO tiers (plan_id, min_days, max_days, price_inr, is_active) VALUES ('db72c49b-ac6b-48ec-ad47-354a491c80c3', 0, 30, 13345.8, TRUE) ON CONFLICT DO NOTHING;
INSERT INTO tiers (plan_id, min_days, max_days, price_inr, is_active) VALUES ('db72c49b-ac6b-48ec-ad47-354a491c80c3', 31, 365, 15351.8, TRUE) ON CONFLICT DO NOTHING;
INSERT INTO tiers (plan_id, min_days, max_days, price_inr, is_active) VALUES ('db72c49b-ac6b-48ec-ad47-354a491c80c3', 366, 730, 17357.8, TRUE) ON CONFLICT DO NOTHING;
INSERT INTO tiers (plan_id, min_days, max_days, price_inr, is_active) VALUES ('db72c49b-ac6b-48ec-ad47-354a491c80c3', 731, 1095, 19352.0, TRUE) ON CONFLICT DO NOTHING;
INSERT INTO variants (id, model_id, name, fuel, transmission, oem_warranty_months, oem_warranty_kms) VALUES ('d9129a1c-11c7-42c2-a1fb-0648b61bed29', '7bfe6b0b-4f61-4a4f-8048-cd03a54b1f12', 'MARUTI SWIFT VXI 1.2L ISS AGS', 'Hybrid', 'Automatic', 36, 100000) ON CONFLICT DO NOTHING;
INSERT INTO plans (id, variant_id, plan_name, duration_months, max_kms) VALUES ('e0b62a56-da73-413e-a3f9-3865f816b6d1', 'd9129a1c-11c7-42c2-a1fb-0648b61bed29', '12 Months / 20,000 Kms', 12, 20000) ON CONFLICT DO NOTHING;
INSERT INTO tiers (plan_id, min_days, max_days, price_inr, is_active) VALUES ('e0b62a56-da73-413e-a3f9-3865f816b6d1', 0, 30, 10985.8, TRUE) ON CONFLICT DO NOTHING;
INSERT INTO tiers (plan_id, min_days, max_days, price_inr, is_active) VALUES ('e0b62a56-da73-413e-a3f9-3865f816b6d1', 31, 365, 12637.8, TRUE) ON CONFLICT DO NOTHING;
INSERT INTO tiers (plan_id, min_days, max_days, price_inr, is_active) VALUES ('e0b62a56-da73-413e-a3f9-3865f816b6d1', 366, 730, 14289.8, TRUE) ON CONFLICT DO NOTHING;
INSERT INTO tiers (plan_id, min_days, max_days, price_inr, is_active) VALUES ('e0b62a56-da73-413e-a3f9-3865f816b6d1', 731, 1095, 15930.0, TRUE) ON CONFLICT DO NOTHING;
INSERT INTO plans (id, variant_id, plan_name, duration_months, max_kms) VALUES ('f9f76ef9-4501-4949-b939-c31e67d7adf9', 'd9129a1c-11c7-42c2-a1fb-0648b61bed29', '24 Months / 40,000 Kms', 24, 40000) ON CONFLICT DO NOTHING;
INSERT INTO tiers (plan_id, min_days, max_days, price_inr, is_active) VALUES ('f9f76ef9-4501-4949-b939-c31e67d7adf9', 0, 30, 12873.8, TRUE) ON CONFLICT DO NOTHING;
INSERT INTO tiers (plan_id, min_days, max_days, price_inr, is_active) VALUES ('f9f76ef9-4501-4949-b939-c31e67d7adf9', 31, 365, 14809.0, TRUE) ON CONFLICT DO NOTHING;
INSERT INTO tiers (plan_id, min_days, max_days, price_inr, is_active) VALUES ('f9f76ef9-4501-4949-b939-c31e67d7adf9', 366, 730, 16744.2, TRUE) ON CONFLICT DO NOTHING;
INSERT INTO tiers (plan_id, min_days, max_days, price_inr, is_active) VALUES ('f9f76ef9-4501-4949-b939-c31e67d7adf9', 731, 1095, 18667.6, TRUE) ON CONFLICT DO NOTHING;
INSERT INTO plans (id, variant_id, plan_name, duration_months, max_kms) VALUES ('a68ccd49-2c11-4ba5-903e-2d1a2da7c2c5', 'd9129a1c-11c7-42c2-a1fb-0648b61bed29', '36 Months / 60,000 Kms', 36, 60000) ON CONFLICT DO NOTHING;
INSERT INTO tiers (plan_id, min_days, max_days, price_inr, is_active) VALUES ('a68ccd49-2c11-4ba5-903e-2d1a2da7c2c5', 0, 30, 14171.8, TRUE) ON CONFLICT DO NOTHING;
INSERT INTO tiers (plan_id, min_days, max_days, price_inr, is_active) VALUES ('a68ccd49-2c11-4ba5-903e-2d1a2da7c2c5', 31, 365, 16307.6, TRUE) ON CONFLICT DO NOTHING;
INSERT INTO tiers (plan_id, min_days, max_days, price_inr, is_active) VALUES ('a68ccd49-2c11-4ba5-903e-2d1a2da7c2c5', 366, 730, 18431.6, TRUE) ON CONFLICT DO NOTHING;
INSERT INTO tiers (plan_id, min_days, max_days, price_inr, is_active) VALUES ('a68ccd49-2c11-4ba5-903e-2d1a2da7c2c5', 731, 1095, 20555.6, TRUE) ON CONFLICT DO NOTHING;
INSERT INTO variants (id, model_id, name, fuel, transmission, oem_warranty_months, oem_warranty_kms) VALUES ('3bf4d05b-59fc-4411-b669-557cf3cfd154', '7bfe6b0b-4f61-4a4f-8048-cd03a54b1f12', 'MARUTI SWIFT ZXI 1.2L ISS 5MT', 'Hybrid', 'Manual', 36, 100000) ON CONFLICT DO NOTHING;
INSERT INTO plans (id, variant_id, plan_name, duration_months, max_kms) VALUES ('583a0f84-64dc-41bf-af32-f5c8e7c6dd09', '3bf4d05b-59fc-4411-b669-557cf3cfd154', '12 Months / 20,000 Kms', 12, 20000) ON CONFLICT DO NOTHING;
INSERT INTO tiers (plan_id, min_days, max_days, price_inr, is_active) VALUES ('583a0f84-64dc-41bf-af32-f5c8e7c6dd09', 0, 30, 11988.8, TRUE) ON CONFLICT DO NOTHING;
INSERT INTO tiers (plan_id, min_days, max_days, price_inr, is_active) VALUES ('583a0f84-64dc-41bf-af32-f5c8e7c6dd09', 31, 365, 13794.2, TRUE) ON CONFLICT DO NOTHING;
INSERT INTO tiers (plan_id, min_days, max_days, price_inr, is_active) VALUES ('583a0f84-64dc-41bf-af32-f5c8e7c6dd09', 366, 730, 15587.8, TRUE) ON CONFLICT DO NOTHING;
INSERT INTO tiers (plan_id, min_days, max_days, price_inr, is_active) VALUES ('583a0f84-64dc-41bf-af32-f5c8e7c6dd09', 731, 1095, 17393.2, TRUE) ON CONFLICT DO NOTHING;
INSERT INTO plans (id, variant_id, plan_name, duration_months, max_kms) VALUES ('468aa337-3208-4e95-bf48-384d4f0417c4', '3bf4d05b-59fc-4411-b669-557cf3cfd154', '24 Months / 40,000 Kms', 24, 40000) ON CONFLICT DO NOTHING;
INSERT INTO tiers (plan_id, min_days, max_days, price_inr, is_active) VALUES ('468aa337-3208-4e95-bf48-384d4f0417c4', 0, 30, 13876.8, TRUE) ON CONFLICT DO NOTHING;
INSERT INTO tiers (plan_id, min_days, max_days, price_inr, is_active) VALUES ('468aa337-3208-4e95-bf48-384d4f0417c4', 31, 365, 15965.4, TRUE) ON CONFLICT DO NOTHING;
INSERT INTO tiers (plan_id, min_days, max_days, price_inr, is_active) VALUES ('468aa337-3208-4e95-bf48-384d4f0417c4', 366, 730, 18042.2, TRUE) ON CONFLICT DO NOTHING;
INSERT INTO tiers (plan_id, min_days, max_days, price_inr, is_active) VALUES ('468aa337-3208-4e95-bf48-384d4f0417c4', 731, 1095, 20130.8, TRUE) ON CONFLICT DO NOTHING;
INSERT INTO plans (id, variant_id, plan_name, duration_months, max_kms) VALUES ('9f2d05a7-70fc-4b8e-8a36-fb2141dcf1e7', '3bf4d05b-59fc-4411-b669-557cf3cfd154', '36 Months / 60,000 Kms', 36, 60000) ON CONFLICT DO NOTHING;
INSERT INTO tiers (plan_id, min_days, max_days, price_inr, is_active) VALUES ('9f2d05a7-70fc-4b8e-8a36-fb2141dcf1e7', 0, 30, 15174.8, TRUE) ON CONFLICT DO NOTHING;
INSERT INTO tiers (plan_id, min_days, max_days, price_inr, is_active) VALUES ('9f2d05a7-70fc-4b8e-8a36-fb2141dcf1e7', 31, 365, 17452.2, TRUE) ON CONFLICT DO NOTHING;
INSERT INTO tiers (plan_id, min_days, max_days, price_inr, is_active) VALUES ('9f2d05a7-70fc-4b8e-8a36-fb2141dcf1e7', 366, 730, 19729.6, TRUE) ON CONFLICT DO NOTHING;
INSERT INTO tiers (plan_id, min_days, max_days, price_inr, is_active) VALUES ('9f2d05a7-70fc-4b8e-8a36-fb2141dcf1e7', 731, 1095, 22007.0, TRUE) ON CONFLICT DO NOTHING;
INSERT INTO variants (id, model_id, name, fuel, transmission, oem_warranty_months, oem_warranty_kms) VALUES ('2cdf518b-e2fb-4077-b82d-eeb1f18ed1ff', '7bfe6b0b-4f61-4a4f-8048-cd03a54b1f12', 'MARUTI SWIFT ZXI 1.2L ISS AGS', 'Hybrid', 'Automatic', 36, 100000) ON CONFLICT DO NOTHING;
INSERT INTO plans (id, variant_id, plan_name, duration_months, max_kms) VALUES ('b3907a44-3ca3-4d2e-9810-6f4382d26e3c', '2cdf518b-e2fb-4077-b82d-eeb1f18ed1ff', '12 Months / 20,000 Kms', 12, 20000) ON CONFLICT DO NOTHING;
INSERT INTO tiers (plan_id, min_days, max_days, price_inr, is_active) VALUES ('b3907a44-3ca3-4d2e-9810-6f4382d26e3c', 0, 30, 12814.8, TRUE) ON CONFLICT DO NOTHING;
INSERT INTO tiers (plan_id, min_days, max_days, price_inr, is_active) VALUES ('b3907a44-3ca3-4d2e-9810-6f4382d26e3c', 31, 365, 14738.2, TRUE) ON CONFLICT DO NOTHING;
INSERT INTO tiers (plan_id, min_days, max_days, price_inr, is_active) VALUES ('b3907a44-3ca3-4d2e-9810-6f4382d26e3c', 366, 730, 16661.6, TRUE) ON CONFLICT DO NOTHING;
INSERT INTO tiers (plan_id, min_days, max_days, price_inr, is_active) VALUES ('b3907a44-3ca3-4d2e-9810-6f4382d26e3c', 731, 1095, 18585.0, TRUE) ON CONFLICT DO NOTHING;
INSERT INTO plans (id, variant_id, plan_name, duration_months, max_kms) VALUES ('5b73034b-2fcf-4297-aa32-039f7cce3ecb', '2cdf518b-e2fb-4077-b82d-eeb1f18ed1ff', '24 Months / 40,000 Kms', 24, 40000) ON CONFLICT DO NOTHING;
INSERT INTO tiers (plan_id, min_days, max_days, price_inr, is_active) VALUES ('5b73034b-2fcf-4297-aa32-039f7cce3ecb', 0, 30, 14702.8, TRUE) ON CONFLICT DO NOTHING;
INSERT INTO tiers (plan_id, min_days, max_days, price_inr, is_active) VALUES ('5b73034b-2fcf-4297-aa32-039f7cce3ecb', 31, 365, 16909.4, TRUE) ON CONFLICT DO NOTHING;
INSERT INTO tiers (plan_id, min_days, max_days, price_inr, is_active) VALUES ('5b73034b-2fcf-4297-aa32-039f7cce3ecb', 366, 730, 19116.0, TRUE) ON CONFLICT DO NOTHING;
INSERT INTO tiers (plan_id, min_days, max_days, price_inr, is_active) VALUES ('5b73034b-2fcf-4297-aa32-039f7cce3ecb', 731, 1095, 21322.6, TRUE) ON CONFLICT DO NOTHING;
INSERT INTO plans (id, variant_id, plan_name, duration_months, max_kms) VALUES ('d03748ed-1b4d-410c-b360-16ddb5eab360', '2cdf518b-e2fb-4077-b82d-eeb1f18ed1ff', '36 Months / 60,000 Kms', 36, 60000) ON CONFLICT DO NOTHING;
INSERT INTO tiers (plan_id, min_days, max_days, price_inr, is_active) VALUES ('d03748ed-1b4d-410c-b360-16ddb5eab360', 0, 30, 16000.8, TRUE) ON CONFLICT DO NOTHING;
INSERT INTO tiers (plan_id, min_days, max_days, price_inr, is_active) VALUES ('d03748ed-1b4d-410c-b360-16ddb5eab360', 31, 365, 18408.0, TRUE) ON CONFLICT DO NOTHING;
INSERT INTO tiers (plan_id, min_days, max_days, price_inr, is_active) VALUES ('d03748ed-1b4d-410c-b360-16ddb5eab360', 366, 730, 20803.4, TRUE) ON CONFLICT DO NOTHING;
INSERT INTO tiers (plan_id, min_days, max_days, price_inr, is_active) VALUES ('d03748ed-1b4d-410c-b360-16ddb5eab360', 731, 1095, 23210.6, TRUE) ON CONFLICT DO NOTHING;
INSERT INTO variants (id, model_id, name, fuel, transmission, oem_warranty_months, oem_warranty_kms) VALUES ('91a12466-9493-4a26-b8a2-950f540ef5e1', '7bfe6b0b-4f61-4a4f-8048-cd03a54b1f12', 'MARUTI SWIFT ZXI+ 1.2L ISS 5MT', 'Hybrid', 'Manual', 36, 100000) ON CONFLICT DO NOTHING;
INSERT INTO plans (id, variant_id, plan_name, duration_months, max_kms) VALUES ('fbe206f2-6eda-436b-a9e1-f7686a94cec2', '91a12466-9493-4a26-b8a2-950f540ef5e1', '12 Months / 20,000 Kms', 12, 20000) ON CONFLICT DO NOTHING;
INSERT INTO tiers (plan_id, min_days, max_days, price_inr, is_active) VALUES ('fbe206f2-6eda-436b-a9e1-f7686a94cec2', 0, 30, 13546.4, TRUE) ON CONFLICT DO NOTHING;
INSERT INTO tiers (plan_id, min_days, max_days, price_inr, is_active) VALUES ('fbe206f2-6eda-436b-a9e1-f7686a94cec2', 31, 365, 15587.8, TRUE) ON CONFLICT DO NOTHING;
INSERT INTO tiers (plan_id, min_days, max_days, price_inr, is_active) VALUES ('fbe206f2-6eda-436b-a9e1-f7686a94cec2', 366, 730, 17617.4, TRUE) ON CONFLICT DO NOTHING;
INSERT INTO tiers (plan_id, min_days, max_days, price_inr, is_active) VALUES ('fbe206f2-6eda-436b-a9e1-f7686a94cec2', 731, 1095, 19647.0, TRUE) ON CONFLICT DO NOTHING;
INSERT INTO plans (id, variant_id, plan_name, duration_months, max_kms) VALUES ('3c40e7db-db98-495e-9420-dca1a23a3bbe', '91a12466-9493-4a26-b8a2-950f540ef5e1', '24 Months / 40,000 Kms', 24, 40000) ON CONFLICT DO NOTHING;
INSERT INTO tiers (plan_id, min_days, max_days, price_inr, is_active) VALUES ('3c40e7db-db98-495e-9420-dca1a23a3bbe', 0, 30, 15434.4, TRUE) ON CONFLICT DO NOTHING;
INSERT INTO tiers (plan_id, min_days, max_days, price_inr, is_active) VALUES ('3c40e7db-db98-495e-9420-dca1a23a3bbe', 31, 365, 17759.0, TRUE) ON CONFLICT DO NOTHING;
INSERT INTO tiers (plan_id, min_days, max_days, price_inr, is_active) VALUES ('3c40e7db-db98-495e-9420-dca1a23a3bbe', 366, 730, 20071.8, TRUE) ON CONFLICT DO NOTHING;
INSERT INTO tiers (plan_id, min_days, max_days, price_inr, is_active) VALUES ('3c40e7db-db98-495e-9420-dca1a23a3bbe', 731, 1095, 22384.6, TRUE) ON CONFLICT DO NOTHING;
INSERT INTO plans (id, variant_id, plan_name, duration_months, max_kms) VALUES ('832258bd-d8fa-4224-9a43-8e605fd69a0d', '91a12466-9493-4a26-b8a2-950f540ef5e1', '36 Months / 60,000 Kms', 36, 60000) ON CONFLICT DO NOTHING;
INSERT INTO tiers (plan_id, min_days, max_days, price_inr, is_active) VALUES ('832258bd-d8fa-4224-9a43-8e605fd69a0d', 0, 30, 16732.4, TRUE) ON CONFLICT DO NOTHING;
INSERT INTO tiers (plan_id, min_days, max_days, price_inr, is_active) VALUES ('832258bd-d8fa-4224-9a43-8e605fd69a0d', 31, 365, 19245.8, TRUE) ON CONFLICT DO NOTHING;
INSERT INTO tiers (plan_id, min_days, max_days, price_inr, is_active) VALUES ('832258bd-d8fa-4224-9a43-8e605fd69a0d', 366, 730, 21759.2, TRUE) ON CONFLICT DO NOTHING;
INSERT INTO tiers (plan_id, min_days, max_days, price_inr, is_active) VALUES ('832258bd-d8fa-4224-9a43-8e605fd69a0d', 731, 1095, 24272.6, TRUE) ON CONFLICT DO NOTHING;
INSERT INTO variants (id, model_id, name, fuel, transmission, oem_warranty_months, oem_warranty_kms) VALUES ('82a435ad-419b-488b-ab5c-48c97ea3d8e3', '7bfe6b0b-4f61-4a4f-8048-cd03a54b1f12', 'MARUTI SWIFT ZXI+ 1.2L ISS AGS', 'Hybrid', 'Automatic', 36, 100000) ON CONFLICT DO NOTHING;
INSERT INTO plans (id, variant_id, plan_name, duration_months, max_kms) VALUES ('b6797314-678c-47e4-83da-2f5f56cb87db', '82a435ad-419b-488b-ab5c-48c97ea3d8e3', '12 Months / 20,000 Kms', 12, 20000) ON CONFLICT DO NOTHING;
INSERT INTO tiers (plan_id, min_days, max_days, price_inr, is_active) VALUES ('b6797314-678c-47e4-83da-2f5f56cb87db', 0, 30, 14372.4, TRUE) ON CONFLICT DO NOTHING;
INSERT INTO tiers (plan_id, min_days, max_days, price_inr, is_active) VALUES ('b6797314-678c-47e4-83da-2f5f56cb87db', 31, 365, 16531.8, TRUE) ON CONFLICT DO NOTHING;
INSERT INTO tiers (plan_id, min_days, max_days, price_inr, is_active) VALUES ('b6797314-678c-47e4-83da-2f5f56cb87db', 366, 730, 18691.2, TRUE) ON CONFLICT DO NOTHING;
INSERT INTO tiers (plan_id, min_days, max_days, price_inr, is_active) VALUES ('b6797314-678c-47e4-83da-2f5f56cb87db', 731, 1095, 20850.6, TRUE) ON CONFLICT DO NOTHING;
INSERT INTO plans (id, variant_id, plan_name, duration_months, max_kms) VALUES ('eacb3fe2-8004-4a17-af1d-6be35fccec1a', '82a435ad-419b-488b-ab5c-48c97ea3d8e3', '24 Months / 40,000 Kms', 24, 40000) ON CONFLICT DO NOTHING;
INSERT INTO tiers (plan_id, min_days, max_days, price_inr, is_active) VALUES ('eacb3fe2-8004-4a17-af1d-6be35fccec1a', 0, 30, 16260.4, TRUE) ON CONFLICT DO NOTHING;
INSERT INTO tiers (plan_id, min_days, max_days, price_inr, is_active) VALUES ('eacb3fe2-8004-4a17-af1d-6be35fccec1a', 31, 365, 18703.0, TRUE) ON CONFLICT DO NOTHING;
INSERT INTO tiers (plan_id, min_days, max_days, price_inr, is_active) VALUES ('eacb3fe2-8004-4a17-af1d-6be35fccec1a', 366, 730, 21145.6, TRUE) ON CONFLICT DO NOTHING;
INSERT INTO tiers (plan_id, min_days, max_days, price_inr, is_active) VALUES ('eacb3fe2-8004-4a17-af1d-6be35fccec1a', 731, 1095, 23588.2, TRUE) ON CONFLICT DO NOTHING;
INSERT INTO plans (id, variant_id, plan_name, duration_months, max_kms) VALUES ('24d6f562-6666-43c5-89e5-17dfffb4443f', '82a435ad-419b-488b-ab5c-48c97ea3d8e3', '36 Months / 60,000 Kms', 36, 60000) ON CONFLICT DO NOTHING;
INSERT INTO tiers (plan_id, min_days, max_days, price_inr, is_active) VALUES ('24d6f562-6666-43c5-89e5-17dfffb4443f', 0, 30, 17558.4, TRUE) ON CONFLICT DO NOTHING;
INSERT INTO tiers (plan_id, min_days, max_days, price_inr, is_active) VALUES ('24d6f562-6666-43c5-89e5-17dfffb4443f', 31, 365, 20201.6, TRUE) ON CONFLICT DO NOTHING;
INSERT INTO tiers (plan_id, min_days, max_days, price_inr, is_active) VALUES ('24d6f562-6666-43c5-89e5-17dfffb4443f', 366, 730, 22833.0, TRUE) ON CONFLICT DO NOTHING;
INSERT INTO tiers (plan_id, min_days, max_days, price_inr, is_active) VALUES ('24d6f562-6666-43c5-89e5-17dfffb4443f', 731, 1095, 25464.4, TRUE) ON CONFLICT DO NOTHING;
INSERT INTO models (id, brand_id, name) VALUES ('2e240655-3704-4cf2-957a-9db75f7e1a93', 'b1e782a2-c0d1-4b20-ae57-becb98f3ab90', 'FRONX') ON CONFLICT DO NOTHING;
INSERT INTO variants (id, model_id, name, fuel, transmission, oem_warranty_months, oem_warranty_kms) VALUES ('5d5681a7-d06f-4e6b-86ca-a2c8afb969fb', '2e240655-3704-4cf2-957a-9db75f7e1a93', 'MARUTI FRONX DELTA CNG 1.2L 5MT ESP', 'CNG', 'Manual', 36, 100000) ON CONFLICT DO NOTHING;
INSERT INTO plans (id, variant_id, plan_name, duration_months, max_kms) VALUES ('dbffb5ba-3d12-4993-8f49-a6318977adb8', '5d5681a7-d06f-4e6b-86ca-a2c8afb969fb', '12 Months / 20,000 Kms', 12, 20000) ON CONFLICT DO NOTHING;
INSERT INTO tiers (plan_id, min_days, max_days, price_inr, is_active) VALUES ('dbffb5ba-3d12-4993-8f49-a6318977adb8', 0, 30, 13876.8, TRUE) ON CONFLICT DO NOTHING;
INSERT INTO tiers (plan_id, min_days, max_days, price_inr, is_active) VALUES ('dbffb5ba-3d12-4993-8f49-a6318977adb8', 31, 365, 15965.4, TRUE) ON CONFLICT DO NOTHING;
INSERT INTO tiers (plan_id, min_days, max_days, price_inr, is_active) VALUES ('dbffb5ba-3d12-4993-8f49-a6318977adb8', 366, 730, 18042.2, TRUE) ON CONFLICT DO NOTHING;
INSERT INTO tiers (plan_id, min_days, max_days, price_inr, is_active) VALUES ('dbffb5ba-3d12-4993-8f49-a6318977adb8', 731, 1095, 20130.8, TRUE) ON CONFLICT DO NOTHING;
INSERT INTO plans (id, variant_id, plan_name, duration_months, max_kms) VALUES ('a5fe358c-88b4-4ff3-a97b-2ba0c39074fe', '5d5681a7-d06f-4e6b-86ca-a2c8afb969fb', '24 Months / 40,000 Kms', 24, 40000) ON CONFLICT DO NOTHING;
INSERT INTO tiers (plan_id, min_days, max_days, price_inr, is_active) VALUES ('a5fe358c-88b4-4ff3-a97b-2ba0c39074fe', 0, 30, 15764.8, TRUE) ON CONFLICT DO NOTHING;
INSERT INTO tiers (plan_id, min_days, max_days, price_inr, is_active) VALUES ('a5fe358c-88b4-4ff3-a97b-2ba0c39074fe', 31, 365, 18136.6, TRUE) ON CONFLICT DO NOTHING;
INSERT INTO tiers (plan_id, min_days, max_days, price_inr, is_active) VALUES ('a5fe358c-88b4-4ff3-a97b-2ba0c39074fe', 366, 730, 20496.6, TRUE) ON CONFLICT DO NOTHING;
INSERT INTO tiers (plan_id, min_days, max_days, price_inr, is_active) VALUES ('a5fe358c-88b4-4ff3-a97b-2ba0c39074fe', 731, 1095, 22868.4, TRUE) ON CONFLICT DO NOTHING;
INSERT INTO plans (id, variant_id, plan_name, duration_months, max_kms) VALUES ('60b07bb1-11e4-4aa8-91db-79b0dbe081c8', '5d5681a7-d06f-4e6b-86ca-a2c8afb969fb', '36 Months / 60,000 Kms', 36, 60000) ON CONFLICT DO NOTHING;
INSERT INTO tiers (plan_id, min_days, max_days, price_inr, is_active) VALUES ('60b07bb1-11e4-4aa8-91db-79b0dbe081c8', 0, 30, 17062.8, TRUE) ON CONFLICT DO NOTHING;
INSERT INTO tiers (plan_id, min_days, max_days, price_inr, is_active) VALUES ('60b07bb1-11e4-4aa8-91db-79b0dbe081c8', 31, 365, 19623.4, TRUE) ON CONFLICT DO NOTHING;
INSERT INTO tiers (plan_id, min_days, max_days, price_inr, is_active) VALUES ('60b07bb1-11e4-4aa8-91db-79b0dbe081c8', 366, 730, 22184.0, TRUE) ON CONFLICT DO NOTHING;
INSERT INTO tiers (plan_id, min_days, max_days, price_inr, is_active) VALUES ('60b07bb1-11e4-4aa8-91db-79b0dbe081c8', 731, 1095, 24744.6, TRUE) ON CONFLICT DO NOTHING;
INSERT INTO variants (id, model_id, name, fuel, transmission, oem_warranty_months, oem_warranty_kms) VALUES ('2edcd56d-bcb7-43a4-88d6-48ccf8acdd88', '2e240655-3704-4cf2-957a-9db75f7e1a93', 'MARUTI FRONX ISS DELTA 1.2L 5MT ESP', 'Hybrid', 'Manual', 36, 100000) ON CONFLICT DO NOTHING;
INSERT INTO plans (id, variant_id, plan_name, duration_months, max_kms) VALUES ('e12a272c-a9de-4d99-b825-ebf029448750', '2edcd56d-bcb7-43a4-88d6-48ccf8acdd88', '12 Months / 20,000 Kms', 12, 20000) ON CONFLICT DO NOTHING;
INSERT INTO tiers (plan_id, min_days, max_days, price_inr, is_active) VALUES ('e12a272c-a9de-4d99-b825-ebf029448750', 0, 30, 12142.2, TRUE) ON CONFLICT DO NOTHING;
INSERT INTO tiers (plan_id, min_days, max_days, price_inr, is_active) VALUES ('e12a272c-a9de-4d99-b825-ebf029448750', 31, 365, 13971.2, TRUE) ON CONFLICT DO NOTHING;
INSERT INTO tiers (plan_id, min_days, max_days, price_inr, is_active) VALUES ('e12a272c-a9de-4d99-b825-ebf029448750', 366, 730, 15788.4, TRUE) ON CONFLICT DO NOTHING;
INSERT INTO tiers (plan_id, min_days, max_days, price_inr, is_active) VALUES ('e12a272c-a9de-4d99-b825-ebf029448750', 731, 1095, 17617.4, TRUE) ON CONFLICT DO NOTHING;
INSERT INTO plans (id, variant_id, plan_name, duration_months, max_kms) VALUES ('11ce7e5e-5e75-4d7a-891b-084b7769831d', '2edcd56d-bcb7-43a4-88d6-48ccf8acdd88', '24 Months / 40,000 Kms', 24, 40000) ON CONFLICT DO NOTHING;
INSERT INTO tiers (plan_id, min_days, max_days, price_inr, is_active) VALUES ('11ce7e5e-5e75-4d7a-891b-084b7769831d', 0, 30, 14030.2, TRUE) ON CONFLICT DO NOTHING;
INSERT INTO tiers (plan_id, min_days, max_days, price_inr, is_active) VALUES ('11ce7e5e-5e75-4d7a-891b-084b7769831d', 31, 365, 16142.4, TRUE) ON CONFLICT DO NOTHING;
INSERT INTO tiers (plan_id, min_days, max_days, price_inr, is_active) VALUES ('11ce7e5e-5e75-4d7a-891b-084b7769831d', 366, 730, 18242.8, TRUE) ON CONFLICT DO NOTHING;
INSERT INTO tiers (plan_id, min_days, max_days, price_inr, is_active) VALUES ('11ce7e5e-5e75-4d7a-891b-084b7769831d', 731, 1095, 20355.0, TRUE) ON CONFLICT DO NOTHING;
INSERT INTO plans (id, variant_id, plan_name, duration_months, max_kms) VALUES ('e555a908-a121-428d-81a0-7276846b47ce', '2edcd56d-bcb7-43a4-88d6-48ccf8acdd88', '36 Months / 60,000 Kms', 36, 60000) ON CONFLICT DO NOTHING;
INSERT INTO tiers (plan_id, min_days, max_days, price_inr, is_active) VALUES ('e555a908-a121-428d-81a0-7276846b47ce', 0, 30, 15328.2, TRUE) ON CONFLICT DO NOTHING;
INSERT INTO tiers (plan_id, min_days, max_days, price_inr, is_active) VALUES ('e555a908-a121-428d-81a0-7276846b47ce', 31, 365, 17629.2, TRUE) ON CONFLICT DO NOTHING;
INSERT INTO tiers (plan_id, min_days, max_days, price_inr, is_active) VALUES ('e555a908-a121-428d-81a0-7276846b47ce', 366, 730, 19930.2, TRUE) ON CONFLICT DO NOTHING;
INSERT INTO tiers (plan_id, min_days, max_days, price_inr, is_active) VALUES ('e555a908-a121-428d-81a0-7276846b47ce', 731, 1095, 22231.2, TRUE) ON CONFLICT DO NOTHING;
INSERT INTO variants (id, model_id, name, fuel, transmission, oem_warranty_months, oem_warranty_kms) VALUES ('a05b106e-636d-4af7-a3e8-9913df9d1225', '2e240655-3704-4cf2-957a-9db75f7e1a93', 'MARUTI FRONX ISS DELTA 1.2L AGS ESP', 'Hybrid', 'Automatic', 36, 100000) ON CONFLICT DO NOTHING;
INSERT INTO plans (id, variant_id, plan_name, duration_months, max_kms) VALUES ('cf3df2da-7a1a-43bb-8dbc-b38b2cd20c81', 'a05b106e-636d-4af7-a3e8-9913df9d1225', '12 Months / 20,000 Kms', 12, 20000) ON CONFLICT DO NOTHING;
INSERT INTO tiers (plan_id, min_days, max_days, price_inr, is_active) VALUES ('cf3df2da-7a1a-43bb-8dbc-b38b2cd20c81', 0, 30, 13050.8, TRUE) ON CONFLICT DO NOTHING;
INSERT INTO tiers (plan_id, min_days, max_days, price_inr, is_active) VALUES ('cf3df2da-7a1a-43bb-8dbc-b38b2cd20c81', 31, 365, 15009.6, TRUE) ON CONFLICT DO NOTHING;
INSERT INTO tiers (plan_id, min_days, max_days, price_inr, is_active) VALUES ('cf3df2da-7a1a-43bb-8dbc-b38b2cd20c81', 366, 730, 16968.4, TRUE) ON CONFLICT DO NOTHING;
INSERT INTO tiers (plan_id, min_days, max_days, price_inr, is_active) VALUES ('cf3df2da-7a1a-43bb-8dbc-b38b2cd20c81', 731, 1095, 18927.2, TRUE) ON CONFLICT DO NOTHING;
INSERT INTO plans (id, variant_id, plan_name, duration_months, max_kms) VALUES ('8826e298-f271-44f9-8564-158f1425cb6b', 'a05b106e-636d-4af7-a3e8-9913df9d1225', '24 Months / 40,000 Kms', 24, 40000) ON CONFLICT DO NOTHING;
INSERT INTO tiers (plan_id, min_days, max_days, price_inr, is_active) VALUES ('8826e298-f271-44f9-8564-158f1425cb6b', 0, 30, 14938.8, TRUE) ON CONFLICT DO NOTHING;
INSERT INTO tiers (plan_id, min_days, max_days, price_inr, is_active) VALUES ('8826e298-f271-44f9-8564-158f1425cb6b', 31, 365, 17180.8, TRUE) ON CONFLICT DO NOTHING;
INSERT INTO tiers (plan_id, min_days, max_days, price_inr, is_active) VALUES ('8826e298-f271-44f9-8564-158f1425cb6b', 366, 730, 19422.8, TRUE) ON CONFLICT DO NOTHING;
INSERT INTO tiers (plan_id, min_days, max_days, price_inr, is_active) VALUES ('8826e298-f271-44f9-8564-158f1425cb6b', 731, 1095, 21664.8, TRUE) ON CONFLICT DO NOTHING;
INSERT INTO plans (id, variant_id, plan_name, duration_months, max_kms) VALUES ('5addc32a-a364-4469-a587-b36d24ccbd09', 'a05b106e-636d-4af7-a3e8-9913df9d1225', '36 Months / 60,000 Kms', 36, 60000) ON CONFLICT DO NOTHING;
INSERT INTO tiers (plan_id, min_days, max_days, price_inr, is_active) VALUES ('5addc32a-a364-4469-a587-b36d24ccbd09', 0, 30, 16236.8, TRUE) ON CONFLICT DO NOTHING;
INSERT INTO tiers (plan_id, min_days, max_days, price_inr, is_active) VALUES ('5addc32a-a364-4469-a587-b36d24ccbd09', 31, 365, 18679.4, TRUE) ON CONFLICT DO NOTHING;
INSERT INTO tiers (plan_id, min_days, max_days, price_inr, is_active) VALUES ('5addc32a-a364-4469-a587-b36d24ccbd09', 366, 730, 21110.2, TRUE) ON CONFLICT DO NOTHING;
INSERT INTO tiers (plan_id, min_days, max_days, price_inr, is_active) VALUES ('5addc32a-a364-4469-a587-b36d24ccbd09', 731, 1095, 23552.8, TRUE) ON CONFLICT DO NOTHING;
INSERT INTO variants (id, model_id, name, fuel, transmission, oem_warranty_months, oem_warranty_kms) VALUES ('808db9c6-ac1b-4d69-b15e-287973250b69', '2e240655-3704-4cf2-957a-9db75f7e1a93', 'MARUTI FRONX ISS DELTA+ (O) 1.2L 5MT ESP', 'Hybrid', 'Manual', 36, 100000) ON CONFLICT DO NOTHING;
INSERT INTO plans (id, variant_id, plan_name, duration_months, max_kms) VALUES ('00b33bb7-d878-48cc-b1df-48065419b111', '808db9c6-ac1b-4d69-b15e-287973250b69', '12 Months / 20,000 Kms', 12, 20000) ON CONFLICT DO NOTHING;
INSERT INTO tiers (plan_id, min_days, max_days, price_inr, is_active) VALUES ('00b33bb7-d878-48cc-b1df-48065419b111', 0, 30, 13157.0, TRUE) ON CONFLICT DO NOTHING;
INSERT INTO tiers (plan_id, min_days, max_days, price_inr, is_active) VALUES ('00b33bb7-d878-48cc-b1df-48065419b111', 31, 365, 15139.4, TRUE) ON CONFLICT DO NOTHING;
INSERT INTO tiers (plan_id, min_days, max_days, price_inr, is_active) VALUES ('00b33bb7-d878-48cc-b1df-48065419b111', 366, 730, 17110.0, TRUE) ON CONFLICT DO NOTHING;
INSERT INTO tiers (plan_id, min_days, max_days, price_inr, is_active) VALUES ('00b33bb7-d878-48cc-b1df-48065419b111', 731, 1095, 19080.6, TRUE) ON CONFLICT DO NOTHING;
INSERT INTO plans (id, variant_id, plan_name, duration_months, max_kms) VALUES ('42b2764e-943e-457b-9ec5-ec397186e977', '808db9c6-ac1b-4d69-b15e-287973250b69', '24 Months / 40,000 Kms', 24, 40000) ON CONFLICT DO NOTHING;
INSERT INTO tiers (plan_id, min_days, max_days, price_inr, is_active) VALUES ('42b2764e-943e-457b-9ec5-ec397186e977', 0, 30, 15045.0, TRUE) ON CONFLICT DO NOTHING;
INSERT INTO tiers (plan_id, min_days, max_days, price_inr, is_active) VALUES ('42b2764e-943e-457b-9ec5-ec397186e977', 31, 365, 17310.6, TRUE) ON CONFLICT DO NOTHING;
INSERT INTO tiers (plan_id, min_days, max_days, price_inr, is_active) VALUES ('42b2764e-943e-457b-9ec5-ec397186e977', 366, 730, 19564.4, TRUE) ON CONFLICT DO NOTHING;
INSERT INTO tiers (plan_id, min_days, max_days, price_inr, is_active) VALUES ('42b2764e-943e-457b-9ec5-ec397186e977', 731, 1095, 21818.2, TRUE) ON CONFLICT DO NOTHING;
INSERT INTO plans (id, variant_id, plan_name, duration_months, max_kms) VALUES ('3918ee33-1b8b-4333-8743-01a7e104822f', '808db9c6-ac1b-4d69-b15e-287973250b69', '36 Months / 60,000 Kms', 36, 60000) ON CONFLICT DO NOTHING;
INSERT INTO tiers (plan_id, min_days, max_days, price_inr, is_active) VALUES ('3918ee33-1b8b-4333-8743-01a7e104822f', 0, 30, 16343.0, TRUE) ON CONFLICT DO NOTHING;
INSERT INTO tiers (plan_id, min_days, max_days, price_inr, is_active) VALUES ('3918ee33-1b8b-4333-8743-01a7e104822f', 31, 365, 18797.4, TRUE) ON CONFLICT DO NOTHING;
INSERT INTO tiers (plan_id, min_days, max_days, price_inr, is_active) VALUES ('3918ee33-1b8b-4333-8743-01a7e104822f', 366, 730, 21251.8, TRUE) ON CONFLICT DO NOTHING;
INSERT INTO tiers (plan_id, min_days, max_days, price_inr, is_active) VALUES ('3918ee33-1b8b-4333-8743-01a7e104822f', 731, 1095, 23706.2, TRUE) ON CONFLICT DO NOTHING;
INSERT INTO variants (id, model_id, name, fuel, transmission, oem_warranty_months, oem_warranty_kms) VALUES ('833f39f2-9afe-445c-b7bc-f6ea76e110cc', '2e240655-3704-4cf2-957a-9db75f7e1a93', 'MARUTI FRONX ISS DELTA+ (O) 1.2L AGS ESP', 'Hybrid', 'Automatic', 36, 100000) ON CONFLICT DO NOTHING;
INSERT INTO plans (id, variant_id, plan_name, duration_months, max_kms) VALUES ('9a3e1678-4d29-411a-8feb-04b7d7a667c9', '833f39f2-9afe-445c-b7bc-f6ea76e110cc', '12 Months / 20,000 Kms', 12, 20000) ON CONFLICT DO NOTHING;
INSERT INTO tiers (plan_id, min_days, max_days, price_inr, is_active) VALUES ('9a3e1678-4d29-411a-8feb-04b7d7a667c9', 0, 30, 13971.2, TRUE) ON CONFLICT DO NOTHING;
INSERT INTO tiers (plan_id, min_days, max_days, price_inr, is_active) VALUES ('9a3e1678-4d29-411a-8feb-04b7d7a667c9', 31, 365, 16071.6, TRUE) ON CONFLICT DO NOTHING;
INSERT INTO tiers (plan_id, min_days, max_days, price_inr, is_active) VALUES ('9a3e1678-4d29-411a-8feb-04b7d7a667c9', 366, 730, 18172.0, TRUE) ON CONFLICT DO NOTHING;
INSERT INTO tiers (plan_id, min_days, max_days, price_inr, is_active) VALUES ('9a3e1678-4d29-411a-8feb-04b7d7a667c9', 731, 1095, 20260.6, TRUE) ON CONFLICT DO NOTHING;
INSERT INTO plans (id, variant_id, plan_name, duration_months, max_kms) VALUES ('d1746e35-4228-4d3c-8f46-3eefd3545a3d', '833f39f2-9afe-445c-b7bc-f6ea76e110cc', '24 Months / 40,000 Kms', 24, 40000) ON CONFLICT DO NOTHING;
INSERT INTO tiers (plan_id, min_days, max_days, price_inr, is_active) VALUES ('d1746e35-4228-4d3c-8f46-3eefd3545a3d', 0, 30, 15859.2, TRUE) ON CONFLICT DO NOTHING;
INSERT INTO tiers (plan_id, min_days, max_days, price_inr, is_active) VALUES ('d1746e35-4228-4d3c-8f46-3eefd3545a3d', 31, 365, 18242.8, TRUE) ON CONFLICT DO NOTHING;
INSERT INTO tiers (plan_id, min_days, max_days, price_inr, is_active) VALUES ('d1746e35-4228-4d3c-8f46-3eefd3545a3d', 366, 730, 20626.4, TRUE) ON CONFLICT DO NOTHING;
INSERT INTO tiers (plan_id, min_days, max_days, price_inr, is_active) VALUES ('d1746e35-4228-4d3c-8f46-3eefd3545a3d', 731, 1095, 22998.2, TRUE) ON CONFLICT DO NOTHING;
INSERT INTO plans (id, variant_id, plan_name, duration_months, max_kms) VALUES ('0f773afc-cdd6-4aba-9cc4-bd7fd119df71', '833f39f2-9afe-445c-b7bc-f6ea76e110cc', '36 Months / 60,000 Kms', 36, 60000) ON CONFLICT DO NOTHING;
INSERT INTO tiers (plan_id, min_days, max_days, price_inr, is_active) VALUES ('0f773afc-cdd6-4aba-9cc4-bd7fd119df71', 0, 30, 17157.2, TRUE) ON CONFLICT DO NOTHING;
INSERT INTO tiers (plan_id, min_days, max_days, price_inr, is_active) VALUES ('0f773afc-cdd6-4aba-9cc4-bd7fd119df71', 31, 365, 19741.4, TRUE) ON CONFLICT DO NOTHING;
INSERT INTO tiers (plan_id, min_days, max_days, price_inr, is_active) VALUES ('0f773afc-cdd6-4aba-9cc4-bd7fd119df71', 366, 730, 22313.8, TRUE) ON CONFLICT DO NOTHING;
INSERT INTO tiers (plan_id, min_days, max_days, price_inr, is_active) VALUES ('0f773afc-cdd6-4aba-9cc4-bd7fd119df71', 731, 1095, 24886.2, TRUE) ON CONFLICT DO NOTHING;
INSERT INTO variants (id, model_id, name, fuel, transmission, oem_warranty_months, oem_warranty_kms) VALUES ('a7c96d05-fd32-49da-a355-38cb30aff87f', '2e240655-3704-4cf2-957a-9db75f7e1a93', 'MARUTI FRONX ISS DELTA+ 1.2L 5MT ESP', 'Hybrid', 'Manual', 36, 100000) ON CONFLICT DO NOTHING;
INSERT INTO plans (id, variant_id, plan_name, duration_months, max_kms) VALUES ('b9ca11f8-e8da-4cb0-b216-2d54079f8639', 'a7c96d05-fd32-49da-a355-38cb30aff87f', '12 Months / 20,000 Kms', 12, 20000) ON CONFLICT DO NOTHING;
INSERT INTO tiers (plan_id, min_days, max_days, price_inr, is_active) VALUES ('b9ca11f8-e8da-4cb0-b216-2d54079f8639', 0, 30, 12873.8, TRUE) ON CONFLICT DO NOTHING;
INSERT INTO tiers (plan_id, min_days, max_days, price_inr, is_active) VALUES ('b9ca11f8-e8da-4cb0-b216-2d54079f8639', 31, 365, 14809.0, TRUE) ON CONFLICT DO NOTHING;
INSERT INTO tiers (plan_id, min_days, max_days, price_inr, is_active) VALUES ('b9ca11f8-e8da-4cb0-b216-2d54079f8639', 366, 730, 16744.2, TRUE) ON CONFLICT DO NOTHING;
INSERT INTO tiers (plan_id, min_days, max_days, price_inr, is_active) VALUES ('b9ca11f8-e8da-4cb0-b216-2d54079f8639', 731, 1095, 18667.6, TRUE) ON CONFLICT DO NOTHING;
INSERT INTO plans (id, variant_id, plan_name, duration_months, max_kms) VALUES ('1990a520-a2a0-4c3d-8dd7-23f529ae4d9c', 'a7c96d05-fd32-49da-a355-38cb30aff87f', '24 Months / 40,000 Kms', 24, 40000) ON CONFLICT DO NOTHING;
INSERT INTO tiers (plan_id, min_days, max_days, price_inr, is_active) VALUES ('1990a520-a2a0-4c3d-8dd7-23f529ae4d9c', 0, 30, 14761.8, TRUE) ON CONFLICT DO NOTHING;
INSERT INTO tiers (plan_id, min_days, max_days, price_inr, is_active) VALUES ('1990a520-a2a0-4c3d-8dd7-23f529ae4d9c', 31, 365, 16980.2, TRUE) ON CONFLICT DO NOTHING;
INSERT INTO tiers (plan_id, min_days, max_days, price_inr, is_active) VALUES ('1990a520-a2a0-4c3d-8dd7-23f529ae4d9c', 366, 730, 19198.6, TRUE) ON CONFLICT DO NOTHING;
INSERT INTO tiers (plan_id, min_days, max_days, price_inr, is_active) VALUES ('1990a520-a2a0-4c3d-8dd7-23f529ae4d9c', 731, 1095, 21405.2, TRUE) ON CONFLICT DO NOTHING;
INSERT INTO plans (id, variant_id, plan_name, duration_months, max_kms) VALUES ('24301cc0-fadb-4615-b1ad-7b7c6ec57c20', 'a7c96d05-fd32-49da-a355-38cb30aff87f', '36 Months / 60,000 Kms', 36, 60000) ON CONFLICT DO NOTHING;
INSERT INTO tiers (plan_id, min_days, max_days, price_inr, is_active) VALUES ('24301cc0-fadb-4615-b1ad-7b7c6ec57c20', 0, 30, 16059.8, TRUE) ON CONFLICT DO NOTHING;
INSERT INTO tiers (plan_id, min_days, max_days, price_inr, is_active) VALUES ('24301cc0-fadb-4615-b1ad-7b7c6ec57c20', 31, 365, 18478.8, TRUE) ON CONFLICT DO NOTHING;
INSERT INTO tiers (plan_id, min_days, max_days, price_inr, is_active) VALUES ('24301cc0-fadb-4615-b1ad-7b7c6ec57c20', 366, 730, 20886.0, TRUE) ON CONFLICT DO NOTHING;
INSERT INTO tiers (plan_id, min_days, max_days, price_inr, is_active) VALUES ('24301cc0-fadb-4615-b1ad-7b7c6ec57c20', 731, 1095, 23293.2, TRUE) ON CONFLICT DO NOTHING;
INSERT INTO variants (id, model_id, name, fuel, transmission, oem_warranty_months, oem_warranty_kms) VALUES ('a16ff9be-b5fa-4e11-afec-54b6c30c8b11', '2e240655-3704-4cf2-957a-9db75f7e1a93', 'MARUTI FRONX ISS DELTA+ 1.2L AGS ESP', 'Hybrid', 'Automatic', 36, 100000) ON CONFLICT DO NOTHING;
INSERT INTO plans (id, variant_id, plan_name, duration_months, max_kms) VALUES ('71d0ffd0-ee2a-4343-9337-1beed00aec7e', 'a16ff9be-b5fa-4e11-afec-54b6c30c8b11', '12 Months / 20,000 Kms', 12, 20000) ON CONFLICT DO NOTHING;
INSERT INTO tiers (plan_id, min_days, max_days, price_inr, is_active) VALUES ('71d0ffd0-ee2a-4343-9337-1beed00aec7e', 0, 30, 13782.4, TRUE) ON CONFLICT DO NOTHING;
INSERT INTO tiers (plan_id, min_days, max_days, price_inr, is_active) VALUES ('71d0ffd0-ee2a-4343-9337-1beed00aec7e', 31, 365, 15859.2, TRUE) ON CONFLICT DO NOTHING;
INSERT INTO tiers (plan_id, min_days, max_days, price_inr, is_active) VALUES ('71d0ffd0-ee2a-4343-9337-1beed00aec7e', 366, 730, 17924.2, TRUE) ON CONFLICT DO NOTHING;
INSERT INTO tiers (plan_id, min_days, max_days, price_inr, is_active) VALUES ('71d0ffd0-ee2a-4343-9337-1beed00aec7e', 731, 1095, 19989.2, TRUE) ON CONFLICT DO NOTHING;
INSERT INTO plans (id, variant_id, plan_name, duration_months, max_kms) VALUES ('f4c1cd2a-c7e3-4c49-bc9f-2879f3976731', 'a16ff9be-b5fa-4e11-afec-54b6c30c8b11', '24 Months / 40,000 Kms', 24, 40000) ON CONFLICT DO NOTHING;
INSERT INTO tiers (plan_id, min_days, max_days, price_inr, is_active) VALUES ('f4c1cd2a-c7e3-4c49-bc9f-2879f3976731', 0, 30, 15670.4, TRUE) ON CONFLICT DO NOTHING;
INSERT INTO tiers (plan_id, min_days, max_days, price_inr, is_active) VALUES ('f4c1cd2a-c7e3-4c49-bc9f-2879f3976731', 31, 365, 18030.4, TRUE) ON CONFLICT DO NOTHING;
INSERT INTO tiers (plan_id, min_days, max_days, price_inr, is_active) VALUES ('f4c1cd2a-c7e3-4c49-bc9f-2879f3976731', 366, 730, 20378.6, TRUE) ON CONFLICT DO NOTHING;
INSERT INTO tiers (plan_id, min_days, max_days, price_inr, is_active) VALUES ('f4c1cd2a-c7e3-4c49-bc9f-2879f3976731', 731, 1095, 22726.8, TRUE) ON CONFLICT DO NOTHING;
INSERT INTO plans (id, variant_id, plan_name, duration_months, max_kms) VALUES ('f1868fb1-92e5-42d4-8950-dc3246afd5e8', 'a16ff9be-b5fa-4e11-afec-54b6c30c8b11', '36 Months / 60,000 Kms', 36, 60000) ON CONFLICT DO NOTHING;
INSERT INTO tiers (plan_id, min_days, max_days, price_inr, is_active) VALUES ('f1868fb1-92e5-42d4-8950-dc3246afd5e8', 0, 30, 16968.4, TRUE) ON CONFLICT DO NOTHING;
INSERT INTO tiers (plan_id, min_days, max_days, price_inr, is_active) VALUES ('f1868fb1-92e5-42d4-8950-dc3246afd5e8', 31, 365, 19517.2, TRUE) ON CONFLICT DO NOTHING;
INSERT INTO tiers (plan_id, min_days, max_days, price_inr, is_active) VALUES ('f1868fb1-92e5-42d4-8950-dc3246afd5e8', 366, 730, 22066.0, TRUE) ON CONFLICT DO NOTHING;
INSERT INTO tiers (plan_id, min_days, max_days, price_inr, is_active) VALUES ('f1868fb1-92e5-42d4-8950-dc3246afd5e8', 731, 1095, 24614.8, TRUE) ON CONFLICT DO NOTHING;
INSERT INTO variants (id, model_id, name, fuel, transmission, oem_warranty_months, oem_warranty_kms) VALUES ('5626755b-ab93-40c9-a807-a0a73760b694', '2e240655-3704-4cf2-957a-9db75f7e1a93', 'MARUTI FRONX ISS SIGMA 1.2L 5MT ESP', 'Hybrid', 'Manual', 36, 100000) ON CONFLICT DO NOTHING;
INSERT INTO plans (id, variant_id, plan_name, duration_months, max_kms) VALUES ('2db011df-cf26-4e4d-8fe7-f56624618954', '5626755b-ab93-40c9-a807-a0a73760b694', '12 Months / 20,000 Kms', 12, 20000) ON CONFLICT DO NOTHING;
INSERT INTO tiers (plan_id, min_days, max_days, price_inr, is_active) VALUES ('2db011df-cf26-4e4d-8fe7-f56624618954', 0, 30, 10561.0, TRUE) ON CONFLICT DO NOTHING;
INSERT INTO tiers (plan_id, min_days, max_days, price_inr, is_active) VALUES ('2db011df-cf26-4e4d-8fe7-f56624618954', 31, 365, 12154.0, TRUE) ON CONFLICT DO NOTHING;
INSERT INTO tiers (plan_id, min_days, max_days, price_inr, is_active) VALUES ('2db011df-cf26-4e4d-8fe7-f56624618954', 366, 730, 13735.2, TRUE) ON CONFLICT DO NOTHING;
INSERT INTO tiers (plan_id, min_days, max_days, price_inr, is_active) VALUES ('2db011df-cf26-4e4d-8fe7-f56624618954', 731, 1095, 15316.4, TRUE) ON CONFLICT DO NOTHING;
INSERT INTO plans (id, variant_id, plan_name, duration_months, max_kms) VALUES ('906bb17f-05bb-465f-82ed-1074dc34eeef', '5626755b-ab93-40c9-a807-a0a73760b694', '24 Months / 40,000 Kms', 24, 40000) ON CONFLICT DO NOTHING;
INSERT INTO tiers (plan_id, min_days, max_days, price_inr, is_active) VALUES ('906bb17f-05bb-465f-82ed-1074dc34eeef', 0, 30, 12449.0, TRUE) ON CONFLICT DO NOTHING;
INSERT INTO tiers (plan_id, min_days, max_days, price_inr, is_active) VALUES ('906bb17f-05bb-465f-82ed-1074dc34eeef', 31, 365, 14325.2, TRUE) ON CONFLICT DO NOTHING;
INSERT INTO tiers (plan_id, min_days, max_days, price_inr, is_active) VALUES ('906bb17f-05bb-465f-82ed-1074dc34eeef', 366, 730, 16189.6, TRUE) ON CONFLICT DO NOTHING;
INSERT INTO tiers (plan_id, min_days, max_days, price_inr, is_active) VALUES ('906bb17f-05bb-465f-82ed-1074dc34eeef', 731, 1095, 18054.0, TRUE) ON CONFLICT DO NOTHING;
INSERT INTO plans (id, variant_id, plan_name, duration_months, max_kms) VALUES ('90981d9e-c989-4cae-9e5b-f4350f7bf2a5', '5626755b-ab93-40c9-a807-a0a73760b694', '36 Months / 60,000 Kms', 36, 60000) ON CONFLICT DO NOTHING;
INSERT INTO tiers (plan_id, min_days, max_days, price_inr, is_active) VALUES ('90981d9e-c989-4cae-9e5b-f4350f7bf2a5', 0, 30, 13747.0, TRUE) ON CONFLICT DO NOTHING;
INSERT INTO tiers (plan_id, min_days, max_days, price_inr, is_active) VALUES ('90981d9e-c989-4cae-9e5b-f4350f7bf2a5', 31, 365, 15812.0, TRUE) ON CONFLICT DO NOTHING;
INSERT INTO tiers (plan_id, min_days, max_days, price_inr, is_active) VALUES ('90981d9e-c989-4cae-9e5b-f4350f7bf2a5', 366, 730, 17877.0, TRUE) ON CONFLICT DO NOTHING;
INSERT INTO tiers (plan_id, min_days, max_days, price_inr, is_active) VALUES ('90981d9e-c989-4cae-9e5b-f4350f7bf2a5', 731, 1095, 19942.0, TRUE) ON CONFLICT DO NOTHING;
INSERT INTO variants (id, model_id, name, fuel, transmission, oem_warranty_months, oem_warranty_kms) VALUES ('88b40e5e-d4d6-47e0-a7e5-2c2738fbaeac', '2e240655-3704-4cf2-957a-9db75f7e1a93', 'MARUTI FRONX SIGMA CNG 1.2L 5MT ESP', 'CNG', 'Manual', 36, 100000) ON CONFLICT DO NOTHING;
INSERT INTO plans (id, variant_id, plan_name, duration_months, max_kms) VALUES ('15dd7da7-3109-450a-ac20-56efc19fb49b', '88b40e5e-d4d6-47e0-a7e5-2c2738fbaeac', '12 Months / 20,000 Kms', 12, 20000) ON CONFLICT DO NOTHING;
INSERT INTO tiers (plan_id, min_days, max_days, price_inr, is_active) VALUES ('15dd7da7-3109-450a-ac20-56efc19fb49b', 0, 30, 12307.4, TRUE) ON CONFLICT DO NOTHING;
INSERT INTO tiers (plan_id, min_days, max_days, price_inr, is_active) VALUES ('15dd7da7-3109-450a-ac20-56efc19fb49b', 31, 365, 14160.0, TRUE) ON CONFLICT DO NOTHING;
INSERT INTO tiers (plan_id, min_days, max_days, price_inr, is_active) VALUES ('15dd7da7-3109-450a-ac20-56efc19fb49b', 366, 730, 16000.8, TRUE) ON CONFLICT DO NOTHING;
INSERT INTO tiers (plan_id, min_days, max_days, price_inr, is_active) VALUES ('15dd7da7-3109-450a-ac20-56efc19fb49b', 731, 1095, 17853.4, TRUE) ON CONFLICT DO NOTHING;
INSERT INTO plans (id, variant_id, plan_name, duration_months, max_kms) VALUES ('afc8ab5b-d0b3-4b70-ae57-f9b20214a80c', '88b40e5e-d4d6-47e0-a7e5-2c2738fbaeac', '24 Months / 40,000 Kms', 24, 40000) ON CONFLICT DO NOTHING;
INSERT INTO tiers (plan_id, min_days, max_days, price_inr, is_active) VALUES ('afc8ab5b-d0b3-4b70-ae57-f9b20214a80c', 0, 30, 14195.4, TRUE) ON CONFLICT DO NOTHING;
INSERT INTO tiers (plan_id, min_days, max_days, price_inr, is_active) VALUES ('afc8ab5b-d0b3-4b70-ae57-f9b20214a80c', 31, 365, 16331.2, TRUE) ON CONFLICT DO NOTHING;
INSERT INTO tiers (plan_id, min_days, max_days, price_inr, is_active) VALUES ('afc8ab5b-d0b3-4b70-ae57-f9b20214a80c', 366, 730, 18455.2, TRUE) ON CONFLICT DO NOTHING;
INSERT INTO tiers (plan_id, min_days, max_days, price_inr, is_active) VALUES ('afc8ab5b-d0b3-4b70-ae57-f9b20214a80c', 731, 1095, 20591.0, TRUE) ON CONFLICT DO NOTHING;
INSERT INTO plans (id, variant_id, plan_name, duration_months, max_kms) VALUES ('67901577-c1e6-4aae-a12e-3638f9bbe524', '88b40e5e-d4d6-47e0-a7e5-2c2738fbaeac', '36 Months / 60,000 Kms', 36, 60000) ON CONFLICT DO NOTHING;
INSERT INTO tiers (plan_id, min_days, max_days, price_inr, is_active) VALUES ('67901577-c1e6-4aae-a12e-3638f9bbe524', 0, 30, 15493.4, TRUE) ON CONFLICT DO NOTHING;
INSERT INTO tiers (plan_id, min_days, max_days, price_inr, is_active) VALUES ('67901577-c1e6-4aae-a12e-3638f9bbe524', 31, 365, 17818.0, TRUE) ON CONFLICT DO NOTHING;
INSERT INTO tiers (plan_id, min_days, max_days, price_inr, is_active) VALUES ('67901577-c1e6-4aae-a12e-3638f9bbe524', 366, 730, 20142.6, TRUE) ON CONFLICT DO NOTHING;
INSERT INTO tiers (plan_id, min_days, max_days, price_inr, is_active) VALUES ('67901577-c1e6-4aae-a12e-3638f9bbe524', 731, 1095, 22467.2, TRUE) ON CONFLICT DO NOTHING;
INSERT INTO variants (id, model_id, name, fuel, transmission, oem_warranty_months, oem_warranty_kms) VALUES ('a4b4bba5-4d42-4e5a-a043-aa6b8ed18a41', '2e240655-3704-4cf2-957a-9db75f7e1a93', 'MARUTI FRONX TURBO SMART HYBRID ALPHA 1.0L 5MT ESP', 'Hybrid', 'Manual', 36, 100000) ON CONFLICT DO NOTHING;
INSERT INTO plans (id, variant_id, plan_name, duration_months, max_kms) VALUES ('f413c8eb-3a4a-480b-8a1e-5fdec029790e', 'a4b4bba5-4d42-4e5a-a043-aa6b8ed18a41', '12 Months / 20,000 Kms', 12, 20000) ON CONFLICT DO NOTHING;
INSERT INTO tiers (plan_id, min_days, max_days, price_inr, is_active) VALUES ('f413c8eb-3a4a-480b-8a1e-5fdec029790e', 0, 30, 18101.2, TRUE) ON CONFLICT DO NOTHING;
INSERT INTO tiers (plan_id, min_days, max_days, price_inr, is_active) VALUES ('f413c8eb-3a4a-480b-8a1e-5fdec029790e', 31, 365, 20827.0, TRUE) ON CONFLICT DO NOTHING;
INSERT INTO tiers (plan_id, min_days, max_days, price_inr, is_active) VALUES ('f413c8eb-3a4a-480b-8a1e-5fdec029790e', 366, 730, 23541.0, TRUE) ON CONFLICT DO NOTHING;
INSERT INTO tiers (plan_id, min_days, max_days, price_inr, is_active) VALUES ('f413c8eb-3a4a-480b-8a1e-5fdec029790e', 731, 1095, 26255.0, TRUE) ON CONFLICT DO NOTHING;
INSERT INTO plans (id, variant_id, plan_name, duration_months, max_kms) VALUES ('005429bc-66ba-4f3e-8648-2c619a8b9214', 'a4b4bba5-4d42-4e5a-a043-aa6b8ed18a41', '24 Months / 40,000 Kms', 24, 40000) ON CONFLICT DO NOTHING;
INSERT INTO tiers (plan_id, min_days, max_days, price_inr, is_active) VALUES ('005429bc-66ba-4f3e-8648-2c619a8b9214', 0, 30, 19989.2, TRUE) ON CONFLICT DO NOTHING;
INSERT INTO tiers (plan_id, min_days, max_days, price_inr, is_active) VALUES ('005429bc-66ba-4f3e-8648-2c619a8b9214', 31, 365, 22998.2, TRUE) ON CONFLICT DO NOTHING;
INSERT INTO tiers (plan_id, min_days, max_days, price_inr, is_active) VALUES ('005429bc-66ba-4f3e-8648-2c619a8b9214', 366, 730, 25995.4, TRUE) ON CONFLICT DO NOTHING;
INSERT INTO tiers (plan_id, min_days, max_days, price_inr, is_active) VALUES ('005429bc-66ba-4f3e-8648-2c619a8b9214', 731, 1095, 28992.6, TRUE) ON CONFLICT DO NOTHING;
INSERT INTO plans (id, variant_id, plan_name, duration_months, max_kms) VALUES ('01fb79f7-9b57-4f84-967a-27b2227a3d40', 'a4b4bba5-4d42-4e5a-a043-aa6b8ed18a41', '36 Months / 60,000 Kms', 36, 60000) ON CONFLICT DO NOTHING;
INSERT INTO tiers (plan_id, min_days, max_days, price_inr, is_active) VALUES ('01fb79f7-9b57-4f84-967a-27b2227a3d40', 0, 30, 21287.2, TRUE) ON CONFLICT DO NOTHING;
INSERT INTO tiers (plan_id, min_days, max_days, price_inr, is_active) VALUES ('01fb79f7-9b57-4f84-967a-27b2227a3d40', 31, 365, 24485.0, TRUE) ON CONFLICT DO NOTHING;
INSERT INTO tiers (plan_id, min_days, max_days, price_inr, is_active) VALUES ('01fb79f7-9b57-4f84-967a-27b2227a3d40', 366, 730, 27682.8, TRUE) ON CONFLICT DO NOTHING;
INSERT INTO tiers (plan_id, min_days, max_days, price_inr, is_active) VALUES ('01fb79f7-9b57-4f84-967a-27b2227a3d40', 731, 1095, 30868.8, TRUE) ON CONFLICT DO NOTHING;
INSERT INTO variants (id, model_id, name, fuel, transmission, oem_warranty_months, oem_warranty_kms) VALUES ('e2dac57e-9ba3-417d-a9ad-56c94de22a7c', '2e240655-3704-4cf2-957a-9db75f7e1a93', 'MARUTI FRONX TURBO SMART HYBRID ALPHA 1.0L 6AT ESP', 'Hybrid', 'Automatic', 36, 100000) ON CONFLICT DO NOTHING;
INSERT INTO plans (id, variant_id, plan_name, duration_months, max_kms) VALUES ('08a15ed6-2b6f-4ff6-a893-7c549e639113', 'e2dac57e-9ba3-417d-a9ad-56c94de22a7c', '12 Months / 20,000 Kms', 12, 20000) ON CONFLICT DO NOTHING;
INSERT INTO tiers (plan_id, min_days, max_days, price_inr, is_active) VALUES ('08a15ed6-2b6f-4ff6-a893-7c549e639113', 0, 30, 20661.8, TRUE) ON CONFLICT DO NOTHING;
INSERT INTO tiers (plan_id, min_days, max_days, price_inr, is_active) VALUES ('08a15ed6-2b6f-4ff6-a893-7c549e639113', 31, 365, 23765.2, TRUE) ON CONFLICT DO NOTHING;
INSERT INTO tiers (plan_id, min_days, max_days, price_inr, is_active) VALUES ('08a15ed6-2b6f-4ff6-a893-7c549e639113', 366, 730, 26868.6, TRUE) ON CONFLICT DO NOTHING;
INSERT INTO tiers (plan_id, min_days, max_days, price_inr, is_active) VALUES ('08a15ed6-2b6f-4ff6-a893-7c549e639113', 731, 1095, 29960.2, TRUE) ON CONFLICT DO NOTHING;
INSERT INTO plans (id, variant_id, plan_name, duration_months, max_kms) VALUES ('3b0e9adc-cf64-4577-b4d8-ee651ee96ffa', 'e2dac57e-9ba3-417d-a9ad-56c94de22a7c', '24 Months / 40,000 Kms', 24, 40000) ON CONFLICT DO NOTHING;
INSERT INTO tiers (plan_id, min_days, max_days, price_inr, is_active) VALUES ('3b0e9adc-cf64-4577-b4d8-ee651ee96ffa', 0, 30, 22549.8, TRUE) ON CONFLICT DO NOTHING;
INSERT INTO tiers (plan_id, min_days, max_days, price_inr, is_active) VALUES ('3b0e9adc-cf64-4577-b4d8-ee651ee96ffa', 31, 365, 25936.4, TRUE) ON CONFLICT DO NOTHING;
INSERT INTO tiers (plan_id, min_days, max_days, price_inr, is_active) VALUES ('3b0e9adc-cf64-4577-b4d8-ee651ee96ffa', 366, 730, 29323.0, TRUE) ON CONFLICT DO NOTHING;
INSERT INTO tiers (plan_id, min_days, max_days, price_inr, is_active) VALUES ('3b0e9adc-cf64-4577-b4d8-ee651ee96ffa', 731, 1095, 32697.8, TRUE) ON CONFLICT DO NOTHING;
INSERT INTO plans (id, variant_id, plan_name, duration_months, max_kms) VALUES ('f9b3c2c6-1f3c-4f8c-b071-a35d5877af2d', 'e2dac57e-9ba3-417d-a9ad-56c94de22a7c', '36 Months / 60,000 Kms', 36, 60000) ON CONFLICT DO NOTHING;
INSERT INTO tiers (plan_id, min_days, max_days, price_inr, is_active) VALUES ('f9b3c2c6-1f3c-4f8c-b071-a35d5877af2d', 0, 30, 23847.8, TRUE) ON CONFLICT DO NOTHING;
INSERT INTO tiers (plan_id, min_days, max_days, price_inr, is_active) VALUES ('f9b3c2c6-1f3c-4f8c-b071-a35d5877af2d', 31, 365, 27435.0, TRUE) ON CONFLICT DO NOTHING;
INSERT INTO tiers (plan_id, min_days, max_days, price_inr, is_active) VALUES ('f9b3c2c6-1f3c-4f8c-b071-a35d5877af2d', 366, 730, 31010.4, TRUE) ON CONFLICT DO NOTHING;
INSERT INTO tiers (plan_id, min_days, max_days, price_inr, is_active) VALUES ('f9b3c2c6-1f3c-4f8c-b071-a35d5877af2d', 731, 1095, 34585.8, TRUE) ON CONFLICT DO NOTHING;
INSERT INTO variants (id, model_id, name, fuel, transmission, oem_warranty_months, oem_warranty_kms) VALUES ('8f35b394-4bd6-4ad9-8211-d221a29bf088', '2e240655-3704-4cf2-957a-9db75f7e1a93', 'MARUTI FRONX TURBO SMART HYBRID ALPHA 1L 5MT ESP', 'Hybrid', 'Manual', 36, 100000) ON CONFLICT DO NOTHING;
INSERT INTO plans (id, variant_id, plan_name, duration_months, max_kms) VALUES ('ef9ed9a5-ce89-4f76-99a2-9865a850b9e3', '8f35b394-4bd6-4ad9-8211-d221a29bf088', '12 Months / 20,000 Kms', 12, 20000) ON CONFLICT DO NOTHING;
INSERT INTO tiers (plan_id, min_days, max_days, price_inr, is_active) VALUES ('ef9ed9a5-ce89-4f76-99a2-9865a850b9e3', 0, 30, 18101.2, TRUE) ON CONFLICT DO NOTHING;
INSERT INTO tiers (plan_id, min_days, max_days, price_inr, is_active) VALUES ('ef9ed9a5-ce89-4f76-99a2-9865a850b9e3', 31, 365, 20827.0, TRUE) ON CONFLICT DO NOTHING;
INSERT INTO tiers (plan_id, min_days, max_days, price_inr, is_active) VALUES ('ef9ed9a5-ce89-4f76-99a2-9865a850b9e3', 366, 730, 23541.0, TRUE) ON CONFLICT DO NOTHING;
INSERT INTO tiers (plan_id, min_days, max_days, price_inr, is_active) VALUES ('ef9ed9a5-ce89-4f76-99a2-9865a850b9e3', 731, 1095, 26255.0, TRUE) ON CONFLICT DO NOTHING;
INSERT INTO plans (id, variant_id, plan_name, duration_months, max_kms) VALUES ('ee71c60d-50bb-4605-8c04-16438e72df02', '8f35b394-4bd6-4ad9-8211-d221a29bf088', '24 Months / 40,000 Kms', 24, 40000) ON CONFLICT DO NOTHING;
INSERT INTO tiers (plan_id, min_days, max_days, price_inr, is_active) VALUES ('ee71c60d-50bb-4605-8c04-16438e72df02', 0, 30, 19989.2, TRUE) ON CONFLICT DO NOTHING;
INSERT INTO tiers (plan_id, min_days, max_days, price_inr, is_active) VALUES ('ee71c60d-50bb-4605-8c04-16438e72df02', 31, 365, 22998.2, TRUE) ON CONFLICT DO NOTHING;
INSERT INTO tiers (plan_id, min_days, max_days, price_inr, is_active) VALUES ('ee71c60d-50bb-4605-8c04-16438e72df02', 366, 730, 25995.4, TRUE) ON CONFLICT DO NOTHING;
INSERT INTO tiers (plan_id, min_days, max_days, price_inr, is_active) VALUES ('ee71c60d-50bb-4605-8c04-16438e72df02', 731, 1095, 28992.6, TRUE) ON CONFLICT DO NOTHING;
INSERT INTO plans (id, variant_id, plan_name, duration_months, max_kms) VALUES ('13ec90de-4481-4aaf-a897-f5163f731372', '8f35b394-4bd6-4ad9-8211-d221a29bf088', '36 Months / 60,000 Kms', 36, 60000) ON CONFLICT DO NOTHING;
INSERT INTO tiers (plan_id, min_days, max_days, price_inr, is_active) VALUES ('13ec90de-4481-4aaf-a897-f5163f731372', 0, 30, 21287.2, TRUE) ON CONFLICT DO NOTHING;
INSERT INTO tiers (plan_id, min_days, max_days, price_inr, is_active) VALUES ('13ec90de-4481-4aaf-a897-f5163f731372', 31, 365, 24485.0, TRUE) ON CONFLICT DO NOTHING;
INSERT INTO tiers (plan_id, min_days, max_days, price_inr, is_active) VALUES ('13ec90de-4481-4aaf-a897-f5163f731372', 366, 730, 27682.8, TRUE) ON CONFLICT DO NOTHING;
INSERT INTO tiers (plan_id, min_days, max_days, price_inr, is_active) VALUES ('13ec90de-4481-4aaf-a897-f5163f731372', 731, 1095, 30868.8, TRUE) ON CONFLICT DO NOTHING;
INSERT INTO variants (id, model_id, name, fuel, transmission, oem_warranty_months, oem_warranty_kms) VALUES ('7946a0c4-8e05-46ac-b82b-a5457be38cf5', '2e240655-3704-4cf2-957a-9db75f7e1a93', 'MARUTI FRONX TURBO SMART HYBRID ALPHA 1L 6AT ESP', 'Hybrid', 'Automatic', 36, 100000) ON CONFLICT DO NOTHING;
INSERT INTO plans (id, variant_id, plan_name, duration_months, max_kms) VALUES ('02abdd31-165b-4039-ba1a-be6ce3dd2d29', '7946a0c4-8e05-46ac-b82b-a5457be38cf5', '12 Months / 20,000 Kms', 12, 20000) ON CONFLICT DO NOTHING;
INSERT INTO tiers (plan_id, min_days, max_days, price_inr, is_active) VALUES ('02abdd31-165b-4039-ba1a-be6ce3dd2d29', 0, 30, 20838.8, TRUE) ON CONFLICT DO NOTHING;
INSERT INTO tiers (plan_id, min_days, max_days, price_inr, is_active) VALUES ('02abdd31-165b-4039-ba1a-be6ce3dd2d29', 31, 365, 23965.8, TRUE) ON CONFLICT DO NOTHING;
INSERT INTO tiers (plan_id, min_days, max_days, price_inr, is_active) VALUES ('02abdd31-165b-4039-ba1a-be6ce3dd2d29', 366, 730, 27092.8, TRUE) ON CONFLICT DO NOTHING;
INSERT INTO tiers (plan_id, min_days, max_days, price_inr, is_active) VALUES ('02abdd31-165b-4039-ba1a-be6ce3dd2d29', 731, 1095, 30219.8, TRUE) ON CONFLICT DO NOTHING;
INSERT INTO plans (id, variant_id, plan_name, duration_months, max_kms) VALUES ('c750e08e-b199-4d58-8242-c6899d754f97', '7946a0c4-8e05-46ac-b82b-a5457be38cf5', '24 Months / 40,000 Kms', 24, 40000) ON CONFLICT DO NOTHING;
INSERT INTO tiers (plan_id, min_days, max_days, price_inr, is_active) VALUES ('c750e08e-b199-4d58-8242-c6899d754f97', 0, 30, 22726.8, TRUE) ON CONFLICT DO NOTHING;
INSERT INTO tiers (plan_id, min_days, max_days, price_inr, is_active) VALUES ('c750e08e-b199-4d58-8242-c6899d754f97', 31, 365, 26137.0, TRUE) ON CONFLICT DO NOTHING;
INSERT INTO tiers (plan_id, min_days, max_days, price_inr, is_active) VALUES ('c750e08e-b199-4d58-8242-c6899d754f97', 366, 730, 29547.2, TRUE) ON CONFLICT DO NOTHING;
INSERT INTO tiers (plan_id, min_days, max_days, price_inr, is_active) VALUES ('c750e08e-b199-4d58-8242-c6899d754f97', 731, 1095, 32957.4, TRUE) ON CONFLICT DO NOTHING;
INSERT INTO plans (id, variant_id, plan_name, duration_months, max_kms) VALUES ('914e3393-5cfb-4781-9dce-0b32c2fd866a', '7946a0c4-8e05-46ac-b82b-a5457be38cf5', '36 Months / 60,000 Kms', 36, 60000) ON CONFLICT DO NOTHING;
INSERT INTO tiers (plan_id, min_days, max_days, price_inr, is_active) VALUES ('914e3393-5cfb-4781-9dce-0b32c2fd866a', 0, 30, 24024.8, TRUE) ON CONFLICT DO NOTHING;
INSERT INTO tiers (plan_id, min_days, max_days, price_inr, is_active) VALUES ('914e3393-5cfb-4781-9dce-0b32c2fd866a', 31, 365, 27635.6, TRUE) ON CONFLICT DO NOTHING;
INSERT INTO tiers (plan_id, min_days, max_days, price_inr, is_active) VALUES ('914e3393-5cfb-4781-9dce-0b32c2fd866a', 366, 730, 31234.6, TRUE) ON CONFLICT DO NOTHING;
INSERT INTO tiers (plan_id, min_days, max_days, price_inr, is_active) VALUES ('914e3393-5cfb-4781-9dce-0b32c2fd866a', 731, 1095, 34845.4, TRUE) ON CONFLICT DO NOTHING;
INSERT INTO variants (id, model_id, name, fuel, transmission, oem_warranty_months, oem_warranty_kms) VALUES ('ef8c7c1f-4369-47f5-912f-05ed3d7bbb42', '2e240655-3704-4cf2-957a-9db75f7e1a93', 'MARUTI FRONX TURBO SMART HYBRID DELTA+ 1L 5MT ESP', 'Hybrid', 'Manual', 36, 100000) ON CONFLICT DO NOTHING;
INSERT INTO plans (id, variant_id, plan_name, duration_months, max_kms) VALUES ('6ff823cf-b4eb-428f-9433-ed70275c70df', 'ef8c7c1f-4369-47f5-912f-05ed3d7bbb42', '12 Months / 20,000 Kms', 12, 20000) ON CONFLICT DO NOTHING;
INSERT INTO tiers (plan_id, min_days, max_days, price_inr, is_active) VALUES ('6ff823cf-b4eb-428f-9433-ed70275c70df', 0, 30, 14608.4, TRUE) ON CONFLICT DO NOTHING;
INSERT INTO tiers (plan_id, min_days, max_days, price_inr, is_active) VALUES ('6ff823cf-b4eb-428f-9433-ed70275c70df', 31, 365, 16803.2, TRUE) ON CONFLICT DO NOTHING;
INSERT INTO tiers (plan_id, min_days, max_days, price_inr, is_active) VALUES ('6ff823cf-b4eb-428f-9433-ed70275c70df', 366, 730, 18998.0, TRUE) ON CONFLICT DO NOTHING;
INSERT INTO tiers (plan_id, min_days, max_days, price_inr, is_active) VALUES ('6ff823cf-b4eb-428f-9433-ed70275c70df', 731, 1095, 21192.8, TRUE) ON CONFLICT DO NOTHING;
INSERT INTO plans (id, variant_id, plan_name, duration_months, max_kms) VALUES ('f73843f2-730e-4562-b54e-fa01c3b64a5f', 'ef8c7c1f-4369-47f5-912f-05ed3d7bbb42', '24 Months / 40,000 Kms', 24, 40000) ON CONFLICT DO NOTHING;
INSERT INTO tiers (plan_id, min_days, max_days, price_inr, is_active) VALUES ('f73843f2-730e-4562-b54e-fa01c3b64a5f', 0, 30, 16496.4, TRUE) ON CONFLICT DO NOTHING;
INSERT INTO tiers (plan_id, min_days, max_days, price_inr, is_active) VALUES ('f73843f2-730e-4562-b54e-fa01c3b64a5f', 31, 365, 18974.4, TRUE) ON CONFLICT DO NOTHING;
INSERT INTO tiers (plan_id, min_days, max_days, price_inr, is_active) VALUES ('f73843f2-730e-4562-b54e-fa01c3b64a5f', 366, 730, 21452.4, TRUE) ON CONFLICT DO NOTHING;
INSERT INTO tiers (plan_id, min_days, max_days, price_inr, is_active) VALUES ('f73843f2-730e-4562-b54e-fa01c3b64a5f', 731, 1095, 23930.4, TRUE) ON CONFLICT DO NOTHING;
INSERT INTO plans (id, variant_id, plan_name, duration_months, max_kms) VALUES ('9f4723b4-3fcf-44bb-b331-6868319e7591', 'ef8c7c1f-4369-47f5-912f-05ed3d7bbb42', '36 Months / 60,000 Kms', 36, 60000) ON CONFLICT DO NOTHING;
INSERT INTO tiers (plan_id, min_days, max_days, price_inr, is_active) VALUES ('9f4723b4-3fcf-44bb-b331-6868319e7591', 0, 30, 17794.4, TRUE) ON CONFLICT DO NOTHING;
INSERT INTO tiers (plan_id, min_days, max_days, price_inr, is_active) VALUES ('9f4723b4-3fcf-44bb-b331-6868319e7591', 31, 365, 20473.0, TRUE) ON CONFLICT DO NOTHING;
INSERT INTO tiers (plan_id, min_days, max_days, price_inr, is_active) VALUES ('9f4723b4-3fcf-44bb-b331-6868319e7591', 366, 730, 23139.8, TRUE) ON CONFLICT DO NOTHING;
INSERT INTO tiers (plan_id, min_days, max_days, price_inr, is_active) VALUES ('9f4723b4-3fcf-44bb-b331-6868319e7591', 731, 1095, 25806.6, TRUE) ON CONFLICT DO NOTHING;
INSERT INTO variants (id, model_id, name, fuel, transmission, oem_warranty_months, oem_warranty_kms) VALUES ('3418f542-57a3-4131-8dec-c8792cd8ff9f', '2e240655-3704-4cf2-957a-9db75f7e1a93', 'MARUTI FRONX TURBO SMART HYBRID DELTA+1.0L 5MT ESP', 'Hybrid', 'Manual', 36, 100000) ON CONFLICT DO NOTHING;
INSERT INTO plans (id, variant_id, plan_name, duration_months, max_kms) VALUES ('9183a332-e584-477e-9009-ccc20bdcd0b5', '3418f542-57a3-4131-8dec-c8792cd8ff9f', '12 Months / 20,000 Kms', 12, 20000) ON CONFLICT DO NOTHING;
INSERT INTO tiers (plan_id, min_days, max_days, price_inr, is_active) VALUES ('9183a332-e584-477e-9009-ccc20bdcd0b5', 0, 30, 14608.4, TRUE) ON CONFLICT DO NOTHING;
INSERT INTO tiers (plan_id, min_days, max_days, price_inr, is_active) VALUES ('9183a332-e584-477e-9009-ccc20bdcd0b5', 31, 365, 16803.2, TRUE) ON CONFLICT DO NOTHING;
INSERT INTO tiers (plan_id, min_days, max_days, price_inr, is_active) VALUES ('9183a332-e584-477e-9009-ccc20bdcd0b5', 366, 730, 18998.0, TRUE) ON CONFLICT DO NOTHING;
INSERT INTO tiers (plan_id, min_days, max_days, price_inr, is_active) VALUES ('9183a332-e584-477e-9009-ccc20bdcd0b5', 731, 1095, 21192.8, TRUE) ON CONFLICT DO NOTHING;
INSERT INTO plans (id, variant_id, plan_name, duration_months, max_kms) VALUES ('a9542a12-1c88-4583-b0cd-c39c3c1385a6', '3418f542-57a3-4131-8dec-c8792cd8ff9f', '24 Months / 40,000 Kms', 24, 40000) ON CONFLICT DO NOTHING;
INSERT INTO tiers (plan_id, min_days, max_days, price_inr, is_active) VALUES ('a9542a12-1c88-4583-b0cd-c39c3c1385a6', 0, 30, 16496.4, TRUE) ON CONFLICT DO NOTHING;
INSERT INTO tiers (plan_id, min_days, max_days, price_inr, is_active) VALUES ('a9542a12-1c88-4583-b0cd-c39c3c1385a6', 31, 365, 18974.4, TRUE) ON CONFLICT DO NOTHING;
INSERT INTO tiers (plan_id, min_days, max_days, price_inr, is_active) VALUES ('a9542a12-1c88-4583-b0cd-c39c3c1385a6', 366, 730, 21452.4, TRUE) ON CONFLICT DO NOTHING;
INSERT INTO tiers (plan_id, min_days, max_days, price_inr, is_active) VALUES ('a9542a12-1c88-4583-b0cd-c39c3c1385a6', 731, 1095, 23930.4, TRUE) ON CONFLICT DO NOTHING;
INSERT INTO plans (id, variant_id, plan_name, duration_months, max_kms) VALUES ('ff7b67cf-7add-4d2b-aeb8-3b0424cd20ab', '3418f542-57a3-4131-8dec-c8792cd8ff9f', '36 Months / 60,000 Kms', 36, 60000) ON CONFLICT DO NOTHING;
INSERT INTO tiers (plan_id, min_days, max_days, price_inr, is_active) VALUES ('ff7b67cf-7add-4d2b-aeb8-3b0424cd20ab', 0, 30, 17794.4, TRUE) ON CONFLICT DO NOTHING;
INSERT INTO tiers (plan_id, min_days, max_days, price_inr, is_active) VALUES ('ff7b67cf-7add-4d2b-aeb8-3b0424cd20ab', 31, 365, 20473.0, TRUE) ON CONFLICT DO NOTHING;
INSERT INTO tiers (plan_id, min_days, max_days, price_inr, is_active) VALUES ('ff7b67cf-7add-4d2b-aeb8-3b0424cd20ab', 366, 730, 23139.8, TRUE) ON CONFLICT DO NOTHING;
INSERT INTO tiers (plan_id, min_days, max_days, price_inr, is_active) VALUES ('ff7b67cf-7add-4d2b-aeb8-3b0424cd20ab', 731, 1095, 25806.6, TRUE) ON CONFLICT DO NOTHING;
INSERT INTO variants (id, model_id, name, fuel, transmission, oem_warranty_months, oem_warranty_kms) VALUES ('3cada2b7-ad7c-4c7e-8233-ba4c8b02c1b5', '2e240655-3704-4cf2-957a-9db75f7e1a93', 'MARUTI FRONX TURBO SMART HYBRID ZETA 1.0L 5MT ESP', 'Hybrid', 'Manual', 36, 100000) ON CONFLICT DO NOTHING;
INSERT INTO plans (id, variant_id, plan_name, duration_months, max_kms) VALUES ('d4774915-e985-4376-9d04-f7f7a9d3fcc6', '3cada2b7-ad7c-4c7e-8233-ba4c8b02c1b5', '12 Months / 20,000 Kms', 12, 20000) ON CONFLICT DO NOTHING;
INSERT INTO tiers (plan_id, min_days, max_days, price_inr, is_active) VALUES ('d4774915-e985-4376-9d04-f7f7a9d3fcc6', 0, 30, 16130.6, TRUE) ON CONFLICT DO NOTHING;
INSERT INTO tiers (plan_id, min_days, max_days, price_inr, is_active) VALUES ('d4774915-e985-4376-9d04-f7f7a9d3fcc6', 31, 365, 18561.4, TRUE) ON CONFLICT DO NOTHING;
INSERT INTO tiers (plan_id, min_days, max_days, price_inr, is_active) VALUES ('d4774915-e985-4376-9d04-f7f7a9d3fcc6', 366, 730, 20980.4, TRUE) ON CONFLICT DO NOTHING;
INSERT INTO tiers (plan_id, min_days, max_days, price_inr, is_active) VALUES ('d4774915-e985-4376-9d04-f7f7a9d3fcc6', 731, 1095, 23399.4, TRUE) ON CONFLICT DO NOTHING;
INSERT INTO plans (id, variant_id, plan_name, duration_months, max_kms) VALUES ('7e2c9f31-484c-494b-a23a-f9f4cba55f7e', '3cada2b7-ad7c-4c7e-8233-ba4c8b02c1b5', '24 Months / 40,000 Kms', 24, 40000) ON CONFLICT DO NOTHING;
INSERT INTO tiers (plan_id, min_days, max_days, price_inr, is_active) VALUES ('7e2c9f31-484c-494b-a23a-f9f4cba55f7e', 0, 30, 18018.6, TRUE) ON CONFLICT DO NOTHING;
INSERT INTO tiers (plan_id, min_days, max_days, price_inr, is_active) VALUES ('7e2c9f31-484c-494b-a23a-f9f4cba55f7e', 31, 365, 20732.6, TRUE) ON CONFLICT DO NOTHING;
INSERT INTO tiers (plan_id, min_days, max_days, price_inr, is_active) VALUES ('7e2c9f31-484c-494b-a23a-f9f4cba55f7e', 366, 730, 23434.8, TRUE) ON CONFLICT DO NOTHING;
INSERT INTO tiers (plan_id, min_days, max_days, price_inr, is_active) VALUES ('7e2c9f31-484c-494b-a23a-f9f4cba55f7e', 731, 1095, 26137.0, TRUE) ON CONFLICT DO NOTHING;
INSERT INTO plans (id, variant_id, plan_name, duration_months, max_kms) VALUES ('025c9d01-b56f-45b1-ae46-4d0ab0b6cf09', '3cada2b7-ad7c-4c7e-8233-ba4c8b02c1b5', '36 Months / 60,000 Kms', 36, 60000) ON CONFLICT DO NOTHING;
INSERT INTO tiers (plan_id, min_days, max_days, price_inr, is_active) VALUES ('025c9d01-b56f-45b1-ae46-4d0ab0b6cf09', 0, 30, 19316.6, TRUE) ON CONFLICT DO NOTHING;
INSERT INTO tiers (plan_id, min_days, max_days, price_inr, is_active) VALUES ('025c9d01-b56f-45b1-ae46-4d0ab0b6cf09', 31, 365, 22219.4, TRUE) ON CONFLICT DO NOTHING;
INSERT INTO tiers (plan_id, min_days, max_days, price_inr, is_active) VALUES ('025c9d01-b56f-45b1-ae46-4d0ab0b6cf09', 366, 730, 25122.2, TRUE) ON CONFLICT DO NOTHING;
INSERT INTO tiers (plan_id, min_days, max_days, price_inr, is_active) VALUES ('025c9d01-b56f-45b1-ae46-4d0ab0b6cf09', 731, 1095, 28013.2, TRUE) ON CONFLICT DO NOTHING;
INSERT INTO variants (id, model_id, name, fuel, transmission, oem_warranty_months, oem_warranty_kms) VALUES ('bc28dca9-214a-4e75-9d83-a7300a9ca8df', '2e240655-3704-4cf2-957a-9db75f7e1a93', 'MARUTI FRONX TURBO SMART HYBRID ZETA 1.0L 6AT ESP', 'Hybrid', 'Automatic', 36, 100000) ON CONFLICT DO NOTHING;
INSERT INTO plans (id, variant_id, plan_name, duration_months, max_kms) VALUES ('83c86a8c-9106-44d4-8321-16fcf9a10b6c', 'bc28dca9-214a-4e75-9d83-a7300a9ca8df', '12 Months / 20,000 Kms', 12, 20000) ON CONFLICT DO NOTHING;
INSERT INTO tiers (plan_id, min_days, max_days, price_inr, is_active) VALUES ('83c86a8c-9106-44d4-8321-16fcf9a10b6c', 0, 30, 18691.2, TRUE) ON CONFLICT DO NOTHING;
INSERT INTO tiers (plan_id, min_days, max_days, price_inr, is_active) VALUES ('83c86a8c-9106-44d4-8321-16fcf9a10b6c', 31, 365, 21499.6, TRUE) ON CONFLICT DO NOTHING;
INSERT INTO tiers (plan_id, min_days, max_days, price_inr, is_active) VALUES ('83c86a8c-9106-44d4-8321-16fcf9a10b6c', 366, 730, 24308.0, TRUE) ON CONFLICT DO NOTHING;
INSERT INTO tiers (plan_id, min_days, max_days, price_inr, is_active) VALUES ('83c86a8c-9106-44d4-8321-16fcf9a10b6c', 731, 1095, 27104.6, TRUE) ON CONFLICT DO NOTHING;
INSERT INTO plans (id, variant_id, plan_name, duration_months, max_kms) VALUES ('47035d5b-3811-49c3-80ba-1c87ae060044', 'bc28dca9-214a-4e75-9d83-a7300a9ca8df', '24 Months / 40,000 Kms', 24, 40000) ON CONFLICT DO NOTHING;
INSERT INTO tiers (plan_id, min_days, max_days, price_inr, is_active) VALUES ('47035d5b-3811-49c3-80ba-1c87ae060044', 0, 30, 20579.2, TRUE) ON CONFLICT DO NOTHING;
INSERT INTO tiers (plan_id, min_days, max_days, price_inr, is_active) VALUES ('47035d5b-3811-49c3-80ba-1c87ae060044', 31, 365, 23670.8, TRUE) ON CONFLICT DO NOTHING;
INSERT INTO tiers (plan_id, min_days, max_days, price_inr, is_active) VALUES ('47035d5b-3811-49c3-80ba-1c87ae060044', 366, 730, 26762.4, TRUE) ON CONFLICT DO NOTHING;
INSERT INTO tiers (plan_id, min_days, max_days, price_inr, is_active) VALUES ('47035d5b-3811-49c3-80ba-1c87ae060044', 731, 1095, 29842.2, TRUE) ON CONFLICT DO NOTHING;
INSERT INTO plans (id, variant_id, plan_name, duration_months, max_kms) VALUES ('49e3ae61-753f-4c03-81e1-98cfeb93dc78', 'bc28dca9-214a-4e75-9d83-a7300a9ca8df', '36 Months / 60,000 Kms', 36, 60000) ON CONFLICT DO NOTHING;
INSERT INTO tiers (plan_id, min_days, max_days, price_inr, is_active) VALUES ('49e3ae61-753f-4c03-81e1-98cfeb93dc78', 0, 30, 21877.2, TRUE) ON CONFLICT DO NOTHING;
INSERT INTO tiers (plan_id, min_days, max_days, price_inr, is_active) VALUES ('49e3ae61-753f-4c03-81e1-98cfeb93dc78', 31, 365, 25169.4, TRUE) ON CONFLICT DO NOTHING;
INSERT INTO tiers (plan_id, min_days, max_days, price_inr, is_active) VALUES ('49e3ae61-753f-4c03-81e1-98cfeb93dc78', 366, 730, 28449.8, TRUE) ON CONFLICT DO NOTHING;
INSERT INTO tiers (plan_id, min_days, max_days, price_inr, is_active) VALUES ('49e3ae61-753f-4c03-81e1-98cfeb93dc78', 731, 1095, 31730.2, TRUE) ON CONFLICT DO NOTHING;
INSERT INTO variants (id, model_id, name, fuel, transmission, oem_warranty_months, oem_warranty_kms) VALUES ('705d303c-626b-4e4b-ad70-b68380d96892', '2e240655-3704-4cf2-957a-9db75f7e1a93', 'MARUTI FRONX TURBO SMART HYBRID ZETA 1L 5MT ESP', 'Hybrid', 'Manual', 36, 100000) ON CONFLICT DO NOTHING;
INSERT INTO plans (id, variant_id, plan_name, duration_months, max_kms) VALUES ('92f08963-29fd-4f2d-8e1e-2498feb44c36', '705d303c-626b-4e4b-ad70-b68380d96892', '12 Months / 20,000 Kms', 12, 20000) ON CONFLICT DO NOTHING;
INSERT INTO tiers (plan_id, min_days, max_days, price_inr, is_active) VALUES ('92f08963-29fd-4f2d-8e1e-2498feb44c36', 0, 30, 16130.6, TRUE) ON CONFLICT DO NOTHING;
INSERT INTO tiers (plan_id, min_days, max_days, price_inr, is_active) VALUES ('92f08963-29fd-4f2d-8e1e-2498feb44c36', 31, 365, 18561.4, TRUE) ON CONFLICT DO NOTHING;
INSERT INTO tiers (plan_id, min_days, max_days, price_inr, is_active) VALUES ('92f08963-29fd-4f2d-8e1e-2498feb44c36', 366, 730, 20980.4, TRUE) ON CONFLICT DO NOTHING;
INSERT INTO tiers (plan_id, min_days, max_days, price_inr, is_active) VALUES ('92f08963-29fd-4f2d-8e1e-2498feb44c36', 731, 1095, 23399.4, TRUE) ON CONFLICT DO NOTHING;
INSERT INTO plans (id, variant_id, plan_name, duration_months, max_kms) VALUES ('e12cff7a-cd4a-4b96-be3a-ac278d2ac03e', '705d303c-626b-4e4b-ad70-b68380d96892', '24 Months / 40,000 Kms', 24, 40000) ON CONFLICT DO NOTHING;
INSERT INTO tiers (plan_id, min_days, max_days, price_inr, is_active) VALUES ('e12cff7a-cd4a-4b96-be3a-ac278d2ac03e', 0, 30, 18018.6, TRUE) ON CONFLICT DO NOTHING;
INSERT INTO tiers (plan_id, min_days, max_days, price_inr, is_active) VALUES ('e12cff7a-cd4a-4b96-be3a-ac278d2ac03e', 31, 365, 20732.6, TRUE) ON CONFLICT DO NOTHING;
INSERT INTO tiers (plan_id, min_days, max_days, price_inr, is_active) VALUES ('e12cff7a-cd4a-4b96-be3a-ac278d2ac03e', 366, 730, 23434.8, TRUE) ON CONFLICT DO NOTHING;
INSERT INTO tiers (plan_id, min_days, max_days, price_inr, is_active) VALUES ('e12cff7a-cd4a-4b96-be3a-ac278d2ac03e', 731, 1095, 26137.0, TRUE) ON CONFLICT DO NOTHING;
INSERT INTO plans (id, variant_id, plan_name, duration_months, max_kms) VALUES ('679bb994-9b32-4ddf-a7b0-eb1f067b128f', '705d303c-626b-4e4b-ad70-b68380d96892', '36 Months / 60,000 Kms', 36, 60000) ON CONFLICT DO NOTHING;
INSERT INTO tiers (plan_id, min_days, max_days, price_inr, is_active) VALUES ('679bb994-9b32-4ddf-a7b0-eb1f067b128f', 0, 30, 19316.6, TRUE) ON CONFLICT DO NOTHING;
INSERT INTO tiers (plan_id, min_days, max_days, price_inr, is_active) VALUES ('679bb994-9b32-4ddf-a7b0-eb1f067b128f', 31, 365, 22219.4, TRUE) ON CONFLICT DO NOTHING;
INSERT INTO tiers (plan_id, min_days, max_days, price_inr, is_active) VALUES ('679bb994-9b32-4ddf-a7b0-eb1f067b128f', 366, 730, 25122.2, TRUE) ON CONFLICT DO NOTHING;
INSERT INTO tiers (plan_id, min_days, max_days, price_inr, is_active) VALUES ('679bb994-9b32-4ddf-a7b0-eb1f067b128f', 731, 1095, 28013.2, TRUE) ON CONFLICT DO NOTHING;
INSERT INTO variants (id, model_id, name, fuel, transmission, oem_warranty_months, oem_warranty_kms) VALUES ('108e22ba-08a4-4fec-abf5-b16001826410', '2e240655-3704-4cf2-957a-9db75f7e1a93', 'MARUTI FRONX TURBO SMART HYBRID ZETA 1L 6AT ESP', 'Hybrid', 'Automatic', 36, 100000) ON CONFLICT DO NOTHING;
INSERT INTO plans (id, variant_id, plan_name, duration_months, max_kms) VALUES ('6d857d51-384b-4eaa-81f0-d83cafbc3851', '108e22ba-08a4-4fec-abf5-b16001826410', '12 Months / 20,000 Kms', 12, 20000) ON CONFLICT DO NOTHING;
INSERT INTO tiers (plan_id, min_days, max_days, price_inr, is_active) VALUES ('6d857d51-384b-4eaa-81f0-d83cafbc3851', 0, 30, 18868.2, TRUE) ON CONFLICT DO NOTHING;
INSERT INTO tiers (plan_id, min_days, max_days, price_inr, is_active) VALUES ('6d857d51-384b-4eaa-81f0-d83cafbc3851', 31, 365, 21700.2, TRUE) ON CONFLICT DO NOTHING;
INSERT INTO tiers (plan_id, min_days, max_days, price_inr, is_active) VALUES ('6d857d51-384b-4eaa-81f0-d83cafbc3851', 366, 730, 24532.2, TRUE) ON CONFLICT DO NOTHING;
INSERT INTO tiers (plan_id, min_days, max_days, price_inr, is_active) VALUES ('6d857d51-384b-4eaa-81f0-d83cafbc3851', 731, 1095, 27364.2, TRUE) ON CONFLICT DO NOTHING;
INSERT INTO plans (id, variant_id, plan_name, duration_months, max_kms) VALUES ('57c6f336-ab44-494d-aea2-c0813e05f896', '108e22ba-08a4-4fec-abf5-b16001826410', '24 Months / 40,000 Kms', 24, 40000) ON CONFLICT DO NOTHING;
INSERT INTO tiers (plan_id, min_days, max_days, price_inr, is_active) VALUES ('57c6f336-ab44-494d-aea2-c0813e05f896', 0, 30, 20756.2, TRUE) ON CONFLICT DO NOTHING;
INSERT INTO tiers (plan_id, min_days, max_days, price_inr, is_active) VALUES ('57c6f336-ab44-494d-aea2-c0813e05f896', 31, 365, 23871.4, TRUE) ON CONFLICT DO NOTHING;
INSERT INTO tiers (plan_id, min_days, max_days, price_inr, is_active) VALUES ('57c6f336-ab44-494d-aea2-c0813e05f896', 366, 730, 26986.6, TRUE) ON CONFLICT DO NOTHING;
INSERT INTO tiers (plan_id, min_days, max_days, price_inr, is_active) VALUES ('57c6f336-ab44-494d-aea2-c0813e05f896', 731, 1095, 30101.8, TRUE) ON CONFLICT DO NOTHING;
INSERT INTO plans (id, variant_id, plan_name, duration_months, max_kms) VALUES ('b4354489-a528-4be8-9462-816b643ec1dd', '108e22ba-08a4-4fec-abf5-b16001826410', '36 Months / 60,000 Kms', 36, 60000) ON CONFLICT DO NOTHING;
INSERT INTO tiers (plan_id, min_days, max_days, price_inr, is_active) VALUES ('b4354489-a528-4be8-9462-816b643ec1dd', 0, 30, 22054.2, TRUE) ON CONFLICT DO NOTHING;
INSERT INTO tiers (plan_id, min_days, max_days, price_inr, is_active) VALUES ('b4354489-a528-4be8-9462-816b643ec1dd', 31, 365, 25370.0, TRUE) ON CONFLICT DO NOTHING;
INSERT INTO tiers (plan_id, min_days, max_days, price_inr, is_active) VALUES ('b4354489-a528-4be8-9462-816b643ec1dd', 366, 730, 28674.0, TRUE) ON CONFLICT DO NOTHING;
INSERT INTO tiers (plan_id, min_days, max_days, price_inr, is_active) VALUES ('b4354489-a528-4be8-9462-816b643ec1dd', 731, 1095, 31989.8, TRUE) ON CONFLICT DO NOTHING;
INSERT INTO models (id, brand_id, name) VALUES ('3bbfd675-b4da-408a-827c-42ab94390288', 'b1e782a2-c0d1-4b20-ae57-becb98f3ab90', 'GRAND VITARA') ON CONFLICT DO NOTHING;
INSERT INTO variants (id, model_id, name, fuel, transmission, oem_warranty_months, oem_warranty_kms) VALUES ('b2491236-33d7-44c5-a3c3-a607cec8730b', '3bbfd675-b4da-408a-827c-42ab94390288', 'MARUTI GRAND VITARA DELTA CNG 1.5L 5MT', 'CNG', 'Manual', 36, 100000) ON CONFLICT DO NOTHING;
INSERT INTO plans (id, variant_id, plan_name, duration_months, max_kms) VALUES ('6dbec546-89e8-4026-9d53-9bc57ae17c09', 'b2491236-33d7-44c5-a3c3-a607cec8730b', '12 Months / 20,000 Kms', 12, 20000) ON CONFLICT DO NOTHING;
INSERT INTO tiers (plan_id, min_days, max_days, price_inr, is_active) VALUES ('6dbec546-89e8-4026-9d53-9bc57ae17c09', 0, 30, 21676.6, TRUE) ON CONFLICT DO NOTHING;
INSERT INTO tiers (plan_id, min_days, max_days, price_inr, is_active) VALUES ('6dbec546-89e8-4026-9d53-9bc57ae17c09', 31, 365, 24933.4, TRUE) ON CONFLICT DO NOTHING;
INSERT INTO tiers (plan_id, min_days, max_days, price_inr, is_active) VALUES ('6dbec546-89e8-4026-9d53-9bc57ae17c09', 366, 730, 28190.2, TRUE) ON CONFLICT DO NOTHING;
INSERT INTO tiers (plan_id, min_days, max_days, price_inr, is_active) VALUES ('6dbec546-89e8-4026-9d53-9bc57ae17c09', 731, 1095, 31435.2, TRUE) ON CONFLICT DO NOTHING;
INSERT INTO plans (id, variant_id, plan_name, duration_months, max_kms) VALUES ('e690c63b-9ec5-4c29-867a-d25f7d08faca', 'b2491236-33d7-44c5-a3c3-a607cec8730b', '24 Months / 40,000 Kms', 24, 40000) ON CONFLICT DO NOTHING;
INSERT INTO tiers (plan_id, min_days, max_days, price_inr, is_active) VALUES ('e690c63b-9ec5-4c29-867a-d25f7d08faca', 0, 30, 23564.6, TRUE) ON CONFLICT DO NOTHING;
INSERT INTO tiers (plan_id, min_days, max_days, price_inr, is_active) VALUES ('e690c63b-9ec5-4c29-867a-d25f7d08faca', 31, 365, 27104.6, TRUE) ON CONFLICT DO NOTHING;
INSERT INTO tiers (plan_id, min_days, max_days, price_inr, is_active) VALUES ('e690c63b-9ec5-4c29-867a-d25f7d08faca', 366, 730, 30644.6, TRUE) ON CONFLICT DO NOTHING;
INSERT INTO tiers (plan_id, min_days, max_days, price_inr, is_active) VALUES ('e690c63b-9ec5-4c29-867a-d25f7d08faca', 731, 1095, 34172.8, TRUE) ON CONFLICT DO NOTHING;
INSERT INTO plans (id, variant_id, plan_name, duration_months, max_kms) VALUES ('057edf36-806d-4ddc-9539-5ac905779509', 'b2491236-33d7-44c5-a3c3-a607cec8730b', '36 Months / 60,000 Kms', 36, 60000) ON CONFLICT DO NOTHING;
INSERT INTO tiers (plan_id, min_days, max_days, price_inr, is_active) VALUES ('057edf36-806d-4ddc-9539-5ac905779509', 0, 30, 25452.6, TRUE) ON CONFLICT DO NOTHING;
INSERT INTO tiers (plan_id, min_days, max_days, price_inr, is_active) VALUES ('057edf36-806d-4ddc-9539-5ac905779509', 31, 365, 29275.8, TRUE) ON CONFLICT DO NOTHING;
INSERT INTO tiers (plan_id, min_days, max_days, price_inr, is_active) VALUES ('057edf36-806d-4ddc-9539-5ac905779509', 366, 730, 33099.0, TRUE) ON CONFLICT DO NOTHING;
INSERT INTO tiers (plan_id, min_days, max_days, price_inr, is_active) VALUES ('057edf36-806d-4ddc-9539-5ac905779509', 731, 1095, 36910.4, TRUE) ON CONFLICT DO NOTHING;
INSERT INTO variants (id, model_id, name, fuel, transmission, oem_warranty_months, oem_warranty_kms) VALUES ('4da38b3a-a94b-4974-af68-e92340c7021a', '3bbfd675-b4da-408a-827c-42ab94390288', 'MARUTI GRAND VITARA IE STRONG HYBRID ALPHA+1.5LCVT', 'Hybrid', 'Automatic', 36, 100000) ON CONFLICT DO NOTHING;
INSERT INTO plans (id, variant_id, plan_name, duration_months, max_kms) VALUES ('9673e986-5f3e-43d7-a2ea-9d642d369d26', '4da38b3a-a94b-4974-af68-e92340c7021a', '12 Months / 20,000 Kms', 12, 20000) ON CONFLICT DO NOTHING;
INSERT INTO tiers (plan_id, min_days, max_days, price_inr, is_active) VALUES ('9673e986-5f3e-43d7-a2ea-9d642d369d26', 0, 30, 35105.0, TRUE) ON CONFLICT DO NOTHING;
INSERT INTO tiers (plan_id, min_days, max_days, price_inr, is_active) VALUES ('9673e986-5f3e-43d7-a2ea-9d642d369d26', 31, 365, 40379.6, TRUE) ON CONFLICT DO NOTHING;
INSERT INTO tiers (plan_id, min_days, max_days, price_inr, is_active) VALUES ('9673e986-5f3e-43d7-a2ea-9d642d369d26', 366, 730, 45642.4, TRUE) ON CONFLICT DO NOTHING;
INSERT INTO tiers (plan_id, min_days, max_days, price_inr, is_active) VALUES ('9673e986-5f3e-43d7-a2ea-9d642d369d26', 731, 1095, 50905.2, TRUE) ON CONFLICT DO NOTHING;
INSERT INTO plans (id, variant_id, plan_name, duration_months, max_kms) VALUES ('4883a73d-f7a3-4577-bdd1-6eac4f3baa5a', '4da38b3a-a94b-4974-af68-e92340c7021a', '24 Months / 40,000 Kms', 24, 40000) ON CONFLICT DO NOTHING;
INSERT INTO tiers (plan_id, min_days, max_days, price_inr, is_active) VALUES ('4883a73d-f7a3-4577-bdd1-6eac4f3baa5a', 0, 30, 36993.0, TRUE) ON CONFLICT DO NOTHING;
INSERT INTO tiers (plan_id, min_days, max_days, price_inr, is_active) VALUES ('4883a73d-f7a3-4577-bdd1-6eac4f3baa5a', 31, 365, 42550.8, TRUE) ON CONFLICT DO NOTHING;
INSERT INTO tiers (plan_id, min_days, max_days, price_inr, is_active) VALUES ('4883a73d-f7a3-4577-bdd1-6eac4f3baa5a', 366, 730, 48096.8, TRUE) ON CONFLICT DO NOTHING;
INSERT INTO tiers (plan_id, min_days, max_days, price_inr, is_active) VALUES ('4883a73d-f7a3-4577-bdd1-6eac4f3baa5a', 731, 1095, 53642.8, TRUE) ON CONFLICT DO NOTHING;
INSERT INTO plans (id, variant_id, plan_name, duration_months, max_kms) VALUES ('755cf59e-6879-4279-9d3d-48711eecc2a2', '4da38b3a-a94b-4974-af68-e92340c7021a', '36 Months / 60,000 Kms', 36, 60000) ON CONFLICT DO NOTHING;
INSERT INTO tiers (plan_id, min_days, max_days, price_inr, is_active) VALUES ('755cf59e-6879-4279-9d3d-48711eecc2a2', 0, 30, 38881.0, TRUE) ON CONFLICT DO NOTHING;
INSERT INTO tiers (plan_id, min_days, max_days, price_inr, is_active) VALUES ('755cf59e-6879-4279-9d3d-48711eecc2a2', 31, 365, 44722.0, TRUE) ON CONFLICT DO NOTHING;
INSERT INTO tiers (plan_id, min_days, max_days, price_inr, is_active) VALUES ('755cf59e-6879-4279-9d3d-48711eecc2a2', 366, 730, 50551.2, TRUE) ON CONFLICT DO NOTHING;
INSERT INTO tiers (plan_id, min_days, max_days, price_inr, is_active) VALUES ('755cf59e-6879-4279-9d3d-48711eecc2a2', 731, 1095, 56380.4, TRUE) ON CONFLICT DO NOTHING;
INSERT INTO variants (id, model_id, name, fuel, transmission, oem_warranty_months, oem_warranty_kms) VALUES ('2d301b62-7509-4eab-9f66-b42ecf77af02', '3bbfd675-b4da-408a-827c-42ab94390288', 'MARUTI GRAND VITARA IE STRONG HYBRID ZETA+ 1.5LCVT', 'Hybrid', 'Automatic', 36, 100000) ON CONFLICT DO NOTHING;
INSERT INTO plans (id, variant_id, plan_name, duration_months, max_kms) VALUES ('312b3c6e-0c71-41a0-ad4e-9fa092815d7b', '2d301b62-7509-4eab-9f66-b42ecf77af02', '12 Months / 20,000 Kms', 12, 20000) ON CONFLICT DO NOTHING;
INSERT INTO tiers (plan_id, min_days, max_days, price_inr, is_active) VALUES ('312b3c6e-0c71-41a0-ad4e-9fa092815d7b', 0, 30, 32202.2, TRUE) ON CONFLICT DO NOTHING;
INSERT INTO tiers (plan_id, min_days, max_days, price_inr, is_active) VALUES ('312b3c6e-0c71-41a0-ad4e-9fa092815d7b', 31, 365, 37040.2, TRUE) ON CONFLICT DO NOTHING;
INSERT INTO tiers (plan_id, min_days, max_days, price_inr, is_active) VALUES ('312b3c6e-0c71-41a0-ad4e-9fa092815d7b', 366, 730, 41866.4, TRUE) ON CONFLICT DO NOTHING;
INSERT INTO tiers (plan_id, min_days, max_days, price_inr, is_active) VALUES ('312b3c6e-0c71-41a0-ad4e-9fa092815d7b', 731, 1095, 46704.4, TRUE) ON CONFLICT DO NOTHING;
INSERT INTO plans (id, variant_id, plan_name, duration_months, max_kms) VALUES ('52d20e70-b5ad-49b2-a622-ad60d228940e', '2d301b62-7509-4eab-9f66-b42ecf77af02', '24 Months / 40,000 Kms', 24, 40000) ON CONFLICT DO NOTHING;
INSERT INTO tiers (plan_id, min_days, max_days, price_inr, is_active) VALUES ('52d20e70-b5ad-49b2-a622-ad60d228940e', 0, 30, 34090.2, TRUE) ON CONFLICT DO NOTHING;
INSERT INTO tiers (plan_id, min_days, max_days, price_inr, is_active) VALUES ('52d20e70-b5ad-49b2-a622-ad60d228940e', 31, 365, 39211.4, TRUE) ON CONFLICT DO NOTHING;
INSERT INTO tiers (plan_id, min_days, max_days, price_inr, is_active) VALUES ('52d20e70-b5ad-49b2-a622-ad60d228940e', 366, 730, 44320.8, TRUE) ON CONFLICT DO NOTHING;
INSERT INTO tiers (plan_id, min_days, max_days, price_inr, is_active) VALUES ('52d20e70-b5ad-49b2-a622-ad60d228940e', 731, 1095, 49442.0, TRUE) ON CONFLICT DO NOTHING;
INSERT INTO plans (id, variant_id, plan_name, duration_months, max_kms) VALUES ('405ba41b-218b-4df8-b1ed-d49a197d9809', '2d301b62-7509-4eab-9f66-b42ecf77af02', '36 Months / 60,000 Kms', 36, 60000) ON CONFLICT DO NOTHING;
INSERT INTO tiers (plan_id, min_days, max_days, price_inr, is_active) VALUES ('405ba41b-218b-4df8-b1ed-d49a197d9809', 0, 30, 35978.2, TRUE) ON CONFLICT DO NOTHING;
INSERT INTO tiers (plan_id, min_days, max_days, price_inr, is_active) VALUES ('405ba41b-218b-4df8-b1ed-d49a197d9809', 31, 365, 41382.6, TRUE) ON CONFLICT DO NOTHING;
INSERT INTO tiers (plan_id, min_days, max_days, price_inr, is_active) VALUES ('405ba41b-218b-4df8-b1ed-d49a197d9809', 366, 730, 46775.2, TRUE) ON CONFLICT DO NOTHING;
INSERT INTO tiers (plan_id, min_days, max_days, price_inr, is_active) VALUES ('405ba41b-218b-4df8-b1ed-d49a197d9809', 731, 1095, 52179.6, TRUE) ON CONFLICT DO NOTHING;
INSERT INTO variants (id, model_id, name, fuel, transmission, oem_warranty_months, oem_warranty_kms) VALUES ('ed0e9aec-f87d-4c00-85b0-a7b5446cc898', '3bbfd675-b4da-408a-827c-42ab94390288', 'MARUTI GRAND VITARA SMART HYBRID ALPHA 1.5L 5MT', 'Hybrid', 'Manual', 36, 100000) ON CONFLICT DO NOTHING;
INSERT INTO plans (id, variant_id, plan_name, duration_months, max_kms) VALUES ('ce2e9c87-b53d-4a42-a7bf-15437161af33', 'ed0e9aec-f87d-4c00-85b0-a7b5446cc898', '12 Months / 20,000 Kms', 12, 20000) ON CONFLICT DO NOTHING;
INSERT INTO tiers (plan_id, min_days, max_days, price_inr, is_active) VALUES ('ce2e9c87-b53d-4a42-a7bf-15437161af33', 0, 30, 26550.0, TRUE) ON CONFLICT DO NOTHING;
INSERT INTO tiers (plan_id, min_days, max_days, price_inr, is_active) VALUES ('ce2e9c87-b53d-4a42-a7bf-15437161af33', 31, 365, 30538.4, TRUE) ON CONFLICT DO NOTHING;
INSERT INTO tiers (plan_id, min_days, max_days, price_inr, is_active) VALUES ('ce2e9c87-b53d-4a42-a7bf-15437161af33', 366, 730, 34515.0, TRUE) ON CONFLICT DO NOTHING;
INSERT INTO tiers (plan_id, min_days, max_days, price_inr, is_active) VALUES ('ce2e9c87-b53d-4a42-a7bf-15437161af33', 731, 1095, 38503.4, TRUE) ON CONFLICT DO NOTHING;
INSERT INTO plans (id, variant_id, plan_name, duration_months, max_kms) VALUES ('01fd3911-e2bc-4f8e-997e-4303ca4d010b', 'ed0e9aec-f87d-4c00-85b0-a7b5446cc898', '24 Months / 40,000 Kms', 24, 40000) ON CONFLICT DO NOTHING;
INSERT INTO tiers (plan_id, min_days, max_days, price_inr, is_active) VALUES ('01fd3911-e2bc-4f8e-997e-4303ca4d010b', 0, 30, 28438.0, TRUE) ON CONFLICT DO NOTHING;
INSERT INTO tiers (plan_id, min_days, max_days, price_inr, is_active) VALUES ('01fd3911-e2bc-4f8e-997e-4303ca4d010b', 31, 365, 32709.6, TRUE) ON CONFLICT DO NOTHING;
INSERT INTO tiers (plan_id, min_days, max_days, price_inr, is_active) VALUES ('01fd3911-e2bc-4f8e-997e-4303ca4d010b', 366, 730, 36969.4, TRUE) ON CONFLICT DO NOTHING;
INSERT INTO tiers (plan_id, min_days, max_days, price_inr, is_active) VALUES ('01fd3911-e2bc-4f8e-997e-4303ca4d010b', 731, 1095, 41241.0, TRUE) ON CONFLICT DO NOTHING;
INSERT INTO plans (id, variant_id, plan_name, duration_months, max_kms) VALUES ('6ee47fc1-6e95-47ce-8f0e-55e713617f11', 'ed0e9aec-f87d-4c00-85b0-a7b5446cc898', '36 Months / 60,000 Kms', 36, 60000) ON CONFLICT DO NOTHING;
INSERT INTO tiers (plan_id, min_days, max_days, price_inr, is_active) VALUES ('6ee47fc1-6e95-47ce-8f0e-55e713617f11', 0, 30, 30326.0, TRUE) ON CONFLICT DO NOTHING;
INSERT INTO tiers (plan_id, min_days, max_days, price_inr, is_active) VALUES ('6ee47fc1-6e95-47ce-8f0e-55e713617f11', 31, 365, 34880.8, TRUE) ON CONFLICT DO NOTHING;
INSERT INTO tiers (plan_id, min_days, max_days, price_inr, is_active) VALUES ('6ee47fc1-6e95-47ce-8f0e-55e713617f11', 366, 730, 39423.8, TRUE) ON CONFLICT DO NOTHING;
INSERT INTO tiers (plan_id, min_days, max_days, price_inr, is_active) VALUES ('6ee47fc1-6e95-47ce-8f0e-55e713617f11', 731, 1095, 43978.6, TRUE) ON CONFLICT DO NOTHING;
INSERT INTO variants (id, model_id, name, fuel, transmission, oem_warranty_months, oem_warranty_kms) VALUES ('a3f0b671-97c0-42af-b27f-a4dc616bb1e8', '3bbfd675-b4da-408a-827c-42ab94390288', 'MARUTI GRAND VITARA SMART HYBRID ALPHA 1.5L 6AT', 'Hybrid', 'Automatic', 36, 100000) ON CONFLICT DO NOTHING;
INSERT INTO plans (id, variant_id, plan_name, duration_months, max_kms) VALUES ('839ea508-844d-4366-9cf8-733bf072c4c6', 'a3f0b671-97c0-42af-b27f-a4dc616bb1e8', '12 Months / 20,000 Kms', 12, 20000) ON CONFLICT DO NOTHING;
INSERT INTO tiers (plan_id, min_days, max_days, price_inr, is_active) VALUES ('839ea508-844d-4366-9cf8-733bf072c4c6', 0, 30, 29264.0, TRUE) ON CONFLICT DO NOTHING;
INSERT INTO tiers (plan_id, min_days, max_days, price_inr, is_active) VALUES ('839ea508-844d-4366-9cf8-733bf072c4c6', 31, 365, 33653.6, TRUE) ON CONFLICT DO NOTHING;
INSERT INTO tiers (plan_id, min_days, max_days, price_inr, is_active) VALUES ('839ea508-844d-4366-9cf8-733bf072c4c6', 366, 730, 38043.2, TRUE) ON CONFLICT DO NOTHING;
INSERT INTO tiers (plan_id, min_days, max_days, price_inr, is_active) VALUES ('839ea508-844d-4366-9cf8-733bf072c4c6', 731, 1095, 42432.8, TRUE) ON CONFLICT DO NOTHING;
INSERT INTO plans (id, variant_id, plan_name, duration_months, max_kms) VALUES ('cf26f448-4dfb-4288-b8eb-a662c3031671', 'a3f0b671-97c0-42af-b27f-a4dc616bb1e8', '24 Months / 40,000 Kms', 24, 40000) ON CONFLICT DO NOTHING;
INSERT INTO tiers (plan_id, min_days, max_days, price_inr, is_active) VALUES ('cf26f448-4dfb-4288-b8eb-a662c3031671', 0, 30, 31152.0, TRUE) ON CONFLICT DO NOTHING;
INSERT INTO tiers (plan_id, min_days, max_days, price_inr, is_active) VALUES ('cf26f448-4dfb-4288-b8eb-a662c3031671', 31, 365, 35824.8, TRUE) ON CONFLICT DO NOTHING;
INSERT INTO tiers (plan_id, min_days, max_days, price_inr, is_active) VALUES ('cf26f448-4dfb-4288-b8eb-a662c3031671', 366, 730, 40497.6, TRUE) ON CONFLICT DO NOTHING;
INSERT INTO tiers (plan_id, min_days, max_days, price_inr, is_active) VALUES ('cf26f448-4dfb-4288-b8eb-a662c3031671', 731, 1095, 45170.4, TRUE) ON CONFLICT DO NOTHING;
INSERT INTO plans (id, variant_id, plan_name, duration_months, max_kms) VALUES ('4d6617e1-9253-411e-9805-7a2cc60bc28e', 'a3f0b671-97c0-42af-b27f-a4dc616bb1e8', '36 Months / 60,000 Kms', 36, 60000) ON CONFLICT DO NOTHING;
INSERT INTO tiers (plan_id, min_days, max_days, price_inr, is_active) VALUES ('4d6617e1-9253-411e-9805-7a2cc60bc28e', 0, 30, 33040.0, TRUE) ON CONFLICT DO NOTHING;
INSERT INTO tiers (plan_id, min_days, max_days, price_inr, is_active) VALUES ('4d6617e1-9253-411e-9805-7a2cc60bc28e', 31, 365, 37996.0, TRUE) ON CONFLICT DO NOTHING;
INSERT INTO tiers (plan_id, min_days, max_days, price_inr, is_active) VALUES ('4d6617e1-9253-411e-9805-7a2cc60bc28e', 366, 730, 42952.0, TRUE) ON CONFLICT DO NOTHING;
INSERT INTO tiers (plan_id, min_days, max_days, price_inr, is_active) VALUES ('4d6617e1-9253-411e-9805-7a2cc60bc28e', 731, 1095, 47908.0, TRUE) ON CONFLICT DO NOTHING;
INSERT INTO variants (id, model_id, name, fuel, transmission, oem_warranty_months, oem_warranty_kms) VALUES ('b47d3491-c87c-4240-b983-cc30e2ec8519', '3bbfd675-b4da-408a-827c-42ab94390288', 'MARUTI GRAND VITARA SMART HYBRID ALPHA 4WD 1.5L 5M', 'Hybrid', 'Manual', 36, 100000) ON CONFLICT DO NOTHING;
INSERT INTO plans (id, variant_id, plan_name, duration_months, max_kms) VALUES ('cd3cdc5d-8c75-493d-b303-b6c045b3481e', 'b47d3491-c87c-4240-b983-cc30e2ec8519', '12 Months / 20,000 Kms', 12, 20000) ON CONFLICT DO NOTHING;
INSERT INTO tiers (plan_id, min_days, max_days, price_inr, is_active) VALUES ('cd3cdc5d-8c75-493d-b303-b6c045b3481e', 0, 30, 29264.0, TRUE) ON CONFLICT DO NOTHING;
INSERT INTO tiers (plan_id, min_days, max_days, price_inr, is_active) VALUES ('cd3cdc5d-8c75-493d-b303-b6c045b3481e', 31, 365, 33653.6, TRUE) ON CONFLICT DO NOTHING;
INSERT INTO tiers (plan_id, min_days, max_days, price_inr, is_active) VALUES ('cd3cdc5d-8c75-493d-b303-b6c045b3481e', 366, 730, 38043.2, TRUE) ON CONFLICT DO NOTHING;
INSERT INTO tiers (plan_id, min_days, max_days, price_inr, is_active) VALUES ('cd3cdc5d-8c75-493d-b303-b6c045b3481e', 731, 1095, 42432.8, TRUE) ON CONFLICT DO NOTHING;
INSERT INTO plans (id, variant_id, plan_name, duration_months, max_kms) VALUES ('c25423d4-07ee-48c8-8d5c-9371bc68b3dd', 'b47d3491-c87c-4240-b983-cc30e2ec8519', '24 Months / 40,000 Kms', 24, 40000) ON CONFLICT DO NOTHING;
INSERT INTO tiers (plan_id, min_days, max_days, price_inr, is_active) VALUES ('c25423d4-07ee-48c8-8d5c-9371bc68b3dd', 0, 30, 31152.0, TRUE) ON CONFLICT DO NOTHING;
INSERT INTO tiers (plan_id, min_days, max_days, price_inr, is_active) VALUES ('c25423d4-07ee-48c8-8d5c-9371bc68b3dd', 31, 365, 35824.8, TRUE) ON CONFLICT DO NOTHING;
INSERT INTO tiers (plan_id, min_days, max_days, price_inr, is_active) VALUES ('c25423d4-07ee-48c8-8d5c-9371bc68b3dd', 366, 730, 40497.6, TRUE) ON CONFLICT DO NOTHING;
INSERT INTO tiers (plan_id, min_days, max_days, price_inr, is_active) VALUES ('c25423d4-07ee-48c8-8d5c-9371bc68b3dd', 731, 1095, 45170.4, TRUE) ON CONFLICT DO NOTHING;
INSERT INTO plans (id, variant_id, plan_name, duration_months, max_kms) VALUES ('14e85821-8e1e-47fe-846a-86e44b26b61c', 'b47d3491-c87c-4240-b983-cc30e2ec8519', '36 Months / 60,000 Kms', 36, 60000) ON CONFLICT DO NOTHING;
INSERT INTO tiers (plan_id, min_days, max_days, price_inr, is_active) VALUES ('14e85821-8e1e-47fe-846a-86e44b26b61c', 0, 30, 33040.0, TRUE) ON CONFLICT DO NOTHING;
INSERT INTO tiers (plan_id, min_days, max_days, price_inr, is_active) VALUES ('14e85821-8e1e-47fe-846a-86e44b26b61c', 31, 365, 37996.0, TRUE) ON CONFLICT DO NOTHING;
INSERT INTO tiers (plan_id, min_days, max_days, price_inr, is_active) VALUES ('14e85821-8e1e-47fe-846a-86e44b26b61c', 366, 730, 42952.0, TRUE) ON CONFLICT DO NOTHING;
INSERT INTO tiers (plan_id, min_days, max_days, price_inr, is_active) VALUES ('14e85821-8e1e-47fe-846a-86e44b26b61c', 731, 1095, 47908.0, TRUE) ON CONFLICT DO NOTHING;
INSERT INTO variants (id, model_id, name, fuel, transmission, oem_warranty_months, oem_warranty_kms) VALUES ('108112c2-2d23-4a41-930d-89eece1ad3d3', '3bbfd675-b4da-408a-827c-42ab94390288', 'MARUTI GRAND VITARA SMART HYBRID ALPHA 4WD 1.5L5MT', 'Hybrid', 'Manual', 36, 100000) ON CONFLICT DO NOTHING;
INSERT INTO plans (id, variant_id, plan_name, duration_months, max_kms) VALUES ('0484b119-f55e-4550-9a38-ca804d7852b0', '108112c2-2d23-4a41-930d-89eece1ad3d3', '12 Months / 20,000 Kms', 12, 20000) ON CONFLICT DO NOTHING;
INSERT INTO tiers (plan_id, min_days, max_days, price_inr, is_active) VALUES ('0484b119-f55e-4550-9a38-ca804d7852b0', 0, 30, 29452.8, TRUE) ON CONFLICT DO NOTHING;
INSERT INTO tiers (plan_id, min_days, max_days, price_inr, is_active) VALUES ('0484b119-f55e-4550-9a38-ca804d7852b0', 31, 365, 33877.8, TRUE) ON CONFLICT DO NOTHING;
INSERT INTO tiers (plan_id, min_days, max_days, price_inr, is_active) VALUES ('0484b119-f55e-4550-9a38-ca804d7852b0', 366, 730, 38291.0, TRUE) ON CONFLICT DO NOTHING;
INSERT INTO tiers (plan_id, min_days, max_days, price_inr, is_active) VALUES ('0484b119-f55e-4550-9a38-ca804d7852b0', 731, 1095, 42716.0, TRUE) ON CONFLICT DO NOTHING;
INSERT INTO plans (id, variant_id, plan_name, duration_months, max_kms) VALUES ('3fff2e92-89f8-4b8c-9c33-8e7ed261a9af', '108112c2-2d23-4a41-930d-89eece1ad3d3', '24 Months / 40,000 Kms', 24, 40000) ON CONFLICT DO NOTHING;
INSERT INTO tiers (plan_id, min_days, max_days, price_inr, is_active) VALUES ('3fff2e92-89f8-4b8c-9c33-8e7ed261a9af', 0, 30, 31340.8, TRUE) ON CONFLICT DO NOTHING;
INSERT INTO tiers (plan_id, min_days, max_days, price_inr, is_active) VALUES ('3fff2e92-89f8-4b8c-9c33-8e7ed261a9af', 31, 365, 36049.0, TRUE) ON CONFLICT DO NOTHING;
INSERT INTO tiers (plan_id, min_days, max_days, price_inr, is_active) VALUES ('3fff2e92-89f8-4b8c-9c33-8e7ed261a9af', 366, 730, 40745.4, TRUE) ON CONFLICT DO NOTHING;
INSERT INTO tiers (plan_id, min_days, max_days, price_inr, is_active) VALUES ('3fff2e92-89f8-4b8c-9c33-8e7ed261a9af', 731, 1095, 45453.6, TRUE) ON CONFLICT DO NOTHING;
INSERT INTO plans (id, variant_id, plan_name, duration_months, max_kms) VALUES ('d8b079d7-428c-413a-a5f1-0311f2b2c9fb', '108112c2-2d23-4a41-930d-89eece1ad3d3', '36 Months / 60,000 Kms', 36, 60000) ON CONFLICT DO NOTHING;
INSERT INTO tiers (plan_id, min_days, max_days, price_inr, is_active) VALUES ('d8b079d7-428c-413a-a5f1-0311f2b2c9fb', 0, 30, 33228.8, TRUE) ON CONFLICT DO NOTHING;
INSERT INTO tiers (plan_id, min_days, max_days, price_inr, is_active) VALUES ('d8b079d7-428c-413a-a5f1-0311f2b2c9fb', 31, 365, 38220.2, TRUE) ON CONFLICT DO NOTHING;
INSERT INTO tiers (plan_id, min_days, max_days, price_inr, is_active) VALUES ('d8b079d7-428c-413a-a5f1-0311f2b2c9fb', 366, 730, 43199.8, TRUE) ON CONFLICT DO NOTHING;
INSERT INTO tiers (plan_id, min_days, max_days, price_inr, is_active) VALUES ('d8b079d7-428c-413a-a5f1-0311f2b2c9fb', 731, 1095, 48191.2, TRUE) ON CONFLICT DO NOTHING;
INSERT INTO variants (id, model_id, name, fuel, transmission, oem_warranty_months, oem_warranty_kms) VALUES ('02f1a6cb-8a20-4eaf-8d9b-2746119e8188', '3bbfd675-b4da-408a-827c-42ab94390288', 'MARUTI GRAND VITARA SMART HYBRID ALPHA 4WD1.5L 5MT', 'Hybrid', 'Manual', 36, 100000) ON CONFLICT DO NOTHING;
INSERT INTO plans (id, variant_id, plan_name, duration_months, max_kms) VALUES ('6ef9c5ce-b697-40f8-a0c2-0ff986570552', '02f1a6cb-8a20-4eaf-8d9b-2746119e8188', '12 Months / 20,000 Kms', 12, 20000) ON CONFLICT DO NOTHING;
INSERT INTO tiers (plan_id, min_days, max_days, price_inr, is_active) VALUES ('6ef9c5ce-b697-40f8-a0c2-0ff986570552', 0, 30, 29264.0, TRUE) ON CONFLICT DO NOTHING;
INSERT INTO tiers (plan_id, min_days, max_days, price_inr, is_active) VALUES ('6ef9c5ce-b697-40f8-a0c2-0ff986570552', 31, 365, 33653.6, TRUE) ON CONFLICT DO NOTHING;
INSERT INTO tiers (plan_id, min_days, max_days, price_inr, is_active) VALUES ('6ef9c5ce-b697-40f8-a0c2-0ff986570552', 366, 730, 38043.2, TRUE) ON CONFLICT DO NOTHING;
INSERT INTO tiers (plan_id, min_days, max_days, price_inr, is_active) VALUES ('6ef9c5ce-b697-40f8-a0c2-0ff986570552', 731, 1095, 42432.8, TRUE) ON CONFLICT DO NOTHING;
INSERT INTO plans (id, variant_id, plan_name, duration_months, max_kms) VALUES ('18d1c929-2e03-4c12-a34f-ba69a116dc8e', '02f1a6cb-8a20-4eaf-8d9b-2746119e8188', '24 Months / 40,000 Kms', 24, 40000) ON CONFLICT DO NOTHING;
INSERT INTO tiers (plan_id, min_days, max_days, price_inr, is_active) VALUES ('18d1c929-2e03-4c12-a34f-ba69a116dc8e', 0, 30, 31152.0, TRUE) ON CONFLICT DO NOTHING;
INSERT INTO tiers (plan_id, min_days, max_days, price_inr, is_active) VALUES ('18d1c929-2e03-4c12-a34f-ba69a116dc8e', 31, 365, 35824.8, TRUE) ON CONFLICT DO NOTHING;
INSERT INTO tiers (plan_id, min_days, max_days, price_inr, is_active) VALUES ('18d1c929-2e03-4c12-a34f-ba69a116dc8e', 366, 730, 40497.6, TRUE) ON CONFLICT DO NOTHING;
INSERT INTO tiers (plan_id, min_days, max_days, price_inr, is_active) VALUES ('18d1c929-2e03-4c12-a34f-ba69a116dc8e', 731, 1095, 45170.4, TRUE) ON CONFLICT DO NOTHING;
INSERT INTO plans (id, variant_id, plan_name, duration_months, max_kms) VALUES ('030c05c7-6c37-4455-96ce-1bddeed5404b', '02f1a6cb-8a20-4eaf-8d9b-2746119e8188', '36 Months / 60,000 Kms', 36, 60000) ON CONFLICT DO NOTHING;
INSERT INTO tiers (plan_id, min_days, max_days, price_inr, is_active) VALUES ('030c05c7-6c37-4455-96ce-1bddeed5404b', 0, 30, 33040.0, TRUE) ON CONFLICT DO NOTHING;
INSERT INTO tiers (plan_id, min_days, max_days, price_inr, is_active) VALUES ('030c05c7-6c37-4455-96ce-1bddeed5404b', 31, 365, 37996.0, TRUE) ON CONFLICT DO NOTHING;
INSERT INTO tiers (plan_id, min_days, max_days, price_inr, is_active) VALUES ('030c05c7-6c37-4455-96ce-1bddeed5404b', 366, 730, 42952.0, TRUE) ON CONFLICT DO NOTHING;
INSERT INTO tiers (plan_id, min_days, max_days, price_inr, is_active) VALUES ('030c05c7-6c37-4455-96ce-1bddeed5404b', 731, 1095, 47908.0, TRUE) ON CONFLICT DO NOTHING;
INSERT INTO variants (id, model_id, name, fuel, transmission, oem_warranty_months, oem_warranty_kms) VALUES ('1b8d990b-4e5a-4f24-995e-3b6a211cdae8', '3bbfd675-b4da-408a-827c-42ab94390288', 'MARUTI GRAND VITARA SMART HYBRID DELTA 1.5L 5MT', 'Hybrid', 'Manual', 36, 100000) ON CONFLICT DO NOTHING;
INSERT INTO plans (id, variant_id, plan_name, duration_months, max_kms) VALUES ('7558d094-1985-4f9f-85d2-78ef1a4ff71d', '1b8d990b-4e5a-4f24-995e-3b6a211cdae8', '12 Months / 20,000 Kms', 12, 20000) ON CONFLICT DO NOTHING;
INSERT INTO tiers (plan_id, min_days, max_days, price_inr, is_active) VALUES ('7558d094-1985-4f9f-85d2-78ef1a4ff71d', 0, 30, 19647.0, TRUE) ON CONFLICT DO NOTHING;
INSERT INTO tiers (plan_id, min_days, max_days, price_inr, is_active) VALUES ('7558d094-1985-4f9f-85d2-78ef1a4ff71d', 31, 365, 22597.0, TRUE) ON CONFLICT DO NOTHING;
INSERT INTO tiers (plan_id, min_days, max_days, price_inr, is_active) VALUES ('7558d094-1985-4f9f-85d2-78ef1a4ff71d', 366, 730, 25547.0, TRUE) ON CONFLICT DO NOTHING;
INSERT INTO tiers (plan_id, min_days, max_days, price_inr, is_active) VALUES ('7558d094-1985-4f9f-85d2-78ef1a4ff71d', 731, 1095, 28497.0, TRUE) ON CONFLICT DO NOTHING;
INSERT INTO plans (id, variant_id, plan_name, duration_months, max_kms) VALUES ('af78d005-e9e5-412a-9c26-48efe1a403eb', '1b8d990b-4e5a-4f24-995e-3b6a211cdae8', '24 Months / 40,000 Kms', 24, 40000) ON CONFLICT DO NOTHING;
INSERT INTO tiers (plan_id, min_days, max_days, price_inr, is_active) VALUES ('af78d005-e9e5-412a-9c26-48efe1a403eb', 0, 30, 21535.0, TRUE) ON CONFLICT DO NOTHING;
INSERT INTO tiers (plan_id, min_days, max_days, price_inr, is_active) VALUES ('af78d005-e9e5-412a-9c26-48efe1a403eb', 31, 365, 24768.2, TRUE) ON CONFLICT DO NOTHING;
INSERT INTO tiers (plan_id, min_days, max_days, price_inr, is_active) VALUES ('af78d005-e9e5-412a-9c26-48efe1a403eb', 366, 730, 28001.4, TRUE) ON CONFLICT DO NOTHING;
INSERT INTO tiers (plan_id, min_days, max_days, price_inr, is_active) VALUES ('af78d005-e9e5-412a-9c26-48efe1a403eb', 731, 1095, 31234.6, TRUE) ON CONFLICT DO NOTHING;
INSERT INTO plans (id, variant_id, plan_name, duration_months, max_kms) VALUES ('aee988ee-6704-4dae-90f6-fbddc217ee70', '1b8d990b-4e5a-4f24-995e-3b6a211cdae8', '36 Months / 60,000 Kms', 36, 60000) ON CONFLICT DO NOTHING;
INSERT INTO tiers (plan_id, min_days, max_days, price_inr, is_active) VALUES ('aee988ee-6704-4dae-90f6-fbddc217ee70', 0, 30, 23423.0, TRUE) ON CONFLICT DO NOTHING;
INSERT INTO tiers (plan_id, min_days, max_days, price_inr, is_active) VALUES ('aee988ee-6704-4dae-90f6-fbddc217ee70', 31, 365, 26939.4, TRUE) ON CONFLICT DO NOTHING;
INSERT INTO tiers (plan_id, min_days, max_days, price_inr, is_active) VALUES ('aee988ee-6704-4dae-90f6-fbddc217ee70', 366, 730, 30455.8, TRUE) ON CONFLICT DO NOTHING;
INSERT INTO tiers (plan_id, min_days, max_days, price_inr, is_active) VALUES ('aee988ee-6704-4dae-90f6-fbddc217ee70', 731, 1095, 33972.2, TRUE) ON CONFLICT DO NOTHING;
INSERT INTO plans (id, variant_id, plan_name, duration_months, max_kms) VALUES ('d98cbc55-1371-4114-a3ec-dd67bb17d091', '1b8d990b-4e5a-4f24-995e-3b6a211cdae8', '12 Months / 20,000 Kms', 12, 20000) ON CONFLICT DO NOTHING;
INSERT INTO tiers (plan_id, min_days, max_days, price_inr, is_active) VALUES ('d98cbc55-1371-4114-a3ec-dd67bb17d091', 0, 30, 19835.8, TRUE) ON CONFLICT DO NOTHING;
INSERT INTO tiers (plan_id, min_days, max_days, price_inr, is_active) VALUES ('d98cbc55-1371-4114-a3ec-dd67bb17d091', 31, 365, 22821.2, TRUE) ON CONFLICT DO NOTHING;
INSERT INTO tiers (plan_id, min_days, max_days, price_inr, is_active) VALUES ('d98cbc55-1371-4114-a3ec-dd67bb17d091', 366, 730, 25794.8, TRUE) ON CONFLICT DO NOTHING;
INSERT INTO tiers (plan_id, min_days, max_days, price_inr, is_active) VALUES ('d98cbc55-1371-4114-a3ec-dd67bb17d091', 731, 1095, 28768.4, TRUE) ON CONFLICT DO NOTHING;
INSERT INTO plans (id, variant_id, plan_name, duration_months, max_kms) VALUES ('9c230d3d-4dd1-4b3f-96d7-279994b6e99e', '1b8d990b-4e5a-4f24-995e-3b6a211cdae8', '24 Months / 40,000 Kms', 24, 40000) ON CONFLICT DO NOTHING;
INSERT INTO tiers (plan_id, min_days, max_days, price_inr, is_active) VALUES ('9c230d3d-4dd1-4b3f-96d7-279994b6e99e', 0, 30, 21723.8, TRUE) ON CONFLICT DO NOTHING;
INSERT INTO tiers (plan_id, min_days, max_days, price_inr, is_active) VALUES ('9c230d3d-4dd1-4b3f-96d7-279994b6e99e', 31, 365, 24992.4, TRUE) ON CONFLICT DO NOTHING;
INSERT INTO tiers (plan_id, min_days, max_days, price_inr, is_active) VALUES ('9c230d3d-4dd1-4b3f-96d7-279994b6e99e', 366, 730, 28249.2, TRUE) ON CONFLICT DO NOTHING;
INSERT INTO tiers (plan_id, min_days, max_days, price_inr, is_active) VALUES ('9c230d3d-4dd1-4b3f-96d7-279994b6e99e', 731, 1095, 31506.0, TRUE) ON CONFLICT DO NOTHING;
INSERT INTO plans (id, variant_id, plan_name, duration_months, max_kms) VALUES ('256f375b-9e9e-4ad1-8582-bd26c880ff75', '1b8d990b-4e5a-4f24-995e-3b6a211cdae8', '36 Months / 60,000 Kms', 36, 60000) ON CONFLICT DO NOTHING;
INSERT INTO tiers (plan_id, min_days, max_days, price_inr, is_active) VALUES ('256f375b-9e9e-4ad1-8582-bd26c880ff75', 0, 30, 23611.8, TRUE) ON CONFLICT DO NOTHING;
INSERT INTO tiers (plan_id, min_days, max_days, price_inr, is_active) VALUES ('256f375b-9e9e-4ad1-8582-bd26c880ff75', 31, 365, 27163.6, TRUE) ON CONFLICT DO NOTHING;
INSERT INTO tiers (plan_id, min_days, max_days, price_inr, is_active) VALUES ('256f375b-9e9e-4ad1-8582-bd26c880ff75', 366, 730, 30703.6, TRUE) ON CONFLICT DO NOTHING;
INSERT INTO tiers (plan_id, min_days, max_days, price_inr, is_active) VALUES ('256f375b-9e9e-4ad1-8582-bd26c880ff75', 731, 1095, 34243.6, TRUE) ON CONFLICT DO NOTHING;
INSERT INTO variants (id, model_id, name, fuel, transmission, oem_warranty_months, oem_warranty_kms) VALUES ('9f1ed24a-ed62-41ca-a2f6-4f0852ead015', '3bbfd675-b4da-408a-827c-42ab94390288', 'MARUTI GRAND VITARA SMART HYBRID DELTA 1.5L 6AT', 'Hybrid', 'Automatic', 36, 100000) ON CONFLICT DO NOTHING;
INSERT INTO plans (id, variant_id, plan_name, duration_months, max_kms) VALUES ('81f61eba-0601-4790-852f-f7bcbe888543', '9f1ed24a-ed62-41ca-a2f6-4f0852ead015', '12 Months / 20,000 Kms', 12, 20000) ON CONFLICT DO NOTHING;
INSERT INTO tiers (plan_id, min_days, max_days, price_inr, is_active) VALUES ('81f61eba-0601-4790-852f-f7bcbe888543', 0, 30, 22549.8, TRUE) ON CONFLICT DO NOTHING;
INSERT INTO tiers (plan_id, min_days, max_days, price_inr, is_active) VALUES ('81f61eba-0601-4790-852f-f7bcbe888543', 31, 365, 25936.4, TRUE) ON CONFLICT DO NOTHING;
INSERT INTO tiers (plan_id, min_days, max_days, price_inr, is_active) VALUES ('81f61eba-0601-4790-852f-f7bcbe888543', 366, 730, 29323.0, TRUE) ON CONFLICT DO NOTHING;
INSERT INTO tiers (plan_id, min_days, max_days, price_inr, is_active) VALUES ('81f61eba-0601-4790-852f-f7bcbe888543', 731, 1095, 32697.8, TRUE) ON CONFLICT DO NOTHING;
INSERT INTO plans (id, variant_id, plan_name, duration_months, max_kms) VALUES ('b97495ff-7df9-4bf0-abae-376db68a3e5a', '9f1ed24a-ed62-41ca-a2f6-4f0852ead015', '24 Months / 40,000 Kms', 24, 40000) ON CONFLICT DO NOTHING;
INSERT INTO tiers (plan_id, min_days, max_days, price_inr, is_active) VALUES ('b97495ff-7df9-4bf0-abae-376db68a3e5a', 0, 30, 24437.8, TRUE) ON CONFLICT DO NOTHING;
INSERT INTO tiers (plan_id, min_days, max_days, price_inr, is_active) VALUES ('b97495ff-7df9-4bf0-abae-376db68a3e5a', 31, 365, 28107.6, TRUE) ON CONFLICT DO NOTHING;
INSERT INTO tiers (plan_id, min_days, max_days, price_inr, is_active) VALUES ('b97495ff-7df9-4bf0-abae-376db68a3e5a', 366, 730, 31777.4, TRUE) ON CONFLICT DO NOTHING;
INSERT INTO tiers (plan_id, min_days, max_days, price_inr, is_active) VALUES ('b97495ff-7df9-4bf0-abae-376db68a3e5a', 731, 1095, 35435.4, TRUE) ON CONFLICT DO NOTHING;
INSERT INTO plans (id, variant_id, plan_name, duration_months, max_kms) VALUES ('79088268-f9a7-4a3d-98db-34a252b479a2', '9f1ed24a-ed62-41ca-a2f6-4f0852ead015', '36 Months / 60,000 Kms', 36, 60000) ON CONFLICT DO NOTHING;
INSERT INTO tiers (plan_id, min_days, max_days, price_inr, is_active) VALUES ('79088268-f9a7-4a3d-98db-34a252b479a2', 0, 30, 26325.8, TRUE) ON CONFLICT DO NOTHING;
INSERT INTO tiers (plan_id, min_days, max_days, price_inr, is_active) VALUES ('79088268-f9a7-4a3d-98db-34a252b479a2', 31, 365, 30278.8, TRUE) ON CONFLICT DO NOTHING;
INSERT INTO tiers (plan_id, min_days, max_days, price_inr, is_active) VALUES ('79088268-f9a7-4a3d-98db-34a252b479a2', 366, 730, 34231.8, TRUE) ON CONFLICT DO NOTHING;
INSERT INTO tiers (plan_id, min_days, max_days, price_inr, is_active) VALUES ('79088268-f9a7-4a3d-98db-34a252b479a2', 731, 1095, 38173.0, TRUE) ON CONFLICT DO NOTHING;
INSERT INTO variants (id, model_id, name, fuel, transmission, oem_warranty_months, oem_warranty_kms) VALUES ('19c10ccd-9715-4af6-927c-3d48aecc52c2', '3bbfd675-b4da-408a-827c-42ab94390288', 'MARUTI GRAND VITARA SMART HYBRID SIGMA 1.5L 5MT', 'Hybrid', 'Manual', 36, 100000) ON CONFLICT DO NOTHING;
INSERT INTO plans (id, variant_id, plan_name, duration_months, max_kms) VALUES ('61543ade-b8e9-4d7d-95ea-44cac8a49c44', '19c10ccd-9715-4af6-927c-3d48aecc52c2', '12 Months / 20,000 Kms', 12, 20000) ON CONFLICT DO NOTHING;
INSERT INTO tiers (plan_id, min_days, max_days, price_inr, is_active) VALUES ('61543ade-b8e9-4d7d-95ea-44cac8a49c44', 0, 30, 16933.0, TRUE) ON CONFLICT DO NOTHING;
INSERT INTO tiers (plan_id, min_days, max_days, price_inr, is_active) VALUES ('61543ade-b8e9-4d7d-95ea-44cac8a49c44', 31, 365, 19481.8, TRUE) ON CONFLICT DO NOTHING;
INSERT INTO tiers (plan_id, min_days, max_days, price_inr, is_active) VALUES ('61543ade-b8e9-4d7d-95ea-44cac8a49c44', 366, 730, 22018.8, TRUE) ON CONFLICT DO NOTHING;
INSERT INTO tiers (plan_id, min_days, max_days, price_inr, is_active) VALUES ('61543ade-b8e9-4d7d-95ea-44cac8a49c44', 731, 1095, 24555.8, TRUE) ON CONFLICT DO NOTHING;
INSERT INTO plans (id, variant_id, plan_name, duration_months, max_kms) VALUES ('056241c3-ec4a-4072-932a-ae077249759f', '19c10ccd-9715-4af6-927c-3d48aecc52c2', '24 Months / 40,000 Kms', 24, 40000) ON CONFLICT DO NOTHING;
INSERT INTO tiers (plan_id, min_days, max_days, price_inr, is_active) VALUES ('056241c3-ec4a-4072-932a-ae077249759f', 0, 30, 18821.0, TRUE) ON CONFLICT DO NOTHING;
INSERT INTO tiers (plan_id, min_days, max_days, price_inr, is_active) VALUES ('056241c3-ec4a-4072-932a-ae077249759f', 31, 365, 21653.0, TRUE) ON CONFLICT DO NOTHING;
INSERT INTO tiers (plan_id, min_days, max_days, price_inr, is_active) VALUES ('056241c3-ec4a-4072-932a-ae077249759f', 366, 730, 24473.2, TRUE) ON CONFLICT DO NOTHING;
INSERT INTO tiers (plan_id, min_days, max_days, price_inr, is_active) VALUES ('056241c3-ec4a-4072-932a-ae077249759f', 731, 1095, 27293.4, TRUE) ON CONFLICT DO NOTHING;
INSERT INTO plans (id, variant_id, plan_name, duration_months, max_kms) VALUES ('e1719ca4-b31d-483e-b9ce-7b56fed1e9fa', '19c10ccd-9715-4af6-927c-3d48aecc52c2', '36 Months / 60,000 Kms', 36, 60000) ON CONFLICT DO NOTHING;
INSERT INTO tiers (plan_id, min_days, max_days, price_inr, is_active) VALUES ('e1719ca4-b31d-483e-b9ce-7b56fed1e9fa', 0, 30, 20709.0, TRUE) ON CONFLICT DO NOTHING;
INSERT INTO tiers (plan_id, min_days, max_days, price_inr, is_active) VALUES ('e1719ca4-b31d-483e-b9ce-7b56fed1e9fa', 31, 365, 23824.2, TRUE) ON CONFLICT DO NOTHING;
INSERT INTO tiers (plan_id, min_days, max_days, price_inr, is_active) VALUES ('e1719ca4-b31d-483e-b9ce-7b56fed1e9fa', 366, 730, 26927.6, TRUE) ON CONFLICT DO NOTHING;
INSERT INTO tiers (plan_id, min_days, max_days, price_inr, is_active) VALUES ('e1719ca4-b31d-483e-b9ce-7b56fed1e9fa', 731, 1095, 30031.0, TRUE) ON CONFLICT DO NOTHING;
INSERT INTO plans (id, variant_id, plan_name, duration_months, max_kms) VALUES ('bc1f7704-c43f-42d7-a453-47bcd59f75e5', '19c10ccd-9715-4af6-927c-3d48aecc52c2', '12 Months / 20,000 Kms', 12, 20000) ON CONFLICT DO NOTHING;
INSERT INTO tiers (plan_id, min_days, max_days, price_inr, is_active) VALUES ('bc1f7704-c43f-42d7-a453-47bcd59f75e5', 0, 30, 17499.4, TRUE) ON CONFLICT DO NOTHING;
INSERT INTO tiers (plan_id, min_days, max_days, price_inr, is_active) VALUES ('bc1f7704-c43f-42d7-a453-47bcd59f75e5', 31, 365, 20130.8, TRUE) ON CONFLICT DO NOTHING;
INSERT INTO tiers (plan_id, min_days, max_days, price_inr, is_active) VALUES ('bc1f7704-c43f-42d7-a453-47bcd59f75e5', 366, 730, 22750.4, TRUE) ON CONFLICT DO NOTHING;
INSERT INTO tiers (plan_id, min_days, max_days, price_inr, is_active) VALUES ('bc1f7704-c43f-42d7-a453-47bcd59f75e5', 731, 1095, 25381.8, TRUE) ON CONFLICT DO NOTHING;
INSERT INTO plans (id, variant_id, plan_name, duration_months, max_kms) VALUES ('79fe93a3-d5fc-4c58-b38b-516247f6f07a', '19c10ccd-9715-4af6-927c-3d48aecc52c2', '24 Months / 40,000 Kms', 24, 40000) ON CONFLICT DO NOTHING;
INSERT INTO tiers (plan_id, min_days, max_days, price_inr, is_active) VALUES ('79fe93a3-d5fc-4c58-b38b-516247f6f07a', 0, 30, 19387.4, TRUE) ON CONFLICT DO NOTHING;
INSERT INTO tiers (plan_id, min_days, max_days, price_inr, is_active) VALUES ('79fe93a3-d5fc-4c58-b38b-516247f6f07a', 31, 365, 22302.0, TRUE) ON CONFLICT DO NOTHING;
INSERT INTO tiers (plan_id, min_days, max_days, price_inr, is_active) VALUES ('79fe93a3-d5fc-4c58-b38b-516247f6f07a', 366, 730, 25204.8, TRUE) ON CONFLICT DO NOTHING;
INSERT INTO tiers (plan_id, min_days, max_days, price_inr, is_active) VALUES ('79fe93a3-d5fc-4c58-b38b-516247f6f07a', 731, 1095, 28119.4, TRUE) ON CONFLICT DO NOTHING;
INSERT INTO plans (id, variant_id, plan_name, duration_months, max_kms) VALUES ('64e5f55c-c0a0-4db5-ac27-0590b451972c', '19c10ccd-9715-4af6-927c-3d48aecc52c2', '36 Months / 60,000 Kms', 36, 60000) ON CONFLICT DO NOTHING;
INSERT INTO tiers (plan_id, min_days, max_days, price_inr, is_active) VALUES ('64e5f55c-c0a0-4db5-ac27-0590b451972c', 0, 30, 21275.4, TRUE) ON CONFLICT DO NOTHING;
INSERT INTO tiers (plan_id, min_days, max_days, price_inr, is_active) VALUES ('64e5f55c-c0a0-4db5-ac27-0590b451972c', 31, 365, 24473.2, TRUE) ON CONFLICT DO NOTHING;
INSERT INTO tiers (plan_id, min_days, max_days, price_inr, is_active) VALUES ('64e5f55c-c0a0-4db5-ac27-0590b451972c', 366, 730, 27659.2, TRUE) ON CONFLICT DO NOTHING;
INSERT INTO tiers (plan_id, min_days, max_days, price_inr, is_active) VALUES ('64e5f55c-c0a0-4db5-ac27-0590b451972c', 731, 1095, 30857.0, TRUE) ON CONFLICT DO NOTHING;
INSERT INTO variants (id, model_id, name, fuel, transmission, oem_warranty_months, oem_warranty_kms) VALUES ('c4cd796c-c101-473f-b7f6-f3f5c1fb008a', '3bbfd675-b4da-408a-827c-42ab94390288', 'MARUTI GRAND VITARA SMART HYBRID ZETA 1.5L 5MT', 'Hybrid', 'Manual', 36, 100000) ON CONFLICT DO NOTHING;
INSERT INTO plans (id, variant_id, plan_name, duration_months, max_kms) VALUES ('4408affd-40ec-43c7-9ba7-5e31e0d3a1dd', 'c4cd796c-c101-473f-b7f6-f3f5c1fb008a', '12 Months / 20,000 Kms', 12, 20000) ON CONFLICT DO NOTHING;
INSERT INTO tiers (plan_id, min_days, max_days, price_inr, is_active) VALUES ('4408affd-40ec-43c7-9ba7-5e31e0d3a1dd', 0, 30, 23151.6, TRUE) ON CONFLICT DO NOTHING;
INSERT INTO tiers (plan_id, min_days, max_days, price_inr, is_active) VALUES ('4408affd-40ec-43c7-9ba7-5e31e0d3a1dd', 31, 365, 26632.6, TRUE) ON CONFLICT DO NOTHING;
INSERT INTO tiers (plan_id, min_days, max_days, price_inr, is_active) VALUES ('4408affd-40ec-43c7-9ba7-5e31e0d3a1dd', 366, 730, 30101.8, TRUE) ON CONFLICT DO NOTHING;
INSERT INTO tiers (plan_id, min_days, max_days, price_inr, is_active) VALUES ('4408affd-40ec-43c7-9ba7-5e31e0d3a1dd', 731, 1095, 33571.0, TRUE) ON CONFLICT DO NOTHING;
INSERT INTO plans (id, variant_id, plan_name, duration_months, max_kms) VALUES ('a145a763-6aa7-453b-8375-77b1784e15f3', 'c4cd796c-c101-473f-b7f6-f3f5c1fb008a', '24 Months / 40,000 Kms', 24, 40000) ON CONFLICT DO NOTHING;
INSERT INTO tiers (plan_id, min_days, max_days, price_inr, is_active) VALUES ('a145a763-6aa7-453b-8375-77b1784e15f3', 0, 30, 25039.6, TRUE) ON CONFLICT DO NOTHING;
INSERT INTO tiers (plan_id, min_days, max_days, price_inr, is_active) VALUES ('a145a763-6aa7-453b-8375-77b1784e15f3', 31, 365, 28803.8, TRUE) ON CONFLICT DO NOTHING;
INSERT INTO tiers (plan_id, min_days, max_days, price_inr, is_active) VALUES ('a145a763-6aa7-453b-8375-77b1784e15f3', 366, 730, 32556.2, TRUE) ON CONFLICT DO NOTHING;
INSERT INTO tiers (plan_id, min_days, max_days, price_inr, is_active) VALUES ('a145a763-6aa7-453b-8375-77b1784e15f3', 731, 1095, 36308.6, TRUE) ON CONFLICT DO NOTHING;
INSERT INTO plans (id, variant_id, plan_name, duration_months, max_kms) VALUES ('1877a79b-075c-4f1f-adb7-5179c9bfec48', 'c4cd796c-c101-473f-b7f6-f3f5c1fb008a', '36 Months / 60,000 Kms', 36, 60000) ON CONFLICT DO NOTHING;
INSERT INTO tiers (plan_id, min_days, max_days, price_inr, is_active) VALUES ('1877a79b-075c-4f1f-adb7-5179c9bfec48', 0, 30, 26927.6, TRUE) ON CONFLICT DO NOTHING;
INSERT INTO tiers (plan_id, min_days, max_days, price_inr, is_active) VALUES ('1877a79b-075c-4f1f-adb7-5179c9bfec48', 31, 365, 30975.0, TRUE) ON CONFLICT DO NOTHING;
INSERT INTO tiers (plan_id, min_days, max_days, price_inr, is_active) VALUES ('1877a79b-075c-4f1f-adb7-5179c9bfec48', 366, 730, 35010.6, TRUE) ON CONFLICT DO NOTHING;
INSERT INTO tiers (plan_id, min_days, max_days, price_inr, is_active) VALUES ('1877a79b-075c-4f1f-adb7-5179c9bfec48', 731, 1095, 39046.2, TRUE) ON CONFLICT DO NOTHING;
INSERT INTO plans (id, variant_id, plan_name, duration_months, max_kms) VALUES ('bf15aea2-a7d7-494f-b872-4819bace052e', 'c4cd796c-c101-473f-b7f6-f3f5c1fb008a', '12 Months / 20,000 Kms', 12, 20000) ON CONFLICT DO NOTHING;
INSERT INTO tiers (plan_id, min_days, max_days, price_inr, is_active) VALUES ('bf15aea2-a7d7-494f-b872-4819bace052e', 0, 30, 23340.4, TRUE) ON CONFLICT DO NOTHING;
INSERT INTO tiers (plan_id, min_days, max_days, price_inr, is_active) VALUES ('bf15aea2-a7d7-494f-b872-4819bace052e', 31, 365, 26845.0, TRUE) ON CONFLICT DO NOTHING;
INSERT INTO tiers (plan_id, min_days, max_days, price_inr, is_active) VALUES ('bf15aea2-a7d7-494f-b872-4819bace052e', 366, 730, 30349.6, TRUE) ON CONFLICT DO NOTHING;
INSERT INTO tiers (plan_id, min_days, max_days, price_inr, is_active) VALUES ('bf15aea2-a7d7-494f-b872-4819bace052e', 731, 1095, 33854.2, TRUE) ON CONFLICT DO NOTHING;
INSERT INTO plans (id, variant_id, plan_name, duration_months, max_kms) VALUES ('5cbbb59c-66ae-4d81-9fff-2375236862f0', 'c4cd796c-c101-473f-b7f6-f3f5c1fb008a', '24 Months / 40,000 Kms', 24, 40000) ON CONFLICT DO NOTHING;
INSERT INTO tiers (plan_id, min_days, max_days, price_inr, is_active) VALUES ('5cbbb59c-66ae-4d81-9fff-2375236862f0', 0, 30, 25228.4, TRUE) ON CONFLICT DO NOTHING;
INSERT INTO tiers (plan_id, min_days, max_days, price_inr, is_active) VALUES ('5cbbb59c-66ae-4d81-9fff-2375236862f0', 31, 365, 29016.2, TRUE) ON CONFLICT DO NOTHING;
INSERT INTO tiers (plan_id, min_days, max_days, price_inr, is_active) VALUES ('5cbbb59c-66ae-4d81-9fff-2375236862f0', 366, 730, 32804.0, TRUE) ON CONFLICT DO NOTHING;
INSERT INTO tiers (plan_id, min_days, max_days, price_inr, is_active) VALUES ('5cbbb59c-66ae-4d81-9fff-2375236862f0', 731, 1095, 36591.8, TRUE) ON CONFLICT DO NOTHING;
INSERT INTO plans (id, variant_id, plan_name, duration_months, max_kms) VALUES ('9b69b4d2-a278-4bcd-80fa-d38870ed191f', 'c4cd796c-c101-473f-b7f6-f3f5c1fb008a', '36 Months / 60,000 Kms', 36, 60000) ON CONFLICT DO NOTHING;
INSERT INTO tiers (plan_id, min_days, max_days, price_inr, is_active) VALUES ('9b69b4d2-a278-4bcd-80fa-d38870ed191f', 0, 30, 27116.4, TRUE) ON CONFLICT DO NOTHING;
INSERT INTO tiers (plan_id, min_days, max_days, price_inr, is_active) VALUES ('9b69b4d2-a278-4bcd-80fa-d38870ed191f', 31, 365, 31187.4, TRUE) ON CONFLICT DO NOTHING;
INSERT INTO tiers (plan_id, min_days, max_days, price_inr, is_active) VALUES ('9b69b4d2-a278-4bcd-80fa-d38870ed191f', 366, 730, 35258.4, TRUE) ON CONFLICT DO NOTHING;
INSERT INTO tiers (plan_id, min_days, max_days, price_inr, is_active) VALUES ('9b69b4d2-a278-4bcd-80fa-d38870ed191f', 731, 1095, 39329.4, TRUE) ON CONFLICT DO NOTHING;
INSERT INTO variants (id, model_id, name, fuel, transmission, oem_warranty_months, oem_warranty_kms) VALUES ('a67f83a0-969a-482d-837c-963ce6a6185d', '3bbfd675-b4da-408a-827c-42ab94390288', 'MARUTI GRAND VITARA SMART HYBRID ZETA 1.5L 6AT', 'Hybrid', 'Automatic', 36, 100000) ON CONFLICT DO NOTHING;
INSERT INTO plans (id, variant_id, plan_name, duration_months, max_kms) VALUES ('798aa02e-0a65-478e-96f4-17f0b578358d', 'a67f83a0-969a-482d-837c-963ce6a6185d', '12 Months / 20,000 Kms', 12, 20000) ON CONFLICT DO NOTHING;
INSERT INTO tiers (plan_id, min_days, max_days, price_inr, is_active) VALUES ('798aa02e-0a65-478e-96f4-17f0b578358d', 0, 30, 26054.4, TRUE) ON CONFLICT DO NOTHING;
INSERT INTO tiers (plan_id, min_days, max_days, price_inr, is_active) VALUES ('798aa02e-0a65-478e-96f4-17f0b578358d', 31, 365, 29972.0, TRUE) ON CONFLICT DO NOTHING;
INSERT INTO tiers (plan_id, min_days, max_days, price_inr, is_active) VALUES ('798aa02e-0a65-478e-96f4-17f0b578358d', 366, 730, 33877.8, TRUE) ON CONFLICT DO NOTHING;
INSERT INTO tiers (plan_id, min_days, max_days, price_inr, is_active) VALUES ('798aa02e-0a65-478e-96f4-17f0b578358d', 731, 1095, 37783.6, TRUE) ON CONFLICT DO NOTHING;
INSERT INTO plans (id, variant_id, plan_name, duration_months, max_kms) VALUES ('b91a2055-ea30-4afb-aff9-33e235a7414e', 'a67f83a0-969a-482d-837c-963ce6a6185d', '24 Months / 40,000 Kms', 24, 40000) ON CONFLICT DO NOTHING;
INSERT INTO tiers (plan_id, min_days, max_days, price_inr, is_active) VALUES ('b91a2055-ea30-4afb-aff9-33e235a7414e', 0, 30, 27942.4, TRUE) ON CONFLICT DO NOTHING;
INSERT INTO tiers (plan_id, min_days, max_days, price_inr, is_active) VALUES ('b91a2055-ea30-4afb-aff9-33e235a7414e', 31, 365, 32143.2, TRUE) ON CONFLICT DO NOTHING;
INSERT INTO tiers (plan_id, min_days, max_days, price_inr, is_active) VALUES ('b91a2055-ea30-4afb-aff9-33e235a7414e', 366, 730, 36332.2, TRUE) ON CONFLICT DO NOTHING;
INSERT INTO tiers (plan_id, min_days, max_days, price_inr, is_active) VALUES ('b91a2055-ea30-4afb-aff9-33e235a7414e', 731, 1095, 40521.2, TRUE) ON CONFLICT DO NOTHING;
INSERT INTO plans (id, variant_id, plan_name, duration_months, max_kms) VALUES ('0f037870-effe-49c8-9c29-ed106a1be006', 'a67f83a0-969a-482d-837c-963ce6a6185d', '36 Months / 60,000 Kms', 36, 60000) ON CONFLICT DO NOTHING;
INSERT INTO tiers (plan_id, min_days, max_days, price_inr, is_active) VALUES ('0f037870-effe-49c8-9c29-ed106a1be006', 0, 30, 29830.4, TRUE) ON CONFLICT DO NOTHING;
INSERT INTO tiers (plan_id, min_days, max_days, price_inr, is_active) VALUES ('0f037870-effe-49c8-9c29-ed106a1be006', 31, 365, 34314.4, TRUE) ON CONFLICT DO NOTHING;
INSERT INTO tiers (plan_id, min_days, max_days, price_inr, is_active) VALUES ('0f037870-effe-49c8-9c29-ed106a1be006', 366, 730, 38786.6, TRUE) ON CONFLICT DO NOTHING;
INSERT INTO tiers (plan_id, min_days, max_days, price_inr, is_active) VALUES ('0f037870-effe-49c8-9c29-ed106a1be006', 731, 1095, 43258.8, TRUE) ON CONFLICT DO NOTHING;
INSERT INTO variants (id, model_id, name, fuel, transmission, oem_warranty_months, oem_warranty_kms) VALUES ('94e4f4c9-b47d-4c33-8aad-01bef334436f', '3bbfd675-b4da-408a-827c-42ab94390288', 'MARUTI GRAND VITARA ZETA CNG 1.5L 5MT', 'CNG', 'Manual', 36, 100000) ON CONFLICT DO NOTHING;
INSERT INTO plans (id, variant_id, plan_name, duration_months, max_kms) VALUES ('76b7a488-0eae-4dbf-8097-519e995f7f1d', '94e4f4c9-b47d-4c33-8aad-01bef334436f', '12 Months / 20,000 Kms', 12, 20000) ON CONFLICT DO NOTHING;
INSERT INTO tiers (plan_id, min_days, max_days, price_inr, is_active) VALUES ('76b7a488-0eae-4dbf-8097-519e995f7f1d', 0, 30, 25181.2, TRUE) ON CONFLICT DO NOTHING;
INSERT INTO tiers (plan_id, min_days, max_days, price_inr, is_active) VALUES ('76b7a488-0eae-4dbf-8097-519e995f7f1d', 31, 365, 28969.0, TRUE) ON CONFLICT DO NOTHING;
INSERT INTO tiers (plan_id, min_days, max_days, price_inr, is_active) VALUES ('76b7a488-0eae-4dbf-8097-519e995f7f1d', 366, 730, 32745.0, TRUE) ON CONFLICT DO NOTHING;
INSERT INTO tiers (plan_id, min_days, max_days, price_inr, is_active) VALUES ('76b7a488-0eae-4dbf-8097-519e995f7f1d', 731, 1095, 36521.0, TRUE) ON CONFLICT DO NOTHING;
INSERT INTO plans (id, variant_id, plan_name, duration_months, max_kms) VALUES ('5d7e3c1b-5da3-4167-8c62-384fd4fadf01', '94e4f4c9-b47d-4c33-8aad-01bef334436f', '24 Months / 40,000 Kms', 24, 40000) ON CONFLICT DO NOTHING;
INSERT INTO tiers (plan_id, min_days, max_days, price_inr, is_active) VALUES ('5d7e3c1b-5da3-4167-8c62-384fd4fadf01', 0, 30, 27069.2, TRUE) ON CONFLICT DO NOTHING;
INSERT INTO tiers (plan_id, min_days, max_days, price_inr, is_active) VALUES ('5d7e3c1b-5da3-4167-8c62-384fd4fadf01', 31, 365, 31140.2, TRUE) ON CONFLICT DO NOTHING;
INSERT INTO tiers (plan_id, min_days, max_days, price_inr, is_active) VALUES ('5d7e3c1b-5da3-4167-8c62-384fd4fadf01', 366, 730, 35199.4, TRUE) ON CONFLICT DO NOTHING;
INSERT INTO tiers (plan_id, min_days, max_days, price_inr, is_active) VALUES ('5d7e3c1b-5da3-4167-8c62-384fd4fadf01', 731, 1095, 39258.6, TRUE) ON CONFLICT DO NOTHING;
INSERT INTO plans (id, variant_id, plan_name, duration_months, max_kms) VALUES ('61963698-991c-45e1-9707-c67adbe3b1d9', '94e4f4c9-b47d-4c33-8aad-01bef334436f', '36 Months / 60,000 Kms', 36, 60000) ON CONFLICT DO NOTHING;
INSERT INTO tiers (plan_id, min_days, max_days, price_inr, is_active) VALUES ('61963698-991c-45e1-9707-c67adbe3b1d9', 0, 30, 28957.2, TRUE) ON CONFLICT DO NOTHING;
INSERT INTO tiers (plan_id, min_days, max_days, price_inr, is_active) VALUES ('61963698-991c-45e1-9707-c67adbe3b1d9', 31, 365, 33311.4, TRUE) ON CONFLICT DO NOTHING;
INSERT INTO tiers (plan_id, min_days, max_days, price_inr, is_active) VALUES ('61963698-991c-45e1-9707-c67adbe3b1d9', 366, 730, 37653.8, TRUE) ON CONFLICT DO NOTHING;
INSERT INTO tiers (plan_id, min_days, max_days, price_inr, is_active) VALUES ('61963698-991c-45e1-9707-c67adbe3b1d9', 731, 1095, 41996.2, TRUE) ON CONFLICT DO NOTHING;
INSERT INTO models (id, brand_id, name) VALUES ('0ed0c240-9109-42b7-aba4-b1dc45e464d9', 'b1e782a2-c0d1-4b20-ae57-becb98f3ab90', 'Ignis') ON CONFLICT DO NOTHING;
INSERT INTO variants (id, model_id, name, fuel, transmission, oem_warranty_months, oem_warranty_kms) VALUES ('5b2d6f24-b959-42d5-975e-694144b048bb', '0ed0c240-9109-42b7-aba4-b1dc45e464d9', 'MARUTI IGNIS ALPHA 1.2L 5MT', 'Petrol', 'Manual', 36, 100000) ON CONFLICT DO NOTHING;
INSERT INTO plans (id, variant_id, plan_name, duration_months, max_kms) VALUES ('a5dd4723-9ee4-42d1-ae81-1afb0da409b6', '5b2d6f24-b959-42d5-975e-694144b048bb', '12 Months / 20,000 Kms', 12, 20000) ON CONFLICT DO NOTHING;
INSERT INTO tiers (plan_id, min_days, max_days, price_inr, is_active) VALUES ('a5dd4723-9ee4-42d1-ae81-1afb0da409b6', 0, 30, 10997.6, TRUE) ON CONFLICT DO NOTHING;
INSERT INTO tiers (plan_id, min_days, max_days, price_inr, is_active) VALUES ('a5dd4723-9ee4-42d1-ae81-1afb0da409b6', 31, 365, 12649.6, TRUE) ON CONFLICT DO NOTHING;
INSERT INTO tiers (plan_id, min_days, max_days, price_inr, is_active) VALUES ('a5dd4723-9ee4-42d1-ae81-1afb0da409b6', 366, 730, 14301.6, TRUE) ON CONFLICT DO NOTHING;
INSERT INTO tiers (plan_id, min_days, max_days, price_inr, is_active) VALUES ('a5dd4723-9ee4-42d1-ae81-1afb0da409b6', 731, 1095, 15953.6, TRUE) ON CONFLICT DO NOTHING;
INSERT INTO plans (id, variant_id, plan_name, duration_months, max_kms) VALUES ('8830e77e-e332-43cc-83ba-798bec21a38a', '5b2d6f24-b959-42d5-975e-694144b048bb', '24 Months / 40,000 Kms', 24, 40000) ON CONFLICT DO NOTHING;
INSERT INTO tiers (plan_id, min_days, max_days, price_inr, is_active) VALUES ('8830e77e-e332-43cc-83ba-798bec21a38a', 0, 30, 12885.6, TRUE) ON CONFLICT DO NOTHING;
INSERT INTO tiers (plan_id, min_days, max_days, price_inr, is_active) VALUES ('8830e77e-e332-43cc-83ba-798bec21a38a', 31, 365, 14820.8, TRUE) ON CONFLICT DO NOTHING;
INSERT INTO tiers (plan_id, min_days, max_days, price_inr, is_active) VALUES ('8830e77e-e332-43cc-83ba-798bec21a38a', 366, 730, 16756.0, TRUE) ON CONFLICT DO NOTHING;
INSERT INTO tiers (plan_id, min_days, max_days, price_inr, is_active) VALUES ('8830e77e-e332-43cc-83ba-798bec21a38a', 731, 1095, 18691.2, TRUE) ON CONFLICT DO NOTHING;
INSERT INTO plans (id, variant_id, plan_name, duration_months, max_kms) VALUES ('e14d0746-9eaf-45d9-a554-b031b2aee298', '5b2d6f24-b959-42d5-975e-694144b048bb', '36 Months / 60,000 Kms', 36, 60000) ON CONFLICT DO NOTHING;
INSERT INTO tiers (plan_id, min_days, max_days, price_inr, is_active) VALUES ('e14d0746-9eaf-45d9-a554-b031b2aee298', 0, 30, 14183.6, TRUE) ON CONFLICT DO NOTHING;
INSERT INTO tiers (plan_id, min_days, max_days, price_inr, is_active) VALUES ('e14d0746-9eaf-45d9-a554-b031b2aee298', 31, 365, 16319.4, TRUE) ON CONFLICT DO NOTHING;
INSERT INTO tiers (plan_id, min_days, max_days, price_inr, is_active) VALUES ('e14d0746-9eaf-45d9-a554-b031b2aee298', 366, 730, 18443.4, TRUE) ON CONFLICT DO NOTHING;
INSERT INTO tiers (plan_id, min_days, max_days, price_inr, is_active) VALUES ('e14d0746-9eaf-45d9-a554-b031b2aee298', 731, 1095, 20567.4, TRUE) ON CONFLICT DO NOTHING;
INSERT INTO variants (id, model_id, name, fuel, transmission, oem_warranty_months, oem_warranty_kms) VALUES ('45afb012-53bd-41a0-8eb3-b1e13272d090', '0ed0c240-9109-42b7-aba4-b1dc45e464d9', 'MARUTI IGNIS ALPHA 1.2L AGS', 'Petrol', 'Automatic', 36, 100000) ON CONFLICT DO NOTHING;
INSERT INTO plans (id, variant_id, plan_name, duration_months, max_kms) VALUES ('f5638714-1713-40f2-9f0a-c069fe26eb00', '45afb012-53bd-41a0-8eb3-b1e13272d090', '12 Months / 20,000 Kms', 12, 20000) ON CONFLICT DO NOTHING;
INSERT INTO tiers (plan_id, min_days, max_days, price_inr, is_active) VALUES ('f5638714-1713-40f2-9f0a-c069fe26eb00', 0, 30, 12000.6, TRUE) ON CONFLICT DO NOTHING;
INSERT INTO tiers (plan_id, min_days, max_days, price_inr, is_active) VALUES ('f5638714-1713-40f2-9f0a-c069fe26eb00', 31, 365, 13806.0, TRUE) ON CONFLICT DO NOTHING;
INSERT INTO tiers (plan_id, min_days, max_days, price_inr, is_active) VALUES ('f5638714-1713-40f2-9f0a-c069fe26eb00', 366, 730, 15611.4, TRUE) ON CONFLICT DO NOTHING;
INSERT INTO tiers (plan_id, min_days, max_days, price_inr, is_active) VALUES ('f5638714-1713-40f2-9f0a-c069fe26eb00', 731, 1095, 17405.0, TRUE) ON CONFLICT DO NOTHING;
INSERT INTO plans (id, variant_id, plan_name, duration_months, max_kms) VALUES ('1ba4b4df-5ff0-402a-ac59-5675c411f134', '45afb012-53bd-41a0-8eb3-b1e13272d090', '24 Months / 40,000 Kms', 24, 40000) ON CONFLICT DO NOTHING;
INSERT INTO tiers (plan_id, min_days, max_days, price_inr, is_active) VALUES ('1ba4b4df-5ff0-402a-ac59-5675c411f134', 0, 30, 13888.6, TRUE) ON CONFLICT DO NOTHING;
INSERT INTO tiers (plan_id, min_days, max_days, price_inr, is_active) VALUES ('1ba4b4df-5ff0-402a-ac59-5675c411f134', 31, 365, 15977.2, TRUE) ON CONFLICT DO NOTHING;
INSERT INTO tiers (plan_id, min_days, max_days, price_inr, is_active) VALUES ('1ba4b4df-5ff0-402a-ac59-5675c411f134', 366, 730, 18065.8, TRUE) ON CONFLICT DO NOTHING;
INSERT INTO tiers (plan_id, min_days, max_days, price_inr, is_active) VALUES ('1ba4b4df-5ff0-402a-ac59-5675c411f134', 731, 1095, 20142.6, TRUE) ON CONFLICT DO NOTHING;
INSERT INTO plans (id, variant_id, plan_name, duration_months, max_kms) VALUES ('318a6e57-f2fa-49a7-84fd-6c9e48f5b65f', '45afb012-53bd-41a0-8eb3-b1e13272d090', '36 Months / 60,000 Kms', 36, 60000) ON CONFLICT DO NOTHING;
INSERT INTO tiers (plan_id, min_days, max_days, price_inr, is_active) VALUES ('318a6e57-f2fa-49a7-84fd-6c9e48f5b65f', 0, 30, 15186.6, TRUE) ON CONFLICT DO NOTHING;
INSERT INTO tiers (plan_id, min_days, max_days, price_inr, is_active) VALUES ('318a6e57-f2fa-49a7-84fd-6c9e48f5b65f', 31, 365, 17475.8, TRUE) ON CONFLICT DO NOTHING;
INSERT INTO tiers (plan_id, min_days, max_days, price_inr, is_active) VALUES ('318a6e57-f2fa-49a7-84fd-6c9e48f5b65f', 366, 730, 19753.2, TRUE) ON CONFLICT DO NOTHING;
INSERT INTO tiers (plan_id, min_days, max_days, price_inr, is_active) VALUES ('318a6e57-f2fa-49a7-84fd-6c9e48f5b65f', 731, 1095, 22030.6, TRUE) ON CONFLICT DO NOTHING;
INSERT INTO variants (id, model_id, name, fuel, transmission, oem_warranty_months, oem_warranty_kms) VALUES ('ba5a1504-9873-4837-81c7-d2c9074a0809', '0ed0c240-9109-42b7-aba4-b1dc45e464d9', 'MARUTI IGNIS DELTA 1.2L 5MT', 'Petrol', 'Manual', 36, 100000) ON CONFLICT DO NOTHING;
INSERT INTO plans (id, variant_id, plan_name, duration_months, max_kms) VALUES ('d29439fe-3128-4d27-a37d-7f26134d5d28', 'ba5a1504-9873-4837-81c7-d2c9074a0809', '12 Months / 20,000 Kms', 12, 20000) ON CONFLICT DO NOTHING;
INSERT INTO tiers (plan_id, min_days, max_days, price_inr, is_active) VALUES ('d29439fe-3128-4d27-a37d-7f26134d5d28', 0, 30, 8484.2, TRUE) ON CONFLICT DO NOTHING;
INSERT INTO tiers (plan_id, min_days, max_days, price_inr, is_active) VALUES ('d29439fe-3128-4d27-a37d-7f26134d5d28', 31, 365, 9758.6, TRUE) ON CONFLICT DO NOTHING;
INSERT INTO tiers (plan_id, min_days, max_days, price_inr, is_active) VALUES ('d29439fe-3128-4d27-a37d-7f26134d5d28', 366, 730, 11033.0, TRUE) ON CONFLICT DO NOTHING;
INSERT INTO tiers (plan_id, min_days, max_days, price_inr, is_active) VALUES ('d29439fe-3128-4d27-a37d-7f26134d5d28', 731, 1095, 12307.4, TRUE) ON CONFLICT DO NOTHING;
INSERT INTO plans (id, variant_id, plan_name, duration_months, max_kms) VALUES ('e5110edc-1417-47c7-bdd7-139a0a68a785', 'ba5a1504-9873-4837-81c7-d2c9074a0809', '24 Months / 40,000 Kms', 24, 40000) ON CONFLICT DO NOTHING;
INSERT INTO tiers (plan_id, min_days, max_days, price_inr, is_active) VALUES ('e5110edc-1417-47c7-bdd7-139a0a68a785', 0, 30, 10372.2, TRUE) ON CONFLICT DO NOTHING;
INSERT INTO tiers (plan_id, min_days, max_days, price_inr, is_active) VALUES ('e5110edc-1417-47c7-bdd7-139a0a68a785', 31, 365, 11929.8, TRUE) ON CONFLICT DO NOTHING;
INSERT INTO tiers (plan_id, min_days, max_days, price_inr, is_active) VALUES ('e5110edc-1417-47c7-bdd7-139a0a68a785', 366, 730, 13487.4, TRUE) ON CONFLICT DO NOTHING;
INSERT INTO tiers (plan_id, min_days, max_days, price_inr, is_active) VALUES ('e5110edc-1417-47c7-bdd7-139a0a68a785', 731, 1095, 15045.0, TRUE) ON CONFLICT DO NOTHING;
INSERT INTO plans (id, variant_id, plan_name, duration_months, max_kms) VALUES ('4571f97e-29b0-44db-a7fa-bbe92985f0eb', 'ba5a1504-9873-4837-81c7-d2c9074a0809', '36 Months / 60,000 Kms', 36, 60000) ON CONFLICT DO NOTHING;
INSERT INTO tiers (plan_id, min_days, max_days, price_inr, is_active) VALUES ('4571f97e-29b0-44db-a7fa-bbe92985f0eb', 0, 30, 11670.2, TRUE) ON CONFLICT DO NOTHING;
INSERT INTO tiers (plan_id, min_days, max_days, price_inr, is_active) VALUES ('4571f97e-29b0-44db-a7fa-bbe92985f0eb', 31, 365, 13428.4, TRUE) ON CONFLICT DO NOTHING;
INSERT INTO tiers (plan_id, min_days, max_days, price_inr, is_active) VALUES ('4571f97e-29b0-44db-a7fa-bbe92985f0eb', 366, 730, 15174.8, TRUE) ON CONFLICT DO NOTHING;
INSERT INTO tiers (plan_id, min_days, max_days, price_inr, is_active) VALUES ('4571f97e-29b0-44db-a7fa-bbe92985f0eb', 731, 1095, 16933.0, TRUE) ON CONFLICT DO NOTHING;
INSERT INTO variants (id, model_id, name, fuel, transmission, oem_warranty_months, oem_warranty_kms) VALUES ('65b50438-f99f-425d-806a-7ab18540b494', '0ed0c240-9109-42b7-aba4-b1dc45e464d9', 'MARUTI IGNIS DELTA 1.2L AGS', 'Petrol', 'Automatic', 36, 100000) ON CONFLICT DO NOTHING;
INSERT INTO plans (id, variant_id, plan_name, duration_months, max_kms) VALUES ('76876e76-230e-4e22-99fc-6c48b3673895', '65b50438-f99f-425d-806a-7ab18540b494', '12 Months / 20,000 Kms', 12, 20000) ON CONFLICT DO NOTHING;
INSERT INTO tiers (plan_id, min_days, max_days, price_inr, is_active) VALUES ('76876e76-230e-4e22-99fc-6c48b3673895', 0, 30, 9499.0, TRUE) ON CONFLICT DO NOTHING;
INSERT INTO tiers (plan_id, min_days, max_days, price_inr, is_active) VALUES ('76876e76-230e-4e22-99fc-6c48b3673895', 31, 365, 10926.8, TRUE) ON CONFLICT DO NOTHING;
INSERT INTO tiers (plan_id, min_days, max_days, price_inr, is_active) VALUES ('76876e76-230e-4e22-99fc-6c48b3673895', 366, 730, 12354.6, TRUE) ON CONFLICT DO NOTHING;
INSERT INTO tiers (plan_id, min_days, max_days, price_inr, is_active) VALUES ('76876e76-230e-4e22-99fc-6c48b3673895', 731, 1095, 13782.4, TRUE) ON CONFLICT DO NOTHING;
INSERT INTO plans (id, variant_id, plan_name, duration_months, max_kms) VALUES ('ad9eaee5-b71d-459f-a4c8-c72a6c2b2079', '65b50438-f99f-425d-806a-7ab18540b494', '24 Months / 40,000 Kms', 24, 40000) ON CONFLICT DO NOTHING;
INSERT INTO tiers (plan_id, min_days, max_days, price_inr, is_active) VALUES ('ad9eaee5-b71d-459f-a4c8-c72a6c2b2079', 0, 30, 11387.0, TRUE) ON CONFLICT DO NOTHING;
INSERT INTO tiers (plan_id, min_days, max_days, price_inr, is_active) VALUES ('ad9eaee5-b71d-459f-a4c8-c72a6c2b2079', 31, 365, 13098.0, TRUE) ON CONFLICT DO NOTHING;
INSERT INTO tiers (plan_id, min_days, max_days, price_inr, is_active) VALUES ('ad9eaee5-b71d-459f-a4c8-c72a6c2b2079', 366, 730, 14809.0, TRUE) ON CONFLICT DO NOTHING;
INSERT INTO tiers (plan_id, min_days, max_days, price_inr, is_active) VALUES ('ad9eaee5-b71d-459f-a4c8-c72a6c2b2079', 731, 1095, 16520.0, TRUE) ON CONFLICT DO NOTHING;
INSERT INTO plans (id, variant_id, plan_name, duration_months, max_kms) VALUES ('1c3f9ddb-91a6-4a25-a748-6748ab06b58e', '65b50438-f99f-425d-806a-7ab18540b494', '36 Months / 60,000 Kms', 36, 60000) ON CONFLICT DO NOTHING;
INSERT INTO tiers (plan_id, min_days, max_days, price_inr, is_active) VALUES ('1c3f9ddb-91a6-4a25-a748-6748ab06b58e', 0, 30, 12685.0, TRUE) ON CONFLICT DO NOTHING;
INSERT INTO tiers (plan_id, min_days, max_days, price_inr, is_active) VALUES ('1c3f9ddb-91a6-4a25-a748-6748ab06b58e', 31, 365, 14596.6, TRUE) ON CONFLICT DO NOTHING;
INSERT INTO tiers (plan_id, min_days, max_days, price_inr, is_active) VALUES ('1c3f9ddb-91a6-4a25-a748-6748ab06b58e', 366, 730, 16496.4, TRUE) ON CONFLICT DO NOTHING;
INSERT INTO tiers (plan_id, min_days, max_days, price_inr, is_active) VALUES ('1c3f9ddb-91a6-4a25-a748-6748ab06b58e', 731, 1095, 18396.2, TRUE) ON CONFLICT DO NOTHING;
INSERT INTO variants (id, model_id, name, fuel, transmission, oem_warranty_months, oem_warranty_kms) VALUES ('e95e013a-5915-47e6-abc1-6889cd7c17f3', '0ed0c240-9109-42b7-aba4-b1dc45e464d9', 'MARUTI IGNIS SIGMA 1.2L 5MT', 'Petrol', 'Manual', 36, 100000) ON CONFLICT DO NOTHING;
INSERT INTO plans (id, variant_id, plan_name, duration_months, max_kms) VALUES ('f6ef79e0-a453-46db-be8b-a367ecaad47c', 'e95e013a-5915-47e6-abc1-6889cd7c17f3', '12 Months / 20,000 Kms', 12, 20000) ON CONFLICT DO NOTHING;
INSERT INTO tiers (plan_id, min_days, max_days, price_inr, is_active) VALUES ('f6ef79e0-a453-46db-be8b-a367ecaad47c', 0, 30, 7504.8, TRUE) ON CONFLICT DO NOTHING;
INSERT INTO tiers (plan_id, min_days, max_days, price_inr, is_active) VALUES ('f6ef79e0-a453-46db-be8b-a367ecaad47c', 31, 365, 8637.6, TRUE) ON CONFLICT DO NOTHING;
INSERT INTO tiers (plan_id, min_days, max_days, price_inr, is_active) VALUES ('f6ef79e0-a453-46db-be8b-a367ecaad47c', 366, 730, 9758.6, TRUE) ON CONFLICT DO NOTHING;
INSERT INTO tiers (plan_id, min_days, max_days, price_inr, is_active) VALUES ('f6ef79e0-a453-46db-be8b-a367ecaad47c', 731, 1095, 10891.4, TRUE) ON CONFLICT DO NOTHING;
INSERT INTO plans (id, variant_id, plan_name, duration_months, max_kms) VALUES ('a97ebbb1-b338-458d-abf9-e1e7b3979cfd', 'e95e013a-5915-47e6-abc1-6889cd7c17f3', '24 Months / 40,000 Kms', 24, 40000) ON CONFLICT DO NOTHING;
INSERT INTO tiers (plan_id, min_days, max_days, price_inr, is_active) VALUES ('a97ebbb1-b338-458d-abf9-e1e7b3979cfd', 0, 30, 9392.8, TRUE) ON CONFLICT DO NOTHING;
INSERT INTO tiers (plan_id, min_days, max_days, price_inr, is_active) VALUES ('a97ebbb1-b338-458d-abf9-e1e7b3979cfd', 31, 365, 10808.8, TRUE) ON CONFLICT DO NOTHING;
INSERT INTO tiers (plan_id, min_days, max_days, price_inr, is_active) VALUES ('a97ebbb1-b338-458d-abf9-e1e7b3979cfd', 366, 730, 12213.0, TRUE) ON CONFLICT DO NOTHING;
INSERT INTO tiers (plan_id, min_days, max_days, price_inr, is_active) VALUES ('a97ebbb1-b338-458d-abf9-e1e7b3979cfd', 731, 1095, 13629.0, TRUE) ON CONFLICT DO NOTHING;
INSERT INTO plans (id, variant_id, plan_name, duration_months, max_kms) VALUES ('fb51f4fa-8efc-4e4c-984a-28508dad4cb6', 'e95e013a-5915-47e6-abc1-6889cd7c17f3', '36 Months / 60,000 Kms', 36, 60000) ON CONFLICT DO NOTHING;
INSERT INTO tiers (plan_id, min_days, max_days, price_inr, is_active) VALUES ('fb51f4fa-8efc-4e4c-984a-28508dad4cb6', 0, 30, 10690.8, TRUE) ON CONFLICT DO NOTHING;
INSERT INTO tiers (plan_id, min_days, max_days, price_inr, is_active) VALUES ('fb51f4fa-8efc-4e4c-984a-28508dad4cb6', 31, 365, 12295.6, TRUE) ON CONFLICT DO NOTHING;
INSERT INTO tiers (plan_id, min_days, max_days, price_inr, is_active) VALUES ('fb51f4fa-8efc-4e4c-984a-28508dad4cb6', 366, 730, 13900.4, TRUE) ON CONFLICT DO NOTHING;
INSERT INTO tiers (plan_id, min_days, max_days, price_inr, is_active) VALUES ('fb51f4fa-8efc-4e4c-984a-28508dad4cb6', 731, 1095, 15505.2, TRUE) ON CONFLICT DO NOTHING;
INSERT INTO variants (id, model_id, name, fuel, transmission, oem_warranty_months, oem_warranty_kms) VALUES ('d27d8710-3bbe-4cec-894f-cc43ae040988', '0ed0c240-9109-42b7-aba4-b1dc45e464d9', 'MARUTI IGNIS ZETA 1.2L 5MT', 'Petrol', 'Manual', 36, 100000) ON CONFLICT DO NOTHING;
INSERT INTO plans (id, variant_id, plan_name, duration_months, max_kms) VALUES ('6da65277-b007-4d6d-a6e6-ba0de34f68c4', 'd27d8710-3bbe-4cec-894f-cc43ae040988', '12 Months / 20,000 Kms', 12, 20000) ON CONFLICT DO NOTHING;
INSERT INTO tiers (plan_id, min_days, max_days, price_inr, is_active) VALUES ('6da65277-b007-4d6d-a6e6-ba0de34f68c4', 0, 30, 9805.8, TRUE) ON CONFLICT DO NOTHING;
INSERT INTO tiers (plan_id, min_days, max_days, price_inr, is_active) VALUES ('6da65277-b007-4d6d-a6e6-ba0de34f68c4', 31, 365, 11280.8, TRUE) ON CONFLICT DO NOTHING;
INSERT INTO tiers (plan_id, min_days, max_days, price_inr, is_active) VALUES ('6da65277-b007-4d6d-a6e6-ba0de34f68c4', 366, 730, 12755.8, TRUE) ON CONFLICT DO NOTHING;
INSERT INTO tiers (plan_id, min_days, max_days, price_inr, is_active) VALUES ('6da65277-b007-4d6d-a6e6-ba0de34f68c4', 731, 1095, 14219.0, TRUE) ON CONFLICT DO NOTHING;
INSERT INTO plans (id, variant_id, plan_name, duration_months, max_kms) VALUES ('3540047f-9a38-4d13-b117-8172cd0c10e6', 'd27d8710-3bbe-4cec-894f-cc43ae040988', '24 Months / 40,000 Kms', 24, 40000) ON CONFLICT DO NOTHING;
INSERT INTO tiers (plan_id, min_days, max_days, price_inr, is_active) VALUES ('3540047f-9a38-4d13-b117-8172cd0c10e6', 0, 30, 11693.8, TRUE) ON CONFLICT DO NOTHING;
INSERT INTO tiers (plan_id, min_days, max_days, price_inr, is_active) VALUES ('3540047f-9a38-4d13-b117-8172cd0c10e6', 31, 365, 13452.0, TRUE) ON CONFLICT DO NOTHING;
INSERT INTO tiers (plan_id, min_days, max_days, price_inr, is_active) VALUES ('3540047f-9a38-4d13-b117-8172cd0c10e6', 366, 730, 15210.2, TRUE) ON CONFLICT DO NOTHING;
INSERT INTO tiers (plan_id, min_days, max_days, price_inr, is_active) VALUES ('3540047f-9a38-4d13-b117-8172cd0c10e6', 731, 1095, 16956.6, TRUE) ON CONFLICT DO NOTHING;
INSERT INTO plans (id, variant_id, plan_name, duration_months, max_kms) VALUES ('68051dff-d0a3-43f5-b8e0-a45c9ca21c81', 'd27d8710-3bbe-4cec-894f-cc43ae040988', '36 Months / 60,000 Kms', 36, 60000) ON CONFLICT DO NOTHING;
INSERT INTO tiers (plan_id, min_days, max_days, price_inr, is_active) VALUES ('68051dff-d0a3-43f5-b8e0-a45c9ca21c81', 0, 30, 12991.8, TRUE) ON CONFLICT DO NOTHING;
INSERT INTO tiers (plan_id, min_days, max_days, price_inr, is_active) VALUES ('68051dff-d0a3-43f5-b8e0-a45c9ca21c81', 31, 365, 14950.6, TRUE) ON CONFLICT DO NOTHING;
INSERT INTO tiers (plan_id, min_days, max_days, price_inr, is_active) VALUES ('68051dff-d0a3-43f5-b8e0-a45c9ca21c81', 366, 730, 16897.6, TRUE) ON CONFLICT DO NOTHING;
INSERT INTO tiers (plan_id, min_days, max_days, price_inr, is_active) VALUES ('68051dff-d0a3-43f5-b8e0-a45c9ca21c81', 731, 1095, 18844.6, TRUE) ON CONFLICT DO NOTHING;
INSERT INTO variants (id, model_id, name, fuel, transmission, oem_warranty_months, oem_warranty_kms) VALUES ('e082f942-1fbd-4c4d-90f0-acb74ac3871a', '0ed0c240-9109-42b7-aba4-b1dc45e464d9', 'MARUTI IGNIS ZETA 1.2L AGS', 'Petrol', 'Automatic', 36, 100000) ON CONFLICT DO NOTHING;
INSERT INTO plans (id, variant_id, plan_name, duration_months, max_kms) VALUES ('36432929-cc66-4a18-ad17-3caab2f1edf9', 'e082f942-1fbd-4c4d-90f0-acb74ac3871a', '12 Months / 20,000 Kms', 12, 20000) ON CONFLICT DO NOTHING;
INSERT INTO tiers (plan_id, min_days, max_days, price_inr, is_active) VALUES ('36432929-cc66-4a18-ad17-3caab2f1edf9', 0, 30, 10808.8, TRUE) ON CONFLICT DO NOTHING;
INSERT INTO tiers (plan_id, min_days, max_days, price_inr, is_active) VALUES ('36432929-cc66-4a18-ad17-3caab2f1edf9', 31, 365, 12437.2, TRUE) ON CONFLICT DO NOTHING;
INSERT INTO tiers (plan_id, min_days, max_days, price_inr, is_active) VALUES ('36432929-cc66-4a18-ad17-3caab2f1edf9', 366, 730, 14053.8, TRUE) ON CONFLICT DO NOTHING;
INSERT INTO tiers (plan_id, min_days, max_days, price_inr, is_active) VALUES ('36432929-cc66-4a18-ad17-3caab2f1edf9', 731, 1095, 15682.2, TRUE) ON CONFLICT DO NOTHING;
INSERT INTO plans (id, variant_id, plan_name, duration_months, max_kms) VALUES ('15b00086-8de9-427d-ad44-0314c22b50b4', 'e082f942-1fbd-4c4d-90f0-acb74ac3871a', '24 Months / 40,000 Kms', 24, 40000) ON CONFLICT DO NOTHING;
INSERT INTO tiers (plan_id, min_days, max_days, price_inr, is_active) VALUES ('15b00086-8de9-427d-ad44-0314c22b50b4', 0, 30, 12696.8, TRUE) ON CONFLICT DO NOTHING;
INSERT INTO tiers (plan_id, min_days, max_days, price_inr, is_active) VALUES ('15b00086-8de9-427d-ad44-0314c22b50b4', 31, 365, 14608.4, TRUE) ON CONFLICT DO NOTHING;
INSERT INTO tiers (plan_id, min_days, max_days, price_inr, is_active) VALUES ('15b00086-8de9-427d-ad44-0314c22b50b4', 366, 730, 16508.2, TRUE) ON CONFLICT DO NOTHING;
INSERT INTO tiers (plan_id, min_days, max_days, price_inr, is_active) VALUES ('15b00086-8de9-427d-ad44-0314c22b50b4', 731, 1095, 18419.8, TRUE) ON CONFLICT DO NOTHING;
INSERT INTO plans (id, variant_id, plan_name, duration_months, max_kms) VALUES ('13c651b2-bb99-4e66-94ea-bedcac396d5d', 'e082f942-1fbd-4c4d-90f0-acb74ac3871a', '36 Months / 60,000 Kms', 36, 60000) ON CONFLICT DO NOTHING;
INSERT INTO tiers (plan_id, min_days, max_days, price_inr, is_active) VALUES ('13c651b2-bb99-4e66-94ea-bedcac396d5d', 0, 30, 13994.8, TRUE) ON CONFLICT DO NOTHING;
INSERT INTO tiers (plan_id, min_days, max_days, price_inr, is_active) VALUES ('13c651b2-bb99-4e66-94ea-bedcac396d5d', 31, 365, 16095.2, TRUE) ON CONFLICT DO NOTHING;
INSERT INTO tiers (plan_id, min_days, max_days, price_inr, is_active) VALUES ('13c651b2-bb99-4e66-94ea-bedcac396d5d', 366, 730, 18195.6, TRUE) ON CONFLICT DO NOTHING;
INSERT INTO tiers (plan_id, min_days, max_days, price_inr, is_active) VALUES ('13c651b2-bb99-4e66-94ea-bedcac396d5d', 731, 1095, 20296.0, TRUE) ON CONFLICT DO NOTHING;
INSERT INTO models (id, brand_id, name) VALUES ('fdc291a3-d611-4cdc-9a0a-19543449893a', 'b1e782a2-c0d1-4b20-ae57-becb98f3ab90', 'INVICTO') ON CONFLICT DO NOTHING;
INSERT INTO variants (id, model_id, name, fuel, transmission, oem_warranty_months, oem_warranty_kms) VALUES ('66fe1f3b-3b08-4e68-b4f4-3b1f453454e7', 'fdc291a3-d611-4cdc-9a0a-19543449893a', 'MARUTI INVICTO IE STRONG HYBRID ALPHA+ 2L CVT 7STR', 'Hybrid', 'Automatic', 36, 100000) ON CONFLICT DO NOTHING;
INSERT INTO plans (id, variant_id, plan_name, duration_months, max_kms) VALUES ('15ec3b72-a96e-4e6d-b049-f084466285ec', '66fe1f3b-3b08-4e68-b4f4-3b1f453454e7', '12 Months / 20,000 Kms', 12, 20000) ON CONFLICT DO NOTHING;
INSERT INTO tiers (plan_id, min_days, max_days, price_inr, is_active) VALUES ('15ec3b72-a96e-4e6d-b049-f084466285ec', 0, 30, 52380.2, TRUE) ON CONFLICT DO NOTHING;
INSERT INTO tiers (plan_id, min_days, max_days, price_inr, is_active) VALUES ('15ec3b72-a96e-4e6d-b049-f084466285ec', 31, 365, 60239.0, TRUE) ON CONFLICT DO NOTHING;
INSERT INTO tiers (plan_id, min_days, max_days, price_inr, is_active) VALUES ('15ec3b72-a96e-4e6d-b049-f084466285ec', 366, 730, 68097.8, TRUE) ON CONFLICT DO NOTHING;
INSERT INTO tiers (plan_id, min_days, max_days, price_inr, is_active) VALUES ('15ec3b72-a96e-4e6d-b049-f084466285ec', 731, 1095, 75956.6, TRUE) ON CONFLICT DO NOTHING;
INSERT INTO plans (id, variant_id, plan_name, duration_months, max_kms) VALUES ('f6478be1-f24d-4ba6-afa4-659476784e34', '66fe1f3b-3b08-4e68-b4f4-3b1f453454e7', '24 Months / 40,000 Kms', 24, 40000) ON CONFLICT DO NOTHING;
INSERT INTO tiers (plan_id, min_days, max_days, price_inr, is_active) VALUES ('f6478be1-f24d-4ba6-afa4-659476784e34', 0, 30, 54268.2, TRUE) ON CONFLICT DO NOTHING;
INSERT INTO tiers (plan_id, min_days, max_days, price_inr, is_active) VALUES ('f6478be1-f24d-4ba6-afa4-659476784e34', 31, 365, 62410.2, TRUE) ON CONFLICT DO NOTHING;
INSERT INTO tiers (plan_id, min_days, max_days, price_inr, is_active) VALUES ('f6478be1-f24d-4ba6-afa4-659476784e34', 366, 730, 70552.2, TRUE) ON CONFLICT DO NOTHING;
INSERT INTO tiers (plan_id, min_days, max_days, price_inr, is_active) VALUES ('f6478be1-f24d-4ba6-afa4-659476784e34', 731, 1095, 78694.2, TRUE) ON CONFLICT DO NOTHING;
INSERT INTO plans (id, variant_id, plan_name, duration_months, max_kms) VALUES ('ac2a918a-febb-4e5c-9fa5-2ddbd8320de5', '66fe1f3b-3b08-4e68-b4f4-3b1f453454e7', '36 Months / 60,000 Kms', 36, 60000) ON CONFLICT DO NOTHING;
INSERT INTO tiers (plan_id, min_days, max_days, price_inr, is_active) VALUES ('ac2a918a-febb-4e5c-9fa5-2ddbd8320de5', 0, 30, 56156.2, TRUE) ON CONFLICT DO NOTHING;
INSERT INTO tiers (plan_id, min_days, max_days, price_inr, is_active) VALUES ('ac2a918a-febb-4e5c-9fa5-2ddbd8320de5', 31, 365, 64581.4, TRUE) ON CONFLICT DO NOTHING;
INSERT INTO tiers (plan_id, min_days, max_days, price_inr, is_active) VALUES ('ac2a918a-febb-4e5c-9fa5-2ddbd8320de5', 366, 730, 73006.6, TRUE) ON CONFLICT DO NOTHING;
INSERT INTO tiers (plan_id, min_days, max_days, price_inr, is_active) VALUES ('ac2a918a-febb-4e5c-9fa5-2ddbd8320de5', 731, 1095, 81431.8, TRUE) ON CONFLICT DO NOTHING;
INSERT INTO variants (id, model_id, name, fuel, transmission, oem_warranty_months, oem_warranty_kms) VALUES ('bd872de0-a211-401d-b83a-9bd61d62bc18', 'fdc291a3-d611-4cdc-9a0a-19543449893a', 'MARUTI INVICTO IE STRONG HYBRID ZETA+ 2L CVT 7STR', 'Hybrid', 'Automatic', 36, 100000) ON CONFLICT DO NOTHING;
INSERT INTO plans (id, variant_id, plan_name, duration_months, max_kms) VALUES ('5eafec11-59ef-41f6-a242-3736084191da', 'bd872de0-a211-401d-b83a-9bd61d62bc18', '12 Months / 20,000 Kms', 12, 20000) ON CONFLICT DO NOTHING;
INSERT INTO tiers (plan_id, min_days, max_days, price_inr, is_active) VALUES ('5eafec11-59ef-41f6-a242-3736084191da', 0, 30, 45205.8, TRUE) ON CONFLICT DO NOTHING;
INSERT INTO tiers (plan_id, min_days, max_days, price_inr, is_active) VALUES ('5eafec11-59ef-41f6-a242-3736084191da', 31, 365, 51990.8, TRUE) ON CONFLICT DO NOTHING;
INSERT INTO tiers (plan_id, min_days, max_days, price_inr, is_active) VALUES ('5eafec11-59ef-41f6-a242-3736084191da', 366, 730, 58775.8, TRUE) ON CONFLICT DO NOTHING;
INSERT INTO tiers (plan_id, min_days, max_days, price_inr, is_active) VALUES ('5eafec11-59ef-41f6-a242-3736084191da', 731, 1095, 65549.0, TRUE) ON CONFLICT DO NOTHING;
INSERT INTO plans (id, variant_id, plan_name, duration_months, max_kms) VALUES ('dbe21e89-6e3b-49fd-92f8-ee4e55e3cdd5', 'bd872de0-a211-401d-b83a-9bd61d62bc18', '24 Months / 40,000 Kms', 24, 40000) ON CONFLICT DO NOTHING;
INSERT INTO tiers (plan_id, min_days, max_days, price_inr, is_active) VALUES ('dbe21e89-6e3b-49fd-92f8-ee4e55e3cdd5', 0, 30, 47093.8, TRUE) ON CONFLICT DO NOTHING;
INSERT INTO tiers (plan_id, min_days, max_days, price_inr, is_active) VALUES ('dbe21e89-6e3b-49fd-92f8-ee4e55e3cdd5', 31, 365, 54162.0, TRUE) ON CONFLICT DO NOTHING;
INSERT INTO tiers (plan_id, min_days, max_days, price_inr, is_active) VALUES ('dbe21e89-6e3b-49fd-92f8-ee4e55e3cdd5', 366, 730, 61230.2, TRUE) ON CONFLICT DO NOTHING;
INSERT INTO tiers (plan_id, min_days, max_days, price_inr, is_active) VALUES ('dbe21e89-6e3b-49fd-92f8-ee4e55e3cdd5', 731, 1095, 68286.6, TRUE) ON CONFLICT DO NOTHING;
INSERT INTO plans (id, variant_id, plan_name, duration_months, max_kms) VALUES ('0a3092c6-a9b4-40b9-8a3f-dc9633eb2ffb', 'bd872de0-a211-401d-b83a-9bd61d62bc18', '36 Months / 60,000 Kms', 36, 60000) ON CONFLICT DO NOTHING;
INSERT INTO tiers (plan_id, min_days, max_days, price_inr, is_active) VALUES ('0a3092c6-a9b4-40b9-8a3f-dc9633eb2ffb', 0, 30, 48981.8, TRUE) ON CONFLICT DO NOTHING;
INSERT INTO tiers (plan_id, min_days, max_days, price_inr, is_active) VALUES ('0a3092c6-a9b4-40b9-8a3f-dc9633eb2ffb', 31, 365, 56333.2, TRUE) ON CONFLICT DO NOTHING;
INSERT INTO tiers (plan_id, min_days, max_days, price_inr, is_active) VALUES ('0a3092c6-a9b4-40b9-8a3f-dc9633eb2ffb', 366, 730, 63684.6, TRUE) ON CONFLICT DO NOTHING;
INSERT INTO tiers (plan_id, min_days, max_days, price_inr, is_active) VALUES ('0a3092c6-a9b4-40b9-8a3f-dc9633eb2ffb', 731, 1095, 71024.2, TRUE) ON CONFLICT DO NOTHING;
INSERT INTO variants (id, model_id, name, fuel, transmission, oem_warranty_months, oem_warranty_kms) VALUES ('2e49dd8a-0296-4524-a368-bc0453c7668e', 'fdc291a3-d611-4cdc-9a0a-19543449893a', 'MARUTI INVICTO IE STRONG HYBRID ZETA+ 2L CVT 8STR', 'Hybrid', 'Automatic', 36, 100000) ON CONFLICT DO NOTHING;
INSERT INTO plans (id, variant_id, plan_name, duration_months, max_kms) VALUES ('9cccb0fd-6dc8-40f5-bc7f-f41659cee744', '2e49dd8a-0296-4524-a368-bc0453c7668e', '12 Months / 20,000 Kms', 12, 20000) ON CONFLICT DO NOTHING;
INSERT INTO tiers (plan_id, min_days, max_days, price_inr, is_active) VALUES ('9cccb0fd-6dc8-40f5-bc7f-f41659cee744', 0, 30, 45300.2, TRUE) ON CONFLICT DO NOTHING;
INSERT INTO tiers (plan_id, min_days, max_days, price_inr, is_active) VALUES ('9cccb0fd-6dc8-40f5-bc7f-f41659cee744', 31, 365, 52097.0, TRUE) ON CONFLICT DO NOTHING;
INSERT INTO tiers (plan_id, min_days, max_days, price_inr, is_active) VALUES ('9cccb0fd-6dc8-40f5-bc7f-f41659cee744', 366, 730, 58893.8, TRUE) ON CONFLICT DO NOTHING;
INSERT INTO tiers (plan_id, min_days, max_days, price_inr, is_active) VALUES ('9cccb0fd-6dc8-40f5-bc7f-f41659cee744', 731, 1095, 65690.6, TRUE) ON CONFLICT DO NOTHING;
INSERT INTO plans (id, variant_id, plan_name, duration_months, max_kms) VALUES ('8bf6b13f-c93a-4ef1-bcac-fc1aa32b0d11', '2e49dd8a-0296-4524-a368-bc0453c7668e', '24 Months / 40,000 Kms', 24, 40000) ON CONFLICT DO NOTHING;
INSERT INTO tiers (plan_id, min_days, max_days, price_inr, is_active) VALUES ('8bf6b13f-c93a-4ef1-bcac-fc1aa32b0d11', 0, 30, 47188.2, TRUE) ON CONFLICT DO NOTHING;
INSERT INTO tiers (plan_id, min_days, max_days, price_inr, is_active) VALUES ('8bf6b13f-c93a-4ef1-bcac-fc1aa32b0d11', 31, 365, 54268.2, TRUE) ON CONFLICT DO NOTHING;
INSERT INTO tiers (plan_id, min_days, max_days, price_inr, is_active) VALUES ('8bf6b13f-c93a-4ef1-bcac-fc1aa32b0d11', 366, 730, 61348.2, TRUE) ON CONFLICT DO NOTHING;
INSERT INTO tiers (plan_id, min_days, max_days, price_inr, is_active) VALUES ('8bf6b13f-c93a-4ef1-bcac-fc1aa32b0d11', 731, 1095, 68428.2, TRUE) ON CONFLICT DO NOTHING;
INSERT INTO plans (id, variant_id, plan_name, duration_months, max_kms) VALUES ('2e1d1313-64ab-49b5-8dff-16106a6e3958', '2e49dd8a-0296-4524-a368-bc0453c7668e', '36 Months / 60,000 Kms', 36, 60000) ON CONFLICT DO NOTHING;
INSERT INTO tiers (plan_id, min_days, max_days, price_inr, is_active) VALUES ('2e1d1313-64ab-49b5-8dff-16106a6e3958', 0, 30, 49076.2, TRUE) ON CONFLICT DO NOTHING;
INSERT INTO tiers (plan_id, min_days, max_days, price_inr, is_active) VALUES ('2e1d1313-64ab-49b5-8dff-16106a6e3958', 31, 365, 56439.4, TRUE) ON CONFLICT DO NOTHING;
INSERT INTO tiers (plan_id, min_days, max_days, price_inr, is_active) VALUES ('2e1d1313-64ab-49b5-8dff-16106a6e3958', 366, 730, 63802.6, TRUE) ON CONFLICT DO NOTHING;
INSERT INTO tiers (plan_id, min_days, max_days, price_inr, is_active) VALUES ('2e1d1313-64ab-49b5-8dff-16106a6e3958', 731, 1095, 71165.8, TRUE) ON CONFLICT DO NOTHING;
INSERT INTO models (id, brand_id, name) VALUES ('119f8366-89d1-47f8-a590-509d8f17c1f2', 'b1e782a2-c0d1-4b20-ae57-becb98f3ab90', 'JIMNY') ON CONFLICT DO NOTHING;
INSERT INTO variants (id, model_id, name, fuel, transmission, oem_warranty_months, oem_warranty_kms) VALUES ('b31ff35f-5823-41fa-aa34-58f1cb76c627', '119f8366-89d1-47f8-a590-509d8f17c1f2', 'MARUTI JIMNY ISS ALPHA ALLGRIP PRO 1.5L 4AT', 'Hybrid', 'Automatic', 36, 100000) ON CONFLICT DO NOTHING;
INSERT INTO plans (id, variant_id, plan_name, duration_months, max_kms) VALUES ('4f1fa98a-4123-45c8-a2c0-51d494698dc1', 'b31ff35f-5823-41fa-aa34-58f1cb76c627', '12 Months / 20,000 Kms', 12, 20000) ON CONFLICT DO NOTHING;
INSERT INTO tiers (plan_id, min_days, max_days, price_inr, is_active) VALUES ('4f1fa98a-4123-45c8-a2c0-51d494698dc1', 0, 30, 25157.6, TRUE) ON CONFLICT DO NOTHING;
INSERT INTO tiers (plan_id, min_days, max_days, price_inr, is_active) VALUES ('4f1fa98a-4123-45c8-a2c0-51d494698dc1', 31, 365, 28933.6, TRUE) ON CONFLICT DO NOTHING;
INSERT INTO tiers (plan_id, min_days, max_days, price_inr, is_active) VALUES ('4f1fa98a-4123-45c8-a2c0-51d494698dc1', 366, 730, 32709.6, TRUE) ON CONFLICT DO NOTHING;
INSERT INTO tiers (plan_id, min_days, max_days, price_inr, is_active) VALUES ('4f1fa98a-4123-45c8-a2c0-51d494698dc1', 731, 1095, 36485.6, TRUE) ON CONFLICT DO NOTHING;
INSERT INTO plans (id, variant_id, plan_name, duration_months, max_kms) VALUES ('38e6f13a-db9f-4d38-9ebb-ddb0ba977773', 'b31ff35f-5823-41fa-aa34-58f1cb76c627', '24 Months / 40,000 Kms', 24, 40000) ON CONFLICT DO NOTHING;
INSERT INTO tiers (plan_id, min_days, max_days, price_inr, is_active) VALUES ('38e6f13a-db9f-4d38-9ebb-ddb0ba977773', 0, 30, 27045.6, TRUE) ON CONFLICT DO NOTHING;
INSERT INTO tiers (plan_id, min_days, max_days, price_inr, is_active) VALUES ('38e6f13a-db9f-4d38-9ebb-ddb0ba977773', 31, 365, 31104.8, TRUE) ON CONFLICT DO NOTHING;
INSERT INTO tiers (plan_id, min_days, max_days, price_inr, is_active) VALUES ('38e6f13a-db9f-4d38-9ebb-ddb0ba977773', 366, 730, 35164.0, TRUE) ON CONFLICT DO NOTHING;
INSERT INTO tiers (plan_id, min_days, max_days, price_inr, is_active) VALUES ('38e6f13a-db9f-4d38-9ebb-ddb0ba977773', 731, 1095, 39223.2, TRUE) ON CONFLICT DO NOTHING;
INSERT INTO plans (id, variant_id, plan_name, duration_months, max_kms) VALUES ('6b5ed4a7-b88c-4961-a47c-00d69de55484', 'b31ff35f-5823-41fa-aa34-58f1cb76c627', '36 Months / 60,000 Kms', 36, 60000) ON CONFLICT DO NOTHING;
INSERT INTO tiers (plan_id, min_days, max_days, price_inr, is_active) VALUES ('6b5ed4a7-b88c-4961-a47c-00d69de55484', 0, 30, 28933.6, TRUE) ON CONFLICT DO NOTHING;
INSERT INTO tiers (plan_id, min_days, max_days, price_inr, is_active) VALUES ('6b5ed4a7-b88c-4961-a47c-00d69de55484', 31, 365, 33276.0, TRUE) ON CONFLICT DO NOTHING;
INSERT INTO tiers (plan_id, min_days, max_days, price_inr, is_active) VALUES ('6b5ed4a7-b88c-4961-a47c-00d69de55484', 366, 730, 37618.4, TRUE) ON CONFLICT DO NOTHING;
INSERT INTO tiers (plan_id, min_days, max_days, price_inr, is_active) VALUES ('6b5ed4a7-b88c-4961-a47c-00d69de55484', 731, 1095, 41960.8, TRUE) ON CONFLICT DO NOTHING;
INSERT INTO variants (id, model_id, name, fuel, transmission, oem_warranty_months, oem_warranty_kms) VALUES ('ca0edcbc-56c7-4d71-a0ac-7e81ced6d5a8', '119f8366-89d1-47f8-a590-509d8f17c1f2', 'MARUTI JIMNY ISS ALPHA ALLGRIP PRO 1.5L 5MT', 'Hybrid', 'Manual', 36, 100000) ON CONFLICT DO NOTHING;
INSERT INTO plans (id, variant_id, plan_name, duration_months, max_kms) VALUES ('686bbd7e-9f91-4a69-a026-4956ba020931', 'ca0edcbc-56c7-4d71-a0ac-7e81ced6d5a8', '12 Months / 20,000 Kms', 12, 20000) ON CONFLICT DO NOTHING;
INSERT INTO tiers (plan_id, min_days, max_days, price_inr, is_active) VALUES ('686bbd7e-9f91-4a69-a026-4956ba020931', 0, 30, 23033.6, TRUE) ON CONFLICT DO NOTHING;
INSERT INTO tiers (plan_id, min_days, max_days, price_inr, is_active) VALUES ('686bbd7e-9f91-4a69-a026-4956ba020931', 31, 365, 26491.0, TRUE) ON CONFLICT DO NOTHING;
INSERT INTO tiers (plan_id, min_days, max_days, price_inr, is_active) VALUES ('686bbd7e-9f91-4a69-a026-4956ba020931', 366, 730, 29948.4, TRUE) ON CONFLICT DO NOTHING;
INSERT INTO tiers (plan_id, min_days, max_days, price_inr, is_active) VALUES ('686bbd7e-9f91-4a69-a026-4956ba020931', 731, 1095, 33405.8, TRUE) ON CONFLICT DO NOTHING;
INSERT INTO plans (id, variant_id, plan_name, duration_months, max_kms) VALUES ('ace50e88-b7e5-441f-ad44-f4b47b33851c', 'ca0edcbc-56c7-4d71-a0ac-7e81ced6d5a8', '24 Months / 40,000 Kms', 24, 40000) ON CONFLICT DO NOTHING;
INSERT INTO tiers (plan_id, min_days, max_days, price_inr, is_active) VALUES ('ace50e88-b7e5-441f-ad44-f4b47b33851c', 0, 30, 24921.6, TRUE) ON CONFLICT DO NOTHING;
INSERT INTO tiers (plan_id, min_days, max_days, price_inr, is_active) VALUES ('ace50e88-b7e5-441f-ad44-f4b47b33851c', 31, 365, 28662.2, TRUE) ON CONFLICT DO NOTHING;
INSERT INTO tiers (plan_id, min_days, max_days, price_inr, is_active) VALUES ('ace50e88-b7e5-441f-ad44-f4b47b33851c', 366, 730, 32402.8, TRUE) ON CONFLICT DO NOTHING;
INSERT INTO tiers (plan_id, min_days, max_days, price_inr, is_active) VALUES ('ace50e88-b7e5-441f-ad44-f4b47b33851c', 731, 1095, 36143.4, TRUE) ON CONFLICT DO NOTHING;
INSERT INTO plans (id, variant_id, plan_name, duration_months, max_kms) VALUES ('20636251-b63d-42fb-9a2a-67d0a632760c', 'ca0edcbc-56c7-4d71-a0ac-7e81ced6d5a8', '36 Months / 60,000 Kms', 36, 60000) ON CONFLICT DO NOTHING;
INSERT INTO tiers (plan_id, min_days, max_days, price_inr, is_active) VALUES ('20636251-b63d-42fb-9a2a-67d0a632760c', 0, 30, 26809.6, TRUE) ON CONFLICT DO NOTHING;
INSERT INTO tiers (plan_id, min_days, max_days, price_inr, is_active) VALUES ('20636251-b63d-42fb-9a2a-67d0a632760c', 31, 365, 30833.4, TRUE) ON CONFLICT DO NOTHING;
INSERT INTO tiers (plan_id, min_days, max_days, price_inr, is_active) VALUES ('20636251-b63d-42fb-9a2a-67d0a632760c', 366, 730, 34857.2, TRUE) ON CONFLICT DO NOTHING;
INSERT INTO tiers (plan_id, min_days, max_days, price_inr, is_active) VALUES ('20636251-b63d-42fb-9a2a-67d0a632760c', 731, 1095, 38881.0, TRUE) ON CONFLICT DO NOTHING;
INSERT INTO variants (id, model_id, name, fuel, transmission, oem_warranty_months, oem_warranty_kms) VALUES ('622d8aed-56e5-4709-9288-34bd04978845', '119f8366-89d1-47f8-a590-509d8f17c1f2', 'MARUTI JIMNY ISS ZETA ALLGRIP PRO 1.5L 4AT', 'Hybrid', 'Automatic', 36, 100000) ON CONFLICT DO NOTHING;
INSERT INTO plans (id, variant_id, plan_name, duration_months, max_kms) VALUES ('029b7a69-8ffd-4718-b034-40725b4c8794', '622d8aed-56e5-4709-9288-34bd04978845', '12 Months / 20,000 Kms', 12, 20000) ON CONFLICT DO NOTHING;
INSERT INTO tiers (plan_id, min_days, max_days, price_inr, is_active) VALUES ('029b7a69-8ffd-4718-b034-40725b4c8794', 0, 30, 23010.0, TRUE) ON CONFLICT DO NOTHING;
INSERT INTO tiers (plan_id, min_days, max_days, price_inr, is_active) VALUES ('029b7a69-8ffd-4718-b034-40725b4c8794', 31, 365, 26467.4, TRUE) ON CONFLICT DO NOTHING;
INSERT INTO tiers (plan_id, min_days, max_days, price_inr, is_active) VALUES ('029b7a69-8ffd-4718-b034-40725b4c8794', 366, 730, 29913.0, TRUE) ON CONFLICT DO NOTHING;
INSERT INTO tiers (plan_id, min_days, max_days, price_inr, is_active) VALUES ('029b7a69-8ffd-4718-b034-40725b4c8794', 731, 1095, 33370.4, TRUE) ON CONFLICT DO NOTHING;
INSERT INTO plans (id, variant_id, plan_name, duration_months, max_kms) VALUES ('c56b10a9-6472-499c-8d0d-01575d60d71f', '622d8aed-56e5-4709-9288-34bd04978845', '24 Months / 40,000 Kms', 24, 40000) ON CONFLICT DO NOTHING;
INSERT INTO tiers (plan_id, min_days, max_days, price_inr, is_active) VALUES ('c56b10a9-6472-499c-8d0d-01575d60d71f', 0, 30, 24898.0, TRUE) ON CONFLICT DO NOTHING;
INSERT INTO tiers (plan_id, min_days, max_days, price_inr, is_active) VALUES ('c56b10a9-6472-499c-8d0d-01575d60d71f', 31, 365, 28638.6, TRUE) ON CONFLICT DO NOTHING;
INSERT INTO tiers (plan_id, min_days, max_days, price_inr, is_active) VALUES ('c56b10a9-6472-499c-8d0d-01575d60d71f', 366, 730, 32367.4, TRUE) ON CONFLICT DO NOTHING;
INSERT INTO tiers (plan_id, min_days, max_days, price_inr, is_active) VALUES ('c56b10a9-6472-499c-8d0d-01575d60d71f', 731, 1095, 36108.0, TRUE) ON CONFLICT DO NOTHING;
INSERT INTO plans (id, variant_id, plan_name, duration_months, max_kms) VALUES ('36e78b06-4be6-464f-861b-ba137b966152', '622d8aed-56e5-4709-9288-34bd04978845', '36 Months / 60,000 Kms', 36, 60000) ON CONFLICT DO NOTHING;
INSERT INTO tiers (plan_id, min_days, max_days, price_inr, is_active) VALUES ('36e78b06-4be6-464f-861b-ba137b966152', 0, 30, 26786.0, TRUE) ON CONFLICT DO NOTHING;
INSERT INTO tiers (plan_id, min_days, max_days, price_inr, is_active) VALUES ('36e78b06-4be6-464f-861b-ba137b966152', 31, 365, 30809.8, TRUE) ON CONFLICT DO NOTHING;
INSERT INTO tiers (plan_id, min_days, max_days, price_inr, is_active) VALUES ('36e78b06-4be6-464f-861b-ba137b966152', 366, 730, 34821.8, TRUE) ON CONFLICT DO NOTHING;
INSERT INTO tiers (plan_id, min_days, max_days, price_inr, is_active) VALUES ('36e78b06-4be6-464f-861b-ba137b966152', 731, 1095, 38845.6, TRUE) ON CONFLICT DO NOTHING;
INSERT INTO variants (id, model_id, name, fuel, transmission, oem_warranty_months, oem_warranty_kms) VALUES ('e53b7e13-7d9b-4484-bbe8-c0df56a76ecd', '119f8366-89d1-47f8-a590-509d8f17c1f2', 'MARUTI JIMNY ISS ZETA ALLGRIP PRO 1.5L 5MT', 'Hybrid', 'Manual', 36, 100000) ON CONFLICT DO NOTHING;
INSERT INTO plans (id, variant_id, plan_name, duration_months, max_kms) VALUES ('31fe440f-802c-4e37-b6a8-55a323eb2e34', 'e53b7e13-7d9b-4484-bbe8-c0df56a76ecd', '12 Months / 20,000 Kms', 12, 20000) ON CONFLICT DO NOTHING;
INSERT INTO tiers (plan_id, min_days, max_days, price_inr, is_active) VALUES ('31fe440f-802c-4e37-b6a8-55a323eb2e34', 0, 30, 20886.0, TRUE) ON CONFLICT DO NOTHING;
INSERT INTO tiers (plan_id, min_days, max_days, price_inr, is_active) VALUES ('31fe440f-802c-4e37-b6a8-55a323eb2e34', 31, 365, 24024.8, TRUE) ON CONFLICT DO NOTHING;
INSERT INTO tiers (plan_id, min_days, max_days, price_inr, is_active) VALUES ('31fe440f-802c-4e37-b6a8-55a323eb2e34', 366, 730, 27151.8, TRUE) ON CONFLICT DO NOTHING;
INSERT INTO tiers (plan_id, min_days, max_days, price_inr, is_active) VALUES ('31fe440f-802c-4e37-b6a8-55a323eb2e34', 731, 1095, 30290.6, TRUE) ON CONFLICT DO NOTHING;
INSERT INTO plans (id, variant_id, plan_name, duration_months, max_kms) VALUES ('b6731923-1bb7-4d8c-b8b3-5c4528670fd2', 'e53b7e13-7d9b-4484-bbe8-c0df56a76ecd', '24 Months / 40,000 Kms', 24, 40000) ON CONFLICT DO NOTHING;
INSERT INTO tiers (plan_id, min_days, max_days, price_inr, is_active) VALUES ('b6731923-1bb7-4d8c-b8b3-5c4528670fd2', 0, 30, 22774.0, TRUE) ON CONFLICT DO NOTHING;
INSERT INTO tiers (plan_id, min_days, max_days, price_inr, is_active) VALUES ('b6731923-1bb7-4d8c-b8b3-5c4528670fd2', 31, 365, 26196.0, TRUE) ON CONFLICT DO NOTHING;
INSERT INTO tiers (plan_id, min_days, max_days, price_inr, is_active) VALUES ('b6731923-1bb7-4d8c-b8b3-5c4528670fd2', 366, 730, 29606.2, TRUE) ON CONFLICT DO NOTHING;
INSERT INTO tiers (plan_id, min_days, max_days, price_inr, is_active) VALUES ('b6731923-1bb7-4d8c-b8b3-5c4528670fd2', 731, 1095, 33028.2, TRUE) ON CONFLICT DO NOTHING;
INSERT INTO plans (id, variant_id, plan_name, duration_months, max_kms) VALUES ('214f9734-feba-4ea9-b940-c1b96351d33c', 'e53b7e13-7d9b-4484-bbe8-c0df56a76ecd', '36 Months / 60,000 Kms', 36, 60000) ON CONFLICT DO NOTHING;
INSERT INTO tiers (plan_id, min_days, max_days, price_inr, is_active) VALUES ('214f9734-feba-4ea9-b940-c1b96351d33c', 0, 30, 24662.0, TRUE) ON CONFLICT DO NOTHING;
INSERT INTO tiers (plan_id, min_days, max_days, price_inr, is_active) VALUES ('214f9734-feba-4ea9-b940-c1b96351d33c', 31, 365, 28367.2, TRUE) ON CONFLICT DO NOTHING;
INSERT INTO tiers (plan_id, min_days, max_days, price_inr, is_active) VALUES ('214f9734-feba-4ea9-b940-c1b96351d33c', 366, 730, 32060.6, TRUE) ON CONFLICT DO NOTHING;
INSERT INTO tiers (plan_id, min_days, max_days, price_inr, is_active) VALUES ('214f9734-feba-4ea9-b940-c1b96351d33c', 731, 1095, 35765.8, TRUE) ON CONFLICT DO NOTHING;
INSERT INTO models (id, brand_id, name) VALUES ('8c498398-e16d-4dc3-a2ea-cfdde37dc130', 'b1e782a2-c0d1-4b20-ae57-becb98f3ab90', 'NEW ALTO K10') ON CONFLICT DO NOTHING;
INSERT INTO variants (id, model_id, name, fuel, transmission, oem_warranty_months, oem_warranty_kms) VALUES ('91c4f46f-52bb-4f2f-820a-3897bbe2b713', '8c498398-e16d-4dc3-a2ea-cfdde37dc130', 'MARUTI ALTO K10 LXI 1L 5MT', 'Petrol', 'Manual', 36, 100000) ON CONFLICT DO NOTHING;
INSERT INTO plans (id, variant_id, plan_name, duration_months, max_kms) VALUES ('c0264ce7-0f3f-439b-aaa6-3c5b57f2151c', '91c4f46f-52bb-4f2f-820a-3897bbe2b713', '12 Months / 20,000 Kms', 12, 20000) ON CONFLICT DO NOTHING;
INSERT INTO tiers (plan_id, min_days, max_days, price_inr, is_active) VALUES ('c0264ce7-0f3f-439b-aaa6-3c5b57f2151c', 0, 30, 6100.6, TRUE) ON CONFLICT DO NOTHING;
INSERT INTO tiers (plan_id, min_days, max_days, price_inr, is_active) VALUES ('c0264ce7-0f3f-439b-aaa6-3c5b57f2151c', 31, 365, 7021.0, TRUE) ON CONFLICT DO NOTHING;
INSERT INTO tiers (plan_id, min_days, max_days, price_inr, is_active) VALUES ('c0264ce7-0f3f-439b-aaa6-3c5b57f2151c', 366, 730, 7941.4, TRUE) ON CONFLICT DO NOTHING;
INSERT INTO tiers (plan_id, min_days, max_days, price_inr, is_active) VALUES ('c0264ce7-0f3f-439b-aaa6-3c5b57f2151c', 731, 1095, 8850.0, TRUE) ON CONFLICT DO NOTHING;
INSERT INTO plans (id, variant_id, plan_name, duration_months, max_kms) VALUES ('51f6ac97-663a-4391-acbb-288161f0d38d', '91c4f46f-52bb-4f2f-820a-3897bbe2b713', '24 Months / 40,000 Kms', 24, 40000) ON CONFLICT DO NOTHING;
INSERT INTO tiers (plan_id, min_days, max_days, price_inr, is_active) VALUES ('51f6ac97-663a-4391-acbb-288161f0d38d', 0, 30, 7398.6, TRUE) ON CONFLICT DO NOTHING;
INSERT INTO tiers (plan_id, min_days, max_days, price_inr, is_active) VALUES ('51f6ac97-663a-4391-acbb-288161f0d38d', 31, 365, 8519.6, TRUE) ON CONFLICT DO NOTHING;
INSERT INTO tiers (plan_id, min_days, max_days, price_inr, is_active) VALUES ('51f6ac97-663a-4391-acbb-288161f0d38d', 366, 730, 9628.8, TRUE) ON CONFLICT DO NOTHING;
INSERT INTO tiers (plan_id, min_days, max_days, price_inr, is_active) VALUES ('51f6ac97-663a-4391-acbb-288161f0d38d', 731, 1095, 10738.0, TRUE) ON CONFLICT DO NOTHING;
INSERT INTO plans (id, variant_id, plan_name, duration_months, max_kms) VALUES ('605bcbf1-03b5-47da-b33f-1fc51ab06aa3', '91c4f46f-52bb-4f2f-820a-3897bbe2b713', '36 Months / 60,000 Kms', 36, 60000) ON CONFLICT DO NOTHING;
INSERT INTO tiers (plan_id, min_days, max_days, price_inr, is_active) VALUES ('605bcbf1-03b5-47da-b33f-1fc51ab06aa3', 0, 30, 7988.6, TRUE) ON CONFLICT DO NOTHING;
INSERT INTO tiers (plan_id, min_days, max_days, price_inr, is_active) VALUES ('605bcbf1-03b5-47da-b33f-1fc51ab06aa3', 31, 365, 9192.2, TRUE) ON CONFLICT DO NOTHING;
INSERT INTO tiers (plan_id, min_days, max_days, price_inr, is_active) VALUES ('605bcbf1-03b5-47da-b33f-1fc51ab06aa3', 366, 730, 10395.8, TRUE) ON CONFLICT DO NOTHING;
INSERT INTO tiers (plan_id, min_days, max_days, price_inr, is_active) VALUES ('605bcbf1-03b5-47da-b33f-1fc51ab06aa3', 731, 1095, 11587.6, TRUE) ON CONFLICT DO NOTHING;
INSERT INTO variants (id, model_id, name, fuel, transmission, oem_warranty_months, oem_warranty_kms) VALUES ('d255ef25-2aab-4514-9427-b83cf7c47410', '8c498398-e16d-4dc3-a2ea-cfdde37dc130', 'MARUTI ALTO K10 LXI CNG 1L 5MT', 'CNG', 'Manual', 36, 100000) ON CONFLICT DO NOTHING;
INSERT INTO plans (id, variant_id, plan_name, duration_months, max_kms) VALUES ('a6bcf4c7-3029-44ab-a66a-b44e32fcc198', 'd255ef25-2aab-4514-9427-b83cf7c47410', '12 Months / 20,000 Kms', 12, 20000) ON CONFLICT DO NOTHING;
INSERT INTO tiers (plan_id, min_days, max_days, price_inr, is_active) VALUES ('a6bcf4c7-3029-44ab-a66a-b44e32fcc198', 0, 30, 7587.4, TRUE) ON CONFLICT DO NOTHING;
INSERT INTO tiers (plan_id, min_days, max_days, price_inr, is_active) VALUES ('a6bcf4c7-3029-44ab-a66a-b44e32fcc198', 31, 365, 8732.0, TRUE) ON CONFLICT DO NOTHING;
INSERT INTO tiers (plan_id, min_days, max_days, price_inr, is_active) VALUES ('a6bcf4c7-3029-44ab-a66a-b44e32fcc198', 366, 730, 9864.8, TRUE) ON CONFLICT DO NOTHING;
INSERT INTO tiers (plan_id, min_days, max_days, price_inr, is_active) VALUES ('a6bcf4c7-3029-44ab-a66a-b44e32fcc198', 731, 1095, 11009.4, TRUE) ON CONFLICT DO NOTHING;
INSERT INTO plans (id, variant_id, plan_name, duration_months, max_kms) VALUES ('94dd4c3f-d8f6-4715-ad26-b80a41161c2d', 'd255ef25-2aab-4514-9427-b83cf7c47410', '24 Months / 40,000 Kms', 24, 40000) ON CONFLICT DO NOTHING;
INSERT INTO tiers (plan_id, min_days, max_days, price_inr, is_active) VALUES ('94dd4c3f-d8f6-4715-ad26-b80a41161c2d', 0, 30, 8885.4, TRUE) ON CONFLICT DO NOTHING;
INSERT INTO tiers (plan_id, min_days, max_days, price_inr, is_active) VALUES ('94dd4c3f-d8f6-4715-ad26-b80a41161c2d', 31, 365, 10218.8, TRUE) ON CONFLICT DO NOTHING;
INSERT INTO tiers (plan_id, min_days, max_days, price_inr, is_active) VALUES ('94dd4c3f-d8f6-4715-ad26-b80a41161c2d', 366, 730, 11552.2, TRUE) ON CONFLICT DO NOTHING;
INSERT INTO tiers (plan_id, min_days, max_days, price_inr, is_active) VALUES ('94dd4c3f-d8f6-4715-ad26-b80a41161c2d', 731, 1095, 12885.6, TRUE) ON CONFLICT DO NOTHING;
INSERT INTO plans (id, variant_id, plan_name, duration_months, max_kms) VALUES ('9769b918-f50b-4785-b5d8-2635346d820f', 'd255ef25-2aab-4514-9427-b83cf7c47410', '36 Months / 60,000 Kms', 36, 60000) ON CONFLICT DO NOTHING;
INSERT INTO tiers (plan_id, min_days, max_days, price_inr, is_active) VALUES ('9769b918-f50b-4785-b5d8-2635346d820f', 0, 30, 9475.4, TRUE) ON CONFLICT DO NOTHING;
INSERT INTO tiers (plan_id, min_days, max_days, price_inr, is_active) VALUES ('9769b918-f50b-4785-b5d8-2635346d820f', 31, 365, 10903.2, TRUE) ON CONFLICT DO NOTHING;
INSERT INTO tiers (plan_id, min_days, max_days, price_inr, is_active) VALUES ('9769b918-f50b-4785-b5d8-2635346d820f', 366, 730, 12319.2, TRUE) ON CONFLICT DO NOTHING;
INSERT INTO tiers (plan_id, min_days, max_days, price_inr, is_active) VALUES ('9769b918-f50b-4785-b5d8-2635346d820f', 731, 1095, 13747.0, TRUE) ON CONFLICT DO NOTHING;
INSERT INTO variants (id, model_id, name, fuel, transmission, oem_warranty_months, oem_warranty_kms) VALUES ('a2a6b677-fa0d-4d5f-9a5b-13be4af1909c', '8c498398-e16d-4dc3-a2ea-cfdde37dc130', 'MARUTI ALTO K10 STD 1L 5MT', 'Petrol', 'Manual', 36, 100000) ON CONFLICT DO NOTHING;
INSERT INTO plans (id, variant_id, plan_name, duration_months, max_kms) VALUES ('e114aa1d-9f9b-44ba-8395-43adfbfe4ed1', 'a2a6b677-fa0d-4d5f-9a5b-13be4af1909c', '12 Months / 20,000 Kms', 12, 20000) ON CONFLICT DO NOTHING;
INSERT INTO tiers (plan_id, min_days, max_days, price_inr, is_active) VALUES ('e114aa1d-9f9b-44ba-8395-43adfbfe4ed1', 0, 30, 4708.2, TRUE) ON CONFLICT DO NOTHING;
INSERT INTO tiers (plan_id, min_days, max_days, price_inr, is_active) VALUES ('e114aa1d-9f9b-44ba-8395-43adfbfe4ed1', 31, 365, 5416.2, TRUE) ON CONFLICT DO NOTHING;
INSERT INTO tiers (plan_id, min_days, max_days, price_inr, is_active) VALUES ('e114aa1d-9f9b-44ba-8395-43adfbfe4ed1', 366, 730, 6124.2, TRUE) ON CONFLICT DO NOTHING;
INSERT INTO tiers (plan_id, min_days, max_days, price_inr, is_active) VALUES ('e114aa1d-9f9b-44ba-8395-43adfbfe4ed1', 731, 1095, 6832.2, TRUE) ON CONFLICT DO NOTHING;
INSERT INTO plans (id, variant_id, plan_name, duration_months, max_kms) VALUES ('2c3067c1-6224-42ad-bde2-90b5971bbc30', 'a2a6b677-fa0d-4d5f-9a5b-13be4af1909c', '24 Months / 40,000 Kms', 24, 40000) ON CONFLICT DO NOTHING;
INSERT INTO tiers (plan_id, min_days, max_days, price_inr, is_active) VALUES ('2c3067c1-6224-42ad-bde2-90b5971bbc30', 0, 30, 6006.2, TRUE) ON CONFLICT DO NOTHING;
INSERT INTO tiers (plan_id, min_days, max_days, price_inr, is_active) VALUES ('2c3067c1-6224-42ad-bde2-90b5971bbc30', 31, 365, 6914.8, TRUE) ON CONFLICT DO NOTHING;
INSERT INTO tiers (plan_id, min_days, max_days, price_inr, is_active) VALUES ('2c3067c1-6224-42ad-bde2-90b5971bbc30', 366, 730, 7811.6, TRUE) ON CONFLICT DO NOTHING;
INSERT INTO tiers (plan_id, min_days, max_days, price_inr, is_active) VALUES ('2c3067c1-6224-42ad-bde2-90b5971bbc30', 731, 1095, 8720.2, TRUE) ON CONFLICT DO NOTHING;
INSERT INTO plans (id, variant_id, plan_name, duration_months, max_kms) VALUES ('0c59cf4b-1f07-41a3-a9ff-6f69fafdabaf', 'a2a6b677-fa0d-4d5f-9a5b-13be4af1909c', '36 Months / 60,000 Kms', 36, 60000) ON CONFLICT DO NOTHING;
INSERT INTO tiers (plan_id, min_days, max_days, price_inr, is_active) VALUES ('0c59cf4b-1f07-41a3-a9ff-6f69fafdabaf', 0, 30, 6596.2, TRUE) ON CONFLICT DO NOTHING;
INSERT INTO tiers (plan_id, min_days, max_days, price_inr, is_active) VALUES ('0c59cf4b-1f07-41a3-a9ff-6f69fafdabaf', 31, 365, 7587.4, TRUE) ON CONFLICT DO NOTHING;
INSERT INTO tiers (plan_id, min_days, max_days, price_inr, is_active) VALUES ('0c59cf4b-1f07-41a3-a9ff-6f69fafdabaf', 366, 730, 8578.6, TRUE) ON CONFLICT DO NOTHING;
INSERT INTO tiers (plan_id, min_days, max_days, price_inr, is_active) VALUES ('0c59cf4b-1f07-41a3-a9ff-6f69fafdabaf', 731, 1095, 9569.8, TRUE) ON CONFLICT DO NOTHING;
INSERT INTO variants (id, model_id, name, fuel, transmission, oem_warranty_months, oem_warranty_kms) VALUES ('9455301d-699f-4963-adc8-b0e00d297855', '8c498398-e16d-4dc3-a2ea-cfdde37dc130', 'MARUTI ALTO K10 VXI 1L 5MT', 'Petrol', 'Manual', 36, 100000) ON CONFLICT DO NOTHING;
INSERT INTO plans (id, variant_id, plan_name, duration_months, max_kms) VALUES ('7283efec-7f0e-4a6f-b169-9c1400062974', '9455301d-699f-4963-adc8-b0e00d297855', '12 Months / 20,000 Kms', 12, 20000) ON CONFLICT DO NOTHING;
INSERT INTO tiers (plan_id, min_days, max_days, price_inr, is_active) VALUES ('7283efec-7f0e-4a6f-b169-9c1400062974', 0, 30, 6478.2, TRUE) ON CONFLICT DO NOTHING;
INSERT INTO tiers (plan_id, min_days, max_days, price_inr, is_active) VALUES ('7283efec-7f0e-4a6f-b169-9c1400062974', 31, 365, 7457.6, TRUE) ON CONFLICT DO NOTHING;
INSERT INTO tiers (plan_id, min_days, max_days, price_inr, is_active) VALUES ('7283efec-7f0e-4a6f-b169-9c1400062974', 366, 730, 8425.2, TRUE) ON CONFLICT DO NOTHING;
INSERT INTO tiers (plan_id, min_days, max_days, price_inr, is_active) VALUES ('7283efec-7f0e-4a6f-b169-9c1400062974', 731, 1095, 9404.6, TRUE) ON CONFLICT DO NOTHING;
INSERT INTO plans (id, variant_id, plan_name, duration_months, max_kms) VALUES ('05af1971-8065-49f3-9ddc-9dbc988de11d', '9455301d-699f-4963-adc8-b0e00d297855', '24 Months / 40,000 Kms', 24, 40000) ON CONFLICT DO NOTHING;
INSERT INTO tiers (plan_id, min_days, max_days, price_inr, is_active) VALUES ('05af1971-8065-49f3-9ddc-9dbc988de11d', 0, 30, 7776.2, TRUE) ON CONFLICT DO NOTHING;
INSERT INTO tiers (plan_id, min_days, max_days, price_inr, is_active) VALUES ('05af1971-8065-49f3-9ddc-9dbc988de11d', 31, 365, 8944.4, TRUE) ON CONFLICT DO NOTHING;
INSERT INTO tiers (plan_id, min_days, max_days, price_inr, is_active) VALUES ('05af1971-8065-49f3-9ddc-9dbc988de11d', 366, 730, 10112.6, TRUE) ON CONFLICT DO NOTHING;
INSERT INTO tiers (plan_id, min_days, max_days, price_inr, is_active) VALUES ('05af1971-8065-49f3-9ddc-9dbc988de11d', 731, 1095, 11280.8, TRUE) ON CONFLICT DO NOTHING;
INSERT INTO plans (id, variant_id, plan_name, duration_months, max_kms) VALUES ('62810a07-8b12-4ac8-83fc-f9c03ea1f956', '9455301d-699f-4963-adc8-b0e00d297855', '36 Months / 60,000 Kms', 36, 60000) ON CONFLICT DO NOTHING;
INSERT INTO tiers (plan_id, min_days, max_days, price_inr, is_active) VALUES ('62810a07-8b12-4ac8-83fc-f9c03ea1f956', 0, 30, 8366.2, TRUE) ON CONFLICT DO NOTHING;
INSERT INTO tiers (plan_id, min_days, max_days, price_inr, is_active) VALUES ('62810a07-8b12-4ac8-83fc-f9c03ea1f956', 31, 365, 9628.8, TRUE) ON CONFLICT DO NOTHING;
INSERT INTO tiers (plan_id, min_days, max_days, price_inr, is_active) VALUES ('62810a07-8b12-4ac8-83fc-f9c03ea1f956', 366, 730, 10879.6, TRUE) ON CONFLICT DO NOTHING;
INSERT INTO tiers (plan_id, min_days, max_days, price_inr, is_active) VALUES ('62810a07-8b12-4ac8-83fc-f9c03ea1f956', 731, 1095, 12142.2, TRUE) ON CONFLICT DO NOTHING;
INSERT INTO variants (id, model_id, name, fuel, transmission, oem_warranty_months, oem_warranty_kms) VALUES ('cd5bf919-1986-4043-9918-7ad1582e77e9', '8c498398-e16d-4dc3-a2ea-cfdde37dc130', 'MARUTI ALTO K10 VXI 1L AGS', 'Petrol', 'Automatic', 36, 100000) ON CONFLICT DO NOTHING;
INSERT INTO plans (id, variant_id, plan_name, duration_months, max_kms) VALUES ('2a740888-6651-42ef-aee5-d2bd4ef356bd', 'cd5bf919-1986-4043-9918-7ad1582e77e9', '12 Months / 20,000 Kms', 12, 20000) ON CONFLICT DO NOTHING;
INSERT INTO tiers (plan_id, min_days, max_days, price_inr, is_active) VALUES ('2a740888-6651-42ef-aee5-d2bd4ef356bd', 0, 30, 7386.8, TRUE) ON CONFLICT DO NOTHING;
INSERT INTO tiers (plan_id, min_days, max_days, price_inr, is_active) VALUES ('2a740888-6651-42ef-aee5-d2bd4ef356bd', 31, 365, 8496.0, TRUE) ON CONFLICT DO NOTHING;
INSERT INTO tiers (plan_id, min_days, max_days, price_inr, is_active) VALUES ('2a740888-6651-42ef-aee5-d2bd4ef356bd', 366, 730, 9605.2, TRUE) ON CONFLICT DO NOTHING;
INSERT INTO tiers (plan_id, min_days, max_days, price_inr, is_active) VALUES ('2a740888-6651-42ef-aee5-d2bd4ef356bd', 731, 1095, 10714.4, TRUE) ON CONFLICT DO NOTHING;
INSERT INTO plans (id, variant_id, plan_name, duration_months, max_kms) VALUES ('818bbcb0-c617-42d0-a1c9-b837cac95bb1', 'cd5bf919-1986-4043-9918-7ad1582e77e9', '24 Months / 40,000 Kms', 24, 40000) ON CONFLICT DO NOTHING;
INSERT INTO tiers (plan_id, min_days, max_days, price_inr, is_active) VALUES ('818bbcb0-c617-42d0-a1c9-b837cac95bb1', 0, 30, 8684.8, TRUE) ON CONFLICT DO NOTHING;
INSERT INTO tiers (plan_id, min_days, max_days, price_inr, is_active) VALUES ('818bbcb0-c617-42d0-a1c9-b837cac95bb1', 31, 365, 9994.6, TRUE) ON CONFLICT DO NOTHING;
INSERT INTO tiers (plan_id, min_days, max_days, price_inr, is_active) VALUES ('818bbcb0-c617-42d0-a1c9-b837cac95bb1', 366, 730, 11292.6, TRUE) ON CONFLICT DO NOTHING;
INSERT INTO tiers (plan_id, min_days, max_days, price_inr, is_active) VALUES ('818bbcb0-c617-42d0-a1c9-b837cac95bb1', 731, 1095, 12602.4, TRUE) ON CONFLICT DO NOTHING;
INSERT INTO plans (id, variant_id, plan_name, duration_months, max_kms) VALUES ('af7aeb06-cb50-4c29-bdf0-a63a181a301e', 'cd5bf919-1986-4043-9918-7ad1582e77e9', '36 Months / 60,000 Kms', 36, 60000) ON CONFLICT DO NOTHING;
INSERT INTO tiers (plan_id, min_days, max_days, price_inr, is_active) VALUES ('af7aeb06-cb50-4c29-bdf0-a63a181a301e', 0, 30, 9274.8, TRUE) ON CONFLICT DO NOTHING;
INSERT INTO tiers (plan_id, min_days, max_days, price_inr, is_active) VALUES ('af7aeb06-cb50-4c29-bdf0-a63a181a301e', 31, 365, 10667.2, TRUE) ON CONFLICT DO NOTHING;
INSERT INTO tiers (plan_id, min_days, max_days, price_inr, is_active) VALUES ('af7aeb06-cb50-4c29-bdf0-a63a181a301e', 366, 730, 12059.6, TRUE) ON CONFLICT DO NOTHING;
INSERT INTO tiers (plan_id, min_days, max_days, price_inr, is_active) VALUES ('af7aeb06-cb50-4c29-bdf0-a63a181a301e', 731, 1095, 13452.0, TRUE) ON CONFLICT DO NOTHING;
INSERT INTO variants (id, model_id, name, fuel, transmission, oem_warranty_months, oem_warranty_kms) VALUES ('9cf4d29f-a944-4fcb-baac-e8c28f001c08', '8c498398-e16d-4dc3-a2ea-cfdde37dc130', 'MARUTI ALTO K10 VXI CNG 1L 5MT', 'CNG', 'Manual', 36, 100000) ON CONFLICT DO NOTHING;
INSERT INTO plans (id, variant_id, plan_name, duration_months, max_kms) VALUES ('d1f53b61-d99a-4416-8972-a1fe12393beb', '9cf4d29f-a944-4fcb-baac-e8c28f001c08', '12 Months / 20,000 Kms', 12, 20000) ON CONFLICT DO NOTHING;
INSERT INTO tiers (plan_id, min_days, max_days, price_inr, is_active) VALUES ('d1f53b61-d99a-4416-8972-a1fe12393beb', 0, 30, 7965.0, TRUE) ON CONFLICT DO NOTHING;
INSERT INTO tiers (plan_id, min_days, max_days, price_inr, is_active) VALUES ('d1f53b61-d99a-4416-8972-a1fe12393beb', 31, 365, 9168.6, TRUE) ON CONFLICT DO NOTHING;
INSERT INTO tiers (plan_id, min_days, max_days, price_inr, is_active) VALUES ('d1f53b61-d99a-4416-8972-a1fe12393beb', 366, 730, 10360.4, TRUE) ON CONFLICT DO NOTHING;
INSERT INTO tiers (plan_id, min_days, max_days, price_inr, is_active) VALUES ('d1f53b61-d99a-4416-8972-a1fe12393beb', 731, 1095, 11552.2, TRUE) ON CONFLICT DO NOTHING;
INSERT INTO plans (id, variant_id, plan_name, duration_months, max_kms) VALUES ('86140070-46eb-49e7-86cb-3f37f3638e38', '9cf4d29f-a944-4fcb-baac-e8c28f001c08', '24 Months / 40,000 Kms', 24, 40000) ON CONFLICT DO NOTHING;
INSERT INTO tiers (plan_id, min_days, max_days, price_inr, is_active) VALUES ('86140070-46eb-49e7-86cb-3f37f3638e38', 0, 30, 9263.0, TRUE) ON CONFLICT DO NOTHING;
INSERT INTO tiers (plan_id, min_days, max_days, price_inr, is_active) VALUES ('86140070-46eb-49e7-86cb-3f37f3638e38', 31, 365, 10655.4, TRUE) ON CONFLICT DO NOTHING;
INSERT INTO tiers (plan_id, min_days, max_days, price_inr, is_active) VALUES ('86140070-46eb-49e7-86cb-3f37f3638e38', 366, 730, 12047.8, TRUE) ON CONFLICT DO NOTHING;
INSERT INTO tiers (plan_id, min_days, max_days, price_inr, is_active) VALUES ('86140070-46eb-49e7-86cb-3f37f3638e38', 731, 1095, 13440.2, TRUE) ON CONFLICT DO NOTHING;
INSERT INTO plans (id, variant_id, plan_name, duration_months, max_kms) VALUES ('8d139d40-6c18-44fd-9610-9bc35762af3f', '9cf4d29f-a944-4fcb-baac-e8c28f001c08', '36 Months / 60,000 Kms', 36, 60000) ON CONFLICT DO NOTHING;
INSERT INTO tiers (plan_id, min_days, max_days, price_inr, is_active) VALUES ('8d139d40-6c18-44fd-9610-9bc35762af3f', 0, 30, 9853.0, TRUE) ON CONFLICT DO NOTHING;
INSERT INTO tiers (plan_id, min_days, max_days, price_inr, is_active) VALUES ('8d139d40-6c18-44fd-9610-9bc35762af3f', 31, 365, 11339.8, TRUE) ON CONFLICT DO NOTHING;
INSERT INTO tiers (plan_id, min_days, max_days, price_inr, is_active) VALUES ('8d139d40-6c18-44fd-9610-9bc35762af3f', 366, 730, 12814.8, TRUE) ON CONFLICT DO NOTHING;
INSERT INTO tiers (plan_id, min_days, max_days, price_inr, is_active) VALUES ('8d139d40-6c18-44fd-9610-9bc35762af3f', 731, 1095, 14289.8, TRUE) ON CONFLICT DO NOTHING;
INSERT INTO variants (id, model_id, name, fuel, transmission, oem_warranty_months, oem_warranty_kms) VALUES ('9589a4c7-1fb9-4f0d-a9d2-9be7c3c089fc', '8c498398-e16d-4dc3-a2ea-cfdde37dc130', 'MARUTI ALTO K10 VXI+ 1L 5MT', 'Petrol', 'Manual', 36, 100000) ON CONFLICT DO NOTHING;
INSERT INTO plans (id, variant_id, plan_name, duration_months, max_kms) VALUES ('70705e22-4d6b-4b4f-9a06-748529710bd0', '9589a4c7-1fb9-4f0d-a9d2-9be7c3c089fc', '12 Months / 20,000 Kms', 12, 20000) ON CONFLICT DO NOTHING;
INSERT INTO tiers (plan_id, min_days, max_days, price_inr, is_active) VALUES ('70705e22-4d6b-4b4f-9a06-748529710bd0', 0, 30, 6962.0, TRUE) ON CONFLICT DO NOTHING;
INSERT INTO tiers (plan_id, min_days, max_days, price_inr, is_active) VALUES ('70705e22-4d6b-4b4f-9a06-748529710bd0', 31, 365, 8012.2, TRUE) ON CONFLICT DO NOTHING;
INSERT INTO tiers (plan_id, min_days, max_days, price_inr, is_active) VALUES ('70705e22-4d6b-4b4f-9a06-748529710bd0', 366, 730, 9050.6, TRUE) ON CONFLICT DO NOTHING;
INSERT INTO tiers (plan_id, min_days, max_days, price_inr, is_active) VALUES ('70705e22-4d6b-4b4f-9a06-748529710bd0', 731, 1095, 10100.8, TRUE) ON CONFLICT DO NOTHING;
INSERT INTO plans (id, variant_id, plan_name, duration_months, max_kms) VALUES ('f5a07265-459b-45aa-b525-37f179ca5294', '9589a4c7-1fb9-4f0d-a9d2-9be7c3c089fc', '24 Months / 40,000 Kms', 24, 40000) ON CONFLICT DO NOTHING;
INSERT INTO tiers (plan_id, min_days, max_days, price_inr, is_active) VALUES ('f5a07265-459b-45aa-b525-37f179ca5294', 0, 30, 8260.0, TRUE) ON CONFLICT DO NOTHING;
INSERT INTO tiers (plan_id, min_days, max_days, price_inr, is_active) VALUES ('f5a07265-459b-45aa-b525-37f179ca5294', 31, 365, 9499.0, TRUE) ON CONFLICT DO NOTHING;
INSERT INTO tiers (plan_id, min_days, max_days, price_inr, is_active) VALUES ('f5a07265-459b-45aa-b525-37f179ca5294', 366, 730, 10738.0, TRUE) ON CONFLICT DO NOTHING;
INSERT INTO tiers (plan_id, min_days, max_days, price_inr, is_active) VALUES ('f5a07265-459b-45aa-b525-37f179ca5294', 731, 1095, 11977.0, TRUE) ON CONFLICT DO NOTHING;
INSERT INTO plans (id, variant_id, plan_name, duration_months, max_kms) VALUES ('b722098f-a6a9-412f-b7d6-361acb68aa3c', '9589a4c7-1fb9-4f0d-a9d2-9be7c3c089fc', '36 Months / 60,000 Kms', 36, 60000) ON CONFLICT DO NOTHING;
INSERT INTO tiers (plan_id, min_days, max_days, price_inr, is_active) VALUES ('b722098f-a6a9-412f-b7d6-361acb68aa3c', 0, 30, 8850.0, TRUE) ON CONFLICT DO NOTHING;
INSERT INTO tiers (plan_id, min_days, max_days, price_inr, is_active) VALUES ('b722098f-a6a9-412f-b7d6-361acb68aa3c', 31, 365, 10183.4, TRUE) ON CONFLICT DO NOTHING;
INSERT INTO tiers (plan_id, min_days, max_days, price_inr, is_active) VALUES ('b722098f-a6a9-412f-b7d6-361acb68aa3c', 366, 730, 11505.0, TRUE) ON CONFLICT DO NOTHING;
INSERT INTO tiers (plan_id, min_days, max_days, price_inr, is_active) VALUES ('b722098f-a6a9-412f-b7d6-361acb68aa3c', 731, 1095, 12838.4, TRUE) ON CONFLICT DO NOTHING;
INSERT INTO variants (id, model_id, name, fuel, transmission, oem_warranty_months, oem_warranty_kms) VALUES ('434d644d-fc8e-47c2-8d0d-2ea35e611af4', '8c498398-e16d-4dc3-a2ea-cfdde37dc130', 'MARUTI ALTO K10 VXI+ 1L AGS', 'Petrol', 'Automatic', 36, 100000) ON CONFLICT DO NOTHING;
INSERT INTO plans (id, variant_id, plan_name, duration_months, max_kms) VALUES ('7b827e1e-2f32-4d5d-952a-f3bed261d119', '434d644d-fc8e-47c2-8d0d-2ea35e611af4', '12 Months / 20,000 Kms', 12, 20000) ON CONFLICT DO NOTHING;
INSERT INTO tiers (plan_id, min_days, max_days, price_inr, is_active) VALUES ('7b827e1e-2f32-4d5d-952a-f3bed261d119', 0, 30, 7858.8, TRUE) ON CONFLICT DO NOTHING;
INSERT INTO tiers (plan_id, min_days, max_days, price_inr, is_active) VALUES ('7b827e1e-2f32-4d5d-952a-f3bed261d119', 31, 365, 9038.8, TRUE) ON CONFLICT DO NOTHING;
INSERT INTO tiers (plan_id, min_days, max_days, price_inr, is_active) VALUES ('7b827e1e-2f32-4d5d-952a-f3bed261d119', 366, 730, 10218.8, TRUE) ON CONFLICT DO NOTHING;
INSERT INTO tiers (plan_id, min_days, max_days, price_inr, is_active) VALUES ('7b827e1e-2f32-4d5d-952a-f3bed261d119', 731, 1095, 11398.8, TRUE) ON CONFLICT DO NOTHING;
INSERT INTO plans (id, variant_id, plan_name, duration_months, max_kms) VALUES ('76dab3b1-67a6-4b0d-9ff6-92773b706e74', '434d644d-fc8e-47c2-8d0d-2ea35e611af4', '24 Months / 40,000 Kms', 24, 40000) ON CONFLICT DO NOTHING;
INSERT INTO tiers (plan_id, min_days, max_days, price_inr, is_active) VALUES ('76dab3b1-67a6-4b0d-9ff6-92773b706e74', 0, 30, 9156.8, TRUE) ON CONFLICT DO NOTHING;
INSERT INTO tiers (plan_id, min_days, max_days, price_inr, is_active) VALUES ('76dab3b1-67a6-4b0d-9ff6-92773b706e74', 31, 365, 10537.4, TRUE) ON CONFLICT DO NOTHING;
INSERT INTO tiers (plan_id, min_days, max_days, price_inr, is_active) VALUES ('76dab3b1-67a6-4b0d-9ff6-92773b706e74', 366, 730, 11906.2, TRUE) ON CONFLICT DO NOTHING;
INSERT INTO tiers (plan_id, min_days, max_days, price_inr, is_active) VALUES ('76dab3b1-67a6-4b0d-9ff6-92773b706e74', 731, 1095, 13286.8, TRUE) ON CONFLICT DO NOTHING;
INSERT INTO plans (id, variant_id, plan_name, duration_months, max_kms) VALUES ('b35f4236-9a1f-4b48-93a6-a5f02ae61296', '434d644d-fc8e-47c2-8d0d-2ea35e611af4', '36 Months / 60,000 Kms', 36, 60000) ON CONFLICT DO NOTHING;
INSERT INTO tiers (plan_id, min_days, max_days, price_inr, is_active) VALUES ('b35f4236-9a1f-4b48-93a6-a5f02ae61296', 0, 30, 9746.8, TRUE) ON CONFLICT DO NOTHING;
INSERT INTO tiers (plan_id, min_days, max_days, price_inr, is_active) VALUES ('b35f4236-9a1f-4b48-93a6-a5f02ae61296', 31, 365, 11210.0, TRUE) ON CONFLICT DO NOTHING;
INSERT INTO tiers (plan_id, min_days, max_days, price_inr, is_active) VALUES ('b35f4236-9a1f-4b48-93a6-a5f02ae61296', 366, 730, 12673.2, TRUE) ON CONFLICT DO NOTHING;
INSERT INTO tiers (plan_id, min_days, max_days, price_inr, is_active) VALUES ('b35f4236-9a1f-4b48-93a6-a5f02ae61296', 731, 1095, 14136.4, TRUE) ON CONFLICT DO NOTHING;
INSERT INTO models (id, brand_id, name) VALUES ('6c0a343a-180a-4d58-a1c2-1b83cc7b998c', 'b1e782a2-c0d1-4b20-ae57-becb98f3ab90', 'NEW ALTO K10 TOUR') ON CONFLICT DO NOTHING;
INSERT INTO variants (id, model_id, name, fuel, transmission, oem_warranty_months, oem_warranty_kms) VALUES ('1d5b5124-75b4-461b-bc1e-24fe076fa8a0', '6c0a343a-180a-4d58-a1c2-1b83cc7b998c', 'MARUTI TOUR H1 1L 5MT', 'Petrol', 'Manual', 36, 100000) ON CONFLICT DO NOTHING;
INSERT INTO plans (id, variant_id, plan_name, duration_months, max_kms) VALUES ('1226f28b-8b76-4f0d-be41-97eaea8127b7', '1d5b5124-75b4-461b-bc1e-24fe076fa8a0', '12 Months / 20,000 Kms', 12, 20000) ON CONFLICT DO NOTHING;
INSERT INTO tiers (plan_id, min_days, max_days, price_inr, is_active) VALUES ('1226f28b-8b76-4f0d-be41-97eaea8127b7', 0, 30, 6053.4, TRUE) ON CONFLICT DO NOTHING;
INSERT INTO tiers (plan_id, min_days, max_days, price_inr, is_active) VALUES ('1226f28b-8b76-4f0d-be41-97eaea8127b7', 31, 365, 6962.0, TRUE) ON CONFLICT DO NOTHING;
INSERT INTO tiers (plan_id, min_days, max_days, price_inr, is_active) VALUES ('1226f28b-8b76-4f0d-be41-97eaea8127b7', 366, 730, 7870.6, TRUE) ON CONFLICT DO NOTHING;
INSERT INTO tiers (plan_id, min_days, max_days, price_inr, is_active) VALUES ('1226f28b-8b76-4f0d-be41-97eaea8127b7', 731, 1095, 8779.2, TRUE) ON CONFLICT DO NOTHING;
INSERT INTO plans (id, variant_id, plan_name, duration_months, max_kms) VALUES ('68fea51a-f3ae-4abc-b935-26b83cc3af8d', '1d5b5124-75b4-461b-bc1e-24fe076fa8a0', '24 Months / 40,000 Kms', 24, 40000) ON CONFLICT DO NOTHING;
INSERT INTO tiers (plan_id, min_days, max_days, price_inr, is_active) VALUES ('68fea51a-f3ae-4abc-b935-26b83cc3af8d', 0, 30, 7351.4, TRUE) ON CONFLICT DO NOTHING;
INSERT INTO tiers (plan_id, min_days, max_days, price_inr, is_active) VALUES ('68fea51a-f3ae-4abc-b935-26b83cc3af8d', 31, 365, 8460.6, TRUE) ON CONFLICT DO NOTHING;
INSERT INTO tiers (plan_id, min_days, max_days, price_inr, is_active) VALUES ('68fea51a-f3ae-4abc-b935-26b83cc3af8d', 366, 730, 9558.0, TRUE) ON CONFLICT DO NOTHING;
INSERT INTO tiers (plan_id, min_days, max_days, price_inr, is_active) VALUES ('68fea51a-f3ae-4abc-b935-26b83cc3af8d', 731, 1095, 10667.2, TRUE) ON CONFLICT DO NOTHING;
INSERT INTO plans (id, variant_id, plan_name, duration_months, max_kms) VALUES ('12ce08b6-41e8-4c61-a189-c7744aec0abf', '1d5b5124-75b4-461b-bc1e-24fe076fa8a0', '36 Months / 60,000 Kms', 36, 60000) ON CONFLICT DO NOTHING;
INSERT INTO tiers (plan_id, min_days, max_days, price_inr, is_active) VALUES ('12ce08b6-41e8-4c61-a189-c7744aec0abf', 0, 30, 7941.4, TRUE) ON CONFLICT DO NOTHING;
INSERT INTO tiers (plan_id, min_days, max_days, price_inr, is_active) VALUES ('12ce08b6-41e8-4c61-a189-c7744aec0abf', 31, 365, 9133.2, TRUE) ON CONFLICT DO NOTHING;
INSERT INTO tiers (plan_id, min_days, max_days, price_inr, is_active) VALUES ('12ce08b6-41e8-4c61-a189-c7744aec0abf', 366, 730, 10325.0, TRUE) ON CONFLICT DO NOTHING;
INSERT INTO tiers (plan_id, min_days, max_days, price_inr, is_active) VALUES ('12ce08b6-41e8-4c61-a189-c7744aec0abf', 731, 1095, 11516.8, TRUE) ON CONFLICT DO NOTHING;
INSERT INTO variants (id, model_id, name, fuel, transmission, oem_warranty_months, oem_warranty_kms) VALUES ('e5f6db93-e728-410a-b907-e63f2ec96f8d', '6c0a343a-180a-4d58-a1c2-1b83cc7b998c', 'MARUTI TOUR H1 CNG 1L 5MT', 'CNG', 'Manual', 36, 100000) ON CONFLICT DO NOTHING;
INSERT INTO plans (id, variant_id, plan_name, duration_months, max_kms) VALUES ('92b8e6cb-995d-417b-abc5-7fdfe1b94b11', 'e5f6db93-e728-410a-b907-e63f2ec96f8d', '12 Months / 20,000 Kms', 12, 20000) ON CONFLICT DO NOTHING;
INSERT INTO tiers (plan_id, min_days, max_days, price_inr, is_active) VALUES ('92b8e6cb-995d-417b-abc5-7fdfe1b94b11', 0, 30, 7540.2, TRUE) ON CONFLICT DO NOTHING;
INSERT INTO tiers (plan_id, min_days, max_days, price_inr, is_active) VALUES ('92b8e6cb-995d-417b-abc5-7fdfe1b94b11', 31, 365, 8673.0, TRUE) ON CONFLICT DO NOTHING;
INSERT INTO tiers (plan_id, min_days, max_days, price_inr, is_active) VALUES ('92b8e6cb-995d-417b-abc5-7fdfe1b94b11', 366, 730, 9805.8, TRUE) ON CONFLICT DO NOTHING;
INSERT INTO tiers (plan_id, min_days, max_days, price_inr, is_active) VALUES ('92b8e6cb-995d-417b-abc5-7fdfe1b94b11', 731, 1095, 10938.6, TRUE) ON CONFLICT DO NOTHING;
INSERT INTO plans (id, variant_id, plan_name, duration_months, max_kms) VALUES ('70a93149-8167-4357-95e9-27f8b04c317d', 'e5f6db93-e728-410a-b907-e63f2ec96f8d', '24 Months / 40,000 Kms', 24, 40000) ON CONFLICT DO NOTHING;
INSERT INTO tiers (plan_id, min_days, max_days, price_inr, is_active) VALUES ('70a93149-8167-4357-95e9-27f8b04c317d', 0, 30, 8838.2, TRUE) ON CONFLICT DO NOTHING;
INSERT INTO tiers (plan_id, min_days, max_days, price_inr, is_active) VALUES ('70a93149-8167-4357-95e9-27f8b04c317d', 31, 365, 10171.6, TRUE) ON CONFLICT DO NOTHING;
INSERT INTO tiers (plan_id, min_days, max_days, price_inr, is_active) VALUES ('70a93149-8167-4357-95e9-27f8b04c317d', 366, 730, 11493.2, TRUE) ON CONFLICT DO NOTHING;
INSERT INTO tiers (plan_id, min_days, max_days, price_inr, is_active) VALUES ('70a93149-8167-4357-95e9-27f8b04c317d', 731, 1095, 12826.6, TRUE) ON CONFLICT DO NOTHING;
INSERT INTO plans (id, variant_id, plan_name, duration_months, max_kms) VALUES ('447c1680-6665-430a-81b0-465d849db65c', 'e5f6db93-e728-410a-b907-e63f2ec96f8d', '36 Months / 60,000 Kms', 36, 60000) ON CONFLICT DO NOTHING;
INSERT INTO tiers (plan_id, min_days, max_days, price_inr, is_active) VALUES ('447c1680-6665-430a-81b0-465d849db65c', 0, 30, 9428.2, TRUE) ON CONFLICT DO NOTHING;
INSERT INTO tiers (plan_id, min_days, max_days, price_inr, is_active) VALUES ('447c1680-6665-430a-81b0-465d849db65c', 31, 365, 10844.2, TRUE) ON CONFLICT DO NOTHING;
INSERT INTO tiers (plan_id, min_days, max_days, price_inr, is_active) VALUES ('447c1680-6665-430a-81b0-465d849db65c', 366, 730, 12260.2, TRUE) ON CONFLICT DO NOTHING;
INSERT INTO tiers (plan_id, min_days, max_days, price_inr, is_active) VALUES ('447c1680-6665-430a-81b0-465d849db65c', 731, 1095, 13676.2, TRUE) ON CONFLICT DO NOTHING;
INSERT INTO models (id, brand_id, name) VALUES ('14f6aeb6-1e84-485b-a902-377e6c1a5c4c', 'b1e782a2-c0d1-4b20-ae57-becb98f3ab90', 'NEW BALENO') ON CONFLICT DO NOTHING;
INSERT INTO variants (id, model_id, name, fuel, transmission, oem_warranty_months, oem_warranty_kms) VALUES ('b6b31f66-af88-4f07-b240-163c4ad990f4', '14f6aeb6-1e84-485b-a902-377e6c1a5c4c', 'MARUTI BALENO ALPHA 1.2L ISS 5MT', 'Hybrid', 'Manual', 36, 100000) ON CONFLICT DO NOTHING;
INSERT INTO plans (id, variant_id, plan_name, duration_months, max_kms) VALUES ('4aab4816-51d4-4afd-8cb2-1f7a7b80fd80', 'b6b31f66-af88-4f07-b240-163c4ad990f4', '12 Months / 20,000 Kms', 12, 20000) ON CONFLICT DO NOTHING;
INSERT INTO tiers (plan_id, min_days, max_days, price_inr, is_active) VALUES ('4aab4816-51d4-4afd-8cb2-1f7a7b80fd80', 0, 30, 13971.2, TRUE) ON CONFLICT DO NOTHING;
INSERT INTO tiers (plan_id, min_days, max_days, price_inr, is_active) VALUES ('4aab4816-51d4-4afd-8cb2-1f7a7b80fd80', 31, 365, 16071.6, TRUE) ON CONFLICT DO NOTHING;
INSERT INTO tiers (plan_id, min_days, max_days, price_inr, is_active) VALUES ('4aab4816-51d4-4afd-8cb2-1f7a7b80fd80', 366, 730, 18172.0, TRUE) ON CONFLICT DO NOTHING;
INSERT INTO tiers (plan_id, min_days, max_days, price_inr, is_active) VALUES ('4aab4816-51d4-4afd-8cb2-1f7a7b80fd80', 731, 1095, 20260.6, TRUE) ON CONFLICT DO NOTHING;
INSERT INTO plans (id, variant_id, plan_name, duration_months, max_kms) VALUES ('beba14b6-5520-4a59-848e-2b9a7d081fee', 'b6b31f66-af88-4f07-b240-163c4ad990f4', '24 Months / 40,000 Kms', 24, 40000) ON CONFLICT DO NOTHING;
INSERT INTO tiers (plan_id, min_days, max_days, price_inr, is_active) VALUES ('beba14b6-5520-4a59-848e-2b9a7d081fee', 0, 30, 15859.2, TRUE) ON CONFLICT DO NOTHING;
INSERT INTO tiers (plan_id, min_days, max_days, price_inr, is_active) VALUES ('beba14b6-5520-4a59-848e-2b9a7d081fee', 31, 365, 18242.8, TRUE) ON CONFLICT DO NOTHING;
INSERT INTO tiers (plan_id, min_days, max_days, price_inr, is_active) VALUES ('beba14b6-5520-4a59-848e-2b9a7d081fee', 366, 730, 20626.4, TRUE) ON CONFLICT DO NOTHING;
INSERT INTO tiers (plan_id, min_days, max_days, price_inr, is_active) VALUES ('beba14b6-5520-4a59-848e-2b9a7d081fee', 731, 1095, 22998.2, TRUE) ON CONFLICT DO NOTHING;
INSERT INTO plans (id, variant_id, plan_name, duration_months, max_kms) VALUES ('e0e95013-13a5-4bd1-b9cc-6518455d2171', 'b6b31f66-af88-4f07-b240-163c4ad990f4', '36 Months / 60,000 Kms', 36, 60000) ON CONFLICT DO NOTHING;
INSERT INTO tiers (plan_id, min_days, max_days, price_inr, is_active) VALUES ('e0e95013-13a5-4bd1-b9cc-6518455d2171', 0, 30, 17157.2, TRUE) ON CONFLICT DO NOTHING;
INSERT INTO tiers (plan_id, min_days, max_days, price_inr, is_active) VALUES ('e0e95013-13a5-4bd1-b9cc-6518455d2171', 31, 365, 19741.4, TRUE) ON CONFLICT DO NOTHING;
INSERT INTO tiers (plan_id, min_days, max_days, price_inr, is_active) VALUES ('e0e95013-13a5-4bd1-b9cc-6518455d2171', 366, 730, 22313.8, TRUE) ON CONFLICT DO NOTHING;
INSERT INTO tiers (plan_id, min_days, max_days, price_inr, is_active) VALUES ('e0e95013-13a5-4bd1-b9cc-6518455d2171', 731, 1095, 24886.2, TRUE) ON CONFLICT DO NOTHING;
INSERT INTO variants (id, model_id, name, fuel, transmission, oem_warranty_months, oem_warranty_kms) VALUES ('0065f560-0b2f-4ded-8c9a-fa6aa298264b', '14f6aeb6-1e84-485b-a902-377e6c1a5c4c', 'MARUTI BALENO ALPHA 1.2L ISS AGS', 'Hybrid', 'Automatic', 36, 100000) ON CONFLICT DO NOTHING;
INSERT INTO plans (id, variant_id, plan_name, duration_months, max_kms) VALUES ('5b2a4bb5-9a95-473f-8381-df3bd7b0bd16', '0065f560-0b2f-4ded-8c9a-fa6aa298264b', '12 Months / 20,000 Kms', 12, 20000) ON CONFLICT DO NOTHING;
INSERT INTO tiers (plan_id, min_days, max_days, price_inr, is_active) VALUES ('5b2a4bb5-9a95-473f-8381-df3bd7b0bd16', 0, 30, 14891.6, TRUE) ON CONFLICT DO NOTHING;
INSERT INTO tiers (plan_id, min_days, max_days, price_inr, is_active) VALUES ('5b2a4bb5-9a95-473f-8381-df3bd7b0bd16', 31, 365, 17133.6, TRUE) ON CONFLICT DO NOTHING;
INSERT INTO tiers (plan_id, min_days, max_days, price_inr, is_active) VALUES ('5b2a4bb5-9a95-473f-8381-df3bd7b0bd16', 366, 730, 19363.8, TRUE) ON CONFLICT DO NOTHING;
INSERT INTO tiers (plan_id, min_days, max_days, price_inr, is_active) VALUES ('5b2a4bb5-9a95-473f-8381-df3bd7b0bd16', 731, 1095, 21594.0, TRUE) ON CONFLICT DO NOTHING;
INSERT INTO plans (id, variant_id, plan_name, duration_months, max_kms) VALUES ('6d366f4e-3a6b-4a0d-973f-0c902f2e9bfa', '0065f560-0b2f-4ded-8c9a-fa6aa298264b', '24 Months / 40,000 Kms', 24, 40000) ON CONFLICT DO NOTHING;
INSERT INTO tiers (plan_id, min_days, max_days, price_inr, is_active) VALUES ('6d366f4e-3a6b-4a0d-973f-0c902f2e9bfa', 0, 30, 16779.6, TRUE) ON CONFLICT DO NOTHING;
INSERT INTO tiers (plan_id, min_days, max_days, price_inr, is_active) VALUES ('6d366f4e-3a6b-4a0d-973f-0c902f2e9bfa', 31, 365, 19304.8, TRUE) ON CONFLICT DO NOTHING;
INSERT INTO tiers (plan_id, min_days, max_days, price_inr, is_active) VALUES ('6d366f4e-3a6b-4a0d-973f-0c902f2e9bfa', 366, 730, 21818.2, TRUE) ON CONFLICT DO NOTHING;
INSERT INTO tiers (plan_id, min_days, max_days, price_inr, is_active) VALUES ('6d366f4e-3a6b-4a0d-973f-0c902f2e9bfa', 731, 1095, 24331.6, TRUE) ON CONFLICT DO NOTHING;
INSERT INTO plans (id, variant_id, plan_name, duration_months, max_kms) VALUES ('6a92e8fc-630f-42d5-8114-f4b867e04171', '0065f560-0b2f-4ded-8c9a-fa6aa298264b', '36 Months / 60,000 Kms', 36, 60000) ON CONFLICT DO NOTHING;
INSERT INTO tiers (plan_id, min_days, max_days, price_inr, is_active) VALUES ('6a92e8fc-630f-42d5-8114-f4b867e04171', 0, 30, 18077.6, TRUE) ON CONFLICT DO NOTHING;
INSERT INTO tiers (plan_id, min_days, max_days, price_inr, is_active) VALUES ('6a92e8fc-630f-42d5-8114-f4b867e04171', 31, 365, 20791.6, TRUE) ON CONFLICT DO NOTHING;
INSERT INTO tiers (plan_id, min_days, max_days, price_inr, is_active) VALUES ('6a92e8fc-630f-42d5-8114-f4b867e04171', 366, 730, 23505.6, TRUE) ON CONFLICT DO NOTHING;
INSERT INTO tiers (plan_id, min_days, max_days, price_inr, is_active) VALUES ('6a92e8fc-630f-42d5-8114-f4b867e04171', 731, 1095, 26219.6, TRUE) ON CONFLICT DO NOTHING;
INSERT INTO variants (id, model_id, name, fuel, transmission, oem_warranty_months, oem_warranty_kms) VALUES ('40c2bb4e-6d28-4641-9a13-b69f0b018fea', '14f6aeb6-1e84-485b-a902-377e6c1a5c4c', 'MARUTI BALENO DELTA 1.2L ISS 5MT', 'Hybrid', 'Manual', 36, 100000) ON CONFLICT DO NOTHING;
INSERT INTO plans (id, variant_id, plan_name, duration_months, max_kms) VALUES ('5eacebe7-4749-48e5-a134-c893e0f68d83', '40c2bb4e-6d28-4641-9a13-b69f0b018fea', '12 Months / 20,000 Kms', 12, 20000) ON CONFLICT DO NOTHING;
INSERT INTO tiers (plan_id, min_days, max_days, price_inr, is_active) VALUES ('5eacebe7-4749-48e5-a134-c893e0f68d83', 0, 30, 10537.4, TRUE) ON CONFLICT DO NOTHING;
INSERT INTO tiers (plan_id, min_days, max_days, price_inr, is_active) VALUES ('5eacebe7-4749-48e5-a134-c893e0f68d83', 31, 365, 12118.6, TRUE) ON CONFLICT DO NOTHING;
INSERT INTO tiers (plan_id, min_days, max_days, price_inr, is_active) VALUES ('5eacebe7-4749-48e5-a134-c893e0f68d83', 366, 730, 13699.8, TRUE) ON CONFLICT DO NOTHING;
INSERT INTO tiers (plan_id, min_days, max_days, price_inr, is_active) VALUES ('5eacebe7-4749-48e5-a134-c893e0f68d83', 731, 1095, 15281.0, TRUE) ON CONFLICT DO NOTHING;
INSERT INTO plans (id, variant_id, plan_name, duration_months, max_kms) VALUES ('20b0a23a-08aa-49ff-88c0-f5f9a771ac8c', '40c2bb4e-6d28-4641-9a13-b69f0b018fea', '24 Months / 40,000 Kms', 24, 40000) ON CONFLICT DO NOTHING;
INSERT INTO tiers (plan_id, min_days, max_days, price_inr, is_active) VALUES ('20b0a23a-08aa-49ff-88c0-f5f9a771ac8c', 0, 30, 12425.4, TRUE) ON CONFLICT DO NOTHING;
INSERT INTO tiers (plan_id, min_days, max_days, price_inr, is_active) VALUES ('20b0a23a-08aa-49ff-88c0-f5f9a771ac8c', 31, 365, 14289.8, TRUE) ON CONFLICT DO NOTHING;
INSERT INTO tiers (plan_id, min_days, max_days, price_inr, is_active) VALUES ('20b0a23a-08aa-49ff-88c0-f5f9a771ac8c', 366, 730, 16154.2, TRUE) ON CONFLICT DO NOTHING;
INSERT INTO tiers (plan_id, min_days, max_days, price_inr, is_active) VALUES ('20b0a23a-08aa-49ff-88c0-f5f9a771ac8c', 731, 1095, 18018.6, TRUE) ON CONFLICT DO NOTHING;
INSERT INTO plans (id, variant_id, plan_name, duration_months, max_kms) VALUES ('8b86318b-ee19-47c5-8c5d-50d83fca83c2', '40c2bb4e-6d28-4641-9a13-b69f0b018fea', '36 Months / 60,000 Kms', 36, 60000) ON CONFLICT DO NOTHING;
INSERT INTO tiers (plan_id, min_days, max_days, price_inr, is_active) VALUES ('8b86318b-ee19-47c5-8c5d-50d83fca83c2', 0, 30, 13723.4, TRUE) ON CONFLICT DO NOTHING;
INSERT INTO tiers (plan_id, min_days, max_days, price_inr, is_active) VALUES ('8b86318b-ee19-47c5-8c5d-50d83fca83c2', 31, 365, 15788.4, TRUE) ON CONFLICT DO NOTHING;
INSERT INTO tiers (plan_id, min_days, max_days, price_inr, is_active) VALUES ('8b86318b-ee19-47c5-8c5d-50d83fca83c2', 366, 730, 17841.6, TRUE) ON CONFLICT DO NOTHING;
INSERT INTO tiers (plan_id, min_days, max_days, price_inr, is_active) VALUES ('8b86318b-ee19-47c5-8c5d-50d83fca83c2', 731, 1095, 19906.6, TRUE) ON CONFLICT DO NOTHING;
INSERT INTO variants (id, model_id, name, fuel, transmission, oem_warranty_months, oem_warranty_kms) VALUES ('4d754cab-eece-43f0-9bf6-453f2c73f114', '14f6aeb6-1e84-485b-a902-377e6c1a5c4c', 'MARUTI BALENO DELTA 1.2L ISS AGS', 'Hybrid', 'Automatic', 36, 100000) ON CONFLICT DO NOTHING;
INSERT INTO plans (id, variant_id, plan_name, duration_months, max_kms) VALUES ('4b83bb03-e94a-4dab-8d64-2917fa361ad3', '4d754cab-eece-43f0-9bf6-453f2c73f114', '12 Months / 20,000 Kms', 12, 20000) ON CONFLICT DO NOTHING;
INSERT INTO tiers (plan_id, min_days, max_days, price_inr, is_active) VALUES ('4b83bb03-e94a-4dab-8d64-2917fa361ad3', 0, 30, 11446.0, TRUE) ON CONFLICT DO NOTHING;
INSERT INTO tiers (plan_id, min_days, max_days, price_inr, is_active) VALUES ('4b83bb03-e94a-4dab-8d64-2917fa361ad3', 31, 365, 13168.8, TRUE) ON CONFLICT DO NOTHING;
INSERT INTO tiers (plan_id, min_days, max_days, price_inr, is_active) VALUES ('4b83bb03-e94a-4dab-8d64-2917fa361ad3', 366, 730, 14879.8, TRUE) ON CONFLICT DO NOTHING;
INSERT INTO tiers (plan_id, min_days, max_days, price_inr, is_active) VALUES ('4b83bb03-e94a-4dab-8d64-2917fa361ad3', 731, 1095, 16602.6, TRUE) ON CONFLICT DO NOTHING;
INSERT INTO plans (id, variant_id, plan_name, duration_months, max_kms) VALUES ('74f5c374-3dc1-4da4-9eb8-6aa4dff1f9fe', '4d754cab-eece-43f0-9bf6-453f2c73f114', '24 Months / 40,000 Kms', 24, 40000) ON CONFLICT DO NOTHING;
INSERT INTO tiers (plan_id, min_days, max_days, price_inr, is_active) VALUES ('74f5c374-3dc1-4da4-9eb8-6aa4dff1f9fe', 0, 30, 13334.0, TRUE) ON CONFLICT DO NOTHING;
INSERT INTO tiers (plan_id, min_days, max_days, price_inr, is_active) VALUES ('74f5c374-3dc1-4da4-9eb8-6aa4dff1f9fe', 31, 365, 15340.0, TRUE) ON CONFLICT DO NOTHING;
INSERT INTO tiers (plan_id, min_days, max_days, price_inr, is_active) VALUES ('74f5c374-3dc1-4da4-9eb8-6aa4dff1f9fe', 366, 730, 17334.2, TRUE) ON CONFLICT DO NOTHING;
INSERT INTO tiers (plan_id, min_days, max_days, price_inr, is_active) VALUES ('74f5c374-3dc1-4da4-9eb8-6aa4dff1f9fe', 731, 1095, 19340.2, TRUE) ON CONFLICT DO NOTHING;
INSERT INTO plans (id, variant_id, plan_name, duration_months, max_kms) VALUES ('b8bb4ef5-0d33-4212-9778-3ad7f1a6a8be', '4d754cab-eece-43f0-9bf6-453f2c73f114', '36 Months / 60,000 Kms', 36, 60000) ON CONFLICT DO NOTHING;
INSERT INTO tiers (plan_id, min_days, max_days, price_inr, is_active) VALUES ('b8bb4ef5-0d33-4212-9778-3ad7f1a6a8be', 0, 30, 14632.0, TRUE) ON CONFLICT DO NOTHING;
INSERT INTO tiers (plan_id, min_days, max_days, price_inr, is_active) VALUES ('b8bb4ef5-0d33-4212-9778-3ad7f1a6a8be', 31, 365, 16826.8, TRUE) ON CONFLICT DO NOTHING;
INSERT INTO tiers (plan_id, min_days, max_days, price_inr, is_active) VALUES ('b8bb4ef5-0d33-4212-9778-3ad7f1a6a8be', 366, 730, 19021.6, TRUE) ON CONFLICT DO NOTHING;
INSERT INTO tiers (plan_id, min_days, max_days, price_inr, is_active) VALUES ('b8bb4ef5-0d33-4212-9778-3ad7f1a6a8be', 731, 1095, 21216.4, TRUE) ON CONFLICT DO NOTHING;
INSERT INTO variants (id, model_id, name, fuel, transmission, oem_warranty_months, oem_warranty_kms) VALUES ('2f46feee-f577-45f4-aee1-bf2779f68eaf', '14f6aeb6-1e84-485b-a902-377e6c1a5c4c', 'MARUTI BALENO DELTA CNG 1.2L 5MT', 'CNG', 'Manual', 36, 100000) ON CONFLICT DO NOTHING;
INSERT INTO plans (id, variant_id, plan_name, duration_months, max_kms) VALUES ('de9b050b-c71c-4dc9-83f8-4a7d2a7676f3', '2f46feee-f577-45f4-aee1-bf2779f68eaf', '12 Months / 20,000 Kms', 12, 20000) ON CONFLICT DO NOTHING;
INSERT INTO tiers (plan_id, min_days, max_days, price_inr, is_active) VALUES ('de9b050b-c71c-4dc9-83f8-4a7d2a7676f3', 0, 30, 12177.6, TRUE) ON CONFLICT DO NOTHING;
INSERT INTO tiers (plan_id, min_days, max_days, price_inr, is_active) VALUES ('de9b050b-c71c-4dc9-83f8-4a7d2a7676f3', 31, 365, 14006.6, TRUE) ON CONFLICT DO NOTHING;
INSERT INTO tiers (plan_id, min_days, max_days, price_inr, is_active) VALUES ('de9b050b-c71c-4dc9-83f8-4a7d2a7676f3', 366, 730, 15835.6, TRUE) ON CONFLICT DO NOTHING;
INSERT INTO tiers (plan_id, min_days, max_days, price_inr, is_active) VALUES ('de9b050b-c71c-4dc9-83f8-4a7d2a7676f3', 731, 1095, 17664.6, TRUE) ON CONFLICT DO NOTHING;
INSERT INTO plans (id, variant_id, plan_name, duration_months, max_kms) VALUES ('6837d60c-044f-4125-a280-dc5d599fc13e', '2f46feee-f577-45f4-aee1-bf2779f68eaf', '24 Months / 40,000 Kms', 24, 40000) ON CONFLICT DO NOTHING;
INSERT INTO tiers (plan_id, min_days, max_days, price_inr, is_active) VALUES ('6837d60c-044f-4125-a280-dc5d599fc13e', 0, 30, 14065.6, TRUE) ON CONFLICT DO NOTHING;
INSERT INTO tiers (plan_id, min_days, max_days, price_inr, is_active) VALUES ('6837d60c-044f-4125-a280-dc5d599fc13e', 31, 365, 16177.8, TRUE) ON CONFLICT DO NOTHING;
INSERT INTO tiers (plan_id, min_days, max_days, price_inr, is_active) VALUES ('6837d60c-044f-4125-a280-dc5d599fc13e', 366, 730, 18290.0, TRUE) ON CONFLICT DO NOTHING;
INSERT INTO tiers (plan_id, min_days, max_days, price_inr, is_active) VALUES ('6837d60c-044f-4125-a280-dc5d599fc13e', 731, 1095, 20402.2, TRUE) ON CONFLICT DO NOTHING;
INSERT INTO plans (id, variant_id, plan_name, duration_months, max_kms) VALUES ('87294b5c-ae0b-45d7-9648-71d396f584c8', '2f46feee-f577-45f4-aee1-bf2779f68eaf', '36 Months / 60,000 Kms', 36, 60000) ON CONFLICT DO NOTHING;
INSERT INTO tiers (plan_id, min_days, max_days, price_inr, is_active) VALUES ('87294b5c-ae0b-45d7-9648-71d396f584c8', 0, 30, 15363.6, TRUE) ON CONFLICT DO NOTHING;
INSERT INTO tiers (plan_id, min_days, max_days, price_inr, is_active) VALUES ('87294b5c-ae0b-45d7-9648-71d396f584c8', 31, 365, 17676.4, TRUE) ON CONFLICT DO NOTHING;
INSERT INTO tiers (plan_id, min_days, max_days, price_inr, is_active) VALUES ('87294b5c-ae0b-45d7-9648-71d396f584c8', 366, 730, 19977.4, TRUE) ON CONFLICT DO NOTHING;
INSERT INTO tiers (plan_id, min_days, max_days, price_inr, is_active) VALUES ('87294b5c-ae0b-45d7-9648-71d396f584c8', 731, 1095, 22278.4, TRUE) ON CONFLICT DO NOTHING;
INSERT INTO variants (id, model_id, name, fuel, transmission, oem_warranty_months, oem_warranty_kms) VALUES ('9771d039-4f2f-418e-be21-106ec20b8737', '14f6aeb6-1e84-485b-a902-377e6c1a5c4c', 'MARUTI BALENO SIGMA 1.2L ISS 5MT', 'Hybrid', 'Manual', 36, 100000) ON CONFLICT DO NOTHING;
INSERT INTO plans (id, variant_id, plan_name, duration_months, max_kms) VALUES ('b30baa09-a80a-46bb-b1ef-1f31fb3f4784', '9771d039-4f2f-418e-be21-106ec20b8737', '12 Months / 20,000 Kms', 12, 20000) ON CONFLICT DO NOTHING;
INSERT INTO tiers (plan_id, min_days, max_days, price_inr, is_active) VALUES ('b30baa09-a80a-46bb-b1ef-1f31fb3f4784', 0, 30, 9003.4, TRUE) ON CONFLICT DO NOTHING;
INSERT INTO tiers (plan_id, min_days, max_days, price_inr, is_active) VALUES ('b30baa09-a80a-46bb-b1ef-1f31fb3f4784', 31, 365, 10360.4, TRUE) ON CONFLICT DO NOTHING;
INSERT INTO tiers (plan_id, min_days, max_days, price_inr, is_active) VALUES ('b30baa09-a80a-46bb-b1ef-1f31fb3f4784', 366, 730, 11705.6, TRUE) ON CONFLICT DO NOTHING;
INSERT INTO tiers (plan_id, min_days, max_days, price_inr, is_active) VALUES ('b30baa09-a80a-46bb-b1ef-1f31fb3f4784', 731, 1095, 13062.6, TRUE) ON CONFLICT DO NOTHING;
INSERT INTO plans (id, variant_id, plan_name, duration_months, max_kms) VALUES ('73c4ff64-1cbd-4407-bcf3-ed4bfcb0b648', '9771d039-4f2f-418e-be21-106ec20b8737', '24 Months / 40,000 Kms', 24, 40000) ON CONFLICT DO NOTHING;
INSERT INTO tiers (plan_id, min_days, max_days, price_inr, is_active) VALUES ('73c4ff64-1cbd-4407-bcf3-ed4bfcb0b648', 0, 30, 10891.4, TRUE) ON CONFLICT DO NOTHING;
INSERT INTO tiers (plan_id, min_days, max_days, price_inr, is_active) VALUES ('73c4ff64-1cbd-4407-bcf3-ed4bfcb0b648', 31, 365, 12531.6, TRUE) ON CONFLICT DO NOTHING;
INSERT INTO tiers (plan_id, min_days, max_days, price_inr, is_active) VALUES ('73c4ff64-1cbd-4407-bcf3-ed4bfcb0b648', 366, 730, 14160.0, TRUE) ON CONFLICT DO NOTHING;
INSERT INTO tiers (plan_id, min_days, max_days, price_inr, is_active) VALUES ('73c4ff64-1cbd-4407-bcf3-ed4bfcb0b648', 731, 1095, 15800.2, TRUE) ON CONFLICT DO NOTHING;
INSERT INTO plans (id, variant_id, plan_name, duration_months, max_kms) VALUES ('abf8f159-7194-429c-a546-17f716e37d69', '9771d039-4f2f-418e-be21-106ec20b8737', '36 Months / 60,000 Kms', 36, 60000) ON CONFLICT DO NOTHING;
INSERT INTO tiers (plan_id, min_days, max_days, price_inr, is_active) VALUES ('abf8f159-7194-429c-a546-17f716e37d69', 0, 30, 12189.4, TRUE) ON CONFLICT DO NOTHING;
INSERT INTO tiers (plan_id, min_days, max_days, price_inr, is_active) VALUES ('abf8f159-7194-429c-a546-17f716e37d69', 31, 365, 14018.4, TRUE) ON CONFLICT DO NOTHING;
INSERT INTO tiers (plan_id, min_days, max_days, price_inr, is_active) VALUES ('abf8f159-7194-429c-a546-17f716e37d69', 366, 730, 15847.4, TRUE) ON CONFLICT DO NOTHING;
INSERT INTO tiers (plan_id, min_days, max_days, price_inr, is_active) VALUES ('abf8f159-7194-429c-a546-17f716e37d69', 731, 1095, 17676.4, TRUE) ON CONFLICT DO NOTHING;
INSERT INTO variants (id, model_id, name, fuel, transmission, oem_warranty_months, oem_warranty_kms) VALUES ('36fe66fc-def7-46ad-8adb-9fa244396cdf', '14f6aeb6-1e84-485b-a902-377e6c1a5c4c', 'MARUTI BALENO ZETA 1.2L ISS 5MT', 'Hybrid', 'Manual', 36, 100000) ON CONFLICT DO NOTHING;
INSERT INTO plans (id, variant_id, plan_name, duration_months, max_kms) VALUES ('1fceba37-a0bb-41ac-9a01-dcebec8bf291', '36fe66fc-def7-46ad-8adb-9fa244396cdf', '12 Months / 20,000 Kms', 12, 20000) ON CONFLICT DO NOTHING;
INSERT INTO tiers (plan_id, min_days, max_days, price_inr, is_active) VALUES ('1fceba37-a0bb-41ac-9a01-dcebec8bf291', 0, 30, 12236.6, TRUE) ON CONFLICT DO NOTHING;
INSERT INTO tiers (plan_id, min_days, max_days, price_inr, is_active) VALUES ('1fceba37-a0bb-41ac-9a01-dcebec8bf291', 31, 365, 14077.4, TRUE) ON CONFLICT DO NOTHING;
INSERT INTO tiers (plan_id, min_days, max_days, price_inr, is_active) VALUES ('1fceba37-a0bb-41ac-9a01-dcebec8bf291', 366, 730, 15918.2, TRUE) ON CONFLICT DO NOTHING;
INSERT INTO tiers (plan_id, min_days, max_days, price_inr, is_active) VALUES ('1fceba37-a0bb-41ac-9a01-dcebec8bf291', 731, 1095, 17747.2, TRUE) ON CONFLICT DO NOTHING;
INSERT INTO plans (id, variant_id, plan_name, duration_months, max_kms) VALUES ('ff926954-688b-45c3-a481-462a42cfc86a', '36fe66fc-def7-46ad-8adb-9fa244396cdf', '24 Months / 40,000 Kms', 24, 40000) ON CONFLICT DO NOTHING;
INSERT INTO tiers (plan_id, min_days, max_days, price_inr, is_active) VALUES ('ff926954-688b-45c3-a481-462a42cfc86a', 0, 30, 14124.6, TRUE) ON CONFLICT DO NOTHING;
INSERT INTO tiers (plan_id, min_days, max_days, price_inr, is_active) VALUES ('ff926954-688b-45c3-a481-462a42cfc86a', 31, 365, 16248.6, TRUE) ON CONFLICT DO NOTHING;
INSERT INTO tiers (plan_id, min_days, max_days, price_inr, is_active) VALUES ('ff926954-688b-45c3-a481-462a42cfc86a', 366, 730, 18372.6, TRUE) ON CONFLICT DO NOTHING;
INSERT INTO tiers (plan_id, min_days, max_days, price_inr, is_active) VALUES ('ff926954-688b-45c3-a481-462a42cfc86a', 731, 1095, 20484.8, TRUE) ON CONFLICT DO NOTHING;
INSERT INTO plans (id, variant_id, plan_name, duration_months, max_kms) VALUES ('fc273344-07f3-4e8f-a5f5-c569f13b9682', '36fe66fc-def7-46ad-8adb-9fa244396cdf', '36 Months / 60,000 Kms', 36, 60000) ON CONFLICT DO NOTHING;
INSERT INTO tiers (plan_id, min_days, max_days, price_inr, is_active) VALUES ('fc273344-07f3-4e8f-a5f5-c569f13b9682', 0, 30, 15422.6, TRUE) ON CONFLICT DO NOTHING;
INSERT INTO tiers (plan_id, min_days, max_days, price_inr, is_active) VALUES ('fc273344-07f3-4e8f-a5f5-c569f13b9682', 31, 365, 17747.2, TRUE) ON CONFLICT DO NOTHING;
INSERT INTO tiers (plan_id, min_days, max_days, price_inr, is_active) VALUES ('fc273344-07f3-4e8f-a5f5-c569f13b9682', 366, 730, 20060.0, TRUE) ON CONFLICT DO NOTHING;
INSERT INTO tiers (plan_id, min_days, max_days, price_inr, is_active) VALUES ('fc273344-07f3-4e8f-a5f5-c569f13b9682', 731, 1095, 22372.8, TRUE) ON CONFLICT DO NOTHING;
INSERT INTO variants (id, model_id, name, fuel, transmission, oem_warranty_months, oem_warranty_kms) VALUES ('161a3115-5607-480e-9323-7f851771fea5', '14f6aeb6-1e84-485b-a902-377e6c1a5c4c', 'MARUTI BALENO ZETA 1.2L ISS AGS', 'Hybrid', 'Automatic', 36, 100000) ON CONFLICT DO NOTHING;
INSERT INTO plans (id, variant_id, plan_name, duration_months, max_kms) VALUES ('51e29164-21aa-400a-9e00-3080cf59d62e', '161a3115-5607-480e-9323-7f851771fea5', '12 Months / 20,000 Kms', 12, 20000) ON CONFLICT DO NOTHING;
INSERT INTO tiers (plan_id, min_days, max_days, price_inr, is_active) VALUES ('51e29164-21aa-400a-9e00-3080cf59d62e', 0, 30, 13157.0, TRUE) ON CONFLICT DO NOTHING;
INSERT INTO tiers (plan_id, min_days, max_days, price_inr, is_active) VALUES ('51e29164-21aa-400a-9e00-3080cf59d62e', 31, 365, 15139.4, TRUE) ON CONFLICT DO NOTHING;
INSERT INTO tiers (plan_id, min_days, max_days, price_inr, is_active) VALUES ('51e29164-21aa-400a-9e00-3080cf59d62e', 366, 730, 17110.0, TRUE) ON CONFLICT DO NOTHING;
INSERT INTO tiers (plan_id, min_days, max_days, price_inr, is_active) VALUES ('51e29164-21aa-400a-9e00-3080cf59d62e', 731, 1095, 19080.6, TRUE) ON CONFLICT DO NOTHING;
INSERT INTO plans (id, variant_id, plan_name, duration_months, max_kms) VALUES ('862d538a-cf47-4f04-aae2-edb0849ee98b', '161a3115-5607-480e-9323-7f851771fea5', '24 Months / 40,000 Kms', 24, 40000) ON CONFLICT DO NOTHING;
INSERT INTO tiers (plan_id, min_days, max_days, price_inr, is_active) VALUES ('862d538a-cf47-4f04-aae2-edb0849ee98b', 0, 30, 15045.0, TRUE) ON CONFLICT DO NOTHING;
INSERT INTO tiers (plan_id, min_days, max_days, price_inr, is_active) VALUES ('862d538a-cf47-4f04-aae2-edb0849ee98b', 31, 365, 17310.6, TRUE) ON CONFLICT DO NOTHING;
INSERT INTO tiers (plan_id, min_days, max_days, price_inr, is_active) VALUES ('862d538a-cf47-4f04-aae2-edb0849ee98b', 366, 730, 19564.4, TRUE) ON CONFLICT DO NOTHING;
INSERT INTO tiers (plan_id, min_days, max_days, price_inr, is_active) VALUES ('862d538a-cf47-4f04-aae2-edb0849ee98b', 731, 1095, 21818.2, TRUE) ON CONFLICT DO NOTHING;
INSERT INTO plans (id, variant_id, plan_name, duration_months, max_kms) VALUES ('82d0e360-cb4d-4c02-a787-1323c7b7090d', '161a3115-5607-480e-9323-7f851771fea5', '36 Months / 60,000 Kms', 36, 60000) ON CONFLICT DO NOTHING;
INSERT INTO tiers (plan_id, min_days, max_days, price_inr, is_active) VALUES ('82d0e360-cb4d-4c02-a787-1323c7b7090d', 0, 30, 16343.0, TRUE) ON CONFLICT DO NOTHING;
INSERT INTO tiers (plan_id, min_days, max_days, price_inr, is_active) VALUES ('82d0e360-cb4d-4c02-a787-1323c7b7090d', 31, 365, 18797.4, TRUE) ON CONFLICT DO NOTHING;
INSERT INTO tiers (plan_id, min_days, max_days, price_inr, is_active) VALUES ('82d0e360-cb4d-4c02-a787-1323c7b7090d', 366, 730, 21251.8, TRUE) ON CONFLICT DO NOTHING;
INSERT INTO tiers (plan_id, min_days, max_days, price_inr, is_active) VALUES ('82d0e360-cb4d-4c02-a787-1323c7b7090d', 731, 1095, 23706.2, TRUE) ON CONFLICT DO NOTHING;
INSERT INTO variants (id, model_id, name, fuel, transmission, oem_warranty_months, oem_warranty_kms) VALUES ('38065069-6bf1-437b-9d15-a5c5e4abb274', '14f6aeb6-1e84-485b-a902-377e6c1a5c4c', 'MARUTI BALENO ZETA CNG 1.2L 5MT', 'CNG', 'Manual', 36, 100000) ON CONFLICT DO NOTHING;
INSERT INTO plans (id, variant_id, plan_name, duration_months, max_kms) VALUES ('d0baa66c-bd90-46bf-80cc-6392a9956fc0', '38065069-6bf1-437b-9d15-a5c5e4abb274', '12 Months / 20,000 Kms', 12, 20000) ON CONFLICT DO NOTHING;
INSERT INTO tiers (plan_id, min_days, max_days, price_inr, is_active) VALUES ('d0baa66c-bd90-46bf-80cc-6392a9956fc0', 0, 30, 13888.6, TRUE) ON CONFLICT DO NOTHING;
INSERT INTO tiers (plan_id, min_days, max_days, price_inr, is_active) VALUES ('d0baa66c-bd90-46bf-80cc-6392a9956fc0', 31, 365, 15977.2, TRUE) ON CONFLICT DO NOTHING;
INSERT INTO tiers (plan_id, min_days, max_days, price_inr, is_active) VALUES ('d0baa66c-bd90-46bf-80cc-6392a9956fc0', 366, 730, 18065.8, TRUE) ON CONFLICT DO NOTHING;
INSERT INTO tiers (plan_id, min_days, max_days, price_inr, is_active) VALUES ('d0baa66c-bd90-46bf-80cc-6392a9956fc0', 731, 1095, 20142.6, TRUE) ON CONFLICT DO NOTHING;
INSERT INTO plans (id, variant_id, plan_name, duration_months, max_kms) VALUES ('b915d014-7f55-4b34-bb44-b464e7d75515', '38065069-6bf1-437b-9d15-a5c5e4abb274', '24 Months / 40,000 Kms', 24, 40000) ON CONFLICT DO NOTHING;
INSERT INTO tiers (plan_id, min_days, max_days, price_inr, is_active) VALUES ('b915d014-7f55-4b34-bb44-b464e7d75515', 0, 30, 15776.6, TRUE) ON CONFLICT DO NOTHING;
INSERT INTO tiers (plan_id, min_days, max_days, price_inr, is_active) VALUES ('b915d014-7f55-4b34-bb44-b464e7d75515', 31, 365, 18148.4, TRUE) ON CONFLICT DO NOTHING;
INSERT INTO tiers (plan_id, min_days, max_days, price_inr, is_active) VALUES ('b915d014-7f55-4b34-bb44-b464e7d75515', 366, 730, 20520.2, TRUE) ON CONFLICT DO NOTHING;
INSERT INTO tiers (plan_id, min_days, max_days, price_inr, is_active) VALUES ('b915d014-7f55-4b34-bb44-b464e7d75515', 731, 1095, 22880.2, TRUE) ON CONFLICT DO NOTHING;
INSERT INTO plans (id, variant_id, plan_name, duration_months, max_kms) VALUES ('2606295d-f9ac-4e2f-92f0-0afb0a47522e', '38065069-6bf1-437b-9d15-a5c5e4abb274', '36 Months / 60,000 Kms', 36, 60000) ON CONFLICT DO NOTHING;
INSERT INTO tiers (plan_id, min_days, max_days, price_inr, is_active) VALUES ('2606295d-f9ac-4e2f-92f0-0afb0a47522e', 0, 30, 17074.6, TRUE) ON CONFLICT DO NOTHING;
INSERT INTO tiers (plan_id, min_days, max_days, price_inr, is_active) VALUES ('2606295d-f9ac-4e2f-92f0-0afb0a47522e', 31, 365, 19647.0, TRUE) ON CONFLICT DO NOTHING;
INSERT INTO tiers (plan_id, min_days, max_days, price_inr, is_active) VALUES ('2606295d-f9ac-4e2f-92f0-0afb0a47522e', 366, 730, 22207.6, TRUE) ON CONFLICT DO NOTHING;
INSERT INTO tiers (plan_id, min_days, max_days, price_inr, is_active) VALUES ('2606295d-f9ac-4e2f-92f0-0afb0a47522e', 731, 1095, 24768.2, TRUE) ON CONFLICT DO NOTHING;
INSERT INTO models (id, brand_id, name) VALUES ('2bad6232-3742-4001-bc71-22ddc862ed13', 'b1e782a2-c0d1-4b20-ae57-becb98f3ab90', 'NEW BREZZA') ON CONFLICT DO NOTHING;
INSERT INTO variants (id, model_id, name, fuel, transmission, oem_warranty_months, oem_warranty_kms) VALUES ('e2a7b791-cd46-4c90-9ad4-ccd1b567044e', '2bad6232-3742-4001-bc71-22ddc862ed13', 'MARUTI BREZZA LXI (O) CNG 1.5L 5MT', 'CNG', 'Manual', 36, 100000) ON CONFLICT DO NOTHING;
INSERT INTO plans (id, variant_id, plan_name, duration_months, max_kms) VALUES ('d264c859-e86c-4711-9a00-7d287106ba40', 'e2a7b791-cd46-4c90-9ad4-ccd1b567044e', '12 Months / 20,000 Kms', 12, 20000) ON CONFLICT DO NOTHING;
INSERT INTO tiers (plan_id, min_days, max_days, price_inr, is_active) VALUES ('d264c859-e86c-4711-9a00-7d287106ba40', 0, 30, 14112.8, TRUE) ON CONFLICT DO NOTHING;
INSERT INTO tiers (plan_id, min_days, max_days, price_inr, is_active) VALUES ('d264c859-e86c-4711-9a00-7d287106ba40', 31, 365, 16236.8, TRUE) ON CONFLICT DO NOTHING;
INSERT INTO tiers (plan_id, min_days, max_days, price_inr, is_active) VALUES ('d264c859-e86c-4711-9a00-7d287106ba40', 366, 730, 18349.0, TRUE) ON CONFLICT DO NOTHING;
INSERT INTO tiers (plan_id, min_days, max_days, price_inr, is_active) VALUES ('d264c859-e86c-4711-9a00-7d287106ba40', 731, 1095, 20473.0, TRUE) ON CONFLICT DO NOTHING;
INSERT INTO plans (id, variant_id, plan_name, duration_months, max_kms) VALUES ('519edd6c-32f2-4427-979c-fa8d3d0e73c5', 'e2a7b791-cd46-4c90-9ad4-ccd1b567044e', '24 Months / 40,000 Kms', 24, 40000) ON CONFLICT DO NOTHING;
INSERT INTO tiers (plan_id, min_days, max_days, price_inr, is_active) VALUES ('519edd6c-32f2-4427-979c-fa8d3d0e73c5', 0, 30, 16000.8, TRUE) ON CONFLICT DO NOTHING;
INSERT INTO tiers (plan_id, min_days, max_days, price_inr, is_active) VALUES ('519edd6c-32f2-4427-979c-fa8d3d0e73c5', 31, 365, 18408.0, TRUE) ON CONFLICT DO NOTHING;
INSERT INTO tiers (plan_id, min_days, max_days, price_inr, is_active) VALUES ('519edd6c-32f2-4427-979c-fa8d3d0e73c5', 366, 730, 20803.4, TRUE) ON CONFLICT DO NOTHING;
INSERT INTO tiers (plan_id, min_days, max_days, price_inr, is_active) VALUES ('519edd6c-32f2-4427-979c-fa8d3d0e73c5', 731, 1095, 23210.6, TRUE) ON CONFLICT DO NOTHING;
INSERT INTO plans (id, variant_id, plan_name, duration_months, max_kms) VALUES ('c1b0ddb3-ce43-43e1-911c-9f1ebf1b19de', 'e2a7b791-cd46-4c90-9ad4-ccd1b567044e', '36 Months / 60,000 Kms', 36, 60000) ON CONFLICT DO NOTHING;
INSERT INTO tiers (plan_id, min_days, max_days, price_inr, is_active) VALUES ('c1b0ddb3-ce43-43e1-911c-9f1ebf1b19de', 0, 30, 17888.8, TRUE) ON CONFLICT DO NOTHING;
INSERT INTO tiers (plan_id, min_days, max_days, price_inr, is_active) VALUES ('c1b0ddb3-ce43-43e1-911c-9f1ebf1b19de', 31, 365, 20579.2, TRUE) ON CONFLICT DO NOTHING;
INSERT INTO tiers (plan_id, min_days, max_days, price_inr, is_active) VALUES ('c1b0ddb3-ce43-43e1-911c-9f1ebf1b19de', 366, 730, 23257.8, TRUE) ON CONFLICT DO NOTHING;
INSERT INTO tiers (plan_id, min_days, max_days, price_inr, is_active) VALUES ('c1b0ddb3-ce43-43e1-911c-9f1ebf1b19de', 731, 1095, 25948.2, TRUE) ON CONFLICT DO NOTHING;
INSERT INTO variants (id, model_id, name, fuel, transmission, oem_warranty_months, oem_warranty_kms) VALUES ('403d6e62-cdf3-4819-b36b-b1565efb63ec', '2bad6232-3742-4001-bc71-22ddc862ed13', 'MARUTI BREZZA LXI 1.5L 5MT', 'Petrol', 'Manual', 36, 100000) ON CONFLICT DO NOTHING;
INSERT INTO plans (id, variant_id, plan_name, duration_months, max_kms) VALUES ('0860f485-19da-48ea-8b63-028a3bbbbb94', '403d6e62-cdf3-4819-b36b-b1565efb63ec', '12 Months / 20,000 Kms', 12, 20000) ON CONFLICT DO NOTHING;
INSERT INTO tiers (plan_id, min_days, max_days, price_inr, is_active) VALUES ('0860f485-19da-48ea-8b63-028a3bbbbb94', 0, 30, 12366.4, TRUE) ON CONFLICT DO NOTHING;
INSERT INTO tiers (plan_id, min_days, max_days, price_inr, is_active) VALUES ('0860f485-19da-48ea-8b63-028a3bbbbb94', 31, 365, 14230.8, TRUE) ON CONFLICT DO NOTHING;
INSERT INTO tiers (plan_id, min_days, max_days, price_inr, is_active) VALUES ('0860f485-19da-48ea-8b63-028a3bbbbb94', 366, 730, 16083.4, TRUE) ON CONFLICT DO NOTHING;
INSERT INTO tiers (plan_id, min_days, max_days, price_inr, is_active) VALUES ('0860f485-19da-48ea-8b63-028a3bbbbb94', 731, 1095, 17936.0, TRUE) ON CONFLICT DO NOTHING;
INSERT INTO plans (id, variant_id, plan_name, duration_months, max_kms) VALUES ('ae80233c-2ccb-447e-9228-cdac8f45b133', '403d6e62-cdf3-4819-b36b-b1565efb63ec', '24 Months / 40,000 Kms', 24, 40000) ON CONFLICT DO NOTHING;
INSERT INTO tiers (plan_id, min_days, max_days, price_inr, is_active) VALUES ('ae80233c-2ccb-447e-9228-cdac8f45b133', 0, 30, 14254.4, TRUE) ON CONFLICT DO NOTHING;
INSERT INTO tiers (plan_id, min_days, max_days, price_inr, is_active) VALUES ('ae80233c-2ccb-447e-9228-cdac8f45b133', 31, 365, 16402.0, TRUE) ON CONFLICT DO NOTHING;
INSERT INTO tiers (plan_id, min_days, max_days, price_inr, is_active) VALUES ('ae80233c-2ccb-447e-9228-cdac8f45b133', 366, 730, 18537.8, TRUE) ON CONFLICT DO NOTHING;
INSERT INTO tiers (plan_id, min_days, max_days, price_inr, is_active) VALUES ('ae80233c-2ccb-447e-9228-cdac8f45b133', 731, 1095, 20673.6, TRUE) ON CONFLICT DO NOTHING;
INSERT INTO plans (id, variant_id, plan_name, duration_months, max_kms) VALUES ('67e62d79-f3c3-4de7-a126-1f4a97f4441c', '403d6e62-cdf3-4819-b36b-b1565efb63ec', '36 Months / 60,000 Kms', 36, 60000) ON CONFLICT DO NOTHING;
INSERT INTO tiers (plan_id, min_days, max_days, price_inr, is_active) VALUES ('67e62d79-f3c3-4de7-a126-1f4a97f4441c', 0, 30, 16142.4, TRUE) ON CONFLICT DO NOTHING;
INSERT INTO tiers (plan_id, min_days, max_days, price_inr, is_active) VALUES ('67e62d79-f3c3-4de7-a126-1f4a97f4441c', 31, 365, 18573.2, TRUE) ON CONFLICT DO NOTHING;
INSERT INTO tiers (plan_id, min_days, max_days, price_inr, is_active) VALUES ('67e62d79-f3c3-4de7-a126-1f4a97f4441c', 366, 730, 20992.2, TRUE) ON CONFLICT DO NOTHING;
INSERT INTO tiers (plan_id, min_days, max_days, price_inr, is_active) VALUES ('67e62d79-f3c3-4de7-a126-1f4a97f4441c', 731, 1095, 23411.2, TRUE) ON CONFLICT DO NOTHING;
INSERT INTO variants (id, model_id, name, fuel, transmission, oem_warranty_months, oem_warranty_kms) VALUES ('744d8ba1-cb8e-42a6-be2e-44786a50c7cb', '2bad6232-3742-4001-bc71-22ddc862ed13', 'MARUTI BREZZA LXI CNG 1.5L 5MT', 'CNG', 'Manual', 36, 100000) ON CONFLICT DO NOTHING;
INSERT INTO plans (id, variant_id, plan_name, duration_months, max_kms) VALUES ('04fc7f52-e46d-44f5-bf36-abe3d14fb46a', '744d8ba1-cb8e-42a6-be2e-44786a50c7cb', '12 Months / 20,000 Kms', 12, 20000) ON CONFLICT DO NOTHING;
INSERT INTO tiers (plan_id, min_days, max_days, price_inr, is_active) VALUES ('04fc7f52-e46d-44f5-bf36-abe3d14fb46a', 0, 30, 14207.2, TRUE) ON CONFLICT DO NOTHING;
INSERT INTO tiers (plan_id, min_days, max_days, price_inr, is_active) VALUES ('04fc7f52-e46d-44f5-bf36-abe3d14fb46a', 31, 365, 16343.0, TRUE) ON CONFLICT DO NOTHING;
INSERT INTO tiers (plan_id, min_days, max_days, price_inr, is_active) VALUES ('04fc7f52-e46d-44f5-bf36-abe3d14fb46a', 366, 730, 18478.8, TRUE) ON CONFLICT DO NOTHING;
INSERT INTO tiers (plan_id, min_days, max_days, price_inr, is_active) VALUES ('04fc7f52-e46d-44f5-bf36-abe3d14fb46a', 731, 1095, 20602.8, TRUE) ON CONFLICT DO NOTHING;
INSERT INTO plans (id, variant_id, plan_name, duration_months, max_kms) VALUES ('bfd6b93f-5025-4e55-88e6-a6bc9dcdc8f3', '744d8ba1-cb8e-42a6-be2e-44786a50c7cb', '24 Months / 40,000 Kms', 24, 40000) ON CONFLICT DO NOTHING;
INSERT INTO tiers (plan_id, min_days, max_days, price_inr, is_active) VALUES ('bfd6b93f-5025-4e55-88e6-a6bc9dcdc8f3', 0, 30, 16095.2, TRUE) ON CONFLICT DO NOTHING;
INSERT INTO tiers (plan_id, min_days, max_days, price_inr, is_active) VALUES ('bfd6b93f-5025-4e55-88e6-a6bc9dcdc8f3', 31, 365, 18514.2, TRUE) ON CONFLICT DO NOTHING;
INSERT INTO tiers (plan_id, min_days, max_days, price_inr, is_active) VALUES ('bfd6b93f-5025-4e55-88e6-a6bc9dcdc8f3', 366, 730, 20933.2, TRUE) ON CONFLICT DO NOTHING;
INSERT INTO tiers (plan_id, min_days, max_days, price_inr, is_active) VALUES ('bfd6b93f-5025-4e55-88e6-a6bc9dcdc8f3', 731, 1095, 23340.4, TRUE) ON CONFLICT DO NOTHING;
INSERT INTO plans (id, variant_id, plan_name, duration_months, max_kms) VALUES ('71a656f8-fc45-437c-af0d-88ad4960775d', '744d8ba1-cb8e-42a6-be2e-44786a50c7cb', '36 Months / 60,000 Kms', 36, 60000) ON CONFLICT DO NOTHING;
INSERT INTO tiers (plan_id, min_days, max_days, price_inr, is_active) VALUES ('71a656f8-fc45-437c-af0d-88ad4960775d', 0, 30, 17983.2, TRUE) ON CONFLICT DO NOTHING;
INSERT INTO tiers (plan_id, min_days, max_days, price_inr, is_active) VALUES ('71a656f8-fc45-437c-af0d-88ad4960775d', 31, 365, 20685.4, TRUE) ON CONFLICT DO NOTHING;
INSERT INTO tiers (plan_id, min_days, max_days, price_inr, is_active) VALUES ('71a656f8-fc45-437c-af0d-88ad4960775d', 366, 730, 23387.6, TRUE) ON CONFLICT DO NOTHING;
INSERT INTO tiers (plan_id, min_days, max_days, price_inr, is_active) VALUES ('71a656f8-fc45-437c-af0d-88ad4960775d', 731, 1095, 26078.0, TRUE) ON CONFLICT DO NOTHING;
INSERT INTO variants (id, model_id, name, fuel, transmission, oem_warranty_months, oem_warranty_kms) VALUES ('a8fa846b-0b9b-41a5-a37b-6ff30580a5b7', '2bad6232-3742-4001-bc71-22ddc862ed13', 'MARUTI BREZZA SMART HYBRID LXI 1.5L 5MT', 'Hybrid', 'Manual', 36, 100000) ON CONFLICT DO NOTHING;
INSERT INTO plans (id, variant_id, plan_name, duration_months, max_kms) VALUES ('609dd97d-b1c9-4ca1-9621-586fd6729bd8', 'a8fa846b-0b9b-41a5-a37b-6ff30580a5b7', '12 Months / 20,000 Kms', 12, 20000) ON CONFLICT DO NOTHING;
INSERT INTO tiers (plan_id, min_days, max_days, price_inr, is_active) VALUES ('609dd97d-b1c9-4ca1-9621-586fd6729bd8', 0, 30, 12272.0, TRUE) ON CONFLICT DO NOTHING;
INSERT INTO tiers (plan_id, min_days, max_days, price_inr, is_active) VALUES ('609dd97d-b1c9-4ca1-9621-586fd6729bd8', 31, 365, 14112.8, TRUE) ON CONFLICT DO NOTHING;
INSERT INTO tiers (plan_id, min_days, max_days, price_inr, is_active) VALUES ('609dd97d-b1c9-4ca1-9621-586fd6729bd8', 366, 730, 15953.6, TRUE) ON CONFLICT DO NOTHING;
INSERT INTO tiers (plan_id, min_days, max_days, price_inr, is_active) VALUES ('609dd97d-b1c9-4ca1-9621-586fd6729bd8', 731, 1095, 17794.4, TRUE) ON CONFLICT DO NOTHING;
INSERT INTO plans (id, variant_id, plan_name, duration_months, max_kms) VALUES ('27461745-0672-4c41-80d3-b18651f88865', 'a8fa846b-0b9b-41a5-a37b-6ff30580a5b7', '24 Months / 40,000 Kms', 24, 40000) ON CONFLICT DO NOTHING;
INSERT INTO tiers (plan_id, min_days, max_days, price_inr, is_active) VALUES ('27461745-0672-4c41-80d3-b18651f88865', 0, 30, 14160.0, TRUE) ON CONFLICT DO NOTHING;
INSERT INTO tiers (plan_id, min_days, max_days, price_inr, is_active) VALUES ('27461745-0672-4c41-80d3-b18651f88865', 31, 365, 16284.0, TRUE) ON CONFLICT DO NOTHING;
INSERT INTO tiers (plan_id, min_days, max_days, price_inr, is_active) VALUES ('27461745-0672-4c41-80d3-b18651f88865', 366, 730, 18408.0, TRUE) ON CONFLICT DO NOTHING;
INSERT INTO tiers (plan_id, min_days, max_days, price_inr, is_active) VALUES ('27461745-0672-4c41-80d3-b18651f88865', 731, 1095, 20532.0, TRUE) ON CONFLICT DO NOTHING;
INSERT INTO plans (id, variant_id, plan_name, duration_months, max_kms) VALUES ('ce9600da-8d83-40e9-9749-d9f99508334b', 'a8fa846b-0b9b-41a5-a37b-6ff30580a5b7', '36 Months / 60,000 Kms', 36, 60000) ON CONFLICT DO NOTHING;
INSERT INTO tiers (plan_id, min_days, max_days, price_inr, is_active) VALUES ('ce9600da-8d83-40e9-9749-d9f99508334b', 0, 30, 16048.0, TRUE) ON CONFLICT DO NOTHING;
INSERT INTO tiers (plan_id, min_days, max_days, price_inr, is_active) VALUES ('ce9600da-8d83-40e9-9749-d9f99508334b', 31, 365, 18455.2, TRUE) ON CONFLICT DO NOTHING;
INSERT INTO tiers (plan_id, min_days, max_days, price_inr, is_active) VALUES ('ce9600da-8d83-40e9-9749-d9f99508334b', 366, 730, 20862.4, TRUE) ON CONFLICT DO NOTHING;
INSERT INTO tiers (plan_id, min_days, max_days, price_inr, is_active) VALUES ('ce9600da-8d83-40e9-9749-d9f99508334b', 731, 1095, 23269.6, TRUE) ON CONFLICT DO NOTHING;
INSERT INTO variants (id, model_id, name, fuel, transmission, oem_warranty_months, oem_warranty_kms) VALUES ('8231c09c-94aa-40e8-ab72-f554893dfdb9', '2bad6232-3742-4001-bc71-22ddc862ed13', 'MARUTI BREZZA SMART HYBRID VXI 1.5L 5MT', 'Hybrid', 'Manual', 36, 100000) ON CONFLICT DO NOTHING;
INSERT INTO plans (id, variant_id, plan_name, duration_months, max_kms) VALUES ('b1516082-7768-4dc0-ac53-a4385cfb5855', '8231c09c-94aa-40e8-ab72-f554893dfdb9', '12 Months / 20,000 Kms', 12, 20000) ON CONFLICT DO NOTHING;
INSERT INTO tiers (plan_id, min_days, max_days, price_inr, is_active) VALUES ('b1516082-7768-4dc0-ac53-a4385cfb5855', 0, 30, 14891.6, TRUE) ON CONFLICT DO NOTHING;
INSERT INTO tiers (plan_id, min_days, max_days, price_inr, is_active) VALUES ('b1516082-7768-4dc0-ac53-a4385cfb5855', 31, 365, 17133.6, TRUE) ON CONFLICT DO NOTHING;
INSERT INTO tiers (plan_id, min_days, max_days, price_inr, is_active) VALUES ('b1516082-7768-4dc0-ac53-a4385cfb5855', 366, 730, 19363.8, TRUE) ON CONFLICT DO NOTHING;
INSERT INTO tiers (plan_id, min_days, max_days, price_inr, is_active) VALUES ('b1516082-7768-4dc0-ac53-a4385cfb5855', 731, 1095, 21594.0, TRUE) ON CONFLICT DO NOTHING;
INSERT INTO plans (id, variant_id, plan_name, duration_months, max_kms) VALUES ('0675d69d-a024-4340-96d7-2434a86177a6', '8231c09c-94aa-40e8-ab72-f554893dfdb9', '24 Months / 40,000 Kms', 24, 40000) ON CONFLICT DO NOTHING;
INSERT INTO tiers (plan_id, min_days, max_days, price_inr, is_active) VALUES ('0675d69d-a024-4340-96d7-2434a86177a6', 0, 30, 16779.6, TRUE) ON CONFLICT DO NOTHING;
INSERT INTO tiers (plan_id, min_days, max_days, price_inr, is_active) VALUES ('0675d69d-a024-4340-96d7-2434a86177a6', 31, 365, 19304.8, TRUE) ON CONFLICT DO NOTHING;
INSERT INTO tiers (plan_id, min_days, max_days, price_inr, is_active) VALUES ('0675d69d-a024-4340-96d7-2434a86177a6', 366, 730, 21818.2, TRUE) ON CONFLICT DO NOTHING;
INSERT INTO tiers (plan_id, min_days, max_days, price_inr, is_active) VALUES ('0675d69d-a024-4340-96d7-2434a86177a6', 731, 1095, 24331.6, TRUE) ON CONFLICT DO NOTHING;
INSERT INTO plans (id, variant_id, plan_name, duration_months, max_kms) VALUES ('c0f73d0d-de01-4b29-bca0-17f0dc1df6a5', '8231c09c-94aa-40e8-ab72-f554893dfdb9', '36 Months / 60,000 Kms', 36, 60000) ON CONFLICT DO NOTHING;
INSERT INTO tiers (plan_id, min_days, max_days, price_inr, is_active) VALUES ('c0f73d0d-de01-4b29-bca0-17f0dc1df6a5', 0, 30, 18667.6, TRUE) ON CONFLICT DO NOTHING;
INSERT INTO tiers (plan_id, min_days, max_days, price_inr, is_active) VALUES ('c0f73d0d-de01-4b29-bca0-17f0dc1df6a5', 31, 365, 21476.0, TRUE) ON CONFLICT DO NOTHING;
INSERT INTO tiers (plan_id, min_days, max_days, price_inr, is_active) VALUES ('c0f73d0d-de01-4b29-bca0-17f0dc1df6a5', 366, 730, 24272.6, TRUE) ON CONFLICT DO NOTHING;
INSERT INTO tiers (plan_id, min_days, max_days, price_inr, is_active) VALUES ('c0f73d0d-de01-4b29-bca0-17f0dc1df6a5', 731, 1095, 27069.2, TRUE) ON CONFLICT DO NOTHING;
INSERT INTO variants (id, model_id, name, fuel, transmission, oem_warranty_months, oem_warranty_kms) VALUES ('aab82227-a225-45eb-89cd-48112eebcbd2', '2bad6232-3742-4001-bc71-22ddc862ed13', 'MARUTI BREZZA SMART HYBRID VXI 1.5L 6AT', 'Hybrid', 'Automatic', 36, 100000) ON CONFLICT DO NOTHING;
INSERT INTO plans (id, variant_id, plan_name, duration_months, max_kms) VALUES ('4c1abb10-4b4c-4319-b60d-a06ed412bb98', 'aab82227-a225-45eb-89cd-48112eebcbd2', '12 Months / 20,000 Kms', 12, 20000) ON CONFLICT DO NOTHING;
INSERT INTO tiers (plan_id, min_days, max_days, price_inr, is_active) VALUES ('4c1abb10-4b4c-4319-b60d-a06ed412bb98', 0, 30, 17794.4, TRUE) ON CONFLICT DO NOTHING;
INSERT INTO tiers (plan_id, min_days, max_days, price_inr, is_active) VALUES ('4c1abb10-4b4c-4319-b60d-a06ed412bb98', 31, 365, 20473.0, TRUE) ON CONFLICT DO NOTHING;
INSERT INTO tiers (plan_id, min_days, max_days, price_inr, is_active) VALUES ('4c1abb10-4b4c-4319-b60d-a06ed412bb98', 366, 730, 23139.8, TRUE) ON CONFLICT DO NOTHING;
INSERT INTO tiers (plan_id, min_days, max_days, price_inr, is_active) VALUES ('4c1abb10-4b4c-4319-b60d-a06ed412bb98', 731, 1095, 25806.6, TRUE) ON CONFLICT DO NOTHING;
INSERT INTO plans (id, variant_id, plan_name, duration_months, max_kms) VALUES ('a2858572-0eb3-4c73-adea-daffa09da848', 'aab82227-a225-45eb-89cd-48112eebcbd2', '24 Months / 40,000 Kms', 24, 40000) ON CONFLICT DO NOTHING;
INSERT INTO tiers (plan_id, min_days, max_days, price_inr, is_active) VALUES ('a2858572-0eb3-4c73-adea-daffa09da848', 0, 30, 19682.4, TRUE) ON CONFLICT DO NOTHING;
INSERT INTO tiers (plan_id, min_days, max_days, price_inr, is_active) VALUES ('a2858572-0eb3-4c73-adea-daffa09da848', 31, 365, 22644.2, TRUE) ON CONFLICT DO NOTHING;
INSERT INTO tiers (plan_id, min_days, max_days, price_inr, is_active) VALUES ('a2858572-0eb3-4c73-adea-daffa09da848', 366, 730, 25594.2, TRUE) ON CONFLICT DO NOTHING;
INSERT INTO tiers (plan_id, min_days, max_days, price_inr, is_active) VALUES ('a2858572-0eb3-4c73-adea-daffa09da848', 731, 1095, 28544.2, TRUE) ON CONFLICT DO NOTHING;
INSERT INTO plans (id, variant_id, plan_name, duration_months, max_kms) VALUES ('242be394-ca15-4610-9a8e-5da9b5eab4a0', 'aab82227-a225-45eb-89cd-48112eebcbd2', '36 Months / 60,000 Kms', 36, 60000) ON CONFLICT DO NOTHING;
INSERT INTO tiers (plan_id, min_days, max_days, price_inr, is_active) VALUES ('242be394-ca15-4610-9a8e-5da9b5eab4a0', 0, 30, 21570.4, TRUE) ON CONFLICT DO NOTHING;
INSERT INTO tiers (plan_id, min_days, max_days, price_inr, is_active) VALUES ('242be394-ca15-4610-9a8e-5da9b5eab4a0', 31, 365, 24815.4, TRUE) ON CONFLICT DO NOTHING;
INSERT INTO tiers (plan_id, min_days, max_days, price_inr, is_active) VALUES ('242be394-ca15-4610-9a8e-5da9b5eab4a0', 366, 730, 28048.6, TRUE) ON CONFLICT DO NOTHING;
INSERT INTO tiers (plan_id, min_days, max_days, price_inr, is_active) VALUES ('242be394-ca15-4610-9a8e-5da9b5eab4a0', 731, 1095, 31281.8, TRUE) ON CONFLICT DO NOTHING;
INSERT INTO variants (id, model_id, name, fuel, transmission, oem_warranty_months, oem_warranty_kms) VALUES ('47cc389e-f5f7-4f39-bd0a-5333e3e33cfc', '2bad6232-3742-4001-bc71-22ddc862ed13', 'MARUTI BREZZA SMART HYBRID ZXI (O) 1.5L 5MT', 'Hybrid', 'Manual', 36, 100000) ON CONFLICT DO NOTHING;
INSERT INTO plans (id, variant_id, plan_name, duration_months, max_kms) VALUES ('e6bb1219-cfcf-4b4b-b10a-b3cd41e69589', '47cc389e-f5f7-4f39-bd0a-5333e3e33cfc', '12 Months / 20,000 Kms', 12, 20000) ON CONFLICT DO NOTHING;
INSERT INTO tiers (plan_id, min_days, max_days, price_inr, is_active) VALUES ('e6bb1219-cfcf-4b4b-b10a-b3cd41e69589', 0, 30, 18113.0, TRUE) ON CONFLICT DO NOTHING;
INSERT INTO tiers (plan_id, min_days, max_days, price_inr, is_active) VALUES ('e6bb1219-cfcf-4b4b-b10a-b3cd41e69589', 31, 365, 20838.8, TRUE) ON CONFLICT DO NOTHING;
INSERT INTO tiers (plan_id, min_days, max_days, price_inr, is_active) VALUES ('e6bb1219-cfcf-4b4b-b10a-b3cd41e69589', 366, 730, 23552.8, TRUE) ON CONFLICT DO NOTHING;
INSERT INTO tiers (plan_id, min_days, max_days, price_inr, is_active) VALUES ('e6bb1219-cfcf-4b4b-b10a-b3cd41e69589', 731, 1095, 26266.8, TRUE) ON CONFLICT DO NOTHING;
INSERT INTO plans (id, variant_id, plan_name, duration_months, max_kms) VALUES ('c25e6dce-a5ba-49a1-85ac-4e151b1c95af', '47cc389e-f5f7-4f39-bd0a-5333e3e33cfc', '24 Months / 40,000 Kms', 24, 40000) ON CONFLICT DO NOTHING;
INSERT INTO tiers (plan_id, min_days, max_days, price_inr, is_active) VALUES ('c25e6dce-a5ba-49a1-85ac-4e151b1c95af', 0, 30, 20001.0, TRUE) ON CONFLICT DO NOTHING;
INSERT INTO tiers (plan_id, min_days, max_days, price_inr, is_active) VALUES ('c25e6dce-a5ba-49a1-85ac-4e151b1c95af', 31, 365, 23010.0, TRUE) ON CONFLICT DO NOTHING;
INSERT INTO tiers (plan_id, min_days, max_days, price_inr, is_active) VALUES ('c25e6dce-a5ba-49a1-85ac-4e151b1c95af', 366, 730, 26007.2, TRUE) ON CONFLICT DO NOTHING;
INSERT INTO tiers (plan_id, min_days, max_days, price_inr, is_active) VALUES ('c25e6dce-a5ba-49a1-85ac-4e151b1c95af', 731, 1095, 29004.4, TRUE) ON CONFLICT DO NOTHING;
INSERT INTO plans (id, variant_id, plan_name, duration_months, max_kms) VALUES ('2dc3444d-b99d-46b4-8ff5-83d3ea792993', '47cc389e-f5f7-4f39-bd0a-5333e3e33cfc', '36 Months / 60,000 Kms', 36, 60000) ON CONFLICT DO NOTHING;
INSERT INTO tiers (plan_id, min_days, max_days, price_inr, is_active) VALUES ('2dc3444d-b99d-46b4-8ff5-83d3ea792993', 0, 30, 21889.0, TRUE) ON CONFLICT DO NOTHING;
INSERT INTO tiers (plan_id, min_days, max_days, price_inr, is_active) VALUES ('2dc3444d-b99d-46b4-8ff5-83d3ea792993', 31, 365, 25181.2, TRUE) ON CONFLICT DO NOTHING;
INSERT INTO tiers (plan_id, min_days, max_days, price_inr, is_active) VALUES ('2dc3444d-b99d-46b4-8ff5-83d3ea792993', 366, 730, 28461.6, TRUE) ON CONFLICT DO NOTHING;
INSERT INTO tiers (plan_id, min_days, max_days, price_inr, is_active) VALUES ('2dc3444d-b99d-46b4-8ff5-83d3ea792993', 731, 1095, 31742.0, TRUE) ON CONFLICT DO NOTHING;
INSERT INTO variants (id, model_id, name, fuel, transmission, oem_warranty_months, oem_warranty_kms) VALUES ('c1b7343f-da94-495b-80d3-b6e3a83f932e', '2bad6232-3742-4001-bc71-22ddc862ed13', 'MARUTI BREZZA SMART HYBRID ZXI 1.5L 5MT', 'Hybrid', 'Manual', 36, 100000) ON CONFLICT DO NOTHING;
INSERT INTO plans (id, variant_id, plan_name, duration_months, max_kms) VALUES ('45bd637a-c62b-4217-9087-06f4533c77e1', 'c1b7343f-da94-495b-80d3-b6e3a83f932e', '12 Months / 20,000 Kms', 12, 20000) ON CONFLICT DO NOTHING;
INSERT INTO tiers (plan_id, min_days, max_days, price_inr, is_active) VALUES ('45bd637a-c62b-4217-9087-06f4533c77e1', 0, 30, 18113.0, TRUE) ON CONFLICT DO NOTHING;
INSERT INTO tiers (plan_id, min_days, max_days, price_inr, is_active) VALUES ('45bd637a-c62b-4217-9087-06f4533c77e1', 31, 365, 20838.8, TRUE) ON CONFLICT DO NOTHING;
INSERT INTO tiers (plan_id, min_days, max_days, price_inr, is_active) VALUES ('45bd637a-c62b-4217-9087-06f4533c77e1', 366, 730, 23552.8, TRUE) ON CONFLICT DO NOTHING;
INSERT INTO tiers (plan_id, min_days, max_days, price_inr, is_active) VALUES ('45bd637a-c62b-4217-9087-06f4533c77e1', 731, 1095, 26266.8, TRUE) ON CONFLICT DO NOTHING;
INSERT INTO plans (id, variant_id, plan_name, duration_months, max_kms) VALUES ('df094ade-d570-409f-bfb4-7327ce73e6c2', 'c1b7343f-da94-495b-80d3-b6e3a83f932e', '24 Months / 40,000 Kms', 24, 40000) ON CONFLICT DO NOTHING;
INSERT INTO tiers (plan_id, min_days, max_days, price_inr, is_active) VALUES ('df094ade-d570-409f-bfb4-7327ce73e6c2', 0, 30, 20001.0, TRUE) ON CONFLICT DO NOTHING;
INSERT INTO tiers (plan_id, min_days, max_days, price_inr, is_active) VALUES ('df094ade-d570-409f-bfb4-7327ce73e6c2', 31, 365, 23010.0, TRUE) ON CONFLICT DO NOTHING;
INSERT INTO tiers (plan_id, min_days, max_days, price_inr, is_active) VALUES ('df094ade-d570-409f-bfb4-7327ce73e6c2', 366, 730, 26007.2, TRUE) ON CONFLICT DO NOTHING;
INSERT INTO tiers (plan_id, min_days, max_days, price_inr, is_active) VALUES ('df094ade-d570-409f-bfb4-7327ce73e6c2', 731, 1095, 29004.4, TRUE) ON CONFLICT DO NOTHING;
INSERT INTO plans (id, variant_id, plan_name, duration_months, max_kms) VALUES ('ecd8a423-3250-434e-9116-ee9991a1d44b', 'c1b7343f-da94-495b-80d3-b6e3a83f932e', '36 Months / 60,000 Kms', 36, 60000) ON CONFLICT DO NOTHING;
INSERT INTO tiers (plan_id, min_days, max_days, price_inr, is_active) VALUES ('ecd8a423-3250-434e-9116-ee9991a1d44b', 0, 30, 21889.0, TRUE) ON CONFLICT DO NOTHING;
INSERT INTO tiers (plan_id, min_days, max_days, price_inr, is_active) VALUES ('ecd8a423-3250-434e-9116-ee9991a1d44b', 31, 365, 25181.2, TRUE) ON CONFLICT DO NOTHING;
INSERT INTO tiers (plan_id, min_days, max_days, price_inr, is_active) VALUES ('ecd8a423-3250-434e-9116-ee9991a1d44b', 366, 730, 28461.6, TRUE) ON CONFLICT DO NOTHING;
INSERT INTO tiers (plan_id, min_days, max_days, price_inr, is_active) VALUES ('ecd8a423-3250-434e-9116-ee9991a1d44b', 731, 1095, 31742.0, TRUE) ON CONFLICT DO NOTHING;
INSERT INTO variants (id, model_id, name, fuel, transmission, oem_warranty_months, oem_warranty_kms) VALUES ('ae4068e0-4cfd-462d-a7b4-2d82b518ee36', '2bad6232-3742-4001-bc71-22ddc862ed13', 'MARUTI BREZZA SMART HYBRID ZXI 1.5L 6AT', 'Hybrid', 'Automatic', 36, 100000) ON CONFLICT DO NOTHING;
INSERT INTO plans (id, variant_id, plan_name, duration_months, max_kms) VALUES ('240c0a9c-edde-4782-81b2-8c23049ebe41', 'ae4068e0-4cfd-462d-a7b4-2d82b518ee36', '12 Months / 20,000 Kms', 12, 20000) ON CONFLICT DO NOTHING;
INSERT INTO tiers (plan_id, min_days, max_days, price_inr, is_active) VALUES ('240c0a9c-edde-4782-81b2-8c23049ebe41', 0, 30, 20815.2, TRUE) ON CONFLICT DO NOTHING;
INSERT INTO tiers (plan_id, min_days, max_days, price_inr, is_active) VALUES ('240c0a9c-edde-4782-81b2-8c23049ebe41', 31, 365, 23942.2, TRUE) ON CONFLICT DO NOTHING;
INSERT INTO tiers (plan_id, min_days, max_days, price_inr, is_active) VALUES ('240c0a9c-edde-4782-81b2-8c23049ebe41', 366, 730, 27069.2, TRUE) ON CONFLICT DO NOTHING;
INSERT INTO tiers (plan_id, min_days, max_days, price_inr, is_active) VALUES ('240c0a9c-edde-4782-81b2-8c23049ebe41', 731, 1095, 30184.4, TRUE) ON CONFLICT DO NOTHING;
INSERT INTO plans (id, variant_id, plan_name, duration_months, max_kms) VALUES ('01b09f31-f5e2-4bf8-9e04-1c28d7f80fa1', 'ae4068e0-4cfd-462d-a7b4-2d82b518ee36', '24 Months / 40,000 Kms', 24, 40000) ON CONFLICT DO NOTHING;
INSERT INTO tiers (plan_id, min_days, max_days, price_inr, is_active) VALUES ('01b09f31-f5e2-4bf8-9e04-1c28d7f80fa1', 0, 30, 22703.2, TRUE) ON CONFLICT DO NOTHING;
INSERT INTO tiers (plan_id, min_days, max_days, price_inr, is_active) VALUES ('01b09f31-f5e2-4bf8-9e04-1c28d7f80fa1', 31, 365, 26113.4, TRUE) ON CONFLICT DO NOTHING;
INSERT INTO tiers (plan_id, min_days, max_days, price_inr, is_active) VALUES ('01b09f31-f5e2-4bf8-9e04-1c28d7f80fa1', 366, 730, 29523.6, TRUE) ON CONFLICT DO NOTHING;
INSERT INTO tiers (plan_id, min_days, max_days, price_inr, is_active) VALUES ('01b09f31-f5e2-4bf8-9e04-1c28d7f80fa1', 731, 1095, 32922.0, TRUE) ON CONFLICT DO NOTHING;
INSERT INTO plans (id, variant_id, plan_name, duration_months, max_kms) VALUES ('2555ae48-0227-4a0b-9036-a500f73b705e', 'ae4068e0-4cfd-462d-a7b4-2d82b518ee36', '36 Months / 60,000 Kms', 36, 60000) ON CONFLICT DO NOTHING;
INSERT INTO tiers (plan_id, min_days, max_days, price_inr, is_active) VALUES ('2555ae48-0227-4a0b-9036-a500f73b705e', 0, 30, 24591.2, TRUE) ON CONFLICT DO NOTHING;
INSERT INTO tiers (plan_id, min_days, max_days, price_inr, is_active) VALUES ('2555ae48-0227-4a0b-9036-a500f73b705e', 31, 365, 28284.6, TRUE) ON CONFLICT DO NOTHING;
INSERT INTO tiers (plan_id, min_days, max_days, price_inr, is_active) VALUES ('2555ae48-0227-4a0b-9036-a500f73b705e', 366, 730, 31978.0, TRUE) ON CONFLICT DO NOTHING;
INSERT INTO tiers (plan_id, min_days, max_days, price_inr, is_active) VALUES ('2555ae48-0227-4a0b-9036-a500f73b705e', 731, 1095, 35659.6, TRUE) ON CONFLICT DO NOTHING;
INSERT INTO variants (id, model_id, name, fuel, transmission, oem_warranty_months, oem_warranty_kms) VALUES ('a31428fe-0a99-49a5-939f-e88e64eb5556', '2bad6232-3742-4001-bc71-22ddc862ed13', 'MARUTI BREZZA SMART HYBRID ZXI+ 1.5L 5MT', 'Hybrid', 'Manual', 36, 100000) ON CONFLICT DO NOTHING;
INSERT INTO plans (id, variant_id, plan_name, duration_months, max_kms) VALUES ('2c9aa6c6-7b91-4e7f-a846-3518925337e8', 'a31428fe-0a99-49a5-939f-e88e64eb5556', '12 Months / 20,000 Kms', 12, 20000) ON CONFLICT DO NOTHING;
INSERT INTO tiers (plan_id, min_days, max_days, price_inr, is_active) VALUES ('2c9aa6c6-7b91-4e7f-a846-3518925337e8', 0, 30, 20886.0, TRUE) ON CONFLICT DO NOTHING;
INSERT INTO tiers (plan_id, min_days, max_days, price_inr, is_active) VALUES ('2c9aa6c6-7b91-4e7f-a846-3518925337e8', 31, 365, 24024.8, TRUE) ON CONFLICT DO NOTHING;
INSERT INTO tiers (plan_id, min_days, max_days, price_inr, is_active) VALUES ('2c9aa6c6-7b91-4e7f-a846-3518925337e8', 366, 730, 27151.8, TRUE) ON CONFLICT DO NOTHING;
INSERT INTO tiers (plan_id, min_days, max_days, price_inr, is_active) VALUES ('2c9aa6c6-7b91-4e7f-a846-3518925337e8', 731, 1095, 30290.6, TRUE) ON CONFLICT DO NOTHING;
INSERT INTO plans (id, variant_id, plan_name, duration_months, max_kms) VALUES ('3aa9cddb-f088-4a20-ad0d-59a3ba413bf3', 'a31428fe-0a99-49a5-939f-e88e64eb5556', '24 Months / 40,000 Kms', 24, 40000) ON CONFLICT DO NOTHING;
INSERT INTO tiers (plan_id, min_days, max_days, price_inr, is_active) VALUES ('3aa9cddb-f088-4a20-ad0d-59a3ba413bf3', 0, 30, 22774.0, TRUE) ON CONFLICT DO NOTHING;
INSERT INTO tiers (plan_id, min_days, max_days, price_inr, is_active) VALUES ('3aa9cddb-f088-4a20-ad0d-59a3ba413bf3', 31, 365, 26196.0, TRUE) ON CONFLICT DO NOTHING;
INSERT INTO tiers (plan_id, min_days, max_days, price_inr, is_active) VALUES ('3aa9cddb-f088-4a20-ad0d-59a3ba413bf3', 366, 730, 29606.2, TRUE) ON CONFLICT DO NOTHING;
INSERT INTO tiers (plan_id, min_days, max_days, price_inr, is_active) VALUES ('3aa9cddb-f088-4a20-ad0d-59a3ba413bf3', 731, 1095, 33028.2, TRUE) ON CONFLICT DO NOTHING;
INSERT INTO plans (id, variant_id, plan_name, duration_months, max_kms) VALUES ('9fb01597-2bd7-400d-a973-9eb82ddb8ab7', 'a31428fe-0a99-49a5-939f-e88e64eb5556', '36 Months / 60,000 Kms', 36, 60000) ON CONFLICT DO NOTHING;
INSERT INTO tiers (plan_id, min_days, max_days, price_inr, is_active) VALUES ('9fb01597-2bd7-400d-a973-9eb82ddb8ab7', 0, 30, 24662.0, TRUE) ON CONFLICT DO NOTHING;
INSERT INTO tiers (plan_id, min_days, max_days, price_inr, is_active) VALUES ('9fb01597-2bd7-400d-a973-9eb82ddb8ab7', 31, 365, 28367.2, TRUE) ON CONFLICT DO NOTHING;
INSERT INTO tiers (plan_id, min_days, max_days, price_inr, is_active) VALUES ('9fb01597-2bd7-400d-a973-9eb82ddb8ab7', 366, 730, 32060.6, TRUE) ON CONFLICT DO NOTHING;
INSERT INTO tiers (plan_id, min_days, max_days, price_inr, is_active) VALUES ('9fb01597-2bd7-400d-a973-9eb82ddb8ab7', 731, 1095, 35765.8, TRUE) ON CONFLICT DO NOTHING;
INSERT INTO variants (id, model_id, name, fuel, transmission, oem_warranty_months, oem_warranty_kms) VALUES ('8afe6a54-8fa5-46a6-8683-180b7b0afd8a', '2bad6232-3742-4001-bc71-22ddc862ed13', 'MARUTI BREZZA SMART HYBRID ZXI+ 1.5L 6AT', 'Hybrid', 'Automatic', 36, 100000) ON CONFLICT DO NOTHING;
INSERT INTO plans (id, variant_id, plan_name, duration_months, max_kms) VALUES ('1eff8ab2-b289-410d-8462-da290732c01d', '8afe6a54-8fa5-46a6-8683-180b7b0afd8a', '12 Months / 20,000 Kms', 12, 20000) ON CONFLICT DO NOTHING;
INSERT INTO tiers (plan_id, min_days, max_days, price_inr, is_active) VALUES ('1eff8ab2-b289-410d-8462-da290732c01d', 0, 30, 23588.2, TRUE) ON CONFLICT DO NOTHING;
INSERT INTO tiers (plan_id, min_days, max_days, price_inr, is_active) VALUES ('1eff8ab2-b289-410d-8462-da290732c01d', 31, 365, 27128.2, TRUE) ON CONFLICT DO NOTHING;
INSERT INTO tiers (plan_id, min_days, max_days, price_inr, is_active) VALUES ('1eff8ab2-b289-410d-8462-da290732c01d', 366, 730, 30668.2, TRUE) ON CONFLICT DO NOTHING;
INSERT INTO tiers (plan_id, min_days, max_days, price_inr, is_active) VALUES ('1eff8ab2-b289-410d-8462-da290732c01d', 731, 1095, 34208.2, TRUE) ON CONFLICT DO NOTHING;
INSERT INTO plans (id, variant_id, plan_name, duration_months, max_kms) VALUES ('83a2d99d-da16-43b8-a1a6-39d39403acea', '8afe6a54-8fa5-46a6-8683-180b7b0afd8a', '24 Months / 40,000 Kms', 24, 40000) ON CONFLICT DO NOTHING;
INSERT INTO tiers (plan_id, min_days, max_days, price_inr, is_active) VALUES ('83a2d99d-da16-43b8-a1a6-39d39403acea', 0, 30, 25476.2, TRUE) ON CONFLICT DO NOTHING;
INSERT INTO tiers (plan_id, min_days, max_days, price_inr, is_active) VALUES ('83a2d99d-da16-43b8-a1a6-39d39403acea', 31, 365, 29299.4, TRUE) ON CONFLICT DO NOTHING;
INSERT INTO tiers (plan_id, min_days, max_days, price_inr, is_active) VALUES ('83a2d99d-da16-43b8-a1a6-39d39403acea', 366, 730, 33122.6, TRUE) ON CONFLICT DO NOTHING;
INSERT INTO tiers (plan_id, min_days, max_days, price_inr, is_active) VALUES ('83a2d99d-da16-43b8-a1a6-39d39403acea', 731, 1095, 36945.8, TRUE) ON CONFLICT DO NOTHING;
INSERT INTO plans (id, variant_id, plan_name, duration_months, max_kms) VALUES ('e3c804df-1b12-4b57-92bd-1d80c91f837a', '8afe6a54-8fa5-46a6-8683-180b7b0afd8a', '36 Months / 60,000 Kms', 36, 60000) ON CONFLICT DO NOTHING;
INSERT INTO tiers (plan_id, min_days, max_days, price_inr, is_active) VALUES ('e3c804df-1b12-4b57-92bd-1d80c91f837a', 0, 30, 27364.2, TRUE) ON CONFLICT DO NOTHING;
INSERT INTO tiers (plan_id, min_days, max_days, price_inr, is_active) VALUES ('e3c804df-1b12-4b57-92bd-1d80c91f837a', 31, 365, 31470.6, TRUE) ON CONFLICT DO NOTHING;
INSERT INTO tiers (plan_id, min_days, max_days, price_inr, is_active) VALUES ('e3c804df-1b12-4b57-92bd-1d80c91f837a', 366, 730, 35577.0, TRUE) ON CONFLICT DO NOTHING;
INSERT INTO tiers (plan_id, min_days, max_days, price_inr, is_active) VALUES ('e3c804df-1b12-4b57-92bd-1d80c91f837a', 731, 1095, 39683.4, TRUE) ON CONFLICT DO NOTHING;
INSERT INTO variants (id, model_id, name, fuel, transmission, oem_warranty_months, oem_warranty_kms) VALUES ('7597ce76-7ca7-4ead-958f-d89c373b19b9', '2bad6232-3742-4001-bc71-22ddc862ed13', 'MARUTI BREZZA VXI (O) CNG 1.5L 5MT', 'CNG', 'Manual', 36, 100000) ON CONFLICT DO NOTHING;
INSERT INTO plans (id, variant_id, plan_name, duration_months, max_kms) VALUES ('42bb183a-f050-4386-a22a-9967f6c23978', '7597ce76-7ca7-4ead-958f-d89c373b19b9', '12 Months / 20,000 Kms', 12, 20000) ON CONFLICT DO NOTHING;
INSERT INTO tiers (plan_id, min_days, max_days, price_inr, is_active) VALUES ('42bb183a-f050-4386-a22a-9967f6c23978', 0, 30, 16732.4, TRUE) ON CONFLICT DO NOTHING;
INSERT INTO tiers (plan_id, min_days, max_days, price_inr, is_active) VALUES ('42bb183a-f050-4386-a22a-9967f6c23978', 31, 365, 19245.8, TRUE) ON CONFLICT DO NOTHING;
INSERT INTO tiers (plan_id, min_days, max_days, price_inr, is_active) VALUES ('42bb183a-f050-4386-a22a-9967f6c23978', 366, 730, 21759.2, TRUE) ON CONFLICT DO NOTHING;
INSERT INTO tiers (plan_id, min_days, max_days, price_inr, is_active) VALUES ('42bb183a-f050-4386-a22a-9967f6c23978', 731, 1095, 24272.6, TRUE) ON CONFLICT DO NOTHING;
INSERT INTO plans (id, variant_id, plan_name, duration_months, max_kms) VALUES ('e8cd0b1e-fe43-4592-a1cb-fae247fd1e58', '7597ce76-7ca7-4ead-958f-d89c373b19b9', '24 Months / 40,000 Kms', 24, 40000) ON CONFLICT DO NOTHING;
INSERT INTO tiers (plan_id, min_days, max_days, price_inr, is_active) VALUES ('e8cd0b1e-fe43-4592-a1cb-fae247fd1e58', 0, 30, 18620.4, TRUE) ON CONFLICT DO NOTHING;
INSERT INTO tiers (plan_id, min_days, max_days, price_inr, is_active) VALUES ('e8cd0b1e-fe43-4592-a1cb-fae247fd1e58', 31, 365, 21417.0, TRUE) ON CONFLICT DO NOTHING;
INSERT INTO tiers (plan_id, min_days, max_days, price_inr, is_active) VALUES ('e8cd0b1e-fe43-4592-a1cb-fae247fd1e58', 366, 730, 24213.6, TRUE) ON CONFLICT DO NOTHING;
INSERT INTO tiers (plan_id, min_days, max_days, price_inr, is_active) VALUES ('e8cd0b1e-fe43-4592-a1cb-fae247fd1e58', 731, 1095, 27010.2, TRUE) ON CONFLICT DO NOTHING;
INSERT INTO plans (id, variant_id, plan_name, duration_months, max_kms) VALUES ('a40f3c92-2d4e-4539-82e9-bfdc419a590c', '7597ce76-7ca7-4ead-958f-d89c373b19b9', '36 Months / 60,000 Kms', 36, 60000) ON CONFLICT DO NOTHING;
INSERT INTO tiers (plan_id, min_days, max_days, price_inr, is_active) VALUES ('a40f3c92-2d4e-4539-82e9-bfdc419a590c', 0, 30, 20508.4, TRUE) ON CONFLICT DO NOTHING;
INSERT INTO tiers (plan_id, min_days, max_days, price_inr, is_active) VALUES ('a40f3c92-2d4e-4539-82e9-bfdc419a590c', 31, 365, 23588.2, TRUE) ON CONFLICT DO NOTHING;
INSERT INTO tiers (plan_id, min_days, max_days, price_inr, is_active) VALUES ('a40f3c92-2d4e-4539-82e9-bfdc419a590c', 366, 730, 26668.0, TRUE) ON CONFLICT DO NOTHING;
INSERT INTO tiers (plan_id, min_days, max_days, price_inr, is_active) VALUES ('a40f3c92-2d4e-4539-82e9-bfdc419a590c', 731, 1095, 29747.8, TRUE) ON CONFLICT DO NOTHING;
INSERT INTO variants (id, model_id, name, fuel, transmission, oem_warranty_months, oem_warranty_kms) VALUES ('a73c979d-52ea-47ee-b624-0f3fb655a379', '2bad6232-3742-4001-bc71-22ddc862ed13', 'MARUTI BREZZA VXI 1.5L 5MT', 'Petrol', 'Manual', 36, 100000) ON CONFLICT DO NOTHING;
INSERT INTO plans (id, variant_id, plan_name, duration_months, max_kms) VALUES ('0260712c-8a4e-4f21-a71f-669d9bdff831', 'a73c979d-52ea-47ee-b624-0f3fb655a379', '12 Months / 20,000 Kms', 12, 20000) ON CONFLICT DO NOTHING;
INSERT INTO tiers (plan_id, min_days, max_days, price_inr, is_active) VALUES ('0260712c-8a4e-4f21-a71f-669d9bdff831', 0, 30, 14986.0, TRUE) ON CONFLICT DO NOTHING;
INSERT INTO tiers (plan_id, min_days, max_days, price_inr, is_active) VALUES ('0260712c-8a4e-4f21-a71f-669d9bdff831', 31, 365, 17239.8, TRUE) ON CONFLICT DO NOTHING;
INSERT INTO tiers (plan_id, min_days, max_days, price_inr, is_active) VALUES ('0260712c-8a4e-4f21-a71f-669d9bdff831', 366, 730, 19481.8, TRUE) ON CONFLICT DO NOTHING;
INSERT INTO tiers (plan_id, min_days, max_days, price_inr, is_active) VALUES ('0260712c-8a4e-4f21-a71f-669d9bdff831', 731, 1095, 21735.6, TRUE) ON CONFLICT DO NOTHING;
INSERT INTO plans (id, variant_id, plan_name, duration_months, max_kms) VALUES ('e94c875c-ae46-4d8b-87dd-772bf2dd2923', 'a73c979d-52ea-47ee-b624-0f3fb655a379', '24 Months / 40,000 Kms', 24, 40000) ON CONFLICT DO NOTHING;
INSERT INTO tiers (plan_id, min_days, max_days, price_inr, is_active) VALUES ('e94c875c-ae46-4d8b-87dd-772bf2dd2923', 0, 30, 16874.0, TRUE) ON CONFLICT DO NOTHING;
INSERT INTO tiers (plan_id, min_days, max_days, price_inr, is_active) VALUES ('e94c875c-ae46-4d8b-87dd-772bf2dd2923', 31, 365, 19411.0, TRUE) ON CONFLICT DO NOTHING;
INSERT INTO tiers (plan_id, min_days, max_days, price_inr, is_active) VALUES ('e94c875c-ae46-4d8b-87dd-772bf2dd2923', 366, 730, 21936.2, TRUE) ON CONFLICT DO NOTHING;
INSERT INTO tiers (plan_id, min_days, max_days, price_inr, is_active) VALUES ('e94c875c-ae46-4d8b-87dd-772bf2dd2923', 731, 1095, 24473.2, TRUE) ON CONFLICT DO NOTHING;
INSERT INTO plans (id, variant_id, plan_name, duration_months, max_kms) VALUES ('bf1ba3b6-a05e-4f06-936b-787a7bfd1bc9', 'a73c979d-52ea-47ee-b624-0f3fb655a379', '36 Months / 60,000 Kms', 36, 60000) ON CONFLICT DO NOTHING;
INSERT INTO tiers (plan_id, min_days, max_days, price_inr, is_active) VALUES ('bf1ba3b6-a05e-4f06-936b-787a7bfd1bc9', 0, 30, 18762.0, TRUE) ON CONFLICT DO NOTHING;
INSERT INTO tiers (plan_id, min_days, max_days, price_inr, is_active) VALUES ('bf1ba3b6-a05e-4f06-936b-787a7bfd1bc9', 31, 365, 21582.2, TRUE) ON CONFLICT DO NOTHING;
INSERT INTO tiers (plan_id, min_days, max_days, price_inr, is_active) VALUES ('bf1ba3b6-a05e-4f06-936b-787a7bfd1bc9', 366, 730, 24390.6, TRUE) ON CONFLICT DO NOTHING;
INSERT INTO tiers (plan_id, min_days, max_days, price_inr, is_active) VALUES ('bf1ba3b6-a05e-4f06-936b-787a7bfd1bc9', 731, 1095, 27210.8, TRUE) ON CONFLICT DO NOTHING;
INSERT INTO variants (id, model_id, name, fuel, transmission, oem_warranty_months, oem_warranty_kms) VALUES ('56aee63a-134f-4a89-9bbc-41917547a47b', '2bad6232-3742-4001-bc71-22ddc862ed13', 'MARUTI BREZZA VXI CNG 1.5L 5MT', 'CNG', 'Manual', 36, 100000) ON CONFLICT DO NOTHING;
INSERT INTO plans (id, variant_id, plan_name, duration_months, max_kms) VALUES ('1b713fa8-6e22-4f8e-92fd-0e0c9f161d0d', '56aee63a-134f-4a89-9bbc-41917547a47b', '12 Months / 20,000 Kms', 12, 20000) ON CONFLICT DO NOTHING;
INSERT INTO tiers (plan_id, min_days, max_days, price_inr, is_active) VALUES ('1b713fa8-6e22-4f8e-92fd-0e0c9f161d0d', 0, 30, 16826.8, TRUE) ON CONFLICT DO NOTHING;
INSERT INTO tiers (plan_id, min_days, max_days, price_inr, is_active) VALUES ('1b713fa8-6e22-4f8e-92fd-0e0c9f161d0d', 31, 365, 19352.0, TRUE) ON CONFLICT DO NOTHING;
INSERT INTO tiers (plan_id, min_days, max_days, price_inr, is_active) VALUES ('1b713fa8-6e22-4f8e-92fd-0e0c9f161d0d', 366, 730, 21877.2, TRUE) ON CONFLICT DO NOTHING;
INSERT INTO tiers (plan_id, min_days, max_days, price_inr, is_active) VALUES ('1b713fa8-6e22-4f8e-92fd-0e0c9f161d0d', 731, 1095, 24402.4, TRUE) ON CONFLICT DO NOTHING;
INSERT INTO plans (id, variant_id, plan_name, duration_months, max_kms) VALUES ('7dc4d7dc-8c62-40a9-9946-570ea221aec3', '56aee63a-134f-4a89-9bbc-41917547a47b', '24 Months / 40,000 Kms', 24, 40000) ON CONFLICT DO NOTHING;
INSERT INTO tiers (plan_id, min_days, max_days, price_inr, is_active) VALUES ('7dc4d7dc-8c62-40a9-9946-570ea221aec3', 0, 30, 18714.8, TRUE) ON CONFLICT DO NOTHING;
INSERT INTO tiers (plan_id, min_days, max_days, price_inr, is_active) VALUES ('7dc4d7dc-8c62-40a9-9946-570ea221aec3', 31, 365, 21523.2, TRUE) ON CONFLICT DO NOTHING;
INSERT INTO tiers (plan_id, min_days, max_days, price_inr, is_active) VALUES ('7dc4d7dc-8c62-40a9-9946-570ea221aec3', 366, 730, 24331.6, TRUE) ON CONFLICT DO NOTHING;
INSERT INTO tiers (plan_id, min_days, max_days, price_inr, is_active) VALUES ('7dc4d7dc-8c62-40a9-9946-570ea221aec3', 731, 1095, 27140.0, TRUE) ON CONFLICT DO NOTHING;
INSERT INTO plans (id, variant_id, plan_name, duration_months, max_kms) VALUES ('de4e8183-3cf5-4984-9f86-6d937a730edb', '56aee63a-134f-4a89-9bbc-41917547a47b', '36 Months / 60,000 Kms', 36, 60000) ON CONFLICT DO NOTHING;
INSERT INTO tiers (plan_id, min_days, max_days, price_inr, is_active) VALUES ('de4e8183-3cf5-4984-9f86-6d937a730edb', 0, 30, 20602.8, TRUE) ON CONFLICT DO NOTHING;
INSERT INTO tiers (plan_id, min_days, max_days, price_inr, is_active) VALUES ('de4e8183-3cf5-4984-9f86-6d937a730edb', 31, 365, 23694.4, TRUE) ON CONFLICT DO NOTHING;
INSERT INTO tiers (plan_id, min_days, max_days, price_inr, is_active) VALUES ('de4e8183-3cf5-4984-9f86-6d937a730edb', 366, 730, 26786.0, TRUE) ON CONFLICT DO NOTHING;
INSERT INTO tiers (plan_id, min_days, max_days, price_inr, is_active) VALUES ('de4e8183-3cf5-4984-9f86-6d937a730edb', 731, 1095, 29877.6, TRUE) ON CONFLICT DO NOTHING;
INSERT INTO variants (id, model_id, name, fuel, transmission, oem_warranty_months, oem_warranty_kms) VALUES ('16bb7465-986f-4103-8bcf-f1d1e1ce2bf2', '2bad6232-3742-4001-bc71-22ddc862ed13', 'MARUTI BREZZA ZXI (O) CNG 1.5L 5MT', 'CNG', 'Manual', 36, 100000) ON CONFLICT DO NOTHING;
INSERT INTO plans (id, variant_id, plan_name, duration_months, max_kms) VALUES ('ae784f45-6361-4f2e-817d-8f358e9a26bd', '16bb7465-986f-4103-8bcf-f1d1e1ce2bf2', '12 Months / 20,000 Kms', 12, 20000) ON CONFLICT DO NOTHING;
INSERT INTO tiers (plan_id, min_days, max_days, price_inr, is_active) VALUES ('ae784f45-6361-4f2e-817d-8f358e9a26bd', 0, 30, 19753.2, TRUE) ON CONFLICT DO NOTHING;
INSERT INTO tiers (plan_id, min_days, max_days, price_inr, is_active) VALUES ('ae784f45-6361-4f2e-817d-8f358e9a26bd', 31, 365, 22726.8, TRUE) ON CONFLICT DO NOTHING;
INSERT INTO tiers (plan_id, min_days, max_days, price_inr, is_active) VALUES ('ae784f45-6361-4f2e-817d-8f358e9a26bd', 366, 730, 25688.6, TRUE) ON CONFLICT DO NOTHING;
INSERT INTO tiers (plan_id, min_days, max_days, price_inr, is_active) VALUES ('ae784f45-6361-4f2e-817d-8f358e9a26bd', 731, 1095, 28650.4, TRUE) ON CONFLICT DO NOTHING;
INSERT INTO plans (id, variant_id, plan_name, duration_months, max_kms) VALUES ('182f7580-5e59-4fbe-b37f-2b40ed6adeb6', '16bb7465-986f-4103-8bcf-f1d1e1ce2bf2', '24 Months / 40,000 Kms', 24, 40000) ON CONFLICT DO NOTHING;
INSERT INTO tiers (plan_id, min_days, max_days, price_inr, is_active) VALUES ('182f7580-5e59-4fbe-b37f-2b40ed6adeb6', 0, 30, 21641.2, TRUE) ON CONFLICT DO NOTHING;
INSERT INTO tiers (plan_id, min_days, max_days, price_inr, is_active) VALUES ('182f7580-5e59-4fbe-b37f-2b40ed6adeb6', 31, 365, 24898.0, TRUE) ON CONFLICT DO NOTHING;
INSERT INTO tiers (plan_id, min_days, max_days, price_inr, is_active) VALUES ('182f7580-5e59-4fbe-b37f-2b40ed6adeb6', 366, 730, 28143.0, TRUE) ON CONFLICT DO NOTHING;
INSERT INTO tiers (plan_id, min_days, max_days, price_inr, is_active) VALUES ('182f7580-5e59-4fbe-b37f-2b40ed6adeb6', 731, 1095, 31388.0, TRUE) ON CONFLICT DO NOTHING;
INSERT INTO plans (id, variant_id, plan_name, duration_months, max_kms) VALUES ('f0b34c56-a0ec-4b9b-b270-ea855c7e00a3', '16bb7465-986f-4103-8bcf-f1d1e1ce2bf2', '36 Months / 60,000 Kms', 36, 60000) ON CONFLICT DO NOTHING;
INSERT INTO tiers (plan_id, min_days, max_days, price_inr, is_active) VALUES ('f0b34c56-a0ec-4b9b-b270-ea855c7e00a3', 0, 30, 23529.2, TRUE) ON CONFLICT DO NOTHING;
INSERT INTO tiers (plan_id, min_days, max_days, price_inr, is_active) VALUES ('f0b34c56-a0ec-4b9b-b270-ea855c7e00a3', 31, 365, 27069.2, TRUE) ON CONFLICT DO NOTHING;
INSERT INTO tiers (plan_id, min_days, max_days, price_inr, is_active) VALUES ('f0b34c56-a0ec-4b9b-b270-ea855c7e00a3', 366, 730, 30597.4, TRUE) ON CONFLICT DO NOTHING;
INSERT INTO tiers (plan_id, min_days, max_days, price_inr, is_active) VALUES ('f0b34c56-a0ec-4b9b-b270-ea855c7e00a3', 731, 1095, 34125.6, TRUE) ON CONFLICT DO NOTHING;
INSERT INTO variants (id, model_id, name, fuel, transmission, oem_warranty_months, oem_warranty_kms) VALUES ('5130c708-1078-455d-9457-8a8c2aacde1c', '2bad6232-3742-4001-bc71-22ddc862ed13', 'MARUTI BREZZA ZXI 1.5L 5MT', 'Petrol', 'Manual', 36, 100000) ON CONFLICT DO NOTHING;
INSERT INTO plans (id, variant_id, plan_name, duration_months, max_kms) VALUES ('6144288a-85a1-48a7-89ae-394e88d8a3e0', '5130c708-1078-455d-9457-8a8c2aacde1c', '12 Months / 20,000 Kms', 12, 20000) ON CONFLICT DO NOTHING;
INSERT INTO tiers (plan_id, min_days, max_days, price_inr, is_active) VALUES ('6144288a-85a1-48a7-89ae-394e88d8a3e0', 0, 30, 18113.0, TRUE) ON CONFLICT DO NOTHING;
INSERT INTO tiers (plan_id, min_days, max_days, price_inr, is_active) VALUES ('6144288a-85a1-48a7-89ae-394e88d8a3e0', 31, 365, 20838.8, TRUE) ON CONFLICT DO NOTHING;
INSERT INTO tiers (plan_id, min_days, max_days, price_inr, is_active) VALUES ('6144288a-85a1-48a7-89ae-394e88d8a3e0', 366, 730, 23552.8, TRUE) ON CONFLICT DO NOTHING;
INSERT INTO tiers (plan_id, min_days, max_days, price_inr, is_active) VALUES ('6144288a-85a1-48a7-89ae-394e88d8a3e0', 731, 1095, 26266.8, TRUE) ON CONFLICT DO NOTHING;
INSERT INTO plans (id, variant_id, plan_name, duration_months, max_kms) VALUES ('0eb932bc-95f4-4f4b-9f5d-56c1ac10ae06', '5130c708-1078-455d-9457-8a8c2aacde1c', '24 Months / 40,000 Kms', 24, 40000) ON CONFLICT DO NOTHING;
INSERT INTO tiers (plan_id, min_days, max_days, price_inr, is_active) VALUES ('0eb932bc-95f4-4f4b-9f5d-56c1ac10ae06', 0, 30, 20001.0, TRUE) ON CONFLICT DO NOTHING;
INSERT INTO tiers (plan_id, min_days, max_days, price_inr, is_active) VALUES ('0eb932bc-95f4-4f4b-9f5d-56c1ac10ae06', 31, 365, 23010.0, TRUE) ON CONFLICT DO NOTHING;
INSERT INTO tiers (plan_id, min_days, max_days, price_inr, is_active) VALUES ('0eb932bc-95f4-4f4b-9f5d-56c1ac10ae06', 366, 730, 26007.2, TRUE) ON CONFLICT DO NOTHING;
INSERT INTO tiers (plan_id, min_days, max_days, price_inr, is_active) VALUES ('0eb932bc-95f4-4f4b-9f5d-56c1ac10ae06', 731, 1095, 29004.4, TRUE) ON CONFLICT DO NOTHING;
INSERT INTO plans (id, variant_id, plan_name, duration_months, max_kms) VALUES ('7d1ff81c-7fb5-4099-99fa-247cca7aeedf', '5130c708-1078-455d-9457-8a8c2aacde1c', '36 Months / 60,000 Kms', 36, 60000) ON CONFLICT DO NOTHING;
INSERT INTO tiers (plan_id, min_days, max_days, price_inr, is_active) VALUES ('7d1ff81c-7fb5-4099-99fa-247cca7aeedf', 0, 30, 21889.0, TRUE) ON CONFLICT DO NOTHING;
INSERT INTO tiers (plan_id, min_days, max_days, price_inr, is_active) VALUES ('7d1ff81c-7fb5-4099-99fa-247cca7aeedf', 31, 365, 25181.2, TRUE) ON CONFLICT DO NOTHING;
INSERT INTO tiers (plan_id, min_days, max_days, price_inr, is_active) VALUES ('7d1ff81c-7fb5-4099-99fa-247cca7aeedf', 366, 730, 28461.6, TRUE) ON CONFLICT DO NOTHING;
INSERT INTO tiers (plan_id, min_days, max_days, price_inr, is_active) VALUES ('7d1ff81c-7fb5-4099-99fa-247cca7aeedf', 731, 1095, 31742.0, TRUE) ON CONFLICT DO NOTHING;
INSERT INTO variants (id, model_id, name, fuel, transmission, oem_warranty_months, oem_warranty_kms) VALUES ('55d1c265-6e60-42ab-9115-fcfbf22e7946', '2bad6232-3742-4001-bc71-22ddc862ed13', 'MARUTI BREZZA ZXI CNG 1.5L 5MT', 'CNG', 'Manual', 36, 100000) ON CONFLICT DO NOTHING;
INSERT INTO plans (id, variant_id, plan_name, duration_months, max_kms) VALUES ('cb833991-5028-4f22-bdb9-6258d3bcb46b', '55d1c265-6e60-42ab-9115-fcfbf22e7946', '12 Months / 20,000 Kms', 12, 20000) ON CONFLICT DO NOTHING;
INSERT INTO tiers (plan_id, min_days, max_days, price_inr, is_active) VALUES ('cb833991-5028-4f22-bdb9-6258d3bcb46b', 0, 30, 19942.0, TRUE) ON CONFLICT DO NOTHING;
INSERT INTO tiers (plan_id, min_days, max_days, price_inr, is_active) VALUES ('cb833991-5028-4f22-bdb9-6258d3bcb46b', 31, 365, 22939.2, TRUE) ON CONFLICT DO NOTHING;
INSERT INTO tiers (plan_id, min_days, max_days, price_inr, is_active) VALUES ('cb833991-5028-4f22-bdb9-6258d3bcb46b', 366, 730, 25924.6, TRUE) ON CONFLICT DO NOTHING;
INSERT INTO tiers (plan_id, min_days, max_days, price_inr, is_active) VALUES ('cb833991-5028-4f22-bdb9-6258d3bcb46b', 731, 1095, 28921.8, TRUE) ON CONFLICT DO NOTHING;
INSERT INTO plans (id, variant_id, plan_name, duration_months, max_kms) VALUES ('f35bd32a-3430-411d-a718-a31fec14dc33', '55d1c265-6e60-42ab-9115-fcfbf22e7946', '24 Months / 40,000 Kms', 24, 40000) ON CONFLICT DO NOTHING;
INSERT INTO tiers (plan_id, min_days, max_days, price_inr, is_active) VALUES ('f35bd32a-3430-411d-a718-a31fec14dc33', 0, 30, 21830.0, TRUE) ON CONFLICT DO NOTHING;
INSERT INTO tiers (plan_id, min_days, max_days, price_inr, is_active) VALUES ('f35bd32a-3430-411d-a718-a31fec14dc33', 31, 365, 25110.4, TRUE) ON CONFLICT DO NOTHING;
INSERT INTO tiers (plan_id, min_days, max_days, price_inr, is_active) VALUES ('f35bd32a-3430-411d-a718-a31fec14dc33', 366, 730, 28379.0, TRUE) ON CONFLICT DO NOTHING;
INSERT INTO tiers (plan_id, min_days, max_days, price_inr, is_active) VALUES ('f35bd32a-3430-411d-a718-a31fec14dc33', 731, 1095, 31659.4, TRUE) ON CONFLICT DO NOTHING;
INSERT INTO plans (id, variant_id, plan_name, duration_months, max_kms) VALUES ('e65e9f5f-712d-4484-b132-0725b6f54f83', '55d1c265-6e60-42ab-9115-fcfbf22e7946', '36 Months / 60,000 Kms', 36, 60000) ON CONFLICT DO NOTHING;
INSERT INTO tiers (plan_id, min_days, max_days, price_inr, is_active) VALUES ('e65e9f5f-712d-4484-b132-0725b6f54f83', 0, 30, 23718.0, TRUE) ON CONFLICT DO NOTHING;
INSERT INTO tiers (plan_id, min_days, max_days, price_inr, is_active) VALUES ('e65e9f5f-712d-4484-b132-0725b6f54f83', 31, 365, 27281.6, TRUE) ON CONFLICT DO NOTHING;
INSERT INTO tiers (plan_id, min_days, max_days, price_inr, is_active) VALUES ('e65e9f5f-712d-4484-b132-0725b6f54f83', 366, 730, 30833.4, TRUE) ON CONFLICT DO NOTHING;
INSERT INTO tiers (plan_id, min_days, max_days, price_inr, is_active) VALUES ('e65e9f5f-712d-4484-b132-0725b6f54f83', 731, 1095, 34397.0, TRUE) ON CONFLICT DO NOTHING;
INSERT INTO variants (id, model_id, name, fuel, transmission, oem_warranty_months, oem_warranty_kms) VALUES ('b7723780-ee0d-44d1-9203-6a3bf22cc060', '2bad6232-3742-4001-bc71-22ddc862ed13', 'MARUTI BREZZA ZXI+ 1.5L 5MT', 'Petrol', 'Manual', 36, 100000) ON CONFLICT DO NOTHING;
INSERT INTO plans (id, variant_id, plan_name, duration_months, max_kms) VALUES ('8866bc74-7abf-4272-ac0c-f0a9811e2a09', 'b7723780-ee0d-44d1-9203-6a3bf22cc060', '12 Months / 20,000 Kms', 12, 20000) ON CONFLICT DO NOTHING;
INSERT INTO tiers (plan_id, min_days, max_days, price_inr, is_active) VALUES ('8866bc74-7abf-4272-ac0c-f0a9811e2a09', 0, 30, 20886.0, TRUE) ON CONFLICT DO NOTHING;
INSERT INTO tiers (plan_id, min_days, max_days, price_inr, is_active) VALUES ('8866bc74-7abf-4272-ac0c-f0a9811e2a09', 31, 365, 24024.8, TRUE) ON CONFLICT DO NOTHING;
INSERT INTO tiers (plan_id, min_days, max_days, price_inr, is_active) VALUES ('8866bc74-7abf-4272-ac0c-f0a9811e2a09', 366, 730, 27151.8, TRUE) ON CONFLICT DO NOTHING;
INSERT INTO tiers (plan_id, min_days, max_days, price_inr, is_active) VALUES ('8866bc74-7abf-4272-ac0c-f0a9811e2a09', 731, 1095, 30290.6, TRUE) ON CONFLICT DO NOTHING;
INSERT INTO plans (id, variant_id, plan_name, duration_months, max_kms) VALUES ('40980b70-c93b-493d-b6f0-d9b6fe1e6807', 'b7723780-ee0d-44d1-9203-6a3bf22cc060', '24 Months / 40,000 Kms', 24, 40000) ON CONFLICT DO NOTHING;
INSERT INTO tiers (plan_id, min_days, max_days, price_inr, is_active) VALUES ('40980b70-c93b-493d-b6f0-d9b6fe1e6807', 0, 30, 22774.0, TRUE) ON CONFLICT DO NOTHING;
INSERT INTO tiers (plan_id, min_days, max_days, price_inr, is_active) VALUES ('40980b70-c93b-493d-b6f0-d9b6fe1e6807', 31, 365, 26196.0, TRUE) ON CONFLICT DO NOTHING;
INSERT INTO tiers (plan_id, min_days, max_days, price_inr, is_active) VALUES ('40980b70-c93b-493d-b6f0-d9b6fe1e6807', 366, 730, 29606.2, TRUE) ON CONFLICT DO NOTHING;
INSERT INTO tiers (plan_id, min_days, max_days, price_inr, is_active) VALUES ('40980b70-c93b-493d-b6f0-d9b6fe1e6807', 731, 1095, 33028.2, TRUE) ON CONFLICT DO NOTHING;
INSERT INTO plans (id, variant_id, plan_name, duration_months, max_kms) VALUES ('232cc1ad-c193-4be5-a144-c26b11c5a120', 'b7723780-ee0d-44d1-9203-6a3bf22cc060', '36 Months / 60,000 Kms', 36, 60000) ON CONFLICT DO NOTHING;
INSERT INTO tiers (plan_id, min_days, max_days, price_inr, is_active) VALUES ('232cc1ad-c193-4be5-a144-c26b11c5a120', 0, 30, 24662.0, TRUE) ON CONFLICT DO NOTHING;
INSERT INTO tiers (plan_id, min_days, max_days, price_inr, is_active) VALUES ('232cc1ad-c193-4be5-a144-c26b11c5a120', 31, 365, 28367.2, TRUE) ON CONFLICT DO NOTHING;
INSERT INTO tiers (plan_id, min_days, max_days, price_inr, is_active) VALUES ('232cc1ad-c193-4be5-a144-c26b11c5a120', 366, 730, 32060.6, TRUE) ON CONFLICT DO NOTHING;
INSERT INTO tiers (plan_id, min_days, max_days, price_inr, is_active) VALUES ('232cc1ad-c193-4be5-a144-c26b11c5a120', 731, 1095, 35765.8, TRUE) ON CONFLICT DO NOTHING;
INSERT INTO models (id, brand_id, name) VALUES ('8cd54465-bd15-42d4-b4f3-0bf21bc57921', 'b1e782a2-c0d1-4b20-ae57-becb98f3ab90', 'NEW CELERIO') ON CONFLICT DO NOTHING;
INSERT INTO variants (id, model_id, name, fuel, transmission, oem_warranty_months, oem_warranty_kms) VALUES ('340a900b-d6ff-4b08-bb7d-772f09d59ed1', '8cd54465-bd15-42d4-b4f3-0bf21bc57921', 'MARUTI CELERIO LXI 1L ISS 5MT', 'Hybrid', 'Manual', 36, 100000) ON CONFLICT DO NOTHING;
INSERT INTO plans (id, variant_id, plan_name, duration_months, max_kms) VALUES ('5b68b327-9252-46f2-84a5-a3851484d358', '340a900b-d6ff-4b08-bb7d-772f09d59ed1', '12 Months / 20,000 Kms', 12, 20000) ON CONFLICT DO NOTHING;
INSERT INTO tiers (plan_id, min_days, max_days, price_inr, is_active) VALUES ('5b68b327-9252-46f2-84a5-a3851484d358', 0, 30, 6985.6, TRUE) ON CONFLICT DO NOTHING;
INSERT INTO tiers (plan_id, min_days, max_days, price_inr, is_active) VALUES ('5b68b327-9252-46f2-84a5-a3851484d358', 31, 365, 8035.8, TRUE) ON CONFLICT DO NOTHING;
INSERT INTO tiers (plan_id, min_days, max_days, price_inr, is_active) VALUES ('5b68b327-9252-46f2-84a5-a3851484d358', 366, 730, 9086.0, TRUE) ON CONFLICT DO NOTHING;
INSERT INTO tiers (plan_id, min_days, max_days, price_inr, is_active) VALUES ('5b68b327-9252-46f2-84a5-a3851484d358', 731, 1095, 10136.2, TRUE) ON CONFLICT DO NOTHING;
INSERT INTO plans (id, variant_id, plan_name, duration_months, max_kms) VALUES ('f4020187-07d3-429c-8ecb-3cdcd0511882', '340a900b-d6ff-4b08-bb7d-772f09d59ed1', '24 Months / 40,000 Kms', 24, 40000) ON CONFLICT DO NOTHING;
INSERT INTO tiers (plan_id, min_days, max_days, price_inr, is_active) VALUES ('f4020187-07d3-429c-8ecb-3cdcd0511882', 0, 30, 8283.6, TRUE) ON CONFLICT DO NOTHING;
INSERT INTO tiers (plan_id, min_days, max_days, price_inr, is_active) VALUES ('f4020187-07d3-429c-8ecb-3cdcd0511882', 31, 365, 9534.4, TRUE) ON CONFLICT DO NOTHING;
INSERT INTO tiers (plan_id, min_days, max_days, price_inr, is_active) VALUES ('f4020187-07d3-429c-8ecb-3cdcd0511882', 366, 730, 10773.4, TRUE) ON CONFLICT DO NOTHING;
INSERT INTO tiers (plan_id, min_days, max_days, price_inr, is_active) VALUES ('f4020187-07d3-429c-8ecb-3cdcd0511882', 731, 1095, 12012.4, TRUE) ON CONFLICT DO NOTHING;
INSERT INTO plans (id, variant_id, plan_name, duration_months, max_kms) VALUES ('f1b1e5e0-601e-43ec-9b85-cc06a51cb956', '340a900b-d6ff-4b08-bb7d-772f09d59ed1', '36 Months / 60,000 Kms', 36, 60000) ON CONFLICT DO NOTHING;
INSERT INTO tiers (plan_id, min_days, max_days, price_inr, is_active) VALUES ('f1b1e5e0-601e-43ec-9b85-cc06a51cb956', 0, 30, 8873.6, TRUE) ON CONFLICT DO NOTHING;
INSERT INTO tiers (plan_id, min_days, max_days, price_inr, is_active) VALUES ('f1b1e5e0-601e-43ec-9b85-cc06a51cb956', 31, 365, 10207.0, TRUE) ON CONFLICT DO NOTHING;
INSERT INTO tiers (plan_id, min_days, max_days, price_inr, is_active) VALUES ('f1b1e5e0-601e-43ec-9b85-cc06a51cb956', 366, 730, 11540.4, TRUE) ON CONFLICT DO NOTHING;
INSERT INTO tiers (plan_id, min_days, max_days, price_inr, is_active) VALUES ('f1b1e5e0-601e-43ec-9b85-cc06a51cb956', 731, 1095, 12873.8, TRUE) ON CONFLICT DO NOTHING;
INSERT INTO variants (id, model_id, name, fuel, transmission, oem_warranty_months, oem_warranty_kms) VALUES ('d4dd8b00-dfcf-44e3-b8cf-ef4df41a68c1', '8cd54465-bd15-42d4-b4f3-0bf21bc57921', 'MARUTI CELERIO VXI 1L ISS 5MT', 'Hybrid', 'Manual', 36, 100000) ON CONFLICT DO NOTHING;
INSERT INTO plans (id, variant_id, plan_name, duration_months, max_kms) VALUES ('fa695415-ac1c-4628-a2ae-0d7958c125e9', 'd4dd8b00-dfcf-44e3-b8cf-ef4df41a68c1', '12 Months / 20,000 Kms', 12, 20000) ON CONFLICT DO NOTHING;
INSERT INTO tiers (plan_id, min_days, max_days, price_inr, is_active) VALUES ('fa695415-ac1c-4628-a2ae-0d7958c125e9', 0, 30, 7752.6, TRUE) ON CONFLICT DO NOTHING;
INSERT INTO tiers (plan_id, min_days, max_days, price_inr, is_active) VALUES ('fa695415-ac1c-4628-a2ae-0d7958c125e9', 31, 365, 8920.8, TRUE) ON CONFLICT DO NOTHING;
INSERT INTO tiers (plan_id, min_days, max_days, price_inr, is_active) VALUES ('fa695415-ac1c-4628-a2ae-0d7958c125e9', 366, 730, 10089.0, TRUE) ON CONFLICT DO NOTHING;
INSERT INTO tiers (plan_id, min_days, max_days, price_inr, is_active) VALUES ('fa695415-ac1c-4628-a2ae-0d7958c125e9', 731, 1095, 11245.4, TRUE) ON CONFLICT DO NOTHING;
INSERT INTO plans (id, variant_id, plan_name, duration_months, max_kms) VALUES ('44bead27-85cf-473d-9951-1507915fee0a', 'd4dd8b00-dfcf-44e3-b8cf-ef4df41a68c1', '24 Months / 40,000 Kms', 24, 40000) ON CONFLICT DO NOTHING;
INSERT INTO tiers (plan_id, min_days, max_days, price_inr, is_active) VALUES ('44bead27-85cf-473d-9951-1507915fee0a', 0, 30, 9050.6, TRUE) ON CONFLICT DO NOTHING;
INSERT INTO tiers (plan_id, min_days, max_days, price_inr, is_active) VALUES ('44bead27-85cf-473d-9951-1507915fee0a', 31, 365, 10419.4, TRUE) ON CONFLICT DO NOTHING;
INSERT INTO tiers (plan_id, min_days, max_days, price_inr, is_active) VALUES ('44bead27-85cf-473d-9951-1507915fee0a', 366, 730, 11776.4, TRUE) ON CONFLICT DO NOTHING;
INSERT INTO tiers (plan_id, min_days, max_days, price_inr, is_active) VALUES ('44bead27-85cf-473d-9951-1507915fee0a', 731, 1095, 13133.4, TRUE) ON CONFLICT DO NOTHING;
INSERT INTO plans (id, variant_id, plan_name, duration_months, max_kms) VALUES ('43481476-0896-4bb7-98cd-23283c9e9832', 'd4dd8b00-dfcf-44e3-b8cf-ef4df41a68c1', '36 Months / 60,000 Kms', 36, 60000) ON CONFLICT DO NOTHING;
INSERT INTO tiers (plan_id, min_days, max_days, price_inr, is_active) VALUES ('43481476-0896-4bb7-98cd-23283c9e9832', 0, 30, 9640.6, TRUE) ON CONFLICT DO NOTHING;
INSERT INTO tiers (plan_id, min_days, max_days, price_inr, is_active) VALUES ('43481476-0896-4bb7-98cd-23283c9e9832', 31, 365, 11092.0, TRUE) ON CONFLICT DO NOTHING;
INSERT INTO tiers (plan_id, min_days, max_days, price_inr, is_active) VALUES ('43481476-0896-4bb7-98cd-23283c9e9832', 366, 730, 12543.4, TRUE) ON CONFLICT DO NOTHING;
INSERT INTO tiers (plan_id, min_days, max_days, price_inr, is_active) VALUES ('43481476-0896-4bb7-98cd-23283c9e9832', 731, 1095, 13983.0, TRUE) ON CONFLICT DO NOTHING;
INSERT INTO variants (id, model_id, name, fuel, transmission, oem_warranty_months, oem_warranty_kms) VALUES ('0e2af730-1702-466a-96ad-d5b8cab2b611', '8cd54465-bd15-42d4-b4f3-0bf21bc57921', 'MARUTI CELERIO VXI 1L ISS AGS', 'Hybrid', 'Automatic', 36, 100000) ON CONFLICT DO NOTHING;
INSERT INTO plans (id, variant_id, plan_name, duration_months, max_kms) VALUES ('a340e060-2533-4515-8139-a5aa87e6c048', '0e2af730-1702-466a-96ad-d5b8cab2b611', '12 Months / 20,000 Kms', 12, 20000) ON CONFLICT DO NOTHING;
INSERT INTO tiers (plan_id, min_days, max_days, price_inr, is_active) VALUES ('a340e060-2533-4515-8139-a5aa87e6c048', 0, 30, 8661.2, TRUE) ON CONFLICT DO NOTHING;
INSERT INTO tiers (plan_id, min_days, max_days, price_inr, is_active) VALUES ('a340e060-2533-4515-8139-a5aa87e6c048', 31, 365, 9971.0, TRUE) ON CONFLICT DO NOTHING;
INSERT INTO tiers (plan_id, min_days, max_days, price_inr, is_active) VALUES ('a340e060-2533-4515-8139-a5aa87e6c048', 366, 730, 11269.0, TRUE) ON CONFLICT DO NOTHING;
INSERT INTO tiers (plan_id, min_days, max_days, price_inr, is_active) VALUES ('a340e060-2533-4515-8139-a5aa87e6c048', 731, 1095, 12567.0, TRUE) ON CONFLICT DO NOTHING;
INSERT INTO plans (id, variant_id, plan_name, duration_months, max_kms) VALUES ('f53bafa4-076c-4651-921e-80536c6a7afb', '0e2af730-1702-466a-96ad-d5b8cab2b611', '24 Months / 40,000 Kms', 24, 40000) ON CONFLICT DO NOTHING;
INSERT INTO tiers (plan_id, min_days, max_days, price_inr, is_active) VALUES ('f53bafa4-076c-4651-921e-80536c6a7afb', 0, 30, 9959.2, TRUE) ON CONFLICT DO NOTHING;
INSERT INTO tiers (plan_id, min_days, max_days, price_inr, is_active) VALUES ('f53bafa4-076c-4651-921e-80536c6a7afb', 31, 365, 11457.8, TRUE) ON CONFLICT DO NOTHING;
INSERT INTO tiers (plan_id, min_days, max_days, price_inr, is_active) VALUES ('f53bafa4-076c-4651-921e-80536c6a7afb', 366, 730, 12956.4, TRUE) ON CONFLICT DO NOTHING;
INSERT INTO tiers (plan_id, min_days, max_days, price_inr, is_active) VALUES ('f53bafa4-076c-4651-921e-80536c6a7afb', 731, 1095, 14443.2, TRUE) ON CONFLICT DO NOTHING;
INSERT INTO plans (id, variant_id, plan_name, duration_months, max_kms) VALUES ('6d8ed2a7-7aea-49fd-8f68-84785bf28750', '0e2af730-1702-466a-96ad-d5b8cab2b611', '36 Months / 60,000 Kms', 36, 60000) ON CONFLICT DO NOTHING;
INSERT INTO tiers (plan_id, min_days, max_days, price_inr, is_active) VALUES ('6d8ed2a7-7aea-49fd-8f68-84785bf28750', 0, 30, 10549.2, TRUE) ON CONFLICT DO NOTHING;
INSERT INTO tiers (plan_id, min_days, max_days, price_inr, is_active) VALUES ('6d8ed2a7-7aea-49fd-8f68-84785bf28750', 31, 365, 12142.2, TRUE) ON CONFLICT DO NOTHING;
INSERT INTO tiers (plan_id, min_days, max_days, price_inr, is_active) VALUES ('6d8ed2a7-7aea-49fd-8f68-84785bf28750', 366, 730, 13723.4, TRUE) ON CONFLICT DO NOTHING;
INSERT INTO tiers (plan_id, min_days, max_days, price_inr, is_active) VALUES ('6d8ed2a7-7aea-49fd-8f68-84785bf28750', 731, 1095, 15304.6, TRUE) ON CONFLICT DO NOTHING;
INSERT INTO variants (id, model_id, name, fuel, transmission, oem_warranty_months, oem_warranty_kms) VALUES ('53216869-3d4c-43c8-b30f-69ee622895fc', '8cd54465-bd15-42d4-b4f3-0bf21bc57921', 'MARUTI CELERIO VXI CNG 1L 5MT', 'CNG', 'Manual', 36, 100000) ON CONFLICT DO NOTHING;
INSERT INTO plans (id, variant_id, plan_name, duration_months, max_kms) VALUES ('18b4daca-ec92-4fd0-971e-526cee8091c6', '53216869-3d4c-43c8-b30f-69ee622895fc', '12 Months / 20,000 Kms', 12, 20000) ON CONFLICT DO NOTHING;
INSERT INTO tiers (plan_id, min_days, max_days, price_inr, is_active) VALUES ('18b4daca-ec92-4fd0-971e-526cee8091c6', 0, 30, 9239.4, TRUE) ON CONFLICT DO NOTHING;
INSERT INTO tiers (plan_id, min_days, max_days, price_inr, is_active) VALUES ('18b4daca-ec92-4fd0-971e-526cee8091c6', 31, 365, 10631.8, TRUE) ON CONFLICT DO NOTHING;
INSERT INTO tiers (plan_id, min_days, max_days, price_inr, is_active) VALUES ('18b4daca-ec92-4fd0-971e-526cee8091c6', 366, 730, 12012.4, TRUE) ON CONFLICT DO NOTHING;
INSERT INTO tiers (plan_id, min_days, max_days, price_inr, is_active) VALUES ('18b4daca-ec92-4fd0-971e-526cee8091c6', 731, 1095, 13404.8, TRUE) ON CONFLICT DO NOTHING;
INSERT INTO plans (id, variant_id, plan_name, duration_months, max_kms) VALUES ('193f33b0-d2c0-4507-93c6-c2410055de27', '53216869-3d4c-43c8-b30f-69ee622895fc', '24 Months / 40,000 Kms', 24, 40000) ON CONFLICT DO NOTHING;
INSERT INTO tiers (plan_id, min_days, max_days, price_inr, is_active) VALUES ('193f33b0-d2c0-4507-93c6-c2410055de27', 0, 30, 10537.4, TRUE) ON CONFLICT DO NOTHING;
INSERT INTO tiers (plan_id, min_days, max_days, price_inr, is_active) VALUES ('193f33b0-d2c0-4507-93c6-c2410055de27', 31, 365, 12118.6, TRUE) ON CONFLICT DO NOTHING;
INSERT INTO tiers (plan_id, min_days, max_days, price_inr, is_active) VALUES ('193f33b0-d2c0-4507-93c6-c2410055de27', 366, 730, 13699.8, TRUE) ON CONFLICT DO NOTHING;
INSERT INTO tiers (plan_id, min_days, max_days, price_inr, is_active) VALUES ('193f33b0-d2c0-4507-93c6-c2410055de27', 731, 1095, 15281.0, TRUE) ON CONFLICT DO NOTHING;
INSERT INTO plans (id, variant_id, plan_name, duration_months, max_kms) VALUES ('a5383e5b-e3b5-45cd-92ac-f703ab6a81ad', '53216869-3d4c-43c8-b30f-69ee622895fc', '36 Months / 60,000 Kms', 36, 60000) ON CONFLICT DO NOTHING;
INSERT INTO tiers (plan_id, min_days, max_days, price_inr, is_active) VALUES ('a5383e5b-e3b5-45cd-92ac-f703ab6a81ad', 0, 30, 11127.4, TRUE) ON CONFLICT DO NOTHING;
INSERT INTO tiers (plan_id, min_days, max_days, price_inr, is_active) VALUES ('a5383e5b-e3b5-45cd-92ac-f703ab6a81ad', 31, 365, 12803.0, TRUE) ON CONFLICT DO NOTHING;
INSERT INTO tiers (plan_id, min_days, max_days, price_inr, is_active) VALUES ('a5383e5b-e3b5-45cd-92ac-f703ab6a81ad', 366, 730, 14466.8, TRUE) ON CONFLICT DO NOTHING;
INSERT INTO tiers (plan_id, min_days, max_days, price_inr, is_active) VALUES ('a5383e5b-e3b5-45cd-92ac-f703ab6a81ad', 731, 1095, 16142.4, TRUE) ON CONFLICT DO NOTHING;
INSERT INTO variants (id, model_id, name, fuel, transmission, oem_warranty_months, oem_warranty_kms) VALUES ('0a0b41d2-8202-4dde-81d0-c3ad21e27823', '8cd54465-bd15-42d4-b4f3-0bf21bc57921', 'MARUTI CELERIO ZXI 1L ISS 5MT', 'Hybrid', 'Manual', 36, 100000) ON CONFLICT DO NOTHING;
INSERT INTO plans (id, variant_id, plan_name, duration_months, max_kms) VALUES ('42b0c202-5d26-4d88-bcee-167d993da4a4', '0a0b41d2-8202-4dde-81d0-c3ad21e27823', '12 Months / 20,000 Kms', 12, 20000) ON CONFLICT DO NOTHING;
INSERT INTO tiers (plan_id, min_days, max_days, price_inr, is_active) VALUES ('42b0c202-5d26-4d88-bcee-167d993da4a4', 0, 30, 8224.6, TRUE) ON CONFLICT DO NOTHING;
INSERT INTO tiers (plan_id, min_days, max_days, price_inr, is_active) VALUES ('42b0c202-5d26-4d88-bcee-167d993da4a4', 31, 365, 9463.6, TRUE) ON CONFLICT DO NOTHING;
INSERT INTO tiers (plan_id, min_days, max_days, price_inr, is_active) VALUES ('42b0c202-5d26-4d88-bcee-167d993da4a4', 366, 730, 10702.6, TRUE) ON CONFLICT DO NOTHING;
INSERT INTO tiers (plan_id, min_days, max_days, price_inr, is_active) VALUES ('42b0c202-5d26-4d88-bcee-167d993da4a4', 731, 1095, 11929.8, TRUE) ON CONFLICT DO NOTHING;
INSERT INTO plans (id, variant_id, plan_name, duration_months, max_kms) VALUES ('2fc29657-7a58-4817-a6fd-80a128e4e5e3', '0a0b41d2-8202-4dde-81d0-c3ad21e27823', '24 Months / 40,000 Kms', 24, 40000) ON CONFLICT DO NOTHING;
INSERT INTO tiers (plan_id, min_days, max_days, price_inr, is_active) VALUES ('2fc29657-7a58-4817-a6fd-80a128e4e5e3', 0, 30, 9522.6, TRUE) ON CONFLICT DO NOTHING;
INSERT INTO tiers (plan_id, min_days, max_days, price_inr, is_active) VALUES ('2fc29657-7a58-4817-a6fd-80a128e4e5e3', 31, 365, 10962.2, TRUE) ON CONFLICT DO NOTHING;
INSERT INTO tiers (plan_id, min_days, max_days, price_inr, is_active) VALUES ('2fc29657-7a58-4817-a6fd-80a128e4e5e3', 366, 730, 12390.0, TRUE) ON CONFLICT DO NOTHING;
INSERT INTO tiers (plan_id, min_days, max_days, price_inr, is_active) VALUES ('2fc29657-7a58-4817-a6fd-80a128e4e5e3', 731, 1095, 13817.8, TRUE) ON CONFLICT DO NOTHING;
INSERT INTO plans (id, variant_id, plan_name, duration_months, max_kms) VALUES ('d85205c1-e0c2-46d5-afdc-0814f36cf3d8', '0a0b41d2-8202-4dde-81d0-c3ad21e27823', '36 Months / 60,000 Kms', 36, 60000) ON CONFLICT DO NOTHING;
INSERT INTO tiers (plan_id, min_days, max_days, price_inr, is_active) VALUES ('d85205c1-e0c2-46d5-afdc-0814f36cf3d8', 0, 30, 10112.6, TRUE) ON CONFLICT DO NOTHING;
INSERT INTO tiers (plan_id, min_days, max_days, price_inr, is_active) VALUES ('d85205c1-e0c2-46d5-afdc-0814f36cf3d8', 31, 365, 11634.8, TRUE) ON CONFLICT DO NOTHING;
INSERT INTO tiers (plan_id, min_days, max_days, price_inr, is_active) VALUES ('d85205c1-e0c2-46d5-afdc-0814f36cf3d8', 366, 730, 13157.0, TRUE) ON CONFLICT DO NOTHING;
INSERT INTO tiers (plan_id, min_days, max_days, price_inr, is_active) VALUES ('d85205c1-e0c2-46d5-afdc-0814f36cf3d8', 731, 1095, 14667.4, TRUE) ON CONFLICT DO NOTHING;
INSERT INTO variants (id, model_id, name, fuel, transmission, oem_warranty_months, oem_warranty_kms) VALUES ('cd1654df-4bdf-4d17-9b8e-48053a5ae4b6', '8cd54465-bd15-42d4-b4f3-0bf21bc57921', 'MARUTI CELERIO ZXI 1L ISS AGS', 'Hybrid', 'Automatic', 36, 100000) ON CONFLICT DO NOTHING;
INSERT INTO plans (id, variant_id, plan_name, duration_months, max_kms) VALUES ('c82de0e1-44ba-43f4-a8cb-b8ee23624799', 'cd1654df-4bdf-4d17-9b8e-48053a5ae4b6', '12 Months / 20,000 Kms', 12, 20000) ON CONFLICT DO NOTHING;
INSERT INTO tiers (plan_id, min_days, max_days, price_inr, is_active) VALUES ('c82de0e1-44ba-43f4-a8cb-b8ee23624799', 0, 30, 9133.2, TRUE) ON CONFLICT DO NOTHING;
INSERT INTO tiers (plan_id, min_days, max_days, price_inr, is_active) VALUES ('c82de0e1-44ba-43f4-a8cb-b8ee23624799', 31, 365, 10513.8, TRUE) ON CONFLICT DO NOTHING;
INSERT INTO tiers (plan_id, min_days, max_days, price_inr, is_active) VALUES ('c82de0e1-44ba-43f4-a8cb-b8ee23624799', 366, 730, 11882.6, TRUE) ON CONFLICT DO NOTHING;
INSERT INTO tiers (plan_id, min_days, max_days, price_inr, is_active) VALUES ('c82de0e1-44ba-43f4-a8cb-b8ee23624799', 731, 1095, 13251.4, TRUE) ON CONFLICT DO NOTHING;
INSERT INTO plans (id, variant_id, plan_name, duration_months, max_kms) VALUES ('f12f53ea-c8a5-4d2f-bed2-6df192789ee0', 'cd1654df-4bdf-4d17-9b8e-48053a5ae4b6', '24 Months / 40,000 Kms', 24, 40000) ON CONFLICT DO NOTHING;
INSERT INTO tiers (plan_id, min_days, max_days, price_inr, is_active) VALUES ('f12f53ea-c8a5-4d2f-bed2-6df192789ee0', 0, 30, 10431.2, TRUE) ON CONFLICT DO NOTHING;
INSERT INTO tiers (plan_id, min_days, max_days, price_inr, is_active) VALUES ('f12f53ea-c8a5-4d2f-bed2-6df192789ee0', 31, 365, 12000.6, TRUE) ON CONFLICT DO NOTHING;
INSERT INTO tiers (plan_id, min_days, max_days, price_inr, is_active) VALUES ('f12f53ea-c8a5-4d2f-bed2-6df192789ee0', 366, 730, 13570.0, TRUE) ON CONFLICT DO NOTHING;
INSERT INTO tiers (plan_id, min_days, max_days, price_inr, is_active) VALUES ('f12f53ea-c8a5-4d2f-bed2-6df192789ee0', 731, 1095, 15127.6, TRUE) ON CONFLICT DO NOTHING;
INSERT INTO plans (id, variant_id, plan_name, duration_months, max_kms) VALUES ('e0d7e66e-eddf-4abb-84a2-21b52033fa37', 'cd1654df-4bdf-4d17-9b8e-48053a5ae4b6', '36 Months / 60,000 Kms', 36, 60000) ON CONFLICT DO NOTHING;
INSERT INTO tiers (plan_id, min_days, max_days, price_inr, is_active) VALUES ('e0d7e66e-eddf-4abb-84a2-21b52033fa37', 0, 30, 11021.2, TRUE) ON CONFLICT DO NOTHING;
INSERT INTO tiers (plan_id, min_days, max_days, price_inr, is_active) VALUES ('e0d7e66e-eddf-4abb-84a2-21b52033fa37', 31, 365, 12685.0, TRUE) ON CONFLICT DO NOTHING;
INSERT INTO tiers (plan_id, min_days, max_days, price_inr, is_active) VALUES ('e0d7e66e-eddf-4abb-84a2-21b52033fa37', 366, 730, 14337.0, TRUE) ON CONFLICT DO NOTHING;
INSERT INTO tiers (plan_id, min_days, max_days, price_inr, is_active) VALUES ('e0d7e66e-eddf-4abb-84a2-21b52033fa37', 731, 1095, 15989.0, TRUE) ON CONFLICT DO NOTHING;
INSERT INTO variants (id, model_id, name, fuel, transmission, oem_warranty_months, oem_warranty_kms) VALUES ('d257b74a-e56f-47b7-a800-5076bd295cbc', '8cd54465-bd15-42d4-b4f3-0bf21bc57921', 'MARUTI CELERIO ZXI+ 1L ISS 5MT', 'Hybrid', 'Manual', 36, 100000) ON CONFLICT DO NOTHING;
INSERT INTO plans (id, variant_id, plan_name, duration_months, max_kms) VALUES ('5202b4b9-5efb-417e-87f2-a265bdb7b000', 'd257b74a-e56f-47b7-a800-5076bd295cbc', '12 Months / 20,000 Kms', 12, 20000) ON CONFLICT DO NOTHING;
INSERT INTO tiers (plan_id, min_days, max_days, price_inr, is_active) VALUES ('5202b4b9-5efb-417e-87f2-a265bdb7b000', 0, 30, 9015.2, TRUE) ON CONFLICT DO NOTHING;
INSERT INTO tiers (plan_id, min_days, max_days, price_inr, is_active) VALUES ('5202b4b9-5efb-417e-87f2-a265bdb7b000', 31, 365, 10372.2, TRUE) ON CONFLICT DO NOTHING;
INSERT INTO tiers (plan_id, min_days, max_days, price_inr, is_active) VALUES ('5202b4b9-5efb-417e-87f2-a265bdb7b000', 366, 730, 11729.2, TRUE) ON CONFLICT DO NOTHING;
INSERT INTO tiers (plan_id, min_days, max_days, price_inr, is_active) VALUES ('5202b4b9-5efb-417e-87f2-a265bdb7b000', 731, 1095, 13074.4, TRUE) ON CONFLICT DO NOTHING;
INSERT INTO plans (id, variant_id, plan_name, duration_months, max_kms) VALUES ('ea2f3907-f84d-47e7-8075-9bc0bcfd2557', 'd257b74a-e56f-47b7-a800-5076bd295cbc', '24 Months / 40,000 Kms', 24, 40000) ON CONFLICT DO NOTHING;
INSERT INTO tiers (plan_id, min_days, max_days, price_inr, is_active) VALUES ('ea2f3907-f84d-47e7-8075-9bc0bcfd2557', 0, 30, 10313.2, TRUE) ON CONFLICT DO NOTHING;
INSERT INTO tiers (plan_id, min_days, max_days, price_inr, is_active) VALUES ('ea2f3907-f84d-47e7-8075-9bc0bcfd2557', 31, 365, 11870.8, TRUE) ON CONFLICT DO NOTHING;
INSERT INTO tiers (plan_id, min_days, max_days, price_inr, is_active) VALUES ('ea2f3907-f84d-47e7-8075-9bc0bcfd2557', 366, 730, 13416.6, TRUE) ON CONFLICT DO NOTHING;
INSERT INTO tiers (plan_id, min_days, max_days, price_inr, is_active) VALUES ('ea2f3907-f84d-47e7-8075-9bc0bcfd2557', 731, 1095, 14962.4, TRUE) ON CONFLICT DO NOTHING;
INSERT INTO plans (id, variant_id, plan_name, duration_months, max_kms) VALUES ('c7c23b41-0b55-49b4-8649-ee6183a85ec4', 'd257b74a-e56f-47b7-a800-5076bd295cbc', '36 Months / 60,000 Kms', 36, 60000) ON CONFLICT DO NOTHING;
INSERT INTO tiers (plan_id, min_days, max_days, price_inr, is_active) VALUES ('c7c23b41-0b55-49b4-8649-ee6183a85ec4', 0, 30, 10903.2, TRUE) ON CONFLICT DO NOTHING;
INSERT INTO tiers (plan_id, min_days, max_days, price_inr, is_active) VALUES ('c7c23b41-0b55-49b4-8649-ee6183a85ec4', 31, 365, 12543.4, TRUE) ON CONFLICT DO NOTHING;
INSERT INTO tiers (plan_id, min_days, max_days, price_inr, is_active) VALUES ('c7c23b41-0b55-49b4-8649-ee6183a85ec4', 366, 730, 14183.6, TRUE) ON CONFLICT DO NOTHING;
INSERT INTO tiers (plan_id, min_days, max_days, price_inr, is_active) VALUES ('c7c23b41-0b55-49b4-8649-ee6183a85ec4', 731, 1095, 15812.0, TRUE) ON CONFLICT DO NOTHING;
INSERT INTO variants (id, model_id, name, fuel, transmission, oem_warranty_months, oem_warranty_kms) VALUES ('7ae3bc7e-e9d9-4d03-8ca6-d76504fccf65', '8cd54465-bd15-42d4-b4f3-0bf21bc57921', 'MARUTI CELERIO ZXI+ 1L ISS AGS', 'Hybrid', 'Automatic', 36, 100000) ON CONFLICT DO NOTHING;
INSERT INTO plans (id, variant_id, plan_name, duration_months, max_kms) VALUES ('d6a174a4-2a27-424a-b4f2-a56796ee7308', '7ae3bc7e-e9d9-4d03-8ca6-d76504fccf65', '12 Months / 20,000 Kms', 12, 20000) ON CONFLICT DO NOTHING;
INSERT INTO tiers (plan_id, min_days, max_days, price_inr, is_active) VALUES ('d6a174a4-2a27-424a-b4f2-a56796ee7308', 0, 30, 9923.8, TRUE) ON CONFLICT DO NOTHING;
INSERT INTO tiers (plan_id, min_days, max_days, price_inr, is_active) VALUES ('d6a174a4-2a27-424a-b4f2-a56796ee7308', 31, 365, 11422.4, TRUE) ON CONFLICT DO NOTHING;
INSERT INTO tiers (plan_id, min_days, max_days, price_inr, is_active) VALUES ('d6a174a4-2a27-424a-b4f2-a56796ee7308', 366, 730, 12909.2, TRUE) ON CONFLICT DO NOTHING;
INSERT INTO tiers (plan_id, min_days, max_days, price_inr, is_active) VALUES ('d6a174a4-2a27-424a-b4f2-a56796ee7308', 731, 1095, 14396.0, TRUE) ON CONFLICT DO NOTHING;
INSERT INTO plans (id, variant_id, plan_name, duration_months, max_kms) VALUES ('9c87f828-8a1d-475c-b207-ca5c5b18506d', '7ae3bc7e-e9d9-4d03-8ca6-d76504fccf65', '24 Months / 40,000 Kms', 24, 40000) ON CONFLICT DO NOTHING;
INSERT INTO tiers (plan_id, min_days, max_days, price_inr, is_active) VALUES ('9c87f828-8a1d-475c-b207-ca5c5b18506d', 0, 30, 11221.8, TRUE) ON CONFLICT DO NOTHING;
INSERT INTO tiers (plan_id, min_days, max_days, price_inr, is_active) VALUES ('9c87f828-8a1d-475c-b207-ca5c5b18506d', 31, 365, 12909.2, TRUE) ON CONFLICT DO NOTHING;
INSERT INTO tiers (plan_id, min_days, max_days, price_inr, is_active) VALUES ('9c87f828-8a1d-475c-b207-ca5c5b18506d', 366, 730, 14596.6, TRUE) ON CONFLICT DO NOTHING;
INSERT INTO tiers (plan_id, min_days, max_days, price_inr, is_active) VALUES ('9c87f828-8a1d-475c-b207-ca5c5b18506d', 731, 1095, 16272.2, TRUE) ON CONFLICT DO NOTHING;
INSERT INTO plans (id, variant_id, plan_name, duration_months, max_kms) VALUES ('242078d5-f3b1-451a-8d23-8837c64821cb', '7ae3bc7e-e9d9-4d03-8ca6-d76504fccf65', '36 Months / 60,000 Kms', 36, 60000) ON CONFLICT DO NOTHING;
INSERT INTO tiers (plan_id, min_days, max_days, price_inr, is_active) VALUES ('242078d5-f3b1-451a-8d23-8837c64821cb', 0, 30, 11811.8, TRUE) ON CONFLICT DO NOTHING;
INSERT INTO tiers (plan_id, min_days, max_days, price_inr, is_active) VALUES ('242078d5-f3b1-451a-8d23-8837c64821cb', 31, 365, 13593.6, TRUE) ON CONFLICT DO NOTHING;
INSERT INTO tiers (plan_id, min_days, max_days, price_inr, is_active) VALUES ('242078d5-f3b1-451a-8d23-8837c64821cb', 366, 730, 15363.6, TRUE) ON CONFLICT DO NOTHING;
INSERT INTO tiers (plan_id, min_days, max_days, price_inr, is_active) VALUES ('242078d5-f3b1-451a-8d23-8837c64821cb', 731, 1095, 17133.6, TRUE) ON CONFLICT DO NOTHING;
INSERT INTO models (id, brand_id, name) VALUES ('681e3ce5-b641-431b-b772-043a6d66b898', 'b1e782a2-c0d1-4b20-ae57-becb98f3ab90', 'NEW ERTIGA') ON CONFLICT DO NOTHING;
INSERT INTO variants (id, model_id, name, fuel, transmission, oem_warranty_months, oem_warranty_kms) VALUES ('0c0ec421-556f-4835-82b7-8f236425c582', '681e3ce5-b641-431b-b772-043a6d66b898', 'MARUTI ERTIGA SMART HYBRID LXI (O) 1.5L 5MT', 'Hybrid', 'Manual', 36, 100000) ON CONFLICT DO NOTHING;
INSERT INTO plans (id, variant_id, plan_name, duration_months, max_kms) VALUES ('6be33b03-df6f-417b-ba13-6f2ea25c577b', '0c0ec421-556f-4835-82b7-8f236425c582', '12 Months / 20,000 Kms', 12, 20000) ON CONFLICT DO NOTHING;
INSERT INTO tiers (plan_id, min_days, max_days, price_inr, is_active) VALUES ('6be33b03-df6f-417b-ba13-6f2ea25c577b', 0, 30, 13050.8, TRUE) ON CONFLICT DO NOTHING;
INSERT INTO tiers (plan_id, min_days, max_days, price_inr, is_active) VALUES ('6be33b03-df6f-417b-ba13-6f2ea25c577b', 31, 365, 15009.6, TRUE) ON CONFLICT DO NOTHING;
INSERT INTO tiers (plan_id, min_days, max_days, price_inr, is_active) VALUES ('6be33b03-df6f-417b-ba13-6f2ea25c577b', 366, 730, 16968.4, TRUE) ON CONFLICT DO NOTHING;
INSERT INTO tiers (plan_id, min_days, max_days, price_inr, is_active) VALUES ('6be33b03-df6f-417b-ba13-6f2ea25c577b', 731, 1095, 18927.2, TRUE) ON CONFLICT DO NOTHING;
INSERT INTO plans (id, variant_id, plan_name, duration_months, max_kms) VALUES ('d26534e0-26e3-42cb-be4b-bd11722e6b9b', '0c0ec421-556f-4835-82b7-8f236425c582', '24 Months / 40,000 Kms', 24, 40000) ON CONFLICT DO NOTHING;
INSERT INTO tiers (plan_id, min_days, max_days, price_inr, is_active) VALUES ('d26534e0-26e3-42cb-be4b-bd11722e6b9b', 0, 30, 14938.8, TRUE) ON CONFLICT DO NOTHING;
INSERT INTO tiers (plan_id, min_days, max_days, price_inr, is_active) VALUES ('d26534e0-26e3-42cb-be4b-bd11722e6b9b', 31, 365, 17180.8, TRUE) ON CONFLICT DO NOTHING;
INSERT INTO tiers (plan_id, min_days, max_days, price_inr, is_active) VALUES ('d26534e0-26e3-42cb-be4b-bd11722e6b9b', 366, 730, 19422.8, TRUE) ON CONFLICT DO NOTHING;
INSERT INTO tiers (plan_id, min_days, max_days, price_inr, is_active) VALUES ('d26534e0-26e3-42cb-be4b-bd11722e6b9b', 731, 1095, 21664.8, TRUE) ON CONFLICT DO NOTHING;
INSERT INTO plans (id, variant_id, plan_name, duration_months, max_kms) VALUES ('c14b030f-c360-499f-a397-185ab1e1217f', '0c0ec421-556f-4835-82b7-8f236425c582', '36 Months / 60,000 Kms', 36, 60000) ON CONFLICT DO NOTHING;
INSERT INTO tiers (plan_id, min_days, max_days, price_inr, is_active) VALUES ('c14b030f-c360-499f-a397-185ab1e1217f', 0, 30, 16826.8, TRUE) ON CONFLICT DO NOTHING;
INSERT INTO tiers (plan_id, min_days, max_days, price_inr, is_active) VALUES ('c14b030f-c360-499f-a397-185ab1e1217f', 31, 365, 19352.0, TRUE) ON CONFLICT DO NOTHING;
INSERT INTO tiers (plan_id, min_days, max_days, price_inr, is_active) VALUES ('c14b030f-c360-499f-a397-185ab1e1217f', 366, 730, 21877.2, TRUE) ON CONFLICT DO NOTHING;
INSERT INTO tiers (plan_id, min_days, max_days, price_inr, is_active) VALUES ('c14b030f-c360-499f-a397-185ab1e1217f', 731, 1095, 24402.4, TRUE) ON CONFLICT DO NOTHING;
INSERT INTO variants (id, model_id, name, fuel, transmission, oem_warranty_months, oem_warranty_kms) VALUES ('aa80b14e-36bb-4469-b0c2-506dd2282142', '681e3ce5-b641-431b-b772-043a6d66b898', 'MARUTI ERTIGA SMART HYBRID LXI 1.5L 5MT', 'Hybrid', 'Manual', 36, 100000) ON CONFLICT DO NOTHING;
INSERT INTO plans (id, variant_id, plan_name, duration_months, max_kms) VALUES ('ef6eb3b3-46b1-4c92-be9f-caf6b0f8423a', 'aa80b14e-36bb-4469-b0c2-506dd2282142', '12 Months / 20,000 Kms', 12, 20000) ON CONFLICT DO NOTHING;
INSERT INTO tiers (plan_id, min_days, max_days, price_inr, is_active) VALUES ('ef6eb3b3-46b1-4c92-be9f-caf6b0f8423a', 0, 30, 12390.0, TRUE) ON CONFLICT DO NOTHING;
INSERT INTO tiers (plan_id, min_days, max_days, price_inr, is_active) VALUES ('ef6eb3b3-46b1-4c92-be9f-caf6b0f8423a', 31, 365, 14254.4, TRUE) ON CONFLICT DO NOTHING;
INSERT INTO tiers (plan_id, min_days, max_days, price_inr, is_active) VALUES ('ef6eb3b3-46b1-4c92-be9f-caf6b0f8423a', 366, 730, 16107.0, TRUE) ON CONFLICT DO NOTHING;
INSERT INTO tiers (plan_id, min_days, max_days, price_inr, is_active) VALUES ('ef6eb3b3-46b1-4c92-be9f-caf6b0f8423a', 731, 1095, 17971.4, TRUE) ON CONFLICT DO NOTHING;
INSERT INTO plans (id, variant_id, plan_name, duration_months, max_kms) VALUES ('8dee58aa-847f-494d-8507-8563ea5b3d36', 'aa80b14e-36bb-4469-b0c2-506dd2282142', '24 Months / 40,000 Kms', 24, 40000) ON CONFLICT DO NOTHING;
INSERT INTO tiers (plan_id, min_days, max_days, price_inr, is_active) VALUES ('8dee58aa-847f-494d-8507-8563ea5b3d36', 0, 30, 14278.0, TRUE) ON CONFLICT DO NOTHING;
INSERT INTO tiers (plan_id, min_days, max_days, price_inr, is_active) VALUES ('8dee58aa-847f-494d-8507-8563ea5b3d36', 31, 365, 16425.6, TRUE) ON CONFLICT DO NOTHING;
INSERT INTO tiers (plan_id, min_days, max_days, price_inr, is_active) VALUES ('8dee58aa-847f-494d-8507-8563ea5b3d36', 366, 730, 18561.4, TRUE) ON CONFLICT DO NOTHING;
INSERT INTO tiers (plan_id, min_days, max_days, price_inr, is_active) VALUES ('8dee58aa-847f-494d-8507-8563ea5b3d36', 731, 1095, 20709.0, TRUE) ON CONFLICT DO NOTHING;
INSERT INTO plans (id, variant_id, plan_name, duration_months, max_kms) VALUES ('c1ab5946-b36e-4eea-be90-62a43996ae2e', 'aa80b14e-36bb-4469-b0c2-506dd2282142', '36 Months / 60,000 Kms', 36, 60000) ON CONFLICT DO NOTHING;
INSERT INTO tiers (plan_id, min_days, max_days, price_inr, is_active) VALUES ('c1ab5946-b36e-4eea-be90-62a43996ae2e', 0, 30, 16166.0, TRUE) ON CONFLICT DO NOTHING;
INSERT INTO tiers (plan_id, min_days, max_days, price_inr, is_active) VALUES ('c1ab5946-b36e-4eea-be90-62a43996ae2e', 31, 365, 18596.8, TRUE) ON CONFLICT DO NOTHING;
INSERT INTO tiers (plan_id, min_days, max_days, price_inr, is_active) VALUES ('c1ab5946-b36e-4eea-be90-62a43996ae2e', 366, 730, 21015.8, TRUE) ON CONFLICT DO NOTHING;
INSERT INTO tiers (plan_id, min_days, max_days, price_inr, is_active) VALUES ('c1ab5946-b36e-4eea-be90-62a43996ae2e', 731, 1095, 23446.6, TRUE) ON CONFLICT DO NOTHING;
INSERT INTO variants (id, model_id, name, fuel, transmission, oem_warranty_months, oem_warranty_kms) VALUES ('1e04e731-0554-456c-aa92-42633d920726', '681e3ce5-b641-431b-b772-043a6d66b898', 'MARUTI ERTIGA SMART HYBRID VXI (O) 1.5L 5MT', 'Hybrid', 'Manual', 36, 100000) ON CONFLICT DO NOTHING;
INSERT INTO plans (id, variant_id, plan_name, duration_months, max_kms) VALUES ('c2e9d6d3-d580-4652-91b9-b63e29b79021', '1e04e731-0554-456c-aa92-42633d920726', '12 Months / 20,000 Kms', 12, 20000) ON CONFLICT DO NOTHING;
INSERT INTO tiers (plan_id, min_days, max_days, price_inr, is_active) VALUES ('c2e9d6d3-d580-4652-91b9-b63e29b79021', 0, 30, 15257.4, TRUE) ON CONFLICT DO NOTHING;
INSERT INTO tiers (plan_id, min_days, max_days, price_inr, is_active) VALUES ('c2e9d6d3-d580-4652-91b9-b63e29b79021', 31, 365, 17546.6, TRUE) ON CONFLICT DO NOTHING;
INSERT INTO tiers (plan_id, min_days, max_days, price_inr, is_active) VALUES ('c2e9d6d3-d580-4652-91b9-b63e29b79021', 366, 730, 19835.8, TRUE) ON CONFLICT DO NOTHING;
INSERT INTO tiers (plan_id, min_days, max_days, price_inr, is_active) VALUES ('c2e9d6d3-d580-4652-91b9-b63e29b79021', 731, 1095, 22125.0, TRUE) ON CONFLICT DO NOTHING;
INSERT INTO plans (id, variant_id, plan_name, duration_months, max_kms) VALUES ('2b1b8501-60ad-4837-8636-a522f29dff51', '1e04e731-0554-456c-aa92-42633d920726', '24 Months / 40,000 Kms', 24, 40000) ON CONFLICT DO NOTHING;
INSERT INTO tiers (plan_id, min_days, max_days, price_inr, is_active) VALUES ('2b1b8501-60ad-4837-8636-a522f29dff51', 0, 30, 17145.4, TRUE) ON CONFLICT DO NOTHING;
INSERT INTO tiers (plan_id, min_days, max_days, price_inr, is_active) VALUES ('2b1b8501-60ad-4837-8636-a522f29dff51', 31, 365, 19717.8, TRUE) ON CONFLICT DO NOTHING;
INSERT INTO tiers (plan_id, min_days, max_days, price_inr, is_active) VALUES ('2b1b8501-60ad-4837-8636-a522f29dff51', 366, 730, 22290.2, TRUE) ON CONFLICT DO NOTHING;
INSERT INTO tiers (plan_id, min_days, max_days, price_inr, is_active) VALUES ('2b1b8501-60ad-4837-8636-a522f29dff51', 731, 1095, 24862.6, TRUE) ON CONFLICT DO NOTHING;
INSERT INTO plans (id, variant_id, plan_name, duration_months, max_kms) VALUES ('d7e7b784-530a-4122-b4de-58092ee3b376', '1e04e731-0554-456c-aa92-42633d920726', '36 Months / 60,000 Kms', 36, 60000) ON CONFLICT DO NOTHING;
INSERT INTO tiers (plan_id, min_days, max_days, price_inr, is_active) VALUES ('d7e7b784-530a-4122-b4de-58092ee3b376', 0, 30, 19033.4, TRUE) ON CONFLICT DO NOTHING;
INSERT INTO tiers (plan_id, min_days, max_days, price_inr, is_active) VALUES ('d7e7b784-530a-4122-b4de-58092ee3b376', 31, 365, 21889.0, TRUE) ON CONFLICT DO NOTHING;
INSERT INTO tiers (plan_id, min_days, max_days, price_inr, is_active) VALUES ('d7e7b784-530a-4122-b4de-58092ee3b376', 366, 730, 24744.6, TRUE) ON CONFLICT DO NOTHING;
INSERT INTO tiers (plan_id, min_days, max_days, price_inr, is_active) VALUES ('d7e7b784-530a-4122-b4de-58092ee3b376', 731, 1095, 27600.2, TRUE) ON CONFLICT DO NOTHING;
INSERT INTO variants (id, model_id, name, fuel, transmission, oem_warranty_months, oem_warranty_kms) VALUES ('7f7524b9-8d9e-4551-b76b-6db618262007', '681e3ce5-b641-431b-b772-043a6d66b898', 'MARUTI ERTIGA SMART HYBRID VXI 1.5L 4AT', 'Hybrid', 'Automatic', 36, 100000) ON CONFLICT DO NOTHING;
INSERT INTO plans (id, variant_id, plan_name, duration_months, max_kms) VALUES ('633522ed-d886-4eb7-a311-9c47c79ad55d', '7f7524b9-8d9e-4551-b76b-6db618262007', '12 Months / 20,000 Kms', 12, 20000) ON CONFLICT DO NOTHING;
INSERT INTO tiers (plan_id, min_days, max_days, price_inr, is_active) VALUES ('633522ed-d886-4eb7-a311-9c47c79ad55d', 0, 30, 15823.8, TRUE) ON CONFLICT DO NOTHING;
INSERT INTO tiers (plan_id, min_days, max_days, price_inr, is_active) VALUES ('633522ed-d886-4eb7-a311-9c47c79ad55d', 31, 365, 18207.4, TRUE) ON CONFLICT DO NOTHING;
INSERT INTO tiers (plan_id, min_days, max_days, price_inr, is_active) VALUES ('633522ed-d886-4eb7-a311-9c47c79ad55d', 366, 730, 20579.2, TRUE) ON CONFLICT DO NOTHING;
INSERT INTO tiers (plan_id, min_days, max_days, price_inr, is_active) VALUES ('633522ed-d886-4eb7-a311-9c47c79ad55d', 731, 1095, 22951.0, TRUE) ON CONFLICT DO NOTHING;
INSERT INTO plans (id, variant_id, plan_name, duration_months, max_kms) VALUES ('9ac76461-d77a-448c-9978-b80ee9a22e90', '7f7524b9-8d9e-4551-b76b-6db618262007', '24 Months / 40,000 Kms', 24, 40000) ON CONFLICT DO NOTHING;
INSERT INTO tiers (plan_id, min_days, max_days, price_inr, is_active) VALUES ('9ac76461-d77a-448c-9978-b80ee9a22e90', 0, 30, 17711.8, TRUE) ON CONFLICT DO NOTHING;
INSERT INTO tiers (plan_id, min_days, max_days, price_inr, is_active) VALUES ('9ac76461-d77a-448c-9978-b80ee9a22e90', 31, 365, 20378.6, TRUE) ON CONFLICT DO NOTHING;
INSERT INTO tiers (plan_id, min_days, max_days, price_inr, is_active) VALUES ('9ac76461-d77a-448c-9978-b80ee9a22e90', 366, 730, 23033.6, TRUE) ON CONFLICT DO NOTHING;
INSERT INTO tiers (plan_id, min_days, max_days, price_inr, is_active) VALUES ('9ac76461-d77a-448c-9978-b80ee9a22e90', 731, 1095, 25688.6, TRUE) ON CONFLICT DO NOTHING;
INSERT INTO plans (id, variant_id, plan_name, duration_months, max_kms) VALUES ('21748d28-1545-45f5-bd79-0f4d930c57cb', '7f7524b9-8d9e-4551-b76b-6db618262007', '36 Months / 60,000 Kms', 36, 60000) ON CONFLICT DO NOTHING;
INSERT INTO tiers (plan_id, min_days, max_days, price_inr, is_active) VALUES ('21748d28-1545-45f5-bd79-0f4d930c57cb', 0, 30, 19599.8, TRUE) ON CONFLICT DO NOTHING;
INSERT INTO tiers (plan_id, min_days, max_days, price_inr, is_active) VALUES ('21748d28-1545-45f5-bd79-0f4d930c57cb', 31, 365, 22549.8, TRUE) ON CONFLICT DO NOTHING;
INSERT INTO tiers (plan_id, min_days, max_days, price_inr, is_active) VALUES ('21748d28-1545-45f5-bd79-0f4d930c57cb', 366, 730, 25488.0, TRUE) ON CONFLICT DO NOTHING;
INSERT INTO tiers (plan_id, min_days, max_days, price_inr, is_active) VALUES ('21748d28-1545-45f5-bd79-0f4d930c57cb', 731, 1095, 28426.2, TRUE) ON CONFLICT DO NOTHING;
INSERT INTO variants (id, model_id, name, fuel, transmission, oem_warranty_months, oem_warranty_kms) VALUES ('70f33b10-5d47-421a-a45e-41e6697624bd', '681e3ce5-b641-431b-b772-043a6d66b898', 'MARUTI ERTIGA SMART HYBRID VXI 1.5L 5MT', 'Hybrid', 'Manual', 36, 100000) ON CONFLICT DO NOTHING;
INSERT INTO plans (id, variant_id, plan_name, duration_months, max_kms) VALUES ('52a0cc09-e72b-461e-931c-385a6d49d40f', '70f33b10-5d47-421a-a45e-41e6697624bd', '12 Months / 20,000 Kms', 12, 20000) ON CONFLICT DO NOTHING;
INSERT INTO tiers (plan_id, min_days, max_days, price_inr, is_active) VALUES ('52a0cc09-e72b-461e-931c-385a6d49d40f', 0, 30, 14596.6, TRUE) ON CONFLICT DO NOTHING;
INSERT INTO tiers (plan_id, min_days, max_days, price_inr, is_active) VALUES ('52a0cc09-e72b-461e-931c-385a6d49d40f', 31, 365, 16791.4, TRUE) ON CONFLICT DO NOTHING;
INSERT INTO tiers (plan_id, min_days, max_days, price_inr, is_active) VALUES ('52a0cc09-e72b-461e-931c-385a6d49d40f', 366, 730, 18986.2, TRUE) ON CONFLICT DO NOTHING;
INSERT INTO tiers (plan_id, min_days, max_days, price_inr, is_active) VALUES ('52a0cc09-e72b-461e-931c-385a6d49d40f', 731, 1095, 21169.2, TRUE) ON CONFLICT DO NOTHING;
INSERT INTO plans (id, variant_id, plan_name, duration_months, max_kms) VALUES ('266e6cf8-d64e-424d-87c7-49ce7486df74', '70f33b10-5d47-421a-a45e-41e6697624bd', '24 Months / 40,000 Kms', 24, 40000) ON CONFLICT DO NOTHING;
INSERT INTO tiers (plan_id, min_days, max_days, price_inr, is_active) VALUES ('266e6cf8-d64e-424d-87c7-49ce7486df74', 0, 30, 16484.6, TRUE) ON CONFLICT DO NOTHING;
INSERT INTO tiers (plan_id, min_days, max_days, price_inr, is_active) VALUES ('266e6cf8-d64e-424d-87c7-49ce7486df74', 31, 365, 18962.6, TRUE) ON CONFLICT DO NOTHING;
INSERT INTO tiers (plan_id, min_days, max_days, price_inr, is_active) VALUES ('266e6cf8-d64e-424d-87c7-49ce7486df74', 366, 730, 21440.6, TRUE) ON CONFLICT DO NOTHING;
INSERT INTO tiers (plan_id, min_days, max_days, price_inr, is_active) VALUES ('266e6cf8-d64e-424d-87c7-49ce7486df74', 731, 1095, 23906.8, TRUE) ON CONFLICT DO NOTHING;
INSERT INTO plans (id, variant_id, plan_name, duration_months, max_kms) VALUES ('d9fb6fc9-9787-493e-915c-fa08076c0f13', '70f33b10-5d47-421a-a45e-41e6697624bd', '36 Months / 60,000 Kms', 36, 60000) ON CONFLICT DO NOTHING;
INSERT INTO tiers (plan_id, min_days, max_days, price_inr, is_active) VALUES ('d9fb6fc9-9787-493e-915c-fa08076c0f13', 0, 30, 18372.6, TRUE) ON CONFLICT DO NOTHING;
INSERT INTO tiers (plan_id, min_days, max_days, price_inr, is_active) VALUES ('d9fb6fc9-9787-493e-915c-fa08076c0f13', 31, 365, 21133.8, TRUE) ON CONFLICT DO NOTHING;
INSERT INTO tiers (plan_id, min_days, max_days, price_inr, is_active) VALUES ('d9fb6fc9-9787-493e-915c-fa08076c0f13', 366, 730, 23895.0, TRUE) ON CONFLICT DO NOTHING;
INSERT INTO tiers (plan_id, min_days, max_days, price_inr, is_active) VALUES ('d9fb6fc9-9787-493e-915c-fa08076c0f13', 731, 1095, 26644.4, TRUE) ON CONFLICT DO NOTHING;
INSERT INTO variants (id, model_id, name, fuel, transmission, oem_warranty_months, oem_warranty_kms) VALUES ('bd24e45c-d9db-4426-ba0e-acb445daffa9', '681e3ce5-b641-431b-b772-043a6d66b898', 'MARUTI ERTIGA SMART HYBRID VXI 1.5L 6AT', 'Hybrid', 'Automatic', 36, 100000) ON CONFLICT DO NOTHING;
INSERT INTO plans (id, variant_id, plan_name, duration_months, max_kms) VALUES ('ccc0fc25-b3a5-48c3-9963-208d46ff6662', 'bd24e45c-d9db-4426-ba0e-acb445daffa9', '12 Months / 20,000 Kms', 12, 20000) ON CONFLICT DO NOTHING;
INSERT INTO tiers (plan_id, min_days, max_days, price_inr, is_active) VALUES ('ccc0fc25-b3a5-48c3-9963-208d46ff6662', 0, 30, 18054.0, TRUE) ON CONFLICT DO NOTHING;
INSERT INTO tiers (plan_id, min_days, max_days, price_inr, is_active) VALUES ('ccc0fc25-b3a5-48c3-9963-208d46ff6662', 31, 365, 20768.0, TRUE) ON CONFLICT DO NOTHING;
INSERT INTO tiers (plan_id, min_days, max_days, price_inr, is_active) VALUES ('ccc0fc25-b3a5-48c3-9963-208d46ff6662', 366, 730, 23470.2, TRUE) ON CONFLICT DO NOTHING;
INSERT INTO tiers (plan_id, min_days, max_days, price_inr, is_active) VALUES ('ccc0fc25-b3a5-48c3-9963-208d46ff6662', 731, 1095, 26184.2, TRUE) ON CONFLICT DO NOTHING;
INSERT INTO plans (id, variant_id, plan_name, duration_months, max_kms) VALUES ('96c7a765-c62b-4416-8fae-fac57a6999a1', 'bd24e45c-d9db-4426-ba0e-acb445daffa9', '24 Months / 40,000 Kms', 24, 40000) ON CONFLICT DO NOTHING;
INSERT INTO tiers (plan_id, min_days, max_days, price_inr, is_active) VALUES ('96c7a765-c62b-4416-8fae-fac57a6999a1', 0, 30, 19942.0, TRUE) ON CONFLICT DO NOTHING;
INSERT INTO tiers (plan_id, min_days, max_days, price_inr, is_active) VALUES ('96c7a765-c62b-4416-8fae-fac57a6999a1', 31, 365, 22939.2, TRUE) ON CONFLICT DO NOTHING;
INSERT INTO tiers (plan_id, min_days, max_days, price_inr, is_active) VALUES ('96c7a765-c62b-4416-8fae-fac57a6999a1', 366, 730, 25924.6, TRUE) ON CONFLICT DO NOTHING;
INSERT INTO tiers (plan_id, min_days, max_days, price_inr, is_active) VALUES ('96c7a765-c62b-4416-8fae-fac57a6999a1', 731, 1095, 28921.8, TRUE) ON CONFLICT DO NOTHING;
INSERT INTO plans (id, variant_id, plan_name, duration_months, max_kms) VALUES ('4c533b66-209e-4d3e-85b3-f4f244bad594', 'bd24e45c-d9db-4426-ba0e-acb445daffa9', '36 Months / 60,000 Kms', 36, 60000) ON CONFLICT DO NOTHING;
INSERT INTO tiers (plan_id, min_days, max_days, price_inr, is_active) VALUES ('4c533b66-209e-4d3e-85b3-f4f244bad594', 0, 30, 21830.0, TRUE) ON CONFLICT DO NOTHING;
INSERT INTO tiers (plan_id, min_days, max_days, price_inr, is_active) VALUES ('4c533b66-209e-4d3e-85b3-f4f244bad594', 31, 365, 25110.4, TRUE) ON CONFLICT DO NOTHING;
INSERT INTO tiers (plan_id, min_days, max_days, price_inr, is_active) VALUES ('4c533b66-209e-4d3e-85b3-f4f244bad594', 366, 730, 28379.0, TRUE) ON CONFLICT DO NOTHING;
INSERT INTO tiers (plan_id, min_days, max_days, price_inr, is_active) VALUES ('4c533b66-209e-4d3e-85b3-f4f244bad594', 731, 1095, 31659.4, TRUE) ON CONFLICT DO NOTHING;
INSERT INTO variants (id, model_id, name, fuel, transmission, oem_warranty_months, oem_warranty_kms) VALUES ('933c163a-00d9-4068-a07c-e9f65e75dacf', '681e3ce5-b641-431b-b772-043a6d66b898', 'MARUTI ERTIGA SMART HYBRID ZXI (O) 1.5L 5MT', 'Hybrid', 'Manual', 36, 100000) ON CONFLICT DO NOTHING;
INSERT INTO plans (id, variant_id, plan_name, duration_months, max_kms) VALUES ('271eaed2-fa23-4548-bb2f-5b9c8f91ad07', '933c163a-00d9-4068-a07c-e9f65e75dacf', '12 Months / 20,000 Kms', 12, 20000) ON CONFLICT DO NOTHING;
INSERT INTO tiers (plan_id, min_days, max_days, price_inr, is_active) VALUES ('271eaed2-fa23-4548-bb2f-5b9c8f91ad07', 0, 30, 17381.4, TRUE) ON CONFLICT DO NOTHING;
INSERT INTO tiers (plan_id, min_days, max_days, price_inr, is_active) VALUES ('271eaed2-fa23-4548-bb2f-5b9c8f91ad07', 31, 365, 19989.2, TRUE) ON CONFLICT DO NOTHING;
INSERT INTO tiers (plan_id, min_days, max_days, price_inr, is_active) VALUES ('271eaed2-fa23-4548-bb2f-5b9c8f91ad07', 366, 730, 22597.0, TRUE) ON CONFLICT DO NOTHING;
INSERT INTO tiers (plan_id, min_days, max_days, price_inr, is_active) VALUES ('271eaed2-fa23-4548-bb2f-5b9c8f91ad07', 731, 1095, 25204.8, TRUE) ON CONFLICT DO NOTHING;
INSERT INTO plans (id, variant_id, plan_name, duration_months, max_kms) VALUES ('1ff3586d-577a-4da5-a443-ebb390dda2e2', '933c163a-00d9-4068-a07c-e9f65e75dacf', '24 Months / 40,000 Kms', 24, 40000) ON CONFLICT DO NOTHING;
INSERT INTO tiers (plan_id, min_days, max_days, price_inr, is_active) VALUES ('1ff3586d-577a-4da5-a443-ebb390dda2e2', 0, 30, 19269.4, TRUE) ON CONFLICT DO NOTHING;
INSERT INTO tiers (plan_id, min_days, max_days, price_inr, is_active) VALUES ('1ff3586d-577a-4da5-a443-ebb390dda2e2', 31, 365, 22160.4, TRUE) ON CONFLICT DO NOTHING;
INSERT INTO tiers (plan_id, min_days, max_days, price_inr, is_active) VALUES ('1ff3586d-577a-4da5-a443-ebb390dda2e2', 366, 730, 25051.4, TRUE) ON CONFLICT DO NOTHING;
INSERT INTO tiers (plan_id, min_days, max_days, price_inr, is_active) VALUES ('1ff3586d-577a-4da5-a443-ebb390dda2e2', 731, 1095, 27942.4, TRUE) ON CONFLICT DO NOTHING;
INSERT INTO plans (id, variant_id, plan_name, duration_months, max_kms) VALUES ('ed022d9e-7bee-4971-b014-0e0bbda8fb55', '933c163a-00d9-4068-a07c-e9f65e75dacf', '36 Months / 60,000 Kms', 36, 60000) ON CONFLICT DO NOTHING;
INSERT INTO tiers (plan_id, min_days, max_days, price_inr, is_active) VALUES ('ed022d9e-7bee-4971-b014-0e0bbda8fb55', 0, 30, 21157.4, TRUE) ON CONFLICT DO NOTHING;
INSERT INTO tiers (plan_id, min_days, max_days, price_inr, is_active) VALUES ('ed022d9e-7bee-4971-b014-0e0bbda8fb55', 31, 365, 24331.6, TRUE) ON CONFLICT DO NOTHING;
INSERT INTO tiers (plan_id, min_days, max_days, price_inr, is_active) VALUES ('ed022d9e-7bee-4971-b014-0e0bbda8fb55', 366, 730, 27505.8, TRUE) ON CONFLICT DO NOTHING;
INSERT INTO tiers (plan_id, min_days, max_days, price_inr, is_active) VALUES ('ed022d9e-7bee-4971-b014-0e0bbda8fb55', 731, 1095, 30680.0, TRUE) ON CONFLICT DO NOTHING;
INSERT INTO variants (id, model_id, name, fuel, transmission, oem_warranty_months, oem_warranty_kms) VALUES ('2a6bc49c-7768-48e9-bb9d-dd8406fa42ac', '681e3ce5-b641-431b-b772-043a6d66b898', 'MARUTI ERTIGA SMART HYBRID ZXI 1.5L 4AT', 'Hybrid', 'Automatic', 36, 100000) ON CONFLICT DO NOTHING;
INSERT INTO plans (id, variant_id, plan_name, duration_months, max_kms) VALUES ('6a99f8f3-95c3-4bb7-8277-78945a31e325', '2a6bc49c-7768-48e9-bb9d-dd8406fa42ac', '12 Months / 20,000 Kms', 12, 20000) ON CONFLICT DO NOTHING;
INSERT INTO tiers (plan_id, min_days, max_days, price_inr, is_active) VALUES ('6a99f8f3-95c3-4bb7-8277-78945a31e325', 0, 30, 17239.8, TRUE) ON CONFLICT DO NOTHING;
INSERT INTO tiers (plan_id, min_days, max_days, price_inr, is_active) VALUES ('6a99f8f3-95c3-4bb7-8277-78945a31e325', 31, 365, 19835.8, TRUE) ON CONFLICT DO NOTHING;
INSERT INTO tiers (plan_id, min_days, max_days, price_inr, is_active) VALUES ('6a99f8f3-95c3-4bb7-8277-78945a31e325', 366, 730, 22420.0, TRUE) ON CONFLICT DO NOTHING;
INSERT INTO tiers (plan_id, min_days, max_days, price_inr, is_active) VALUES ('6a99f8f3-95c3-4bb7-8277-78945a31e325', 731, 1095, 25004.2, TRUE) ON CONFLICT DO NOTHING;
INSERT INTO plans (id, variant_id, plan_name, duration_months, max_kms) VALUES ('348d9f96-c7b3-42e9-b042-ffa16a9a9c34', '2a6bc49c-7768-48e9-bb9d-dd8406fa42ac', '24 Months / 40,000 Kms', 24, 40000) ON CONFLICT DO NOTHING;
INSERT INTO tiers (plan_id, min_days, max_days, price_inr, is_active) VALUES ('348d9f96-c7b3-42e9-b042-ffa16a9a9c34', 0, 30, 19127.8, TRUE) ON CONFLICT DO NOTHING;
INSERT INTO tiers (plan_id, min_days, max_days, price_inr, is_active) VALUES ('348d9f96-c7b3-42e9-b042-ffa16a9a9c34', 31, 365, 22007.0, TRUE) ON CONFLICT DO NOTHING;
INSERT INTO tiers (plan_id, min_days, max_days, price_inr, is_active) VALUES ('348d9f96-c7b3-42e9-b042-ffa16a9a9c34', 366, 730, 24874.4, TRUE) ON CONFLICT DO NOTHING;
INSERT INTO tiers (plan_id, min_days, max_days, price_inr, is_active) VALUES ('348d9f96-c7b3-42e9-b042-ffa16a9a9c34', 731, 1095, 27741.8, TRUE) ON CONFLICT DO NOTHING;
INSERT INTO plans (id, variant_id, plan_name, duration_months, max_kms) VALUES ('f7c8eb77-16f5-4c8e-9188-6eb2251eb2dc', '2a6bc49c-7768-48e9-bb9d-dd8406fa42ac', '36 Months / 60,000 Kms', 36, 60000) ON CONFLICT DO NOTHING;
INSERT INTO tiers (plan_id, min_days, max_days, price_inr, is_active) VALUES ('f7c8eb77-16f5-4c8e-9188-6eb2251eb2dc', 0, 30, 21015.8, TRUE) ON CONFLICT DO NOTHING;
INSERT INTO tiers (plan_id, min_days, max_days, price_inr, is_active) VALUES ('f7c8eb77-16f5-4c8e-9188-6eb2251eb2dc', 31, 365, 24178.2, TRUE) ON CONFLICT DO NOTHING;
INSERT INTO tiers (plan_id, min_days, max_days, price_inr, is_active) VALUES ('f7c8eb77-16f5-4c8e-9188-6eb2251eb2dc', 366, 730, 27328.8, TRUE) ON CONFLICT DO NOTHING;
INSERT INTO tiers (plan_id, min_days, max_days, price_inr, is_active) VALUES ('f7c8eb77-16f5-4c8e-9188-6eb2251eb2dc', 731, 1095, 30479.4, TRUE) ON CONFLICT DO NOTHING;
INSERT INTO variants (id, model_id, name, fuel, transmission, oem_warranty_months, oem_warranty_kms) VALUES ('31100560-ab23-4613-a9b1-50de5fb229c7', '681e3ce5-b641-431b-b772-043a6d66b898', 'MARUTI ERTIGA SMART HYBRID ZXI 1.5L 5MT', 'Hybrid', 'Manual', 36, 100000) ON CONFLICT DO NOTHING;
INSERT INTO plans (id, variant_id, plan_name, duration_months, max_kms) VALUES ('7aaf1797-7a8e-4117-b581-a01a28e2b95c', '31100560-ab23-4613-a9b1-50de5fb229c7', '12 Months / 20,000 Kms', 12, 20000) ON CONFLICT DO NOTHING;
INSERT INTO tiers (plan_id, min_days, max_days, price_inr, is_active) VALUES ('7aaf1797-7a8e-4117-b581-a01a28e2b95c', 0, 30, 16720.6, TRUE) ON CONFLICT DO NOTHING;
INSERT INTO tiers (plan_id, min_days, max_days, price_inr, is_active) VALUES ('7aaf1797-7a8e-4117-b581-a01a28e2b95c', 31, 365, 19234.0, TRUE) ON CONFLICT DO NOTHING;
INSERT INTO tiers (plan_id, min_days, max_days, price_inr, is_active) VALUES ('7aaf1797-7a8e-4117-b581-a01a28e2b95c', 366, 730, 21747.4, TRUE) ON CONFLICT DO NOTHING;
INSERT INTO tiers (plan_id, min_days, max_days, price_inr, is_active) VALUES ('7aaf1797-7a8e-4117-b581-a01a28e2b95c', 731, 1095, 24249.0, TRUE) ON CONFLICT DO NOTHING;
INSERT INTO plans (id, variant_id, plan_name, duration_months, max_kms) VALUES ('ce090c41-4d2e-487e-9dcc-a6dfdfbfa682', '31100560-ab23-4613-a9b1-50de5fb229c7', '24 Months / 40,000 Kms', 24, 40000) ON CONFLICT DO NOTHING;
INSERT INTO tiers (plan_id, min_days, max_days, price_inr, is_active) VALUES ('ce090c41-4d2e-487e-9dcc-a6dfdfbfa682', 0, 30, 18608.6, TRUE) ON CONFLICT DO NOTHING;
INSERT INTO tiers (plan_id, min_days, max_days, price_inr, is_active) VALUES ('ce090c41-4d2e-487e-9dcc-a6dfdfbfa682', 31, 365, 21405.2, TRUE) ON CONFLICT DO NOTHING;
INSERT INTO tiers (plan_id, min_days, max_days, price_inr, is_active) VALUES ('ce090c41-4d2e-487e-9dcc-a6dfdfbfa682', 366, 730, 24201.8, TRUE) ON CONFLICT DO NOTHING;
INSERT INTO tiers (plan_id, min_days, max_days, price_inr, is_active) VALUES ('ce090c41-4d2e-487e-9dcc-a6dfdfbfa682', 731, 1095, 26986.6, TRUE) ON CONFLICT DO NOTHING;
INSERT INTO plans (id, variant_id, plan_name, duration_months, max_kms) VALUES ('cc4a646a-39ba-49ac-8f43-f64a1223217f', '31100560-ab23-4613-a9b1-50de5fb229c7', '36 Months / 60,000 Kms', 36, 60000) ON CONFLICT DO NOTHING;
INSERT INTO tiers (plan_id, min_days, max_days, price_inr, is_active) VALUES ('cc4a646a-39ba-49ac-8f43-f64a1223217f', 0, 30, 20496.6, TRUE) ON CONFLICT DO NOTHING;
INSERT INTO tiers (plan_id, min_days, max_days, price_inr, is_active) VALUES ('cc4a646a-39ba-49ac-8f43-f64a1223217f', 31, 365, 23576.4, TRUE) ON CONFLICT DO NOTHING;
INSERT INTO tiers (plan_id, min_days, max_days, price_inr, is_active) VALUES ('cc4a646a-39ba-49ac-8f43-f64a1223217f', 366, 730, 26656.2, TRUE) ON CONFLICT DO NOTHING;
INSERT INTO tiers (plan_id, min_days, max_days, price_inr, is_active) VALUES ('cc4a646a-39ba-49ac-8f43-f64a1223217f', 731, 1095, 29724.2, TRUE) ON CONFLICT DO NOTHING;
INSERT INTO variants (id, model_id, name, fuel, transmission, oem_warranty_months, oem_warranty_kms) VALUES ('f3c118de-adbc-49ed-bf93-7731946312f3', '681e3ce5-b641-431b-b772-043a6d66b898', 'MARUTI ERTIGA SMART HYBRID ZXI 1.5L 6AT', 'Hybrid', 'Automatic', 36, 100000) ON CONFLICT DO NOTHING;
INSERT INTO plans (id, variant_id, plan_name, duration_months, max_kms) VALUES ('9fb8b193-3bdd-4637-aeb2-f6c35e190b84', 'f3c118de-adbc-49ed-bf93-7731946312f3', '12 Months / 20,000 Kms', 12, 20000) ON CONFLICT DO NOTHING;
INSERT INTO tiers (plan_id, min_days, max_days, price_inr, is_active) VALUES ('9fb8b193-3bdd-4637-aeb2-f6c35e190b84', 0, 30, 20189.8, TRUE) ON CONFLICT DO NOTHING;
INSERT INTO tiers (plan_id, min_days, max_days, price_inr, is_active) VALUES ('9fb8b193-3bdd-4637-aeb2-f6c35e190b84', 31, 365, 23222.4, TRUE) ON CONFLICT DO NOTHING;
INSERT INTO tiers (plan_id, min_days, max_days, price_inr, is_active) VALUES ('9fb8b193-3bdd-4637-aeb2-f6c35e190b84', 366, 730, 26255.0, TRUE) ON CONFLICT DO NOTHING;
INSERT INTO tiers (plan_id, min_days, max_days, price_inr, is_active) VALUES ('9fb8b193-3bdd-4637-aeb2-f6c35e190b84', 731, 1095, 29275.8, TRUE) ON CONFLICT DO NOTHING;
INSERT INTO plans (id, variant_id, plan_name, duration_months, max_kms) VALUES ('c24bb2bf-fd56-4d60-87ce-aaa25f15da60', 'f3c118de-adbc-49ed-bf93-7731946312f3', '24 Months / 40,000 Kms', 24, 40000) ON CONFLICT DO NOTHING;
INSERT INTO tiers (plan_id, min_days, max_days, price_inr, is_active) VALUES ('c24bb2bf-fd56-4d60-87ce-aaa25f15da60', 0, 30, 22077.8, TRUE) ON CONFLICT DO NOTHING;
INSERT INTO tiers (plan_id, min_days, max_days, price_inr, is_active) VALUES ('c24bb2bf-fd56-4d60-87ce-aaa25f15da60', 31, 365, 25393.6, TRUE) ON CONFLICT DO NOTHING;
INSERT INTO tiers (plan_id, min_days, max_days, price_inr, is_active) VALUES ('c24bb2bf-fd56-4d60-87ce-aaa25f15da60', 366, 730, 28709.4, TRUE) ON CONFLICT DO NOTHING;
INSERT INTO tiers (plan_id, min_days, max_days, price_inr, is_active) VALUES ('c24bb2bf-fd56-4d60-87ce-aaa25f15da60', 731, 1095, 32013.4, TRUE) ON CONFLICT DO NOTHING;
INSERT INTO plans (id, variant_id, plan_name, duration_months, max_kms) VALUES ('a034a6df-b507-45f6-8e04-fa95b61a92fe', 'f3c118de-adbc-49ed-bf93-7731946312f3', '36 Months / 60,000 Kms', 36, 60000) ON CONFLICT DO NOTHING;
INSERT INTO tiers (plan_id, min_days, max_days, price_inr, is_active) VALUES ('a034a6df-b507-45f6-8e04-fa95b61a92fe', 0, 30, 23965.8, TRUE) ON CONFLICT DO NOTHING;
INSERT INTO tiers (plan_id, min_days, max_days, price_inr, is_active) VALUES ('a034a6df-b507-45f6-8e04-fa95b61a92fe', 31, 365, 27564.8, TRUE) ON CONFLICT DO NOTHING;
INSERT INTO tiers (plan_id, min_days, max_days, price_inr, is_active) VALUES ('a034a6df-b507-45f6-8e04-fa95b61a92fe', 366, 730, 31163.8, TRUE) ON CONFLICT DO NOTHING;
INSERT INTO tiers (plan_id, min_days, max_days, price_inr, is_active) VALUES ('a034a6df-b507-45f6-8e04-fa95b61a92fe', 731, 1095, 34751.0, TRUE) ON CONFLICT DO NOTHING;
INSERT INTO variants (id, model_id, name, fuel, transmission, oem_warranty_months, oem_warranty_kms) VALUES ('b69d9de5-e6d5-4e3d-a17f-a01c9c8691db', '681e3ce5-b641-431b-b772-043a6d66b898', 'MARUTI ERTIGA SMART HYBRID ZXI+ 1.5L 5MT', 'Hybrid', 'Manual', 36, 100000) ON CONFLICT DO NOTHING;
INSERT INTO plans (id, variant_id, plan_name, duration_months, max_kms) VALUES ('5f49a2f4-7ad0-474d-bd82-2b41b3c24175', 'b69d9de5-e6d5-4e3d-a17f-a01c9c8691db', '12 Months / 20,000 Kms', 12, 20000) ON CONFLICT DO NOTHING;
INSERT INTO tiers (plan_id, min_days, max_days, price_inr, is_active) VALUES ('5f49a2f4-7ad0-474d-bd82-2b41b3c24175', 0, 30, 18738.4, TRUE) ON CONFLICT DO NOTHING;
INSERT INTO tiers (plan_id, min_days, max_days, price_inr, is_active) VALUES ('5f49a2f4-7ad0-474d-bd82-2b41b3c24175', 31, 365, 21558.6, TRUE) ON CONFLICT DO NOTHING;
INSERT INTO tiers (plan_id, min_days, max_days, price_inr, is_active) VALUES ('5f49a2f4-7ad0-474d-bd82-2b41b3c24175', 366, 730, 24367.0, TRUE) ON CONFLICT DO NOTHING;
INSERT INTO tiers (plan_id, min_days, max_days, price_inr, is_active) VALUES ('5f49a2f4-7ad0-474d-bd82-2b41b3c24175', 731, 1095, 27175.4, TRUE) ON CONFLICT DO NOTHING;
INSERT INTO plans (id, variant_id, plan_name, duration_months, max_kms) VALUES ('75a06e1c-e6d2-4da6-aa63-f6447c7c467a', 'b69d9de5-e6d5-4e3d-a17f-a01c9c8691db', '24 Months / 40,000 Kms', 24, 40000) ON CONFLICT DO NOTHING;
INSERT INTO tiers (plan_id, min_days, max_days, price_inr, is_active) VALUES ('75a06e1c-e6d2-4da6-aa63-f6447c7c467a', 0, 30, 20626.4, TRUE) ON CONFLICT DO NOTHING;
INSERT INTO tiers (plan_id, min_days, max_days, price_inr, is_active) VALUES ('75a06e1c-e6d2-4da6-aa63-f6447c7c467a', 31, 365, 23729.8, TRUE) ON CONFLICT DO NOTHING;
INSERT INTO tiers (plan_id, min_days, max_days, price_inr, is_active) VALUES ('75a06e1c-e6d2-4da6-aa63-f6447c7c467a', 366, 730, 26821.4, TRUE) ON CONFLICT DO NOTHING;
INSERT INTO tiers (plan_id, min_days, max_days, price_inr, is_active) VALUES ('75a06e1c-e6d2-4da6-aa63-f6447c7c467a', 731, 1095, 29913.0, TRUE) ON CONFLICT DO NOTHING;
INSERT INTO plans (id, variant_id, plan_name, duration_months, max_kms) VALUES ('e01f5d0e-3a28-4883-a2b5-acd968b71937', 'b69d9de5-e6d5-4e3d-a17f-a01c9c8691db', '36 Months / 60,000 Kms', 36, 60000) ON CONFLICT DO NOTHING;
INSERT INTO tiers (plan_id, min_days, max_days, price_inr, is_active) VALUES ('e01f5d0e-3a28-4883-a2b5-acd968b71937', 0, 30, 22514.4, TRUE) ON CONFLICT DO NOTHING;
INSERT INTO tiers (plan_id, min_days, max_days, price_inr, is_active) VALUES ('e01f5d0e-3a28-4883-a2b5-acd968b71937', 31, 365, 25901.0, TRUE) ON CONFLICT DO NOTHING;
INSERT INTO tiers (plan_id, min_days, max_days, price_inr, is_active) VALUES ('e01f5d0e-3a28-4883-a2b5-acd968b71937', 366, 730, 29275.8, TRUE) ON CONFLICT DO NOTHING;
INSERT INTO tiers (plan_id, min_days, max_days, price_inr, is_active) VALUES ('e01f5d0e-3a28-4883-a2b5-acd968b71937', 731, 1095, 32650.6, TRUE) ON CONFLICT DO NOTHING;
INSERT INTO variants (id, model_id, name, fuel, transmission, oem_warranty_months, oem_warranty_kms) VALUES ('8ec5d08d-7727-4561-ba11-a5afaa119a98', '681e3ce5-b641-431b-b772-043a6d66b898', 'MARUTI ERTIGA SMART HYBRID ZXI+ 1.5L 6AT', 'Hybrid', 'Automatic', 36, 100000) ON CONFLICT DO NOTHING;
INSERT INTO plans (id, variant_id, plan_name, duration_months, max_kms) VALUES ('a4a89be9-ef6f-4bce-a070-8ce55745a6be', '8ec5d08d-7727-4561-ba11-a5afaa119a98', '12 Months / 20,000 Kms', 12, 20000) ON CONFLICT DO NOTHING;
INSERT INTO tiers (plan_id, min_days, max_days, price_inr, is_active) VALUES ('a4a89be9-ef6f-4bce-a070-8ce55745a6be', 0, 30, 21546.8, TRUE) ON CONFLICT DO NOTHING;
INSERT INTO tiers (plan_id, min_days, max_days, price_inr, is_active) VALUES ('a4a89be9-ef6f-4bce-a070-8ce55745a6be', 31, 365, 24780.0, TRUE) ON CONFLICT DO NOTHING;
INSERT INTO tiers (plan_id, min_days, max_days, price_inr, is_active) VALUES ('a4a89be9-ef6f-4bce-a070-8ce55745a6be', 366, 730, 28013.2, TRUE) ON CONFLICT DO NOTHING;
INSERT INTO tiers (plan_id, min_days, max_days, price_inr, is_active) VALUES ('a4a89be9-ef6f-4bce-a070-8ce55745a6be', 731, 1095, 31246.4, TRUE) ON CONFLICT DO NOTHING;
INSERT INTO plans (id, variant_id, plan_name, duration_months, max_kms) VALUES ('48504c4f-528c-4e4e-b256-7b4a34b1a050', '8ec5d08d-7727-4561-ba11-a5afaa119a98', '24 Months / 40,000 Kms', 24, 40000) ON CONFLICT DO NOTHING;
INSERT INTO tiers (plan_id, min_days, max_days, price_inr, is_active) VALUES ('48504c4f-528c-4e4e-b256-7b4a34b1a050', 0, 30, 23434.8, TRUE) ON CONFLICT DO NOTHING;
INSERT INTO tiers (plan_id, min_days, max_days, price_inr, is_active) VALUES ('48504c4f-528c-4e4e-b256-7b4a34b1a050', 31, 365, 26951.2, TRUE) ON CONFLICT DO NOTHING;
INSERT INTO tiers (plan_id, min_days, max_days, price_inr, is_active) VALUES ('48504c4f-528c-4e4e-b256-7b4a34b1a050', 366, 730, 30467.6, TRUE) ON CONFLICT DO NOTHING;
INSERT INTO tiers (plan_id, min_days, max_days, price_inr, is_active) VALUES ('48504c4f-528c-4e4e-b256-7b4a34b1a050', 731, 1095, 33984.0, TRUE) ON CONFLICT DO NOTHING;
INSERT INTO plans (id, variant_id, plan_name, duration_months, max_kms) VALUES ('f5024c42-dbfe-4ab0-bbf4-57799d85b746', '8ec5d08d-7727-4561-ba11-a5afaa119a98', '36 Months / 60,000 Kms', 36, 60000) ON CONFLICT DO NOTHING;
INSERT INTO tiers (plan_id, min_days, max_days, price_inr, is_active) VALUES ('f5024c42-dbfe-4ab0-bbf4-57799d85b746', 0, 30, 25322.8, TRUE) ON CONFLICT DO NOTHING;
INSERT INTO tiers (plan_id, min_days, max_days, price_inr, is_active) VALUES ('f5024c42-dbfe-4ab0-bbf4-57799d85b746', 31, 365, 29122.4, TRUE) ON CONFLICT DO NOTHING;
INSERT INTO tiers (plan_id, min_days, max_days, price_inr, is_active) VALUES ('f5024c42-dbfe-4ab0-bbf4-57799d85b746', 366, 730, 32922.0, TRUE) ON CONFLICT DO NOTHING;
INSERT INTO tiers (plan_id, min_days, max_days, price_inr, is_active) VALUES ('f5024c42-dbfe-4ab0-bbf4-57799d85b746', 731, 1095, 36721.6, TRUE) ON CONFLICT DO NOTHING;
INSERT INTO variants (id, model_id, name, fuel, transmission, oem_warranty_months, oem_warranty_kms) VALUES ('2126b3b4-e924-4316-8b30-8d3dfd543834', '681e3ce5-b641-431b-b772-043a6d66b898', 'MARUTI ERTIGA VXI (O) CNG 1.5L 5MT', 'CNG', 'Manual', 36, 100000) ON CONFLICT DO NOTHING;
INSERT INTO plans (id, variant_id, plan_name, duration_months, max_kms) VALUES ('b329e6d8-da88-4796-89f5-a890e20e656d', '2126b3b4-e924-4316-8b30-8d3dfd543834', '12 Months / 20,000 Kms', 12, 20000) ON CONFLICT DO NOTHING;
INSERT INTO tiers (plan_id, min_days, max_days, price_inr, is_active) VALUES ('b329e6d8-da88-4796-89f5-a890e20e656d', 0, 30, 17086.4, TRUE) ON CONFLICT DO NOTHING;
INSERT INTO tiers (plan_id, min_days, max_days, price_inr, is_active) VALUES ('b329e6d8-da88-4796-89f5-a890e20e656d', 31, 365, 19658.8, TRUE) ON CONFLICT DO NOTHING;
INSERT INTO tiers (plan_id, min_days, max_days, price_inr, is_active) VALUES ('b329e6d8-da88-4796-89f5-a890e20e656d', 366, 730, 22219.4, TRUE) ON CONFLICT DO NOTHING;
INSERT INTO tiers (plan_id, min_days, max_days, price_inr, is_active) VALUES ('b329e6d8-da88-4796-89f5-a890e20e656d', 731, 1095, 24780.0, TRUE) ON CONFLICT DO NOTHING;
INSERT INTO plans (id, variant_id, plan_name, duration_months, max_kms) VALUES ('53116b98-fbdb-4f2c-b027-2cf3d796065f', '2126b3b4-e924-4316-8b30-8d3dfd543834', '24 Months / 40,000 Kms', 24, 40000) ON CONFLICT DO NOTHING;
INSERT INTO tiers (plan_id, min_days, max_days, price_inr, is_active) VALUES ('53116b98-fbdb-4f2c-b027-2cf3d796065f', 0, 30, 18974.4, TRUE) ON CONFLICT DO NOTHING;
INSERT INTO tiers (plan_id, min_days, max_days, price_inr, is_active) VALUES ('53116b98-fbdb-4f2c-b027-2cf3d796065f', 31, 365, 21830.0, TRUE) ON CONFLICT DO NOTHING;
INSERT INTO tiers (plan_id, min_days, max_days, price_inr, is_active) VALUES ('53116b98-fbdb-4f2c-b027-2cf3d796065f', 366, 730, 24673.8, TRUE) ON CONFLICT DO NOTHING;
INSERT INTO tiers (plan_id, min_days, max_days, price_inr, is_active) VALUES ('53116b98-fbdb-4f2c-b027-2cf3d796065f', 731, 1095, 27517.6, TRUE) ON CONFLICT DO NOTHING;
INSERT INTO plans (id, variant_id, plan_name, duration_months, max_kms) VALUES ('7ef70206-b5b2-42d5-bb5f-b9461dba0232', '2126b3b4-e924-4316-8b30-8d3dfd543834', '36 Months / 60,000 Kms', 36, 60000) ON CONFLICT DO NOTHING;
INSERT INTO tiers (plan_id, min_days, max_days, price_inr, is_active) VALUES ('7ef70206-b5b2-42d5-bb5f-b9461dba0232', 0, 30, 20862.4, TRUE) ON CONFLICT DO NOTHING;
INSERT INTO tiers (plan_id, min_days, max_days, price_inr, is_active) VALUES ('7ef70206-b5b2-42d5-bb5f-b9461dba0232', 31, 365, 24001.2, TRUE) ON CONFLICT DO NOTHING;
INSERT INTO tiers (plan_id, min_days, max_days, price_inr, is_active) VALUES ('7ef70206-b5b2-42d5-bb5f-b9461dba0232', 366, 730, 27128.2, TRUE) ON CONFLICT DO NOTHING;
INSERT INTO tiers (plan_id, min_days, max_days, price_inr, is_active) VALUES ('7ef70206-b5b2-42d5-bb5f-b9461dba0232', 731, 1095, 30255.2, TRUE) ON CONFLICT DO NOTHING;
INSERT INTO variants (id, model_id, name, fuel, transmission, oem_warranty_months, oem_warranty_kms) VALUES ('2266598b-4bfa-4763-8c55-98e9be6bc425', '681e3ce5-b641-431b-b772-043a6d66b898', 'MARUTI ERTIGA VXI CNG 1.5L 5MT', 'CNG', 'Manual', 36, 100000) ON CONFLICT DO NOTHING;
INSERT INTO plans (id, variant_id, plan_name, duration_months, max_kms) VALUES ('96f90f8a-eb48-4487-b725-067ba75ff8d1', '2266598b-4bfa-4763-8c55-98e9be6bc425', '12 Months / 20,000 Kms', 12, 20000) ON CONFLICT DO NOTHING;
INSERT INTO tiers (plan_id, min_days, max_days, price_inr, is_active) VALUES ('96f90f8a-eb48-4487-b725-067ba75ff8d1', 0, 30, 16437.4, TRUE) ON CONFLICT DO NOTHING;
INSERT INTO tiers (plan_id, min_days, max_days, price_inr, is_active) VALUES ('96f90f8a-eb48-4487-b725-067ba75ff8d1', 31, 365, 18903.6, TRUE) ON CONFLICT DO NOTHING;
INSERT INTO tiers (plan_id, min_days, max_days, price_inr, is_active) VALUES ('96f90f8a-eb48-4487-b725-067ba75ff8d1', 366, 730, 21369.8, TRUE) ON CONFLICT DO NOTHING;
INSERT INTO tiers (plan_id, min_days, max_days, price_inr, is_active) VALUES ('96f90f8a-eb48-4487-b725-067ba75ff8d1', 731, 1095, 23836.0, TRUE) ON CONFLICT DO NOTHING;
INSERT INTO plans (id, variant_id, plan_name, duration_months, max_kms) VALUES ('74d01e8a-fdaf-4e61-b64e-602b59f08024', '2266598b-4bfa-4763-8c55-98e9be6bc425', '24 Months / 40,000 Kms', 24, 40000) ON CONFLICT DO NOTHING;
INSERT INTO tiers (plan_id, min_days, max_days, price_inr, is_active) VALUES ('74d01e8a-fdaf-4e61-b64e-602b59f08024', 0, 30, 18325.4, TRUE) ON CONFLICT DO NOTHING;
INSERT INTO tiers (plan_id, min_days, max_days, price_inr, is_active) VALUES ('74d01e8a-fdaf-4e61-b64e-602b59f08024', 31, 365, 21074.8, TRUE) ON CONFLICT DO NOTHING;
INSERT INTO tiers (plan_id, min_days, max_days, price_inr, is_active) VALUES ('74d01e8a-fdaf-4e61-b64e-602b59f08024', 366, 730, 23824.2, TRUE) ON CONFLICT DO NOTHING;
INSERT INTO tiers (plan_id, min_days, max_days, price_inr, is_active) VALUES ('74d01e8a-fdaf-4e61-b64e-602b59f08024', 731, 1095, 26573.6, TRUE) ON CONFLICT DO NOTHING;
INSERT INTO plans (id, variant_id, plan_name, duration_months, max_kms) VALUES ('a72e46f1-7f30-435e-9982-9b0d65d3d7a2', '2266598b-4bfa-4763-8c55-98e9be6bc425', '36 Months / 60,000 Kms', 36, 60000) ON CONFLICT DO NOTHING;
INSERT INTO tiers (plan_id, min_days, max_days, price_inr, is_active) VALUES ('a72e46f1-7f30-435e-9982-9b0d65d3d7a2', 0, 30, 20213.4, TRUE) ON CONFLICT DO NOTHING;
INSERT INTO tiers (plan_id, min_days, max_days, price_inr, is_active) VALUES ('a72e46f1-7f30-435e-9982-9b0d65d3d7a2', 31, 365, 23246.0, TRUE) ON CONFLICT DO NOTHING;
INSERT INTO tiers (plan_id, min_days, max_days, price_inr, is_active) VALUES ('a72e46f1-7f30-435e-9982-9b0d65d3d7a2', 366, 730, 26278.6, TRUE) ON CONFLICT DO NOTHING;
INSERT INTO tiers (plan_id, min_days, max_days, price_inr, is_active) VALUES ('a72e46f1-7f30-435e-9982-9b0d65d3d7a2', 731, 1095, 29311.2, TRUE) ON CONFLICT DO NOTHING;
INSERT INTO variants (id, model_id, name, fuel, transmission, oem_warranty_months, oem_warranty_kms) VALUES ('6c317b32-9ef0-47cf-a94e-7469e6553afc', '681e3ce5-b641-431b-b772-043a6d66b898', 'MARUTI ERTIGA ZXI (O) CNG 1.5L 5MT', 'CNG', 'Manual', 36, 100000) ON CONFLICT DO NOTHING;
INSERT INTO plans (id, variant_id, plan_name, duration_months, max_kms) VALUES ('f6147bb3-1aa3-4c57-bc34-bd7abbae5b33', '6c317b32-9ef0-47cf-a94e-7469e6553afc', '12 Months / 20,000 Kms', 12, 20000) ON CONFLICT DO NOTHING;
INSERT INTO tiers (plan_id, min_days, max_days, price_inr, is_active) VALUES ('f6147bb3-1aa3-4c57-bc34-bd7abbae5b33', 0, 30, 19222.2, TRUE) ON CONFLICT DO NOTHING;
INSERT INTO tiers (plan_id, min_days, max_days, price_inr, is_active) VALUES ('f6147bb3-1aa3-4c57-bc34-bd7abbae5b33', 31, 365, 22113.2, TRUE) ON CONFLICT DO NOTHING;
INSERT INTO tiers (plan_id, min_days, max_days, price_inr, is_active) VALUES ('f6147bb3-1aa3-4c57-bc34-bd7abbae5b33', 366, 730, 24992.4, TRUE) ON CONFLICT DO NOTHING;
INSERT INTO tiers (plan_id, min_days, max_days, price_inr, is_active) VALUES ('f6147bb3-1aa3-4c57-bc34-bd7abbae5b33', 731, 1095, 27883.4, TRUE) ON CONFLICT DO NOTHING;
INSERT INTO plans (id, variant_id, plan_name, duration_months, max_kms) VALUES ('f8434480-4d4b-4a9a-a618-a4faab2f4892', '6c317b32-9ef0-47cf-a94e-7469e6553afc', '24 Months / 40,000 Kms', 24, 40000) ON CONFLICT DO NOTHING;
INSERT INTO tiers (plan_id, min_days, max_days, price_inr, is_active) VALUES ('f8434480-4d4b-4a9a-a618-a4faab2f4892', 0, 30, 21110.2, TRUE) ON CONFLICT DO NOTHING;
INSERT INTO tiers (plan_id, min_days, max_days, price_inr, is_active) VALUES ('f8434480-4d4b-4a9a-a618-a4faab2f4892', 31, 365, 24284.4, TRUE) ON CONFLICT DO NOTHING;
INSERT INTO tiers (plan_id, min_days, max_days, price_inr, is_active) VALUES ('f8434480-4d4b-4a9a-a618-a4faab2f4892', 366, 730, 27446.8, TRUE) ON CONFLICT DO NOTHING;
INSERT INTO tiers (plan_id, min_days, max_days, price_inr, is_active) VALUES ('f8434480-4d4b-4a9a-a618-a4faab2f4892', 731, 1095, 30621.0, TRUE) ON CONFLICT DO NOTHING;
INSERT INTO plans (id, variant_id, plan_name, duration_months, max_kms) VALUES ('5a418c0e-f8ce-4c9b-9797-568c352ef2ea', '6c317b32-9ef0-47cf-a94e-7469e6553afc', '36 Months / 60,000 Kms', 36, 60000) ON CONFLICT DO NOTHING;
INSERT INTO tiers (plan_id, min_days, max_days, price_inr, is_active) VALUES ('5a418c0e-f8ce-4c9b-9797-568c352ef2ea', 0, 30, 22998.2, TRUE) ON CONFLICT DO NOTHING;
INSERT INTO tiers (plan_id, min_days, max_days, price_inr, is_active) VALUES ('5a418c0e-f8ce-4c9b-9797-568c352ef2ea', 31, 365, 26455.6, TRUE) ON CONFLICT DO NOTHING;
INSERT INTO tiers (plan_id, min_days, max_days, price_inr, is_active) VALUES ('5a418c0e-f8ce-4c9b-9797-568c352ef2ea', 366, 730, 29901.2, TRUE) ON CONFLICT DO NOTHING;
INSERT INTO tiers (plan_id, min_days, max_days, price_inr, is_active) VALUES ('5a418c0e-f8ce-4c9b-9797-568c352ef2ea', 731, 1095, 33358.6, TRUE) ON CONFLICT DO NOTHING;
INSERT INTO variants (id, model_id, name, fuel, transmission, oem_warranty_months, oem_warranty_kms) VALUES ('78624027-ee6b-43b7-b0c8-249a0f4e1806', '681e3ce5-b641-431b-b772-043a6d66b898', 'MARUTI ERTIGA ZXI CNG 1.5L 5MT', 'CNG', 'Manual', 36, 100000) ON CONFLICT DO NOTHING;
INSERT INTO plans (id, variant_id, plan_name, duration_months, max_kms) VALUES ('04bb6e62-617b-48c5-9f00-d3f236993e70', '78624027-ee6b-43b7-b0c8-249a0f4e1806', '12 Months / 20,000 Kms', 12, 20000) ON CONFLICT DO NOTHING;
INSERT INTO tiers (plan_id, min_days, max_days, price_inr, is_active) VALUES ('04bb6e62-617b-48c5-9f00-d3f236993e70', 0, 30, 18561.4, TRUE) ON CONFLICT DO NOTHING;
INSERT INTO tiers (plan_id, min_days, max_days, price_inr, is_active) VALUES ('04bb6e62-617b-48c5-9f00-d3f236993e70', 31, 365, 21346.2, TRUE) ON CONFLICT DO NOTHING;
INSERT INTO tiers (plan_id, min_days, max_days, price_inr, is_active) VALUES ('04bb6e62-617b-48c5-9f00-d3f236993e70', 366, 730, 24131.0, TRUE) ON CONFLICT DO NOTHING;
INSERT INTO tiers (plan_id, min_days, max_days, price_inr, is_active) VALUES ('04bb6e62-617b-48c5-9f00-d3f236993e70', 731, 1095, 26915.8, TRUE) ON CONFLICT DO NOTHING;
INSERT INTO plans (id, variant_id, plan_name, duration_months, max_kms) VALUES ('1974404a-0275-40db-aba6-bde554fc6618', '78624027-ee6b-43b7-b0c8-249a0f4e1806', '24 Months / 40,000 Kms', 24, 40000) ON CONFLICT DO NOTHING;
INSERT INTO tiers (plan_id, min_days, max_days, price_inr, is_active) VALUES ('1974404a-0275-40db-aba6-bde554fc6618', 0, 30, 20449.4, TRUE) ON CONFLICT DO NOTHING;
INSERT INTO tiers (plan_id, min_days, max_days, price_inr, is_active) VALUES ('1974404a-0275-40db-aba6-bde554fc6618', 31, 365, 23517.4, TRUE) ON CONFLICT DO NOTHING;
INSERT INTO tiers (plan_id, min_days, max_days, price_inr, is_active) VALUES ('1974404a-0275-40db-aba6-bde554fc6618', 366, 730, 26585.4, TRUE) ON CONFLICT DO NOTHING;
INSERT INTO tiers (plan_id, min_days, max_days, price_inr, is_active) VALUES ('1974404a-0275-40db-aba6-bde554fc6618', 731, 1095, 29653.4, TRUE) ON CONFLICT DO NOTHING;
INSERT INTO plans (id, variant_id, plan_name, duration_months, max_kms) VALUES ('4c689f2b-0d88-4d49-90aa-d272562551c2', '78624027-ee6b-43b7-b0c8-249a0f4e1806', '36 Months / 60,000 Kms', 36, 60000) ON CONFLICT DO NOTHING;
INSERT INTO tiers (plan_id, min_days, max_days, price_inr, is_active) VALUES ('4c689f2b-0d88-4d49-90aa-d272562551c2', 0, 30, 22337.4, TRUE) ON CONFLICT DO NOTHING;
INSERT INTO tiers (plan_id, min_days, max_days, price_inr, is_active) VALUES ('4c689f2b-0d88-4d49-90aa-d272562551c2', 31, 365, 25688.6, TRUE) ON CONFLICT DO NOTHING;
INSERT INTO tiers (plan_id, min_days, max_days, price_inr, is_active) VALUES ('4c689f2b-0d88-4d49-90aa-d272562551c2', 366, 730, 29039.8, TRUE) ON CONFLICT DO NOTHING;
INSERT INTO tiers (plan_id, min_days, max_days, price_inr, is_active) VALUES ('4c689f2b-0d88-4d49-90aa-d272562551c2', 731, 1095, 32391.0, TRUE) ON CONFLICT DO NOTHING;
INSERT INTO models (id, brand_id, name) VALUES ('8ea8bec1-0764-45d6-a940-6f5b4e886aea', 'b1e782a2-c0d1-4b20-ae57-becb98f3ab90', 'NEW ERTIGA TOUR') ON CONFLICT DO NOTHING;
INSERT INTO variants (id, model_id, name, fuel, transmission, oem_warranty_months, oem_warranty_kms) VALUES ('0c62d4b7-b6a6-4424-8afe-c69fa97926d3', '8ea8bec1-0764-45d6-a940-6f5b4e886aea', 'MARUTI TOUR M (O) 1.5L 5MT', 'Petrol', 'Manual', 36, 100000) ON CONFLICT DO NOTHING;
INSERT INTO plans (id, variant_id, plan_name, duration_months, max_kms) VALUES ('21b26d90-799f-468a-b3d3-ca68beddcf1b', '0c62d4b7-b6a6-4424-8afe-c69fa97926d3', '12 Months / 20,000 Kms', 12, 20000) ON CONFLICT DO NOTHING;
INSERT INTO tiers (plan_id, min_days, max_days, price_inr, is_active) VALUES ('21b26d90-799f-468a-b3d3-ca68beddcf1b', 0, 30, 15198.4, TRUE) ON CONFLICT DO NOTHING;
INSERT INTO tiers (plan_id, min_days, max_days, price_inr, is_active) VALUES ('21b26d90-799f-468a-b3d3-ca68beddcf1b', 31, 365, 17487.6, TRUE) ON CONFLICT DO NOTHING;
INSERT INTO tiers (plan_id, min_days, max_days, price_inr, is_active) VALUES ('21b26d90-799f-468a-b3d3-ca68beddcf1b', 366, 730, 19765.0, TRUE) ON CONFLICT DO NOTHING;
INSERT INTO tiers (plan_id, min_days, max_days, price_inr, is_active) VALUES ('21b26d90-799f-468a-b3d3-ca68beddcf1b', 731, 1095, 22042.4, TRUE) ON CONFLICT DO NOTHING;
INSERT INTO plans (id, variant_id, plan_name, duration_months, max_kms) VALUES ('1a7bbe1e-c526-442c-9540-0d1dda0a354a', '0c62d4b7-b6a6-4424-8afe-c69fa97926d3', '24 Months / 40,000 Kms', 24, 40000) ON CONFLICT DO NOTHING;
INSERT INTO tiers (plan_id, min_days, max_days, price_inr, is_active) VALUES ('1a7bbe1e-c526-442c-9540-0d1dda0a354a', 0, 30, 17086.4, TRUE) ON CONFLICT DO NOTHING;
INSERT INTO tiers (plan_id, min_days, max_days, price_inr, is_active) VALUES ('1a7bbe1e-c526-442c-9540-0d1dda0a354a', 31, 365, 19658.8, TRUE) ON CONFLICT DO NOTHING;
INSERT INTO tiers (plan_id, min_days, max_days, price_inr, is_active) VALUES ('1a7bbe1e-c526-442c-9540-0d1dda0a354a', 366, 730, 22219.4, TRUE) ON CONFLICT DO NOTHING;
INSERT INTO tiers (plan_id, min_days, max_days, price_inr, is_active) VALUES ('1a7bbe1e-c526-442c-9540-0d1dda0a354a', 731, 1095, 24780.0, TRUE) ON CONFLICT DO NOTHING;
INSERT INTO plans (id, variant_id, plan_name, duration_months, max_kms) VALUES ('987bad08-f9a8-482c-bee3-8e2c31b2a303', '0c62d4b7-b6a6-4424-8afe-c69fa97926d3', '36 Months / 60,000 Kms', 36, 60000) ON CONFLICT DO NOTHING;
INSERT INTO tiers (plan_id, min_days, max_days, price_inr, is_active) VALUES ('987bad08-f9a8-482c-bee3-8e2c31b2a303', 0, 30, 18974.4, TRUE) ON CONFLICT DO NOTHING;
INSERT INTO tiers (plan_id, min_days, max_days, price_inr, is_active) VALUES ('987bad08-f9a8-482c-bee3-8e2c31b2a303', 31, 365, 21830.0, TRUE) ON CONFLICT DO NOTHING;
INSERT INTO tiers (plan_id, min_days, max_days, price_inr, is_active) VALUES ('987bad08-f9a8-482c-bee3-8e2c31b2a303', 366, 730, 24673.8, TRUE) ON CONFLICT DO NOTHING;
INSERT INTO tiers (plan_id, min_days, max_days, price_inr, is_active) VALUES ('987bad08-f9a8-482c-bee3-8e2c31b2a303', 731, 1095, 27517.6, TRUE) ON CONFLICT DO NOTHING;
INSERT INTO variants (id, model_id, name, fuel, transmission, oem_warranty_months, oem_warranty_kms) VALUES ('b5ae527b-fc6b-402a-95bd-ef271778ece8', '8ea8bec1-0764-45d6-a940-6f5b4e886aea', 'MARUTI TOUR M (O) CNG 1.5L 5MT', 'CNG', 'Manual', 36, 100000) ON CONFLICT DO NOTHING;
INSERT INTO plans (id, variant_id, plan_name, duration_months, max_kms) VALUES ('9fdc0b34-028a-45ab-bd39-d12cdbc71e12', 'b5ae527b-fc6b-402a-95bd-ef271778ece8', '12 Months / 20,000 Kms', 12, 20000) ON CONFLICT DO NOTHING;
INSERT INTO tiers (plan_id, min_days, max_days, price_inr, is_active) VALUES ('9fdc0b34-028a-45ab-bd39-d12cdbc71e12', 0, 30, 17027.4, TRUE) ON CONFLICT DO NOTHING;
INSERT INTO tiers (plan_id, min_days, max_days, price_inr, is_active) VALUES ('9fdc0b34-028a-45ab-bd39-d12cdbc71e12', 31, 365, 19588.0, TRUE) ON CONFLICT DO NOTHING;
INSERT INTO tiers (plan_id, min_days, max_days, price_inr, is_active) VALUES ('9fdc0b34-028a-45ab-bd39-d12cdbc71e12', 366, 730, 22136.8, TRUE) ON CONFLICT DO NOTHING;
INSERT INTO tiers (plan_id, min_days, max_days, price_inr, is_active) VALUES ('9fdc0b34-028a-45ab-bd39-d12cdbc71e12', 731, 1095, 24697.4, TRUE) ON CONFLICT DO NOTHING;
INSERT INTO plans (id, variant_id, plan_name, duration_months, max_kms) VALUES ('78e5e13c-e673-4a97-bdf6-bffa1a57bede', 'b5ae527b-fc6b-402a-95bd-ef271778ece8', '24 Months / 40,000 Kms', 24, 40000) ON CONFLICT DO NOTHING;
INSERT INTO tiers (plan_id, min_days, max_days, price_inr, is_active) VALUES ('78e5e13c-e673-4a97-bdf6-bffa1a57bede', 0, 30, 18915.4, TRUE) ON CONFLICT DO NOTHING;
INSERT INTO tiers (plan_id, min_days, max_days, price_inr, is_active) VALUES ('78e5e13c-e673-4a97-bdf6-bffa1a57bede', 31, 365, 21759.2, TRUE) ON CONFLICT DO NOTHING;
INSERT INTO tiers (plan_id, min_days, max_days, price_inr, is_active) VALUES ('78e5e13c-e673-4a97-bdf6-bffa1a57bede', 366, 730, 24591.2, TRUE) ON CONFLICT DO NOTHING;
INSERT INTO tiers (plan_id, min_days, max_days, price_inr, is_active) VALUES ('78e5e13c-e673-4a97-bdf6-bffa1a57bede', 731, 1095, 27435.0, TRUE) ON CONFLICT DO NOTHING;
INSERT INTO plans (id, variant_id, plan_name, duration_months, max_kms) VALUES ('963ea200-9d32-47ce-9db4-e36fe80f3d98', 'b5ae527b-fc6b-402a-95bd-ef271778ece8', '36 Months / 60,000 Kms', 36, 60000) ON CONFLICT DO NOTHING;
INSERT INTO tiers (plan_id, min_days, max_days, price_inr, is_active) VALUES ('963ea200-9d32-47ce-9db4-e36fe80f3d98', 0, 30, 20803.4, TRUE) ON CONFLICT DO NOTHING;
INSERT INTO tiers (plan_id, min_days, max_days, price_inr, is_active) VALUES ('963ea200-9d32-47ce-9db4-e36fe80f3d98', 31, 365, 23930.4, TRUE) ON CONFLICT DO NOTHING;
INSERT INTO tiers (plan_id, min_days, max_days, price_inr, is_active) VALUES ('963ea200-9d32-47ce-9db4-e36fe80f3d98', 366, 730, 27045.6, TRUE) ON CONFLICT DO NOTHING;
INSERT INTO tiers (plan_id, min_days, max_days, price_inr, is_active) VALUES ('963ea200-9d32-47ce-9db4-e36fe80f3d98', 731, 1095, 30172.6, TRUE) ON CONFLICT DO NOTHING;
INSERT INTO variants (id, model_id, name, fuel, transmission, oem_warranty_months, oem_warranty_kms) VALUES ('c14c2df2-5f6d-4f8e-84e3-081ccbea9523', '8ea8bec1-0764-45d6-a940-6f5b4e886aea', 'MARUTI TOUR M 1.5L 5MT', 'Petrol', 'Manual', 36, 100000) ON CONFLICT DO NOTHING;
INSERT INTO plans (id, variant_id, plan_name, duration_months, max_kms) VALUES ('3c10eed8-7c31-4531-a13b-8f7aa81a5634', 'c14c2df2-5f6d-4f8e-84e3-081ccbea9523', '12 Months / 20,000 Kms', 12, 20000) ON CONFLICT DO NOTHING;
INSERT INTO tiers (plan_id, min_days, max_days, price_inr, is_active) VALUES ('3c10eed8-7c31-4531-a13b-8f7aa81a5634', 0, 30, 14537.6, TRUE) ON CONFLICT DO NOTHING;
INSERT INTO tiers (plan_id, min_days, max_days, price_inr, is_active) VALUES ('3c10eed8-7c31-4531-a13b-8f7aa81a5634', 31, 365, 16720.6, TRUE) ON CONFLICT DO NOTHING;
INSERT INTO tiers (plan_id, min_days, max_days, price_inr, is_active) VALUES ('3c10eed8-7c31-4531-a13b-8f7aa81a5634', 366, 730, 18903.6, TRUE) ON CONFLICT DO NOTHING;
INSERT INTO tiers (plan_id, min_days, max_days, price_inr, is_active) VALUES ('3c10eed8-7c31-4531-a13b-8f7aa81a5634', 731, 1095, 21086.6, TRUE) ON CONFLICT DO NOTHING;
INSERT INTO plans (id, variant_id, plan_name, duration_months, max_kms) VALUES ('e5a13712-d3ed-4de8-b3a3-84fe9953d214', 'c14c2df2-5f6d-4f8e-84e3-081ccbea9523', '24 Months / 40,000 Kms', 24, 40000) ON CONFLICT DO NOTHING;
INSERT INTO tiers (plan_id, min_days, max_days, price_inr, is_active) VALUES ('e5a13712-d3ed-4de8-b3a3-84fe9953d214', 0, 30, 16425.6, TRUE) ON CONFLICT DO NOTHING;
INSERT INTO tiers (plan_id, min_days, max_days, price_inr, is_active) VALUES ('e5a13712-d3ed-4de8-b3a3-84fe9953d214', 31, 365, 18891.8, TRUE) ON CONFLICT DO NOTHING;
INSERT INTO tiers (plan_id, min_days, max_days, price_inr, is_active) VALUES ('e5a13712-d3ed-4de8-b3a3-84fe9953d214', 366, 730, 21358.0, TRUE) ON CONFLICT DO NOTHING;
INSERT INTO tiers (plan_id, min_days, max_days, price_inr, is_active) VALUES ('e5a13712-d3ed-4de8-b3a3-84fe9953d214', 731, 1095, 23824.2, TRUE) ON CONFLICT DO NOTHING;
INSERT INTO plans (id, variant_id, plan_name, duration_months, max_kms) VALUES ('22e54881-145e-4adb-9d0b-b92969b5ecb3', 'c14c2df2-5f6d-4f8e-84e3-081ccbea9523', '36 Months / 60,000 Kms', 36, 60000) ON CONFLICT DO NOTHING;
INSERT INTO tiers (plan_id, min_days, max_days, price_inr, is_active) VALUES ('22e54881-145e-4adb-9d0b-b92969b5ecb3', 0, 30, 18313.6, TRUE) ON CONFLICT DO NOTHING;
INSERT INTO tiers (plan_id, min_days, max_days, price_inr, is_active) VALUES ('22e54881-145e-4adb-9d0b-b92969b5ecb3', 31, 365, 21063.0, TRUE) ON CONFLICT DO NOTHING;
INSERT INTO tiers (plan_id, min_days, max_days, price_inr, is_active) VALUES ('22e54881-145e-4adb-9d0b-b92969b5ecb3', 366, 730, 23812.4, TRUE) ON CONFLICT DO NOTHING;
INSERT INTO tiers (plan_id, min_days, max_days, price_inr, is_active) VALUES ('22e54881-145e-4adb-9d0b-b92969b5ecb3', 731, 1095, 26561.8, TRUE) ON CONFLICT DO NOTHING;
INSERT INTO variants (id, model_id, name, fuel, transmission, oem_warranty_months, oem_warranty_kms) VALUES ('6cf06753-dbcb-48b9-9969-80ccb1f46f80', '8ea8bec1-0764-45d6-a940-6f5b4e886aea', 'MARUTI TOUR M CNG 1.5L 5MT', 'CNG', 'Manual', 36, 100000) ON CONFLICT DO NOTHING;
INSERT INTO plans (id, variant_id, plan_name, duration_months, max_kms) VALUES ('589f4bf6-3103-4c6c-bc7f-e560434adcce', '6cf06753-dbcb-48b9-9969-80ccb1f46f80', '12 Months / 20,000 Kms', 12, 20000) ON CONFLICT DO NOTHING;
INSERT INTO tiers (plan_id, min_days, max_days, price_inr, is_active) VALUES ('589f4bf6-3103-4c6c-bc7f-e560434adcce', 0, 30, 16378.4, TRUE) ON CONFLICT DO NOTHING;
INSERT INTO tiers (plan_id, min_days, max_days, price_inr, is_active) VALUES ('589f4bf6-3103-4c6c-bc7f-e560434adcce', 31, 365, 18844.6, TRUE) ON CONFLICT DO NOTHING;
INSERT INTO tiers (plan_id, min_days, max_days, price_inr, is_active) VALUES ('589f4bf6-3103-4c6c-bc7f-e560434adcce', 366, 730, 21299.0, TRUE) ON CONFLICT DO NOTHING;
INSERT INTO tiers (plan_id, min_days, max_days, price_inr, is_active) VALUES ('589f4bf6-3103-4c6c-bc7f-e560434adcce', 731, 1095, 23753.4, TRUE) ON CONFLICT DO NOTHING;
INSERT INTO plans (id, variant_id, plan_name, duration_months, max_kms) VALUES ('b300e8f3-8bda-4e73-a95e-2610a3c4e2e5', '6cf06753-dbcb-48b9-9969-80ccb1f46f80', '24 Months / 40,000 Kms', 24, 40000) ON CONFLICT DO NOTHING;
INSERT INTO tiers (plan_id, min_days, max_days, price_inr, is_active) VALUES ('b300e8f3-8bda-4e73-a95e-2610a3c4e2e5', 0, 30, 18266.4, TRUE) ON CONFLICT DO NOTHING;
INSERT INTO tiers (plan_id, min_days, max_days, price_inr, is_active) VALUES ('b300e8f3-8bda-4e73-a95e-2610a3c4e2e5', 31, 365, 21015.8, TRUE) ON CONFLICT DO NOTHING;
INSERT INTO tiers (plan_id, min_days, max_days, price_inr, is_active) VALUES ('b300e8f3-8bda-4e73-a95e-2610a3c4e2e5', 366, 730, 23753.4, TRUE) ON CONFLICT DO NOTHING;
INSERT INTO tiers (plan_id, min_days, max_days, price_inr, is_active) VALUES ('b300e8f3-8bda-4e73-a95e-2610a3c4e2e5', 731, 1095, 26491.0, TRUE) ON CONFLICT DO NOTHING;
INSERT INTO plans (id, variant_id, plan_name, duration_months, max_kms) VALUES ('fa3b11c5-c1a0-4ebe-8f97-4ed9a18780d4', '6cf06753-dbcb-48b9-9969-80ccb1f46f80', '36 Months / 60,000 Kms', 36, 60000) ON CONFLICT DO NOTHING;
INSERT INTO tiers (plan_id, min_days, max_days, price_inr, is_active) VALUES ('fa3b11c5-c1a0-4ebe-8f97-4ed9a18780d4', 0, 30, 20154.4, TRUE) ON CONFLICT DO NOTHING;
INSERT INTO tiers (plan_id, min_days, max_days, price_inr, is_active) VALUES ('fa3b11c5-c1a0-4ebe-8f97-4ed9a18780d4', 31, 365, 23187.0, TRUE) ON CONFLICT DO NOTHING;
INSERT INTO tiers (plan_id, min_days, max_days, price_inr, is_active) VALUES ('fa3b11c5-c1a0-4ebe-8f97-4ed9a18780d4', 366, 730, 26207.8, TRUE) ON CONFLICT DO NOTHING;
INSERT INTO tiers (plan_id, min_days, max_days, price_inr, is_active) VALUES ('fa3b11c5-c1a0-4ebe-8f97-4ed9a18780d4', 731, 1095, 29228.6, TRUE) ON CONFLICT DO NOTHING;
INSERT INTO models (id, brand_id, name) VALUES ('cc5bb575-d68a-4013-94e5-1a91b9daf0fa', 'b1e782a2-c0d1-4b20-ae57-becb98f3ab90', 'NEW SWIFT') ON CONFLICT DO NOTHING;
INSERT INTO variants (id, model_id, name, fuel, transmission, oem_warranty_months, oem_warranty_kms) VALUES ('7b570a1e-671a-4033-ab55-7da5b8784784', 'cc5bb575-d68a-4013-94e5-1a91b9daf0fa', 'MARUTI SWIFT LXI', 'Petrol', 'Manual', 36, 100000) ON CONFLICT DO NOTHING;
INSERT INTO plans (id, variant_id, plan_name, duration_months, max_kms) VALUES ('7974f0eb-f9ce-4c3c-a251-24019439160c', '7b570a1e-671a-4033-ab55-7da5b8784784', '12 Months / 20,000 Kms', 12, 20000) ON CONFLICT DO NOTHING;
INSERT INTO tiers (plan_id, min_days, max_days, price_inr, is_active) VALUES ('7974f0eb-f9ce-4c3c-a251-24019439160c', 0, 30, 6855.8, TRUE) ON CONFLICT DO NOTHING;
INSERT INTO tiers (plan_id, min_days, max_days, price_inr, is_active) VALUES ('7974f0eb-f9ce-4c3c-a251-24019439160c', 31, 365, 7894.2, TRUE) ON CONFLICT DO NOTHING;
INSERT INTO tiers (plan_id, min_days, max_days, price_inr, is_active) VALUES ('7974f0eb-f9ce-4c3c-a251-24019439160c', 366, 730, 8920.8, TRUE) ON CONFLICT DO NOTHING;
INSERT INTO tiers (plan_id, min_days, max_days, price_inr, is_active) VALUES ('7974f0eb-f9ce-4c3c-a251-24019439160c', 731, 1095, 9947.4, TRUE) ON CONFLICT DO NOTHING;
INSERT INTO plans (id, variant_id, plan_name, duration_months, max_kms) VALUES ('a7b59ff3-1eb4-46a6-a413-190af7d1713d', '7b570a1e-671a-4033-ab55-7da5b8784784', '24 Months / 40,000 Kms', 24, 40000) ON CONFLICT DO NOTHING;
INSERT INTO tiers (plan_id, min_days, max_days, price_inr, is_active) VALUES ('a7b59ff3-1eb4-46a6-a413-190af7d1713d', 0, 30, 8743.8, TRUE) ON CONFLICT DO NOTHING;
INSERT INTO tiers (plan_id, min_days, max_days, price_inr, is_active) VALUES ('a7b59ff3-1eb4-46a6-a413-190af7d1713d', 31, 365, 10065.4, TRUE) ON CONFLICT DO NOTHING;
INSERT INTO tiers (plan_id, min_days, max_days, price_inr, is_active) VALUES ('a7b59ff3-1eb4-46a6-a413-190af7d1713d', 366, 730, 11375.2, TRUE) ON CONFLICT DO NOTHING;
INSERT INTO tiers (plan_id, min_days, max_days, price_inr, is_active) VALUES ('a7b59ff3-1eb4-46a6-a413-190af7d1713d', 731, 1095, 12685.0, TRUE) ON CONFLICT DO NOTHING;
INSERT INTO plans (id, variant_id, plan_name, duration_months, max_kms) VALUES ('85f69fd1-6245-4dbd-b4a3-3bfae93a60b1', '7b570a1e-671a-4033-ab55-7da5b8784784', '36 Months / 60,000 Kms', 36, 60000) ON CONFLICT DO NOTHING;
INSERT INTO tiers (plan_id, min_days, max_days, price_inr, is_active) VALUES ('85f69fd1-6245-4dbd-b4a3-3bfae93a60b1', 0, 30, 10041.8, TRUE) ON CONFLICT DO NOTHING;
INSERT INTO tiers (plan_id, min_days, max_days, price_inr, is_active) VALUES ('85f69fd1-6245-4dbd-b4a3-3bfae93a60b1', 31, 365, 11552.2, TRUE) ON CONFLICT DO NOTHING;
INSERT INTO tiers (plan_id, min_days, max_days, price_inr, is_active) VALUES ('85f69fd1-6245-4dbd-b4a3-3bfae93a60b1', 366, 730, 13062.6, TRUE) ON CONFLICT DO NOTHING;
INSERT INTO tiers (plan_id, min_days, max_days, price_inr, is_active) VALUES ('85f69fd1-6245-4dbd-b4a3-3bfae93a60b1', 731, 1095, 14561.2, TRUE) ON CONFLICT DO NOTHING;
INSERT INTO variants (id, model_id, name, fuel, transmission, oem_warranty_months, oem_warranty_kms) VALUES ('5a24025a-965a-44a5-a199-b461d6a541e8', 'cc5bb575-d68a-4013-94e5-1a91b9daf0fa', 'MARUTI SWIFT LXI 1.2L 5MT', 'Petrol', 'Manual', 36, 100000) ON CONFLICT DO NOTHING;
INSERT INTO plans (id, variant_id, plan_name, duration_months, max_kms) VALUES ('b5f85931-457b-4e76-a38a-be0ef76b4514', '5a24025a-965a-44a5-a199-b461d6a541e8', '12 Months / 20,000 Kms', 12, 20000) ON CONFLICT DO NOTHING;
INSERT INTO tiers (plan_id, min_days, max_days, price_inr, is_active) VALUES ('b5f85931-457b-4e76-a38a-be0ef76b4514', 0, 30, 8236.4, TRUE) ON CONFLICT DO NOTHING;
INSERT INTO tiers (plan_id, min_days, max_days, price_inr, is_active) VALUES ('b5f85931-457b-4e76-a38a-be0ef76b4514', 31, 365, 9475.4, TRUE) ON CONFLICT DO NOTHING;
INSERT INTO tiers (plan_id, min_days, max_days, price_inr, is_active) VALUES ('b5f85931-457b-4e76-a38a-be0ef76b4514', 366, 730, 10714.4, TRUE) ON CONFLICT DO NOTHING;
INSERT INTO tiers (plan_id, min_days, max_days, price_inr, is_active) VALUES ('b5f85931-457b-4e76-a38a-be0ef76b4514', 731, 1095, 11953.4, TRUE) ON CONFLICT DO NOTHING;
INSERT INTO plans (id, variant_id, plan_name, duration_months, max_kms) VALUES ('9605167b-b25f-4446-a696-bfcdd44e1690', '5a24025a-965a-44a5-a199-b461d6a541e8', '24 Months / 40,000 Kms', 24, 40000) ON CONFLICT DO NOTHING;
INSERT INTO tiers (plan_id, min_days, max_days, price_inr, is_active) VALUES ('9605167b-b25f-4446-a696-bfcdd44e1690', 0, 30, 10124.4, TRUE) ON CONFLICT DO NOTHING;
INSERT INTO tiers (plan_id, min_days, max_days, price_inr, is_active) VALUES ('9605167b-b25f-4446-a696-bfcdd44e1690', 31, 365, 11646.6, TRUE) ON CONFLICT DO NOTHING;
INSERT INTO tiers (plan_id, min_days, max_days, price_inr, is_active) VALUES ('9605167b-b25f-4446-a696-bfcdd44e1690', 366, 730, 13168.8, TRUE) ON CONFLICT DO NOTHING;
INSERT INTO tiers (plan_id, min_days, max_days, price_inr, is_active) VALUES ('9605167b-b25f-4446-a696-bfcdd44e1690', 731, 1095, 14691.0, TRUE) ON CONFLICT DO NOTHING;
INSERT INTO plans (id, variant_id, plan_name, duration_months, max_kms) VALUES ('45ef0cc6-18da-4a60-8354-84a741dbfe24', '5a24025a-965a-44a5-a199-b461d6a541e8', '36 Months / 60,000 Kms', 36, 60000) ON CONFLICT DO NOTHING;
INSERT INTO tiers (plan_id, min_days, max_days, price_inr, is_active) VALUES ('45ef0cc6-18da-4a60-8354-84a741dbfe24', 0, 30, 11422.4, TRUE) ON CONFLICT DO NOTHING;
INSERT INTO tiers (plan_id, min_days, max_days, price_inr, is_active) VALUES ('45ef0cc6-18da-4a60-8354-84a741dbfe24', 31, 365, 13145.2, TRUE) ON CONFLICT DO NOTHING;
INSERT INTO tiers (plan_id, min_days, max_days, price_inr, is_active) VALUES ('45ef0cc6-18da-4a60-8354-84a741dbfe24', 366, 730, 14856.2, TRUE) ON CONFLICT DO NOTHING;
INSERT INTO tiers (plan_id, min_days, max_days, price_inr, is_active) VALUES ('45ef0cc6-18da-4a60-8354-84a741dbfe24', 731, 1095, 16567.2, TRUE) ON CONFLICT DO NOTHING;
INSERT INTO variants (id, model_id, name, fuel, transmission, oem_warranty_months, oem_warranty_kms) VALUES ('6f56badf-44cb-419b-81e9-a23d0e879d57', 'cc5bb575-d68a-4013-94e5-1a91b9daf0fa', 'MARUTI SWIFT VXI', 'Petrol', 'Manual', 36, 100000) ON CONFLICT DO NOTHING;
INSERT INTO plans (id, variant_id, plan_name, duration_months, max_kms) VALUES ('7968f494-9b29-4a25-992d-9a03cd97e3d6', '6f56badf-44cb-419b-81e9-a23d0e879d57', '12 Months / 20,000 Kms', 12, 20000) ON CONFLICT DO NOTHING;
INSERT INTO tiers (plan_id, min_days, max_days, price_inr, is_active) VALUES ('7968f494-9b29-4a25-992d-9a03cd97e3d6', 0, 30, 8142.0, TRUE) ON CONFLICT DO NOTHING;
INSERT INTO tiers (plan_id, min_days, max_days, price_inr, is_active) VALUES ('7968f494-9b29-4a25-992d-9a03cd97e3d6', 31, 365, 9369.2, TRUE) ON CONFLICT DO NOTHING;
INSERT INTO tiers (plan_id, min_days, max_days, price_inr, is_active) VALUES ('7968f494-9b29-4a25-992d-9a03cd97e3d6', 366, 730, 10584.6, TRUE) ON CONFLICT DO NOTHING;
INSERT INTO tiers (plan_id, min_days, max_days, price_inr, is_active) VALUES ('7968f494-9b29-4a25-992d-9a03cd97e3d6', 731, 1095, 11811.8, TRUE) ON CONFLICT DO NOTHING;
INSERT INTO plans (id, variant_id, plan_name, duration_months, max_kms) VALUES ('d1bc1222-acbb-4c72-ba25-dacb65565bcc', '6f56badf-44cb-419b-81e9-a23d0e879d57', '24 Months / 40,000 Kms', 24, 40000) ON CONFLICT DO NOTHING;
INSERT INTO tiers (plan_id, min_days, max_days, price_inr, is_active) VALUES ('d1bc1222-acbb-4c72-ba25-dacb65565bcc', 0, 30, 10030.0, TRUE) ON CONFLICT DO NOTHING;
INSERT INTO tiers (plan_id, min_days, max_days, price_inr, is_active) VALUES ('d1bc1222-acbb-4c72-ba25-dacb65565bcc', 31, 365, 11540.4, TRUE) ON CONFLICT DO NOTHING;
INSERT INTO tiers (plan_id, min_days, max_days, price_inr, is_active) VALUES ('d1bc1222-acbb-4c72-ba25-dacb65565bcc', 366, 730, 13039.0, TRUE) ON CONFLICT DO NOTHING;
INSERT INTO tiers (plan_id, min_days, max_days, price_inr, is_active) VALUES ('d1bc1222-acbb-4c72-ba25-dacb65565bcc', 731, 1095, 14549.4, TRUE) ON CONFLICT DO NOTHING;
INSERT INTO plans (id, variant_id, plan_name, duration_months, max_kms) VALUES ('11aaaa8f-379b-466c-b838-e862b5af78d2', '6f56badf-44cb-419b-81e9-a23d0e879d57', '36 Months / 60,000 Kms', 36, 60000) ON CONFLICT DO NOTHING;
INSERT INTO tiers (plan_id, min_days, max_days, price_inr, is_active) VALUES ('11aaaa8f-379b-466c-b838-e862b5af78d2', 0, 30, 11328.0, TRUE) ON CONFLICT DO NOTHING;
INSERT INTO tiers (plan_id, min_days, max_days, price_inr, is_active) VALUES ('11aaaa8f-379b-466c-b838-e862b5af78d2', 31, 365, 13027.2, TRUE) ON CONFLICT DO NOTHING;
INSERT INTO tiers (plan_id, min_days, max_days, price_inr, is_active) VALUES ('11aaaa8f-379b-466c-b838-e862b5af78d2', 366, 730, 14726.4, TRUE) ON CONFLICT DO NOTHING;
INSERT INTO tiers (plan_id, min_days, max_days, price_inr, is_active) VALUES ('11aaaa8f-379b-466c-b838-e862b5af78d2', 731, 1095, 16425.6, TRUE) ON CONFLICT DO NOTHING;
INSERT INTO variants (id, model_id, name, fuel, transmission, oem_warranty_months, oem_warranty_kms) VALUES ('33419b24-32a0-4224-a46a-2dd2b8c88c48', 'cc5bb575-d68a-4013-94e5-1a91b9daf0fa', 'MARUTI SWIFT VXI 1.2L 5MT', 'Petrol', 'Manual', 36, 100000) ON CONFLICT DO NOTHING;
INSERT INTO plans (id, variant_id, plan_name, duration_months, max_kms) VALUES ('4148ae6e-627c-4bbb-ba32-20dac8d8de81', '33419b24-32a0-4224-a46a-2dd2b8c88c48', '12 Months / 20,000 Kms', 12, 20000) ON CONFLICT DO NOTHING;
INSERT INTO tiers (plan_id, min_days, max_days, price_inr, is_active) VALUES ('4148ae6e-627c-4bbb-ba32-20dac8d8de81', 0, 30, 9900.2, TRUE) ON CONFLICT DO NOTHING;
INSERT INTO tiers (plan_id, min_days, max_days, price_inr, is_active) VALUES ('4148ae6e-627c-4bbb-ba32-20dac8d8de81', 31, 365, 11387.0, TRUE) ON CONFLICT DO NOTHING;
INSERT INTO tiers (plan_id, min_days, max_days, price_inr, is_active) VALUES ('4148ae6e-627c-4bbb-ba32-20dac8d8de81', 366, 730, 12873.8, TRUE) ON CONFLICT DO NOTHING;
INSERT INTO tiers (plan_id, min_days, max_days, price_inr, is_active) VALUES ('4148ae6e-627c-4bbb-ba32-20dac8d8de81', 731, 1095, 14360.6, TRUE) ON CONFLICT DO NOTHING;
INSERT INTO plans (id, variant_id, plan_name, duration_months, max_kms) VALUES ('0293d17f-8157-4f5c-b6f1-30047ceaad05', '33419b24-32a0-4224-a46a-2dd2b8c88c48', '24 Months / 40,000 Kms', 24, 40000) ON CONFLICT DO NOTHING;
INSERT INTO tiers (plan_id, min_days, max_days, price_inr, is_active) VALUES ('0293d17f-8157-4f5c-b6f1-30047ceaad05', 0, 30, 11788.2, TRUE) ON CONFLICT DO NOTHING;
INSERT INTO tiers (plan_id, min_days, max_days, price_inr, is_active) VALUES ('0293d17f-8157-4f5c-b6f1-30047ceaad05', 31, 365, 13558.2, TRUE) ON CONFLICT DO NOTHING;
INSERT INTO tiers (plan_id, min_days, max_days, price_inr, is_active) VALUES ('0293d17f-8157-4f5c-b6f1-30047ceaad05', 366, 730, 15328.2, TRUE) ON CONFLICT DO NOTHING;
INSERT INTO tiers (plan_id, min_days, max_days, price_inr, is_active) VALUES ('0293d17f-8157-4f5c-b6f1-30047ceaad05', 731, 1095, 17098.2, TRUE) ON CONFLICT DO NOTHING;
INSERT INTO plans (id, variant_id, plan_name, duration_months, max_kms) VALUES ('6b282e39-c09c-42fd-bb24-34ec9cb10c9d', '33419b24-32a0-4224-a46a-2dd2b8c88c48', '36 Months / 60,000 Kms', 36, 60000) ON CONFLICT DO NOTHING;
INSERT INTO tiers (plan_id, min_days, max_days, price_inr, is_active) VALUES ('6b282e39-c09c-42fd-bb24-34ec9cb10c9d', 0, 30, 13086.2, TRUE) ON CONFLICT DO NOTHING;
INSERT INTO tiers (plan_id, min_days, max_days, price_inr, is_active) VALUES ('6b282e39-c09c-42fd-bb24-34ec9cb10c9d', 31, 365, 15056.8, TRUE) ON CONFLICT DO NOTHING;
INSERT INTO tiers (plan_id, min_days, max_days, price_inr, is_active) VALUES ('6b282e39-c09c-42fd-bb24-34ec9cb10c9d', 366, 730, 17015.6, TRUE) ON CONFLICT DO NOTHING;
INSERT INTO tiers (plan_id, min_days, max_days, price_inr, is_active) VALUES ('6b282e39-c09c-42fd-bb24-34ec9cb10c9d', 731, 1095, 18986.2, TRUE) ON CONFLICT DO NOTHING;
INSERT INTO variants (id, model_id, name, fuel, transmission, oem_warranty_months, oem_warranty_kms) VALUES ('9c7438f7-0c87-4e95-99a1-f1692dc43ada', 'cc5bb575-d68a-4013-94e5-1a91b9daf0fa', 'MARUTI SWIFT VXI 1.2L AGS', 'Petrol', 'Automatic', 36, 100000) ON CONFLICT DO NOTHING;
INSERT INTO plans (id, variant_id, plan_name, duration_months, max_kms) VALUES ('e6aa3940-5b69-4a96-b41d-6f980fee77d4', '9c7438f7-0c87-4e95-99a1-f1692dc43ada', '12 Months / 20,000 Kms', 12, 20000) ON CONFLICT DO NOTHING;
INSERT INTO tiers (plan_id, min_days, max_days, price_inr, is_active) VALUES ('e6aa3940-5b69-4a96-b41d-6f980fee77d4', 0, 30, 10808.8, TRUE) ON CONFLICT DO NOTHING;
INSERT INTO tiers (plan_id, min_days, max_days, price_inr, is_active) VALUES ('e6aa3940-5b69-4a96-b41d-6f980fee77d4', 31, 365, 12437.2, TRUE) ON CONFLICT DO NOTHING;
INSERT INTO tiers (plan_id, min_days, max_days, price_inr, is_active) VALUES ('e6aa3940-5b69-4a96-b41d-6f980fee77d4', 366, 730, 14053.8, TRUE) ON CONFLICT DO NOTHING;
INSERT INTO tiers (plan_id, min_days, max_days, price_inr, is_active) VALUES ('e6aa3940-5b69-4a96-b41d-6f980fee77d4', 731, 1095, 15682.2, TRUE) ON CONFLICT DO NOTHING;
INSERT INTO plans (id, variant_id, plan_name, duration_months, max_kms) VALUES ('301f37ef-bcdf-4a04-867d-f469117fae3c', '9c7438f7-0c87-4e95-99a1-f1692dc43ada', '24 Months / 40,000 Kms', 24, 40000) ON CONFLICT DO NOTHING;
INSERT INTO tiers (plan_id, min_days, max_days, price_inr, is_active) VALUES ('301f37ef-bcdf-4a04-867d-f469117fae3c', 0, 30, 12696.8, TRUE) ON CONFLICT DO NOTHING;
INSERT INTO tiers (plan_id, min_days, max_days, price_inr, is_active) VALUES ('301f37ef-bcdf-4a04-867d-f469117fae3c', 31, 365, 14608.4, TRUE) ON CONFLICT DO NOTHING;
INSERT INTO tiers (plan_id, min_days, max_days, price_inr, is_active) VALUES ('301f37ef-bcdf-4a04-867d-f469117fae3c', 366, 730, 16508.2, TRUE) ON CONFLICT DO NOTHING;
INSERT INTO tiers (plan_id, min_days, max_days, price_inr, is_active) VALUES ('301f37ef-bcdf-4a04-867d-f469117fae3c', 731, 1095, 18419.8, TRUE) ON CONFLICT DO NOTHING;
INSERT INTO plans (id, variant_id, plan_name, duration_months, max_kms) VALUES ('d46e30f7-0c7d-4ebe-8c75-dc0571cbfff3', '9c7438f7-0c87-4e95-99a1-f1692dc43ada', '36 Months / 60,000 Kms', 36, 60000) ON CONFLICT DO NOTHING;
INSERT INTO tiers (plan_id, min_days, max_days, price_inr, is_active) VALUES ('d46e30f7-0c7d-4ebe-8c75-dc0571cbfff3', 0, 30, 13994.8, TRUE) ON CONFLICT DO NOTHING;
INSERT INTO tiers (plan_id, min_days, max_days, price_inr, is_active) VALUES ('d46e30f7-0c7d-4ebe-8c75-dc0571cbfff3', 31, 365, 16095.2, TRUE) ON CONFLICT DO NOTHING;
INSERT INTO tiers (plan_id, min_days, max_days, price_inr, is_active) VALUES ('d46e30f7-0c7d-4ebe-8c75-dc0571cbfff3', 366, 730, 18195.6, TRUE) ON CONFLICT DO NOTHING;
INSERT INTO tiers (plan_id, min_days, max_days, price_inr, is_active) VALUES ('d46e30f7-0c7d-4ebe-8c75-dc0571cbfff3', 731, 1095, 20296.0, TRUE) ON CONFLICT DO NOTHING;
INSERT INTO variants (id, model_id, name, fuel, transmission, oem_warranty_months, oem_warranty_kms) VALUES ('66671145-ca88-4530-8f0b-0443f59c2705', 'cc5bb575-d68a-4013-94e5-1a91b9daf0fa', 'MARUTI SWIFT VXI AMT', 'Petrol', 'Manual', 36, 100000) ON CONFLICT DO NOTHING;
INSERT INTO plans (id, variant_id, plan_name, duration_months, max_kms) VALUES ('dcb14d7b-eaea-4a69-9250-db2677c1feb6', '66671145-ca88-4530-8f0b-0443f59c2705', '12 Months / 20,000 Kms', 12, 20000) ON CONFLICT DO NOTHING;
INSERT INTO tiers (plan_id, min_days, max_days, price_inr, is_active) VALUES ('dcb14d7b-eaea-4a69-9250-db2677c1feb6', 0, 30, 9003.4, TRUE) ON CONFLICT DO NOTHING;
INSERT INTO tiers (plan_id, min_days, max_days, price_inr, is_active) VALUES ('dcb14d7b-eaea-4a69-9250-db2677c1feb6', 31, 365, 10360.4, TRUE) ON CONFLICT DO NOTHING;
INSERT INTO tiers (plan_id, min_days, max_days, price_inr, is_active) VALUES ('dcb14d7b-eaea-4a69-9250-db2677c1feb6', 366, 730, 11705.6, TRUE) ON CONFLICT DO NOTHING;
INSERT INTO tiers (plan_id, min_days, max_days, price_inr, is_active) VALUES ('dcb14d7b-eaea-4a69-9250-db2677c1feb6', 731, 1095, 13062.6, TRUE) ON CONFLICT DO NOTHING;
INSERT INTO plans (id, variant_id, plan_name, duration_months, max_kms) VALUES ('e5929cf5-8e62-43e0-a7e0-3bb29bf783a9', '66671145-ca88-4530-8f0b-0443f59c2705', '24 Months / 40,000 Kms', 24, 40000) ON CONFLICT DO NOTHING;
INSERT INTO tiers (plan_id, min_days, max_days, price_inr, is_active) VALUES ('e5929cf5-8e62-43e0-a7e0-3bb29bf783a9', 0, 30, 10891.4, TRUE) ON CONFLICT DO NOTHING;
INSERT INTO tiers (plan_id, min_days, max_days, price_inr, is_active) VALUES ('e5929cf5-8e62-43e0-a7e0-3bb29bf783a9', 31, 365, 12531.6, TRUE) ON CONFLICT DO NOTHING;
INSERT INTO tiers (plan_id, min_days, max_days, price_inr, is_active) VALUES ('e5929cf5-8e62-43e0-a7e0-3bb29bf783a9', 366, 730, 14160.0, TRUE) ON CONFLICT DO NOTHING;
INSERT INTO tiers (plan_id, min_days, max_days, price_inr, is_active) VALUES ('e5929cf5-8e62-43e0-a7e0-3bb29bf783a9', 731, 1095, 15800.2, TRUE) ON CONFLICT DO NOTHING;
INSERT INTO plans (id, variant_id, plan_name, duration_months, max_kms) VALUES ('fd3d27dd-8af4-4507-b589-b2d7ddf00d62', '66671145-ca88-4530-8f0b-0443f59c2705', '36 Months / 60,000 Kms', 36, 60000) ON CONFLICT DO NOTHING;
INSERT INTO tiers (plan_id, min_days, max_days, price_inr, is_active) VALUES ('fd3d27dd-8af4-4507-b589-b2d7ddf00d62', 0, 30, 12189.4, TRUE) ON CONFLICT DO NOTHING;
INSERT INTO tiers (plan_id, min_days, max_days, price_inr, is_active) VALUES ('fd3d27dd-8af4-4507-b589-b2d7ddf00d62', 31, 365, 14018.4, TRUE) ON CONFLICT DO NOTHING;
INSERT INTO tiers (plan_id, min_days, max_days, price_inr, is_active) VALUES ('fd3d27dd-8af4-4507-b589-b2d7ddf00d62', 366, 730, 15847.4, TRUE) ON CONFLICT DO NOTHING;
INSERT INTO tiers (plan_id, min_days, max_days, price_inr, is_active) VALUES ('fd3d27dd-8af4-4507-b589-b2d7ddf00d62', 731, 1095, 17676.4, TRUE) ON CONFLICT DO NOTHING;
INSERT INTO variants (id, model_id, name, fuel, transmission, oem_warranty_months, oem_warranty_kms) VALUES ('a177ba32-240d-4741-8282-d04a8eb69311', 'cc5bb575-d68a-4013-94e5-1a91b9daf0fa', 'MARUTI SWIFT VXI CNG 1.2L 5MT', 'CNG', 'Manual', 36, 100000) ON CONFLICT DO NOTHING;
INSERT INTO plans (id, variant_id, plan_name, duration_months, max_kms) VALUES ('c57a687b-d218-4cd1-b73d-49318b92ebba', 'a177ba32-240d-4741-8282-d04a8eb69311', '12 Months / 20,000 Kms', 12, 20000) ON CONFLICT DO NOTHING;
INSERT INTO tiers (plan_id, min_days, max_days, price_inr, is_active) VALUES ('c57a687b-d218-4cd1-b73d-49318b92ebba', 0, 30, 11540.4, TRUE) ON CONFLICT DO NOTHING;
INSERT INTO tiers (plan_id, min_days, max_days, price_inr, is_active) VALUES ('c57a687b-d218-4cd1-b73d-49318b92ebba', 31, 365, 13275.0, TRUE) ON CONFLICT DO NOTHING;
INSERT INTO tiers (plan_id, min_days, max_days, price_inr, is_active) VALUES ('c57a687b-d218-4cd1-b73d-49318b92ebba', 366, 730, 15009.6, TRUE) ON CONFLICT DO NOTHING;
INSERT INTO tiers (plan_id, min_days, max_days, price_inr, is_active) VALUES ('c57a687b-d218-4cd1-b73d-49318b92ebba', 731, 1095, 16744.2, TRUE) ON CONFLICT DO NOTHING;
INSERT INTO plans (id, variant_id, plan_name, duration_months, max_kms) VALUES ('6963678c-253a-4b18-8b9d-4c615eda917d', 'a177ba32-240d-4741-8282-d04a8eb69311', '24 Months / 40,000 Kms', 24, 40000) ON CONFLICT DO NOTHING;
INSERT INTO tiers (plan_id, min_days, max_days, price_inr, is_active) VALUES ('6963678c-253a-4b18-8b9d-4c615eda917d', 0, 30, 13428.4, TRUE) ON CONFLICT DO NOTHING;
INSERT INTO tiers (plan_id, min_days, max_days, price_inr, is_active) VALUES ('6963678c-253a-4b18-8b9d-4c615eda917d', 31, 365, 15446.2, TRUE) ON CONFLICT DO NOTHING;
INSERT INTO tiers (plan_id, min_days, max_days, price_inr, is_active) VALUES ('6963678c-253a-4b18-8b9d-4c615eda917d', 366, 730, 17464.0, TRUE) ON CONFLICT DO NOTHING;
INSERT INTO tiers (plan_id, min_days, max_days, price_inr, is_active) VALUES ('6963678c-253a-4b18-8b9d-4c615eda917d', 731, 1095, 19481.8, TRUE) ON CONFLICT DO NOTHING;
INSERT INTO plans (id, variant_id, plan_name, duration_months, max_kms) VALUES ('7d517cee-0c54-47a9-a560-2b4ccf8119ed', 'a177ba32-240d-4741-8282-d04a8eb69311', '36 Months / 60,000 Kms', 36, 60000) ON CONFLICT DO NOTHING;
INSERT INTO tiers (plan_id, min_days, max_days, price_inr, is_active) VALUES ('7d517cee-0c54-47a9-a560-2b4ccf8119ed', 0, 30, 14726.4, TRUE) ON CONFLICT DO NOTHING;
INSERT INTO tiers (plan_id, min_days, max_days, price_inr, is_active) VALUES ('7d517cee-0c54-47a9-a560-2b4ccf8119ed', 31, 365, 16944.8, TRUE) ON CONFLICT DO NOTHING;
INSERT INTO tiers (plan_id, min_days, max_days, price_inr, is_active) VALUES ('7d517cee-0c54-47a9-a560-2b4ccf8119ed', 366, 730, 19151.4, TRUE) ON CONFLICT DO NOTHING;
INSERT INTO tiers (plan_id, min_days, max_days, price_inr, is_active) VALUES ('7d517cee-0c54-47a9-a560-2b4ccf8119ed', 731, 1095, 21358.0, TRUE) ON CONFLICT DO NOTHING;
INSERT INTO variants (id, model_id, name, fuel, transmission, oem_warranty_months, oem_warranty_kms) VALUES ('752208dc-a258-4569-a3d9-c1493285b8e2', 'cc5bb575-d68a-4013-94e5-1a91b9daf0fa', 'MARUTI SWIFT ZXI', 'Petrol', 'Manual', 36, 100000) ON CONFLICT DO NOTHING;
INSERT INTO plans (id, variant_id, plan_name, duration_months, max_kms) VALUES ('0d74133b-74df-4413-975a-28d957c89ade', '752208dc-a258-4569-a3d9-c1493285b8e2', '12 Months / 20,000 Kms', 12, 20000) ON CONFLICT DO NOTHING;
INSERT INTO tiers (plan_id, min_days, max_days, price_inr, is_active) VALUES ('0d74133b-74df-4413-975a-28d957c89ade', 0, 30, 9215.8, TRUE) ON CONFLICT DO NOTHING;
INSERT INTO tiers (plan_id, min_days, max_days, price_inr, is_active) VALUES ('0d74133b-74df-4413-975a-28d957c89ade', 31, 365, 10608.2, TRUE) ON CONFLICT DO NOTHING;
INSERT INTO tiers (plan_id, min_days, max_days, price_inr, is_active) VALUES ('0d74133b-74df-4413-975a-28d957c89ade', 366, 730, 11988.8, TRUE) ON CONFLICT DO NOTHING;
INSERT INTO tiers (plan_id, min_days, max_days, price_inr, is_active) VALUES ('0d74133b-74df-4413-975a-28d957c89ade', 731, 1095, 13369.4, TRUE) ON CONFLICT DO NOTHING;
INSERT INTO plans (id, variant_id, plan_name, duration_months, max_kms) VALUES ('7760d157-b46e-481e-bd0c-332c8bfe142a', '752208dc-a258-4569-a3d9-c1493285b8e2', '24 Months / 40,000 Kms', 24, 40000) ON CONFLICT DO NOTHING;
INSERT INTO tiers (plan_id, min_days, max_days, price_inr, is_active) VALUES ('7760d157-b46e-481e-bd0c-332c8bfe142a', 0, 30, 11103.8, TRUE) ON CONFLICT DO NOTHING;
INSERT INTO tiers (plan_id, min_days, max_days, price_inr, is_active) VALUES ('7760d157-b46e-481e-bd0c-332c8bfe142a', 31, 365, 12779.4, TRUE) ON CONFLICT DO NOTHING;
INSERT INTO tiers (plan_id, min_days, max_days, price_inr, is_active) VALUES ('7760d157-b46e-481e-bd0c-332c8bfe142a', 366, 730, 14443.2, TRUE) ON CONFLICT DO NOTHING;
INSERT INTO tiers (plan_id, min_days, max_days, price_inr, is_active) VALUES ('7760d157-b46e-481e-bd0c-332c8bfe142a', 731, 1095, 16107.0, TRUE) ON CONFLICT DO NOTHING;
INSERT INTO plans (id, variant_id, plan_name, duration_months, max_kms) VALUES ('7535115b-bc84-45fb-a90e-2e163c4cfb33', '752208dc-a258-4569-a3d9-c1493285b8e2', '36 Months / 60,000 Kms', 36, 60000) ON CONFLICT DO NOTHING;
INSERT INTO tiers (plan_id, min_days, max_days, price_inr, is_active) VALUES ('7535115b-bc84-45fb-a90e-2e163c4cfb33', 0, 30, 12401.8, TRUE) ON CONFLICT DO NOTHING;
INSERT INTO tiers (plan_id, min_days, max_days, price_inr, is_active) VALUES ('7535115b-bc84-45fb-a90e-2e163c4cfb33', 31, 365, 14266.2, TRUE) ON CONFLICT DO NOTHING;
INSERT INTO tiers (plan_id, min_days, max_days, price_inr, is_active) VALUES ('7535115b-bc84-45fb-a90e-2e163c4cfb33', 366, 730, 16130.6, TRUE) ON CONFLICT DO NOTHING;
INSERT INTO tiers (plan_id, min_days, max_days, price_inr, is_active) VALUES ('7535115b-bc84-45fb-a90e-2e163c4cfb33', 731, 1095, 17983.2, TRUE) ON CONFLICT DO NOTHING;
INSERT INTO variants (id, model_id, name, fuel, transmission, oem_warranty_months, oem_warranty_kms) VALUES ('ebb52bcc-2ede-43f1-89d7-dc3823310123', 'cc5bb575-d68a-4013-94e5-1a91b9daf0fa', 'MARUTI SWIFT ZXI 1.2L 5MT', 'Petrol', 'Manual', 36, 100000) ON CONFLICT DO NOTHING;
INSERT INTO plans (id, variant_id, plan_name, duration_months, max_kms) VALUES ('c4238c05-12b5-4aa5-b28c-16088d6119fd', 'ebb52bcc-2ede-43f1-89d7-dc3823310123', '12 Months / 20,000 Kms', 12, 20000) ON CONFLICT DO NOTHING;
INSERT INTO tiers (plan_id, min_days, max_days, price_inr, is_active) VALUES ('c4238c05-12b5-4aa5-b28c-16088d6119fd', 0, 30, 11328.0, TRUE) ON CONFLICT DO NOTHING;
INSERT INTO tiers (plan_id, min_days, max_days, price_inr, is_active) VALUES ('c4238c05-12b5-4aa5-b28c-16088d6119fd', 31, 365, 13027.2, TRUE) ON CONFLICT DO NOTHING;
INSERT INTO tiers (plan_id, min_days, max_days, price_inr, is_active) VALUES ('c4238c05-12b5-4aa5-b28c-16088d6119fd', 366, 730, 14726.4, TRUE) ON CONFLICT DO NOTHING;
INSERT INTO tiers (plan_id, min_days, max_days, price_inr, is_active) VALUES ('c4238c05-12b5-4aa5-b28c-16088d6119fd', 731, 1095, 16425.6, TRUE) ON CONFLICT DO NOTHING;
INSERT INTO plans (id, variant_id, plan_name, duration_months, max_kms) VALUES ('0f28bc61-7a3b-4a9b-99a7-612f32179109', 'ebb52bcc-2ede-43f1-89d7-dc3823310123', '24 Months / 40,000 Kms', 24, 40000) ON CONFLICT DO NOTHING;
INSERT INTO tiers (plan_id, min_days, max_days, price_inr, is_active) VALUES ('0f28bc61-7a3b-4a9b-99a7-612f32179109', 0, 30, 13216.0, TRUE) ON CONFLICT DO NOTHING;
INSERT INTO tiers (plan_id, min_days, max_days, price_inr, is_active) VALUES ('0f28bc61-7a3b-4a9b-99a7-612f32179109', 31, 365, 15198.4, TRUE) ON CONFLICT DO NOTHING;
INSERT INTO tiers (plan_id, min_days, max_days, price_inr, is_active) VALUES ('0f28bc61-7a3b-4a9b-99a7-612f32179109', 366, 730, 17180.8, TRUE) ON CONFLICT DO NOTHING;
INSERT INTO tiers (plan_id, min_days, max_days, price_inr, is_active) VALUES ('0f28bc61-7a3b-4a9b-99a7-612f32179109', 731, 1095, 19163.2, TRUE) ON CONFLICT DO NOTHING;
INSERT INTO plans (id, variant_id, plan_name, duration_months, max_kms) VALUES ('68965472-781c-4f5f-b389-1350fd3fd33b', 'ebb52bcc-2ede-43f1-89d7-dc3823310123', '36 Months / 60,000 Kms', 36, 60000) ON CONFLICT DO NOTHING;
INSERT INTO tiers (plan_id, min_days, max_days, price_inr, is_active) VALUES ('68965472-781c-4f5f-b389-1350fd3fd33b', 0, 30, 14514.0, TRUE) ON CONFLICT DO NOTHING;
INSERT INTO tiers (plan_id, min_days, max_days, price_inr, is_active) VALUES ('68965472-781c-4f5f-b389-1350fd3fd33b', 31, 365, 16697.0, TRUE) ON CONFLICT DO NOTHING;
INSERT INTO tiers (plan_id, min_days, max_days, price_inr, is_active) VALUES ('68965472-781c-4f5f-b389-1350fd3fd33b', 366, 730, 18868.2, TRUE) ON CONFLICT DO NOTHING;
INSERT INTO tiers (plan_id, min_days, max_days, price_inr, is_active) VALUES ('68965472-781c-4f5f-b389-1350fd3fd33b', 731, 1095, 21051.2, TRUE) ON CONFLICT DO NOTHING;
INSERT INTO variants (id, model_id, name, fuel, transmission, oem_warranty_months, oem_warranty_kms) VALUES ('8ba1bf53-00e6-45c9-9821-38a88d14eb62', 'cc5bb575-d68a-4013-94e5-1a91b9daf0fa', 'MARUTI SWIFT ZXI 1.2L AGS', 'Petrol', 'Automatic', 36, 100000) ON CONFLICT DO NOTHING;
INSERT INTO plans (id, variant_id, plan_name, duration_months, max_kms) VALUES ('2692720d-c0d6-4095-90b1-5fd7362722ec', '8ba1bf53-00e6-45c9-9821-38a88d14eb62', '12 Months / 20,000 Kms', 12, 20000) ON CONFLICT DO NOTHING;
INSERT INTO tiers (plan_id, min_days, max_days, price_inr, is_active) VALUES ('2692720d-c0d6-4095-90b1-5fd7362722ec', 0, 30, 12236.6, TRUE) ON CONFLICT DO NOTHING;
INSERT INTO tiers (plan_id, min_days, max_days, price_inr, is_active) VALUES ('2692720d-c0d6-4095-90b1-5fd7362722ec', 31, 365, 14077.4, TRUE) ON CONFLICT DO NOTHING;
INSERT INTO tiers (plan_id, min_days, max_days, price_inr, is_active) VALUES ('2692720d-c0d6-4095-90b1-5fd7362722ec', 366, 730, 15918.2, TRUE) ON CONFLICT DO NOTHING;
INSERT INTO tiers (plan_id, min_days, max_days, price_inr, is_active) VALUES ('2692720d-c0d6-4095-90b1-5fd7362722ec', 731, 1095, 17747.2, TRUE) ON CONFLICT DO NOTHING;
INSERT INTO plans (id, variant_id, plan_name, duration_months, max_kms) VALUES ('b611e28e-1624-49e9-a24d-8c32cec429ec', '8ba1bf53-00e6-45c9-9821-38a88d14eb62', '24 Months / 40,000 Kms', 24, 40000) ON CONFLICT DO NOTHING;
INSERT INTO tiers (plan_id, min_days, max_days, price_inr, is_active) VALUES ('b611e28e-1624-49e9-a24d-8c32cec429ec', 0, 30, 14124.6, TRUE) ON CONFLICT DO NOTHING;
INSERT INTO tiers (plan_id, min_days, max_days, price_inr, is_active) VALUES ('b611e28e-1624-49e9-a24d-8c32cec429ec', 31, 365, 16248.6, TRUE) ON CONFLICT DO NOTHING;
INSERT INTO tiers (plan_id, min_days, max_days, price_inr, is_active) VALUES ('b611e28e-1624-49e9-a24d-8c32cec429ec', 366, 730, 18372.6, TRUE) ON CONFLICT DO NOTHING;
INSERT INTO tiers (plan_id, min_days, max_days, price_inr, is_active) VALUES ('b611e28e-1624-49e9-a24d-8c32cec429ec', 731, 1095, 20484.8, TRUE) ON CONFLICT DO NOTHING;
INSERT INTO plans (id, variant_id, plan_name, duration_months, max_kms) VALUES ('363eae33-7f42-4014-9969-ab6791c994b9', '8ba1bf53-00e6-45c9-9821-38a88d14eb62', '36 Months / 60,000 Kms', 36, 60000) ON CONFLICT DO NOTHING;
INSERT INTO tiers (plan_id, min_days, max_days, price_inr, is_active) VALUES ('363eae33-7f42-4014-9969-ab6791c994b9', 0, 30, 15422.6, TRUE) ON CONFLICT DO NOTHING;
INSERT INTO tiers (plan_id, min_days, max_days, price_inr, is_active) VALUES ('363eae33-7f42-4014-9969-ab6791c994b9', 31, 365, 17747.2, TRUE) ON CONFLICT DO NOTHING;
INSERT INTO tiers (plan_id, min_days, max_days, price_inr, is_active) VALUES ('363eae33-7f42-4014-9969-ab6791c994b9', 366, 730, 20060.0, TRUE) ON CONFLICT DO NOTHING;
INSERT INTO tiers (plan_id, min_days, max_days, price_inr, is_active) VALUES ('363eae33-7f42-4014-9969-ab6791c994b9', 731, 1095, 22372.8, TRUE) ON CONFLICT DO NOTHING;
INSERT INTO variants (id, model_id, name, fuel, transmission, oem_warranty_months, oem_warranty_kms) VALUES ('6b09569b-a461-4019-91b9-8ddd25325de5', 'cc5bb575-d68a-4013-94e5-1a91b9daf0fa', 'MARUTI SWIFT ZXI AMT', 'Petrol', 'Manual', 36, 100000) ON CONFLICT DO NOTHING;
INSERT INTO plans (id, variant_id, plan_name, duration_months, max_kms) VALUES ('89173a3b-9b95-467b-9bd1-ec181148d0ba', '6b09569b-a461-4019-91b9-8ddd25325de5', '12 Months / 20,000 Kms', 12, 20000) ON CONFLICT DO NOTHING;
INSERT INTO tiers (plan_id, min_days, max_days, price_inr, is_active) VALUES ('89173a3b-9b95-467b-9bd1-ec181148d0ba', 0, 30, 10077.2, TRUE) ON CONFLICT DO NOTHING;
INSERT INTO tiers (plan_id, min_days, max_days, price_inr, is_active) VALUES ('89173a3b-9b95-467b-9bd1-ec181148d0ba', 31, 365, 11599.4, TRUE) ON CONFLICT DO NOTHING;
INSERT INTO tiers (plan_id, min_days, max_days, price_inr, is_active) VALUES ('89173a3b-9b95-467b-9bd1-ec181148d0ba', 366, 730, 13109.8, TRUE) ON CONFLICT DO NOTHING;
INSERT INTO tiers (plan_id, min_days, max_days, price_inr, is_active) VALUES ('89173a3b-9b95-467b-9bd1-ec181148d0ba', 731, 1095, 14620.2, TRUE) ON CONFLICT DO NOTHING;
INSERT INTO plans (id, variant_id, plan_name, duration_months, max_kms) VALUES ('49ab9d3e-7584-47c1-bfc9-73191e9da422', '6b09569b-a461-4019-91b9-8ddd25325de5', '24 Months / 40,000 Kms', 24, 40000) ON CONFLICT DO NOTHING;
INSERT INTO tiers (plan_id, min_days, max_days, price_inr, is_active) VALUES ('49ab9d3e-7584-47c1-bfc9-73191e9da422', 0, 30, 11965.2, TRUE) ON CONFLICT DO NOTHING;
INSERT INTO tiers (plan_id, min_days, max_days, price_inr, is_active) VALUES ('49ab9d3e-7584-47c1-bfc9-73191e9da422', 31, 365, 13770.6, TRUE) ON CONFLICT DO NOTHING;
INSERT INTO tiers (plan_id, min_days, max_days, price_inr, is_active) VALUES ('49ab9d3e-7584-47c1-bfc9-73191e9da422', 366, 730, 15564.2, TRUE) ON CONFLICT DO NOTHING;
INSERT INTO tiers (plan_id, min_days, max_days, price_inr, is_active) VALUES ('49ab9d3e-7584-47c1-bfc9-73191e9da422', 731, 1095, 17357.8, TRUE) ON CONFLICT DO NOTHING;
INSERT INTO plans (id, variant_id, plan_name, duration_months, max_kms) VALUES ('8fbdba5d-687a-4d28-af85-f6e9d3048f80', '6b09569b-a461-4019-91b9-8ddd25325de5', '36 Months / 60,000 Kms', 36, 60000) ON CONFLICT DO NOTHING;
INSERT INTO tiers (plan_id, min_days, max_days, price_inr, is_active) VALUES ('8fbdba5d-687a-4d28-af85-f6e9d3048f80', 0, 30, 13263.2, TRUE) ON CONFLICT DO NOTHING;
INSERT INTO tiers (plan_id, min_days, max_days, price_inr, is_active) VALUES ('8fbdba5d-687a-4d28-af85-f6e9d3048f80', 31, 365, 15257.4, TRUE) ON CONFLICT DO NOTHING;
INSERT INTO tiers (plan_id, min_days, max_days, price_inr, is_active) VALUES ('8fbdba5d-687a-4d28-af85-f6e9d3048f80', 366, 730, 17251.6, TRUE) ON CONFLICT DO NOTHING;
INSERT INTO tiers (plan_id, min_days, max_days, price_inr, is_active) VALUES ('8fbdba5d-687a-4d28-af85-f6e9d3048f80', 731, 1095, 19234.0, TRUE) ON CONFLICT DO NOTHING;
INSERT INTO variants (id, model_id, name, fuel, transmission, oem_warranty_months, oem_warranty_kms) VALUES ('428a73ec-cd7c-4f42-9076-59bac72b3640', 'cc5bb575-d68a-4013-94e5-1a91b9daf0fa', 'MARUTI SWIFT ZXI CNG 1.2L 5MT', 'CNG', 'Manual', 36, 100000) ON CONFLICT DO NOTHING;
INSERT INTO plans (id, variant_id, plan_name, duration_months, max_kms) VALUES ('ea0bd2d0-d2c9-472e-aae5-cc2a0f744ee6', '428a73ec-cd7c-4f42-9076-59bac72b3640', '12 Months / 20,000 Kms', 12, 20000) ON CONFLICT DO NOTHING;
INSERT INTO tiers (plan_id, min_days, max_days, price_inr, is_active) VALUES ('ea0bd2d0-d2c9-472e-aae5-cc2a0f744ee6', 0, 30, 12968.2, TRUE) ON CONFLICT DO NOTHING;
INSERT INTO tiers (plan_id, min_days, max_days, price_inr, is_active) VALUES ('ea0bd2d0-d2c9-472e-aae5-cc2a0f744ee6', 31, 365, 14915.2, TRUE) ON CONFLICT DO NOTHING;
INSERT INTO tiers (plan_id, min_days, max_days, price_inr, is_active) VALUES ('ea0bd2d0-d2c9-472e-aae5-cc2a0f744ee6', 366, 730, 16862.2, TRUE) ON CONFLICT DO NOTHING;
INSERT INTO tiers (plan_id, min_days, max_days, price_inr, is_active) VALUES ('ea0bd2d0-d2c9-472e-aae5-cc2a0f744ee6', 731, 1095, 18809.2, TRUE) ON CONFLICT DO NOTHING;
INSERT INTO plans (id, variant_id, plan_name, duration_months, max_kms) VALUES ('15281f20-c1c7-4fe0-89dd-f0628ab5cf09', '428a73ec-cd7c-4f42-9076-59bac72b3640', '24 Months / 40,000 Kms', 24, 40000) ON CONFLICT DO NOTHING;
INSERT INTO tiers (plan_id, min_days, max_days, price_inr, is_active) VALUES ('15281f20-c1c7-4fe0-89dd-f0628ab5cf09', 0, 30, 14856.2, TRUE) ON CONFLICT DO NOTHING;
INSERT INTO tiers (plan_id, min_days, max_days, price_inr, is_active) VALUES ('15281f20-c1c7-4fe0-89dd-f0628ab5cf09', 31, 365, 17086.4, TRUE) ON CONFLICT DO NOTHING;
INSERT INTO tiers (plan_id, min_days, max_days, price_inr, is_active) VALUES ('15281f20-c1c7-4fe0-89dd-f0628ab5cf09', 366, 730, 19316.6, TRUE) ON CONFLICT DO NOTHING;
INSERT INTO tiers (plan_id, min_days, max_days, price_inr, is_active) VALUES ('15281f20-c1c7-4fe0-89dd-f0628ab5cf09', 731, 1095, 21546.8, TRUE) ON CONFLICT DO NOTHING;
INSERT INTO plans (id, variant_id, plan_name, duration_months, max_kms) VALUES ('b7a2fe41-6543-4e97-9466-3be817809f34', '428a73ec-cd7c-4f42-9076-59bac72b3640', '36 Months / 60,000 Kms', 36, 60000) ON CONFLICT DO NOTHING;
INSERT INTO tiers (plan_id, min_days, max_days, price_inr, is_active) VALUES ('b7a2fe41-6543-4e97-9466-3be817809f34', 0, 30, 16154.2, TRUE) ON CONFLICT DO NOTHING;
INSERT INTO tiers (plan_id, min_days, max_days, price_inr, is_active) VALUES ('b7a2fe41-6543-4e97-9466-3be817809f34', 31, 365, 18585.0, TRUE) ON CONFLICT DO NOTHING;
INSERT INTO tiers (plan_id, min_days, max_days, price_inr, is_active) VALUES ('b7a2fe41-6543-4e97-9466-3be817809f34', 366, 730, 21004.0, TRUE) ON CONFLICT DO NOTHING;
INSERT INTO tiers (plan_id, min_days, max_days, price_inr, is_active) VALUES ('b7a2fe41-6543-4e97-9466-3be817809f34', 731, 1095, 23434.8, TRUE) ON CONFLICT DO NOTHING;
INSERT INTO variants (id, model_id, name, fuel, transmission, oem_warranty_months, oem_warranty_kms) VALUES ('c71aa4e3-7989-43d8-9ae8-b545555f21fc', 'cc5bb575-d68a-4013-94e5-1a91b9daf0fa', 'MARUTI SWIFT ZXI+', 'Petrol', 'Manual', 36, 100000) ON CONFLICT DO NOTHING;
INSERT INTO plans (id, variant_id, plan_name, duration_months, max_kms) VALUES ('e8172190-c223-4df9-a323-5afd211b0c9b', 'c71aa4e3-7989-43d8-9ae8-b545555f21fc', '12 Months / 20,000 Kms', 12, 20000) ON CONFLICT DO NOTHING;
INSERT INTO tiers (plan_id, min_days, max_days, price_inr, is_active) VALUES ('e8172190-c223-4df9-a323-5afd211b0c9b', 0, 30, 10679.0, TRUE) ON CONFLICT DO NOTHING;
INSERT INTO tiers (plan_id, min_days, max_days, price_inr, is_active) VALUES ('e8172190-c223-4df9-a323-5afd211b0c9b', 31, 365, 12283.8, TRUE) ON CONFLICT DO NOTHING;
INSERT INTO tiers (plan_id, min_days, max_days, price_inr, is_active) VALUES ('e8172190-c223-4df9-a323-5afd211b0c9b', 366, 730, 13888.6, TRUE) ON CONFLICT DO NOTHING;
INSERT INTO tiers (plan_id, min_days, max_days, price_inr, is_active) VALUES ('e8172190-c223-4df9-a323-5afd211b0c9b', 731, 1095, 15493.4, TRUE) ON CONFLICT DO NOTHING;
INSERT INTO plans (id, variant_id, plan_name, duration_months, max_kms) VALUES ('50dfb485-d427-408d-8d04-0d5a60db78f8', 'c71aa4e3-7989-43d8-9ae8-b545555f21fc', '24 Months / 40,000 Kms', 24, 40000) ON CONFLICT DO NOTHING;
INSERT INTO tiers (plan_id, min_days, max_days, price_inr, is_active) VALUES ('50dfb485-d427-408d-8d04-0d5a60db78f8', 0, 30, 12567.0, TRUE) ON CONFLICT DO NOTHING;
INSERT INTO tiers (plan_id, min_days, max_days, price_inr, is_active) VALUES ('50dfb485-d427-408d-8d04-0d5a60db78f8', 31, 365, 14455.0, TRUE) ON CONFLICT DO NOTHING;
INSERT INTO tiers (plan_id, min_days, max_days, price_inr, is_active) VALUES ('50dfb485-d427-408d-8d04-0d5a60db78f8', 366, 730, 16343.0, TRUE) ON CONFLICT DO NOTHING;
INSERT INTO tiers (plan_id, min_days, max_days, price_inr, is_active) VALUES ('50dfb485-d427-408d-8d04-0d5a60db78f8', 731, 1095, 18231.0, TRUE) ON CONFLICT DO NOTHING;
INSERT INTO plans (id, variant_id, plan_name, duration_months, max_kms) VALUES ('ac839460-b964-4f0c-81f8-501f3ff6bb98', 'c71aa4e3-7989-43d8-9ae8-b545555f21fc', '36 Months / 60,000 Kms', 36, 60000) ON CONFLICT DO NOTHING;
INSERT INTO tiers (plan_id, min_days, max_days, price_inr, is_active) VALUES ('ac839460-b964-4f0c-81f8-501f3ff6bb98', 0, 30, 13865.0, TRUE) ON CONFLICT DO NOTHING;
INSERT INTO tiers (plan_id, min_days, max_days, price_inr, is_active) VALUES ('ac839460-b964-4f0c-81f8-501f3ff6bb98', 31, 365, 15953.6, TRUE) ON CONFLICT DO NOTHING;
INSERT INTO tiers (plan_id, min_days, max_days, price_inr, is_active) VALUES ('ac839460-b964-4f0c-81f8-501f3ff6bb98', 366, 730, 18030.4, TRUE) ON CONFLICT DO NOTHING;
INSERT INTO tiers (plan_id, min_days, max_days, price_inr, is_active) VALUES ('ac839460-b964-4f0c-81f8-501f3ff6bb98', 731, 1095, 20107.2, TRUE) ON CONFLICT DO NOTHING;
INSERT INTO variants (id, model_id, name, fuel, transmission, oem_warranty_months, oem_warranty_kms) VALUES ('1b918545-8326-4943-9147-7852489cdd4f', 'cc5bb575-d68a-4013-94e5-1a91b9daf0fa', 'MARUTI SWIFT ZXI+ 1.2L 5MT', 'Petrol', 'Manual', 36, 100000) ON CONFLICT DO NOTHING;
INSERT INTO plans (id, variant_id, plan_name, duration_months, max_kms) VALUES ('d42e4c63-3bc3-47bd-b547-7c39b09ae273', '1b918545-8326-4943-9147-7852489cdd4f', '12 Months / 20,000 Kms', 12, 20000) ON CONFLICT DO NOTHING;
INSERT INTO tiers (plan_id, min_days, max_days, price_inr, is_active) VALUES ('d42e4c63-3bc3-47bd-b547-7c39b09ae273', 0, 30, 12873.8, TRUE) ON CONFLICT DO NOTHING;
INSERT INTO tiers (plan_id, min_days, max_days, price_inr, is_active) VALUES ('d42e4c63-3bc3-47bd-b547-7c39b09ae273', 31, 365, 14809.0, TRUE) ON CONFLICT DO NOTHING;
INSERT INTO tiers (plan_id, min_days, max_days, price_inr, is_active) VALUES ('d42e4c63-3bc3-47bd-b547-7c39b09ae273', 366, 730, 16744.2, TRUE) ON CONFLICT DO NOTHING;
INSERT INTO tiers (plan_id, min_days, max_days, price_inr, is_active) VALUES ('d42e4c63-3bc3-47bd-b547-7c39b09ae273', 731, 1095, 18667.6, TRUE) ON CONFLICT DO NOTHING;
INSERT INTO plans (id, variant_id, plan_name, duration_months, max_kms) VALUES ('0cadf0dc-e1d9-4700-8dee-9b5acb909946', '1b918545-8326-4943-9147-7852489cdd4f', '24 Months / 40,000 Kms', 24, 40000) ON CONFLICT DO NOTHING;
INSERT INTO tiers (plan_id, min_days, max_days, price_inr, is_active) VALUES ('0cadf0dc-e1d9-4700-8dee-9b5acb909946', 0, 30, 14761.8, TRUE) ON CONFLICT DO NOTHING;
INSERT INTO tiers (plan_id, min_days, max_days, price_inr, is_active) VALUES ('0cadf0dc-e1d9-4700-8dee-9b5acb909946', 31, 365, 16980.2, TRUE) ON CONFLICT DO NOTHING;
INSERT INTO tiers (plan_id, min_days, max_days, price_inr, is_active) VALUES ('0cadf0dc-e1d9-4700-8dee-9b5acb909946', 366, 730, 19198.6, TRUE) ON CONFLICT DO NOTHING;
INSERT INTO tiers (plan_id, min_days, max_days, price_inr, is_active) VALUES ('0cadf0dc-e1d9-4700-8dee-9b5acb909946', 731, 1095, 21405.2, TRUE) ON CONFLICT DO NOTHING;
INSERT INTO plans (id, variant_id, plan_name, duration_months, max_kms) VALUES ('70439fe3-e5d8-44dd-b740-c6d519c2e65e', '1b918545-8326-4943-9147-7852489cdd4f', '36 Months / 60,000 Kms', 36, 60000) ON CONFLICT DO NOTHING;
INSERT INTO tiers (plan_id, min_days, max_days, price_inr, is_active) VALUES ('70439fe3-e5d8-44dd-b740-c6d519c2e65e', 0, 30, 16059.8, TRUE) ON CONFLICT DO NOTHING;
INSERT INTO tiers (plan_id, min_days, max_days, price_inr, is_active) VALUES ('70439fe3-e5d8-44dd-b740-c6d519c2e65e', 31, 365, 18478.8, TRUE) ON CONFLICT DO NOTHING;
INSERT INTO tiers (plan_id, min_days, max_days, price_inr, is_active) VALUES ('70439fe3-e5d8-44dd-b740-c6d519c2e65e', 366, 730, 20886.0, TRUE) ON CONFLICT DO NOTHING;
INSERT INTO tiers (plan_id, min_days, max_days, price_inr, is_active) VALUES ('70439fe3-e5d8-44dd-b740-c6d519c2e65e', 731, 1095, 23293.2, TRUE) ON CONFLICT DO NOTHING;
INSERT INTO variants (id, model_id, name, fuel, transmission, oem_warranty_months, oem_warranty_kms) VALUES ('ae6d2f52-37ec-4cf0-96de-9e6f144fe430', 'cc5bb575-d68a-4013-94e5-1a91b9daf0fa', 'MARUTI SWIFT ZXI+ 1.2L AGS', 'Petrol', 'Automatic', 36, 100000) ON CONFLICT DO NOTHING;
INSERT INTO plans (id, variant_id, plan_name, duration_months, max_kms) VALUES ('d9536d96-5482-4b51-8e64-0aa74fdbbdf2', 'ae6d2f52-37ec-4cf0-96de-9e6f144fe430', '12 Months / 20,000 Kms', 12, 20000) ON CONFLICT DO NOTHING;
INSERT INTO tiers (plan_id, min_days, max_days, price_inr, is_active) VALUES ('d9536d96-5482-4b51-8e64-0aa74fdbbdf2', 0, 30, 13794.2, TRUE) ON CONFLICT DO NOTHING;
INSERT INTO tiers (plan_id, min_days, max_days, price_inr, is_active) VALUES ('d9536d96-5482-4b51-8e64-0aa74fdbbdf2', 31, 365, 15871.0, TRUE) ON CONFLICT DO NOTHING;
INSERT INTO tiers (plan_id, min_days, max_days, price_inr, is_active) VALUES ('d9536d96-5482-4b51-8e64-0aa74fdbbdf2', 366, 730, 17936.0, TRUE) ON CONFLICT DO NOTHING;
INSERT INTO tiers (plan_id, min_days, max_days, price_inr, is_active) VALUES ('d9536d96-5482-4b51-8e64-0aa74fdbbdf2', 731, 1095, 20012.8, TRUE) ON CONFLICT DO NOTHING;
INSERT INTO plans (id, variant_id, plan_name, duration_months, max_kms) VALUES ('2d25b4eb-330b-444b-9eca-4bda5ea14d6d', 'ae6d2f52-37ec-4cf0-96de-9e6f144fe430', '24 Months / 40,000 Kms', 24, 40000) ON CONFLICT DO NOTHING;
INSERT INTO tiers (plan_id, min_days, max_days, price_inr, is_active) VALUES ('2d25b4eb-330b-444b-9eca-4bda5ea14d6d', 0, 30, 15682.2, TRUE) ON CONFLICT DO NOTHING;
INSERT INTO tiers (plan_id, min_days, max_days, price_inr, is_active) VALUES ('2d25b4eb-330b-444b-9eca-4bda5ea14d6d', 31, 365, 18042.2, TRUE) ON CONFLICT DO NOTHING;
INSERT INTO tiers (plan_id, min_days, max_days, price_inr, is_active) VALUES ('2d25b4eb-330b-444b-9eca-4bda5ea14d6d', 366, 730, 20390.4, TRUE) ON CONFLICT DO NOTHING;
INSERT INTO tiers (plan_id, min_days, max_days, price_inr, is_active) VALUES ('2d25b4eb-330b-444b-9eca-4bda5ea14d6d', 731, 1095, 22750.4, TRUE) ON CONFLICT DO NOTHING;
INSERT INTO plans (id, variant_id, plan_name, duration_months, max_kms) VALUES ('e5cd0c2d-a3d5-47d7-b6b0-b9cc6e364d4b', 'ae6d2f52-37ec-4cf0-96de-9e6f144fe430', '36 Months / 60,000 Kms', 36, 60000) ON CONFLICT DO NOTHING;
INSERT INTO tiers (plan_id, min_days, max_days, price_inr, is_active) VALUES ('e5cd0c2d-a3d5-47d7-b6b0-b9cc6e364d4b', 0, 30, 16980.2, TRUE) ON CONFLICT DO NOTHING;
INSERT INTO tiers (plan_id, min_days, max_days, price_inr, is_active) VALUES ('e5cd0c2d-a3d5-47d7-b6b0-b9cc6e364d4b', 31, 365, 19529.0, TRUE) ON CONFLICT DO NOTHING;
INSERT INTO tiers (plan_id, min_days, max_days, price_inr, is_active) VALUES ('e5cd0c2d-a3d5-47d7-b6b0-b9cc6e364d4b', 366, 730, 22077.8, TRUE) ON CONFLICT DO NOTHING;
INSERT INTO tiers (plan_id, min_days, max_days, price_inr, is_active) VALUES ('e5cd0c2d-a3d5-47d7-b6b0-b9cc6e364d4b', 731, 1095, 24626.6, TRUE) ON CONFLICT DO NOTHING;
INSERT INTO variants (id, model_id, name, fuel, transmission, oem_warranty_months, oem_warranty_kms) VALUES ('0f9e9c94-3f9c-4581-9a2d-4eaf5b0acb53', 'cc5bb575-d68a-4013-94e5-1a91b9daf0fa', 'MARUTI SWIFT ZXI+ AMT', 'Petrol', 'Manual', 36, 100000) ON CONFLICT DO NOTHING;
INSERT INTO plans (id, variant_id, plan_name, duration_months, max_kms) VALUES ('db581c27-9037-496e-a195-988441a6005d', '0f9e9c94-3f9c-4581-9a2d-4eaf5b0acb53', '12 Months / 20,000 Kms', 12, 20000) ON CONFLICT DO NOTHING;
INSERT INTO tiers (plan_id, min_days, max_days, price_inr, is_active) VALUES ('db581c27-9037-496e-a195-988441a6005d', 0, 30, 11493.2, TRUE) ON CONFLICT DO NOTHING;
INSERT INTO tiers (plan_id, min_days, max_days, price_inr, is_active) VALUES ('db581c27-9037-496e-a195-988441a6005d', 31, 365, 13227.8, TRUE) ON CONFLICT DO NOTHING;
INSERT INTO tiers (plan_id, min_days, max_days, price_inr, is_active) VALUES ('db581c27-9037-496e-a195-988441a6005d', 366, 730, 14950.6, TRUE) ON CONFLICT DO NOTHING;
INSERT INTO tiers (plan_id, min_days, max_days, price_inr, is_active) VALUES ('db581c27-9037-496e-a195-988441a6005d', 731, 1095, 16673.4, TRUE) ON CONFLICT DO NOTHING;
INSERT INTO plans (id, variant_id, plan_name, duration_months, max_kms) VALUES ('e3762837-06fe-4515-a8c9-cf99b9249e91', '0f9e9c94-3f9c-4581-9a2d-4eaf5b0acb53', '24 Months / 40,000 Kms', 24, 40000) ON CONFLICT DO NOTHING;
INSERT INTO tiers (plan_id, min_days, max_days, price_inr, is_active) VALUES ('e3762837-06fe-4515-a8c9-cf99b9249e91', 0, 30, 13381.2, TRUE) ON CONFLICT DO NOTHING;
INSERT INTO tiers (plan_id, min_days, max_days, price_inr, is_active) VALUES ('e3762837-06fe-4515-a8c9-cf99b9249e91', 31, 365, 15399.0, TRUE) ON CONFLICT DO NOTHING;
INSERT INTO tiers (plan_id, min_days, max_days, price_inr, is_active) VALUES ('e3762837-06fe-4515-a8c9-cf99b9249e91', 366, 730, 17405.0, TRUE) ON CONFLICT DO NOTHING;
INSERT INTO tiers (plan_id, min_days, max_days, price_inr, is_active) VALUES ('e3762837-06fe-4515-a8c9-cf99b9249e91', 731, 1095, 19411.0, TRUE) ON CONFLICT DO NOTHING;
INSERT INTO plans (id, variant_id, plan_name, duration_months, max_kms) VALUES ('679de43f-633f-4243-9540-221cad4cf294', '0f9e9c94-3f9c-4581-9a2d-4eaf5b0acb53', '36 Months / 60,000 Kms', 36, 60000) ON CONFLICT DO NOTHING;
INSERT INTO tiers (plan_id, min_days, max_days, price_inr, is_active) VALUES ('679de43f-633f-4243-9540-221cad4cf294', 0, 30, 14679.2, TRUE) ON CONFLICT DO NOTHING;
INSERT INTO tiers (plan_id, min_days, max_days, price_inr, is_active) VALUES ('679de43f-633f-4243-9540-221cad4cf294', 31, 365, 16885.8, TRUE) ON CONFLICT DO NOTHING;
INSERT INTO tiers (plan_id, min_days, max_days, price_inr, is_active) VALUES ('679de43f-633f-4243-9540-221cad4cf294', 366, 730, 19092.4, TRUE) ON CONFLICT DO NOTHING;
INSERT INTO tiers (plan_id, min_days, max_days, price_inr, is_active) VALUES ('679de43f-633f-4243-9540-221cad4cf294', 731, 1095, 21287.2, TRUE) ON CONFLICT DO NOTHING;
INSERT INTO models (id, brand_id, name) VALUES ('488e288a-5d9f-47a8-95a7-773bf82a1cc5', 'b1e782a2-c0d1-4b20-ae57-becb98f3ab90', 'DZIRE TOUR') ON CONFLICT DO NOTHING;
INSERT INTO variants (id, model_id, name, fuel, transmission, oem_warranty_months, oem_warranty_kms) VALUES ('9e61c665-11b6-4d67-a11d-7f950ff009e0', '488e288a-5d9f-47a8-95a7-773bf82a1cc5', 'MARUTI TOUR S 1.2L 5MT', 'Petrol', 'Manual', 36, 100000) ON CONFLICT DO NOTHING;
INSERT INTO plans (id, variant_id, plan_name, duration_months, max_kms) VALUES ('18df1168-61d6-43dc-bf06-94978a8eac42', '9e61c665-11b6-4d67-a11d-7f950ff009e0', '12 Months / 20,000 Kms', 12, 20000) ON CONFLICT DO NOTHING;
INSERT INTO tiers (plan_id, min_days, max_days, price_inr, is_active) VALUES ('18df1168-61d6-43dc-bf06-94978a8eac42', 0, 30, 8814.6, TRUE) ON CONFLICT DO NOTHING;
INSERT INTO tiers (plan_id, min_days, max_days, price_inr, is_active) VALUES ('18df1168-61d6-43dc-bf06-94978a8eac42', 31, 365, 10148.0, TRUE) ON CONFLICT DO NOTHING;
INSERT INTO tiers (plan_id, min_days, max_days, price_inr, is_active) VALUES ('18df1168-61d6-43dc-bf06-94978a8eac42', 366, 730, 11469.6, TRUE) ON CONFLICT DO NOTHING;
INSERT INTO tiers (plan_id, min_days, max_days, price_inr, is_active) VALUES ('18df1168-61d6-43dc-bf06-94978a8eac42', 731, 1095, 12791.2, TRUE) ON CONFLICT DO NOTHING;
INSERT INTO plans (id, variant_id, plan_name, duration_months, max_kms) VALUES ('1ae7630f-ac9e-4b61-a8c7-e2f7825ea73f', '9e61c665-11b6-4d67-a11d-7f950ff009e0', '24 Months / 40,000 Kms', 24, 40000) ON CONFLICT DO NOTHING;
INSERT INTO tiers (plan_id, min_days, max_days, price_inr, is_active) VALUES ('1ae7630f-ac9e-4b61-a8c7-e2f7825ea73f', 0, 30, 10702.6, TRUE) ON CONFLICT DO NOTHING;
INSERT INTO tiers (plan_id, min_days, max_days, price_inr, is_active) VALUES ('1ae7630f-ac9e-4b61-a8c7-e2f7825ea73f', 31, 365, 12319.2, TRUE) ON CONFLICT DO NOTHING;
INSERT INTO tiers (plan_id, min_days, max_days, price_inr, is_active) VALUES ('1ae7630f-ac9e-4b61-a8c7-e2f7825ea73f', 366, 730, 13924.0, TRUE) ON CONFLICT DO NOTHING;
INSERT INTO tiers (plan_id, min_days, max_days, price_inr, is_active) VALUES ('1ae7630f-ac9e-4b61-a8c7-e2f7825ea73f', 731, 1095, 15528.8, TRUE) ON CONFLICT DO NOTHING;
INSERT INTO plans (id, variant_id, plan_name, duration_months, max_kms) VALUES ('72a54312-05b2-4eb6-bf44-40aa7d52468b', '9e61c665-11b6-4d67-a11d-7f950ff009e0', '36 Months / 60,000 Kms', 36, 60000) ON CONFLICT DO NOTHING;
INSERT INTO tiers (plan_id, min_days, max_days, price_inr, is_active) VALUES ('72a54312-05b2-4eb6-bf44-40aa7d52468b', 0, 30, 12000.6, TRUE) ON CONFLICT DO NOTHING;
INSERT INTO tiers (plan_id, min_days, max_days, price_inr, is_active) VALUES ('72a54312-05b2-4eb6-bf44-40aa7d52468b', 31, 365, 13806.0, TRUE) ON CONFLICT DO NOTHING;
INSERT INTO tiers (plan_id, min_days, max_days, price_inr, is_active) VALUES ('72a54312-05b2-4eb6-bf44-40aa7d52468b', 366, 730, 15611.4, TRUE) ON CONFLICT DO NOTHING;
INSERT INTO tiers (plan_id, min_days, max_days, price_inr, is_active) VALUES ('72a54312-05b2-4eb6-bf44-40aa7d52468b', 731, 1095, 17405.0, TRUE) ON CONFLICT DO NOTHING;
INSERT INTO variants (id, model_id, name, fuel, transmission, oem_warranty_months, oem_warranty_kms) VALUES ('487d9c9b-3423-4301-93a8-13b7affce1b5', '7a22c2f4-280f-42f0-bace-a5cc882b6da7', 'MARUTI TOUR S STD CNG 1.2L 5MT', 'CNG', 'Manual', 36, 100000) ON CONFLICT DO NOTHING;
INSERT INTO plans (id, variant_id, plan_name, duration_months, max_kms) VALUES ('e910ed11-0943-4627-adce-8f21bf1f262b', '487d9c9b-3423-4301-93a8-13b7affce1b5', '12 Months / 20,000 Kms', 12, 20000) ON CONFLICT DO NOTHING;
INSERT INTO tiers (plan_id, min_days, max_days, price_inr, is_active) VALUES ('e910ed11-0943-4627-adce-8f21bf1f262b', 0, 30, 9617.0, TRUE) ON CONFLICT DO NOTHING;
INSERT INTO tiers (plan_id, min_days, max_days, price_inr, is_active) VALUES ('e910ed11-0943-4627-adce-8f21bf1f262b', 31, 365, 11068.4, TRUE) ON CONFLICT DO NOTHING;
INSERT INTO tiers (plan_id, min_days, max_days, price_inr, is_active) VALUES ('e910ed11-0943-4627-adce-8f21bf1f262b', 366, 730, 12508.0, TRUE) ON CONFLICT DO NOTHING;
INSERT INTO tiers (plan_id, min_days, max_days, price_inr, is_active) VALUES ('e910ed11-0943-4627-adce-8f21bf1f262b', 731, 1095, 13947.6, TRUE) ON CONFLICT DO NOTHING;
INSERT INTO plans (id, variant_id, plan_name, duration_months, max_kms) VALUES ('acba9aa8-5249-4521-8396-669f11da6417', '487d9c9b-3423-4301-93a8-13b7affce1b5', '24 Months / 40,000 Kms', 24, 40000) ON CONFLICT DO NOTHING;
INSERT INTO tiers (plan_id, min_days, max_days, price_inr, is_active) VALUES ('acba9aa8-5249-4521-8396-669f11da6417', 0, 30, 11505.0, TRUE) ON CONFLICT DO NOTHING;
INSERT INTO tiers (plan_id, min_days, max_days, price_inr, is_active) VALUES ('acba9aa8-5249-4521-8396-669f11da6417', 31, 365, 13239.6, TRUE) ON CONFLICT DO NOTHING;
INSERT INTO tiers (plan_id, min_days, max_days, price_inr, is_active) VALUES ('acba9aa8-5249-4521-8396-669f11da6417', 366, 730, 14962.4, TRUE) ON CONFLICT DO NOTHING;
INSERT INTO tiers (plan_id, min_days, max_days, price_inr, is_active) VALUES ('acba9aa8-5249-4521-8396-669f11da6417', 731, 1095, 16685.2, TRUE) ON CONFLICT DO NOTHING;
INSERT INTO plans (id, variant_id, plan_name, duration_months, max_kms) VALUES ('1d4bf386-f35c-46de-8899-2807c0234844', '487d9c9b-3423-4301-93a8-13b7affce1b5', '36 Months / 60,000 Kms', 36, 60000) ON CONFLICT DO NOTHING;
INSERT INTO tiers (plan_id, min_days, max_days, price_inr, is_active) VALUES ('1d4bf386-f35c-46de-8899-2807c0234844', 0, 30, 12803.0, TRUE) ON CONFLICT DO NOTHING;
INSERT INTO tiers (plan_id, min_days, max_days, price_inr, is_active) VALUES ('1d4bf386-f35c-46de-8899-2807c0234844', 31, 365, 14726.4, TRUE) ON CONFLICT DO NOTHING;
INSERT INTO tiers (plan_id, min_days, max_days, price_inr, is_active) VALUES ('1d4bf386-f35c-46de-8899-2807c0234844', 366, 730, 16649.8, TRUE) ON CONFLICT DO NOTHING;
INSERT INTO tiers (plan_id, min_days, max_days, price_inr, is_active) VALUES ('1d4bf386-f35c-46de-8899-2807c0234844', 731, 1095, 18573.2, TRUE) ON CONFLICT DO NOTHING;
INSERT INTO variants (id, model_id, name, fuel, transmission, oem_warranty_months, oem_warranty_kms) VALUES ('aa3ec92d-4596-4463-acf6-1d2c17021fb7', '7a22c2f4-280f-42f0-bace-a5cc882b6da7', 'MARUTI TOUR S STD (O) CNG 1.2L 5MT', 'CNG', 'Manual', 36, 100000) ON CONFLICT DO NOTHING;
INSERT INTO plans (id, variant_id, plan_name, duration_months, max_kms) VALUES ('0f210dbf-3f25-47ee-afa4-925e282b1644', 'aa3ec92d-4596-4463-acf6-1d2c17021fb7', '12 Months / 20,000 Kms', 12, 20000) ON CONFLICT DO NOTHING;
INSERT INTO tiers (plan_id, min_days, max_days, price_inr, is_active) VALUES ('0f210dbf-3f25-47ee-afa4-925e282b1644', 0, 30, 10277.8, TRUE) ON CONFLICT DO NOTHING;
INSERT INTO tiers (plan_id, min_days, max_days, price_inr, is_active) VALUES ('0f210dbf-3f25-47ee-afa4-925e282b1644', 31, 365, 11823.6, TRUE) ON CONFLICT DO NOTHING;
INSERT INTO tiers (plan_id, min_days, max_days, price_inr, is_active) VALUES ('0f210dbf-3f25-47ee-afa4-925e282b1644', 366, 730, 13369.4, TRUE) ON CONFLICT DO NOTHING;
INSERT INTO tiers (plan_id, min_days, max_days, price_inr, is_active) VALUES ('0f210dbf-3f25-47ee-afa4-925e282b1644', 731, 1095, 14903.4, TRUE) ON CONFLICT DO NOTHING;
INSERT INTO plans (id, variant_id, plan_name, duration_months, max_kms) VALUES ('17b7007d-13f7-4b71-883e-b1c721b2b815', 'aa3ec92d-4596-4463-acf6-1d2c17021fb7', '24 Months / 40,000 Kms', 24, 40000) ON CONFLICT DO NOTHING;
INSERT INTO tiers (plan_id, min_days, max_days, price_inr, is_active) VALUES ('17b7007d-13f7-4b71-883e-b1c721b2b815', 0, 30, 12165.8, TRUE) ON CONFLICT DO NOTHING;
INSERT INTO tiers (plan_id, min_days, max_days, price_inr, is_active) VALUES ('17b7007d-13f7-4b71-883e-b1c721b2b815', 31, 365, 13994.8, TRUE) ON CONFLICT DO NOTHING;
INSERT INTO tiers (plan_id, min_days, max_days, price_inr, is_active) VALUES ('17b7007d-13f7-4b71-883e-b1c721b2b815', 366, 730, 15823.8, TRUE) ON CONFLICT DO NOTHING;
INSERT INTO tiers (plan_id, min_days, max_days, price_inr, is_active) VALUES ('17b7007d-13f7-4b71-883e-b1c721b2b815', 731, 1095, 17641.0, TRUE) ON CONFLICT DO NOTHING;
INSERT INTO plans (id, variant_id, plan_name, duration_months, max_kms) VALUES ('91208a8b-55bd-4415-ba07-fb401a841bff', 'aa3ec92d-4596-4463-acf6-1d2c17021fb7', '36 Months / 60,000 Kms', 36, 60000) ON CONFLICT DO NOTHING;
INSERT INTO tiers (plan_id, min_days, max_days, price_inr, is_active) VALUES ('91208a8b-55bd-4415-ba07-fb401a841bff', 0, 30, 13463.8, TRUE) ON CONFLICT DO NOTHING;
INSERT INTO tiers (plan_id, min_days, max_days, price_inr, is_active) VALUES ('91208a8b-55bd-4415-ba07-fb401a841bff', 31, 365, 15493.4, TRUE) ON CONFLICT DO NOTHING;
INSERT INTO tiers (plan_id, min_days, max_days, price_inr, is_active) VALUES ('91208a8b-55bd-4415-ba07-fb401a841bff', 366, 730, 17511.2, TRUE) ON CONFLICT DO NOTHING;
INSERT INTO tiers (plan_id, min_days, max_days, price_inr, is_active) VALUES ('91208a8b-55bd-4415-ba07-fb401a841bff', 731, 1095, 19529.0, TRUE) ON CONFLICT DO NOTHING;
INSERT INTO variants (id, model_id, name, fuel, transmission, oem_warranty_months, oem_warranty_kms) VALUES ('a3642556-d127-44e0-badb-8678afb25f95', '488e288a-5d9f-47a8-95a7-773bf82a1cc5', 'MARUTI TOUR S CNG 1.2L 5MT', 'CNG', 'Manual', 36, 100000) ON CONFLICT DO NOTHING;
INSERT INTO plans (id, variant_id, plan_name, duration_months, max_kms) VALUES ('32ea1b7b-02ed-401e-ab1c-ba3745c2ad47', 'a3642556-d127-44e0-badb-8678afb25f95', '12 Months / 20,000 Kms', 12, 20000) ON CONFLICT DO NOTHING;
INSERT INTO tiers (plan_id, min_days, max_days, price_inr, is_active) VALUES ('32ea1b7b-02ed-401e-ab1c-ba3745c2ad47', 0, 30, 10561.0, TRUE) ON CONFLICT DO NOTHING;
INSERT INTO tiers (plan_id, min_days, max_days, price_inr, is_active) VALUES ('32ea1b7b-02ed-401e-ab1c-ba3745c2ad47', 31, 365, 12154.0, TRUE) ON CONFLICT DO NOTHING;
INSERT INTO tiers (plan_id, min_days, max_days, price_inr, is_active) VALUES ('32ea1b7b-02ed-401e-ab1c-ba3745c2ad47', 366, 730, 13735.2, TRUE) ON CONFLICT DO NOTHING;
INSERT INTO tiers (plan_id, min_days, max_days, price_inr, is_active) VALUES ('32ea1b7b-02ed-401e-ab1c-ba3745c2ad47', 731, 1095, 15316.4, TRUE) ON CONFLICT DO NOTHING;
INSERT INTO plans (id, variant_id, plan_name, duration_months, max_kms) VALUES ('d665c750-44d3-4b11-8a61-8fa626b7af7d', 'a3642556-d127-44e0-badb-8678afb25f95', '24 Months / 40,000 Kms', 24, 40000) ON CONFLICT DO NOTHING;
INSERT INTO tiers (plan_id, min_days, max_days, price_inr, is_active) VALUES ('d665c750-44d3-4b11-8a61-8fa626b7af7d', 0, 30, 12449.0, TRUE) ON CONFLICT DO NOTHING;
INSERT INTO tiers (plan_id, min_days, max_days, price_inr, is_active) VALUES ('d665c750-44d3-4b11-8a61-8fa626b7af7d', 31, 365, 14325.2, TRUE) ON CONFLICT DO NOTHING;
INSERT INTO tiers (plan_id, min_days, max_days, price_inr, is_active) VALUES ('d665c750-44d3-4b11-8a61-8fa626b7af7d', 366, 730, 16189.6, TRUE) ON CONFLICT DO NOTHING;
INSERT INTO tiers (plan_id, min_days, max_days, price_inr, is_active) VALUES ('d665c750-44d3-4b11-8a61-8fa626b7af7d', 731, 1095, 18054.0, TRUE) ON CONFLICT DO NOTHING;
INSERT INTO plans (id, variant_id, plan_name, duration_months, max_kms) VALUES ('4be4ebdb-8a1f-4cde-b6b6-65ecba4bfb49', 'a3642556-d127-44e0-badb-8678afb25f95', '36 Months / 60,000 Kms', 36, 60000) ON CONFLICT DO NOTHING;
INSERT INTO tiers (plan_id, min_days, max_days, price_inr, is_active) VALUES ('4be4ebdb-8a1f-4cde-b6b6-65ecba4bfb49', 0, 30, 13747.0, TRUE) ON CONFLICT DO NOTHING;
INSERT INTO tiers (plan_id, min_days, max_days, price_inr, is_active) VALUES ('4be4ebdb-8a1f-4cde-b6b6-65ecba4bfb49', 31, 365, 15812.0, TRUE) ON CONFLICT DO NOTHING;
INSERT INTO tiers (plan_id, min_days, max_days, price_inr, is_active) VALUES ('4be4ebdb-8a1f-4cde-b6b6-65ecba4bfb49', 366, 730, 17877.0, TRUE) ON CONFLICT DO NOTHING;
INSERT INTO tiers (plan_id, min_days, max_days, price_inr, is_active) VALUES ('4be4ebdb-8a1f-4cde-b6b6-65ecba4bfb49', 731, 1095, 19942.0, TRUE) ON CONFLICT DO NOTHING;
INSERT INTO models (id, brand_id, name) VALUES ('030c1f48-cfde-4386-a4d6-e0f3cc07f73a', 'b1e782a2-c0d1-4b20-ae57-becb98f3ab90', 'S-PRESSO') ON CONFLICT DO NOTHING;
INSERT INTO variants (id, model_id, name, fuel, transmission, oem_warranty_months, oem_warranty_kms) VALUES ('bb2a22dd-906c-4edb-b439-9a3cc6f25562', '030c1f48-cfde-4386-a4d6-e0f3cc07f73a', 'MARUTI S-PRESSO LXI', 'Petrol', 'Manual', 36, 100000) ON CONFLICT DO NOTHING;
INSERT INTO plans (id, variant_id, plan_name, duration_months, max_kms) VALUES ('7e91d11b-6f02-41fb-b408-3fef3abe1e29', 'bb2a22dd-906c-4edb-b439-9a3cc6f25562', '12 Months / 20,000 Kms', 12, 20000) ON CONFLICT DO NOTHING;
INSERT INTO tiers (plan_id, min_days, max_days, price_inr, is_active) VALUES ('7e91d11b-6f02-41fb-b408-3fef3abe1e29', 0, 30, 5203.8, TRUE) ON CONFLICT DO NOTHING;
INSERT INTO tiers (plan_id, min_days, max_days, price_inr, is_active) VALUES ('7e91d11b-6f02-41fb-b408-3fef3abe1e29', 31, 365, 5994.4, TRUE) ON CONFLICT DO NOTHING;
INSERT INTO tiers (plan_id, min_days, max_days, price_inr, is_active) VALUES ('7e91d11b-6f02-41fb-b408-3fef3abe1e29', 366, 730, 6773.2, TRUE) ON CONFLICT DO NOTHING;
INSERT INTO tiers (plan_id, min_days, max_days, price_inr, is_active) VALUES ('7e91d11b-6f02-41fb-b408-3fef3abe1e29', 731, 1095, 7552.0, TRUE) ON CONFLICT DO NOTHING;
INSERT INTO plans (id, variant_id, plan_name, duration_months, max_kms) VALUES ('0de582ac-35f0-4cdd-aea6-053ea27cc6f2', 'bb2a22dd-906c-4edb-b439-9a3cc6f25562', '24 Months / 40,000 Kms', 24, 40000) ON CONFLICT DO NOTHING;
INSERT INTO tiers (plan_id, min_days, max_days, price_inr, is_active) VALUES ('0de582ac-35f0-4cdd-aea6-053ea27cc6f2', 0, 30, 6501.8, TRUE) ON CONFLICT DO NOTHING;
INSERT INTO tiers (plan_id, min_days, max_days, price_inr, is_active) VALUES ('0de582ac-35f0-4cdd-aea6-053ea27cc6f2', 31, 365, 7481.2, TRUE) ON CONFLICT DO NOTHING;
INSERT INTO tiers (plan_id, min_days, max_days, price_inr, is_active) VALUES ('0de582ac-35f0-4cdd-aea6-053ea27cc6f2', 366, 730, 8460.6, TRUE) ON CONFLICT DO NOTHING;
INSERT INTO tiers (plan_id, min_days, max_days, price_inr, is_active) VALUES ('0de582ac-35f0-4cdd-aea6-053ea27cc6f2', 731, 1095, 9428.2, TRUE) ON CONFLICT DO NOTHING;
INSERT INTO plans (id, variant_id, plan_name, duration_months, max_kms) VALUES ('75f5d775-f4a3-413a-92f6-9c2681008d7d', 'bb2a22dd-906c-4edb-b439-9a3cc6f25562', '36 Months / 60,000 Kms', 36, 60000) ON CONFLICT DO NOTHING;
INSERT INTO tiers (plan_id, min_days, max_days, price_inr, is_active) VALUES ('75f5d775-f4a3-413a-92f6-9c2681008d7d', 0, 30, 7091.8, TRUE) ON CONFLICT DO NOTHING;
INSERT INTO tiers (plan_id, min_days, max_days, price_inr, is_active) VALUES ('75f5d775-f4a3-413a-92f6-9c2681008d7d', 31, 365, 8165.6, TRUE) ON CONFLICT DO NOTHING;
INSERT INTO tiers (plan_id, min_days, max_days, price_inr, is_active) VALUES ('75f5d775-f4a3-413a-92f6-9c2681008d7d', 366, 730, 9227.6, TRUE) ON CONFLICT DO NOTHING;
INSERT INTO tiers (plan_id, min_days, max_days, price_inr, is_active) VALUES ('75f5d775-f4a3-413a-92f6-9c2681008d7d', 731, 1095, 10289.6, TRUE) ON CONFLICT DO NOTHING;
INSERT INTO variants (id, model_id, name, fuel, transmission, oem_warranty_months, oem_warranty_kms) VALUES ('06388e3c-858f-4a3f-9028-6d3e94f39d49', '030c1f48-cfde-4386-a4d6-e0f3cc07f73a', 'MARUTI S-PRESSO LXI (O) CNG 1L 5MT', 'CNG', 'Manual', 36, 100000) ON CONFLICT DO NOTHING;
INSERT INTO plans (id, variant_id, plan_name, duration_months, max_kms) VALUES ('5472f979-93a3-47c9-b5fc-258d6ad201a3', '06388e3c-858f-4a3f-9028-6d3e94f39d49', '12 Months / 20,000 Kms', 12, 20000) ON CONFLICT DO NOTHING;
INSERT INTO tiers (plan_id, min_days, max_days, price_inr, is_active) VALUES ('5472f979-93a3-47c9-b5fc-258d6ad201a3', 0, 30, 7009.2, TRUE) ON CONFLICT DO NOTHING;
INSERT INTO tiers (plan_id, min_days, max_days, price_inr, is_active) VALUES ('5472f979-93a3-47c9-b5fc-258d6ad201a3', 31, 365, 8071.2, TRUE) ON CONFLICT DO NOTHING;
INSERT INTO tiers (plan_id, min_days, max_days, price_inr, is_active) VALUES ('5472f979-93a3-47c9-b5fc-258d6ad201a3', 366, 730, 9121.4, TRUE) ON CONFLICT DO NOTHING;
INSERT INTO tiers (plan_id, min_days, max_days, price_inr, is_active) VALUES ('5472f979-93a3-47c9-b5fc-258d6ad201a3', 731, 1095, 10171.6, TRUE) ON CONFLICT DO NOTHING;
INSERT INTO plans (id, variant_id, plan_name, duration_months, max_kms) VALUES ('6244d1d9-beb2-4fa1-9934-a403e23cb65f', '06388e3c-858f-4a3f-9028-6d3e94f39d49', '24 Months / 40,000 Kms', 24, 40000) ON CONFLICT DO NOTHING;
INSERT INTO tiers (plan_id, min_days, max_days, price_inr, is_active) VALUES ('6244d1d9-beb2-4fa1-9934-a403e23cb65f', 0, 30, 8307.2, TRUE) ON CONFLICT DO NOTHING;
INSERT INTO tiers (plan_id, min_days, max_days, price_inr, is_active) VALUES ('6244d1d9-beb2-4fa1-9934-a403e23cb65f', 31, 365, 9558.0, TRUE) ON CONFLICT DO NOTHING;
INSERT INTO tiers (plan_id, min_days, max_days, price_inr, is_active) VALUES ('6244d1d9-beb2-4fa1-9934-a403e23cb65f', 366, 730, 10808.8, TRUE) ON CONFLICT DO NOTHING;
INSERT INTO tiers (plan_id, min_days, max_days, price_inr, is_active) VALUES ('6244d1d9-beb2-4fa1-9934-a403e23cb65f', 731, 1095, 12047.8, TRUE) ON CONFLICT DO NOTHING;
INSERT INTO plans (id, variant_id, plan_name, duration_months, max_kms) VALUES ('36f0737f-6dd4-45e1-9ee4-dc20af6a279e', '06388e3c-858f-4a3f-9028-6d3e94f39d49', '36 Months / 60,000 Kms', 36, 60000) ON CONFLICT DO NOTHING;
INSERT INTO tiers (plan_id, min_days, max_days, price_inr, is_active) VALUES ('36f0737f-6dd4-45e1-9ee4-dc20af6a279e', 0, 30, 8897.2, TRUE) ON CONFLICT DO NOTHING;
INSERT INTO tiers (plan_id, min_days, max_days, price_inr, is_active) VALUES ('36f0737f-6dd4-45e1-9ee4-dc20af6a279e', 31, 365, 10242.4, TRUE) ON CONFLICT DO NOTHING;
INSERT INTO tiers (plan_id, min_days, max_days, price_inr, is_active) VALUES ('36f0737f-6dd4-45e1-9ee4-dc20af6a279e', 366, 730, 11575.8, TRUE) ON CONFLICT DO NOTHING;
INSERT INTO tiers (plan_id, min_days, max_days, price_inr, is_active) VALUES ('36f0737f-6dd4-45e1-9ee4-dc20af6a279e', 731, 1095, 12909.2, TRUE) ON CONFLICT DO NOTHING;
INSERT INTO variants (id, model_id, name, fuel, transmission, oem_warranty_months, oem_warranty_kms) VALUES ('f7e3caa8-86c5-433e-91f1-474b56fad669', '030c1f48-cfde-4386-a4d6-e0f3cc07f73a', 'MARUTI S-PRESSO LXI 1L ISS 5MT', 'Hybrid', 'Manual', 36, 100000) ON CONFLICT DO NOTHING;
INSERT INTO plans (id, variant_id, plan_name, duration_months, max_kms) VALUES ('34393191-78c3-4917-85b8-6db8a9ecfaf0', 'f7e3caa8-86c5-433e-91f1-474b56fad669', '12 Months / 20,000 Kms', 12, 20000) ON CONFLICT DO NOTHING;
INSERT INTO tiers (plan_id, min_days, max_days, price_inr, is_active) VALUES ('34393191-78c3-4917-85b8-6db8a9ecfaf0', 0, 30, 6407.4, TRUE) ON CONFLICT DO NOTHING;
INSERT INTO tiers (plan_id, min_days, max_days, price_inr, is_active) VALUES ('34393191-78c3-4917-85b8-6db8a9ecfaf0', 31, 365, 7375.0, TRUE) ON CONFLICT DO NOTHING;
INSERT INTO tiers (plan_id, min_days, max_days, price_inr, is_active) VALUES ('34393191-78c3-4917-85b8-6db8a9ecfaf0', 366, 730, 8330.8, TRUE) ON CONFLICT DO NOTHING;
INSERT INTO tiers (plan_id, min_days, max_days, price_inr, is_active) VALUES ('34393191-78c3-4917-85b8-6db8a9ecfaf0', 731, 1095, 9298.4, TRUE) ON CONFLICT DO NOTHING;
INSERT INTO plans (id, variant_id, plan_name, duration_months, max_kms) VALUES ('c29e354b-a594-4b8c-86c5-30aee7ea6115', 'f7e3caa8-86c5-433e-91f1-474b56fad669', '24 Months / 40,000 Kms', 24, 40000) ON CONFLICT DO NOTHING;
INSERT INTO tiers (plan_id, min_days, max_days, price_inr, is_active) VALUES ('c29e354b-a594-4b8c-86c5-30aee7ea6115', 0, 30, 7705.4, TRUE) ON CONFLICT DO NOTHING;
INSERT INTO tiers (plan_id, min_days, max_days, price_inr, is_active) VALUES ('c29e354b-a594-4b8c-86c5-30aee7ea6115', 31, 365, 8861.8, TRUE) ON CONFLICT DO NOTHING;
INSERT INTO tiers (plan_id, min_days, max_days, price_inr, is_active) VALUES ('c29e354b-a594-4b8c-86c5-30aee7ea6115', 366, 730, 10018.2, TRUE) ON CONFLICT DO NOTHING;
INSERT INTO tiers (plan_id, min_days, max_days, price_inr, is_active) VALUES ('c29e354b-a594-4b8c-86c5-30aee7ea6115', 731, 1095, 11174.6, TRUE) ON CONFLICT DO NOTHING;
INSERT INTO plans (id, variant_id, plan_name, duration_months, max_kms) VALUES ('03543f31-e457-4932-bfff-542869be9e58', 'f7e3caa8-86c5-433e-91f1-474b56fad669', '36 Months / 60,000 Kms', 36, 60000) ON CONFLICT DO NOTHING;
INSERT INTO tiers (plan_id, min_days, max_days, price_inr, is_active) VALUES ('03543f31-e457-4932-bfff-542869be9e58', 0, 30, 8295.4, TRUE) ON CONFLICT DO NOTHING;
INSERT INTO tiers (plan_id, min_days, max_days, price_inr, is_active) VALUES ('03543f31-e457-4932-bfff-542869be9e58', 31, 365, 9546.2, TRUE) ON CONFLICT DO NOTHING;
INSERT INTO tiers (plan_id, min_days, max_days, price_inr, is_active) VALUES ('03543f31-e457-4932-bfff-542869be9e58', 366, 730, 10785.2, TRUE) ON CONFLICT DO NOTHING;
INSERT INTO tiers (plan_id, min_days, max_days, price_inr, is_active) VALUES ('03543f31-e457-4932-bfff-542869be9e58', 731, 1095, 12036.0, TRUE) ON CONFLICT DO NOTHING;
INSERT INTO variants (id, model_id, name, fuel, transmission, oem_warranty_months, oem_warranty_kms) VALUES ('a2bfe86f-b8a7-44d8-b8c5-a9037c20d053', '030c1f48-cfde-4386-a4d6-e0f3cc07f73a', 'MARUTI S-PRESSO LXI CNG 1L 5MT', 'CNG', 'Manual', 36, 100000) ON CONFLICT DO NOTHING;
INSERT INTO plans (id, variant_id, plan_name, duration_months, max_kms) VALUES ('a5200fad-dbe0-41bd-9e00-0ea0fde3635b', 'a2bfe86f-b8a7-44d8-b8c5-a9037c20d053', '12 Months / 20,000 Kms', 12, 20000) ON CONFLICT DO NOTHING;
INSERT INTO tiers (plan_id, min_days, max_days, price_inr, is_active) VALUES ('a5200fad-dbe0-41bd-9e00-0ea0fde3635b', 0, 30, 7894.2, TRUE) ON CONFLICT DO NOTHING;
INSERT INTO tiers (plan_id, min_days, max_days, price_inr, is_active) VALUES ('a5200fad-dbe0-41bd-9e00-0ea0fde3635b', 31, 365, 9086.0, TRUE) ON CONFLICT DO NOTHING;
INSERT INTO tiers (plan_id, min_days, max_days, price_inr, is_active) VALUES ('a5200fad-dbe0-41bd-9e00-0ea0fde3635b', 366, 730, 10266.0, TRUE) ON CONFLICT DO NOTHING;
INSERT INTO tiers (plan_id, min_days, max_days, price_inr, is_active) VALUES ('a5200fad-dbe0-41bd-9e00-0ea0fde3635b', 731, 1095, 11457.8, TRUE) ON CONFLICT DO NOTHING;
INSERT INTO plans (id, variant_id, plan_name, duration_months, max_kms) VALUES ('54eb6e31-2740-42fa-9346-af9ca037c681', 'a2bfe86f-b8a7-44d8-b8c5-a9037c20d053', '24 Months / 40,000 Kms', 24, 40000) ON CONFLICT DO NOTHING;
INSERT INTO tiers (plan_id, min_days, max_days, price_inr, is_active) VALUES ('54eb6e31-2740-42fa-9346-af9ca037c681', 0, 30, 9192.2, TRUE) ON CONFLICT DO NOTHING;
INSERT INTO tiers (plan_id, min_days, max_days, price_inr, is_active) VALUES ('54eb6e31-2740-42fa-9346-af9ca037c681', 31, 365, 10572.8, TRUE) ON CONFLICT DO NOTHING;
INSERT INTO tiers (plan_id, min_days, max_days, price_inr, is_active) VALUES ('54eb6e31-2740-42fa-9346-af9ca037c681', 366, 730, 11953.4, TRUE) ON CONFLICT DO NOTHING;
INSERT INTO tiers (plan_id, min_days, max_days, price_inr, is_active) VALUES ('54eb6e31-2740-42fa-9346-af9ca037c681', 731, 1095, 13334.0, TRUE) ON CONFLICT DO NOTHING;
INSERT INTO plans (id, variant_id, plan_name, duration_months, max_kms) VALUES ('20201fd4-4168-45d4-829f-029f81c25f78', 'a2bfe86f-b8a7-44d8-b8c5-a9037c20d053', '36 Months / 60,000 Kms', 36, 60000) ON CONFLICT DO NOTHING;
INSERT INTO tiers (plan_id, min_days, max_days, price_inr, is_active) VALUES ('20201fd4-4168-45d4-829f-029f81c25f78', 0, 30, 9782.2, TRUE) ON CONFLICT DO NOTHING;
INSERT INTO tiers (plan_id, min_days, max_days, price_inr, is_active) VALUES ('20201fd4-4168-45d4-829f-029f81c25f78', 31, 365, 11257.2, TRUE) ON CONFLICT DO NOTHING;
INSERT INTO tiers (plan_id, min_days, max_days, price_inr, is_active) VALUES ('20201fd4-4168-45d4-829f-029f81c25f78', 366, 730, 12720.4, TRUE) ON CONFLICT DO NOTHING;
INSERT INTO tiers (plan_id, min_days, max_days, price_inr, is_active) VALUES ('20201fd4-4168-45d4-829f-029f81c25f78', 731, 1095, 14195.4, TRUE) ON CONFLICT DO NOTHING;
INSERT INTO variants (id, model_id, name, fuel, transmission, oem_warranty_months, oem_warranty_kms) VALUES ('b5b18692-1bfd-4f01-8641-e6d425681e92', '030c1f48-cfde-4386-a4d6-e0f3cc07f73a', 'MARUTI S-PRESSO LXI(O)', 'Petrol', 'Manual', 36, 100000) ON CONFLICT DO NOTHING;
INSERT INTO plans (id, variant_id, plan_name, duration_months, max_kms) VALUES ('ed80216a-83d1-4aba-8b30-59ebc00c1058', 'b5b18692-1bfd-4f01-8641-e6d425681e92', '12 Months / 20,000 Kms', 12, 20000) ON CONFLICT DO NOTHING;
INSERT INTO tiers (plan_id, min_days, max_days, price_inr, is_active) VALUES ('ed80216a-83d1-4aba-8b30-59ebc00c1058', 0, 30, 5439.8, TRUE) ON CONFLICT DO NOTHING;
INSERT INTO tiers (plan_id, min_days, max_days, price_inr, is_active) VALUES ('ed80216a-83d1-4aba-8b30-59ebc00c1058', 31, 365, 6265.8, TRUE) ON CONFLICT DO NOTHING;
INSERT INTO tiers (plan_id, min_days, max_days, price_inr, is_active) VALUES ('ed80216a-83d1-4aba-8b30-59ebc00c1058', 366, 730, 7080.0, TRUE) ON CONFLICT DO NOTHING;
INSERT INTO tiers (plan_id, min_days, max_days, price_inr, is_active) VALUES ('ed80216a-83d1-4aba-8b30-59ebc00c1058', 731, 1095, 7894.2, TRUE) ON CONFLICT DO NOTHING;
INSERT INTO plans (id, variant_id, plan_name, duration_months, max_kms) VALUES ('39e2b362-14cb-4250-8ecc-6a6bf1552c3c', 'b5b18692-1bfd-4f01-8641-e6d425681e92', '24 Months / 40,000 Kms', 24, 40000) ON CONFLICT DO NOTHING;
INSERT INTO tiers (plan_id, min_days, max_days, price_inr, is_active) VALUES ('39e2b362-14cb-4250-8ecc-6a6bf1552c3c', 0, 30, 6737.8, TRUE) ON CONFLICT DO NOTHING;
INSERT INTO tiers (plan_id, min_days, max_days, price_inr, is_active) VALUES ('39e2b362-14cb-4250-8ecc-6a6bf1552c3c', 31, 365, 7752.6, TRUE) ON CONFLICT DO NOTHING;
INSERT INTO tiers (plan_id, min_days, max_days, price_inr, is_active) VALUES ('39e2b362-14cb-4250-8ecc-6a6bf1552c3c', 366, 730, 8767.4, TRUE) ON CONFLICT DO NOTHING;
INSERT INTO tiers (plan_id, min_days, max_days, price_inr, is_active) VALUES ('39e2b362-14cb-4250-8ecc-6a6bf1552c3c', 731, 1095, 9770.4, TRUE) ON CONFLICT DO NOTHING;
INSERT INTO plans (id, variant_id, plan_name, duration_months, max_kms) VALUES ('2a9534b7-094d-4405-bfab-dece84b6fb2b', 'b5b18692-1bfd-4f01-8641-e6d425681e92', '36 Months / 60,000 Kms', 36, 60000) ON CONFLICT DO NOTHING;
INSERT INTO tiers (plan_id, min_days, max_days, price_inr, is_active) VALUES ('2a9534b7-094d-4405-bfab-dece84b6fb2b', 0, 30, 7327.8, TRUE) ON CONFLICT DO NOTHING;
INSERT INTO tiers (plan_id, min_days, max_days, price_inr, is_active) VALUES ('2a9534b7-094d-4405-bfab-dece84b6fb2b', 31, 365, 8437.0, TRUE) ON CONFLICT DO NOTHING;
INSERT INTO tiers (plan_id, min_days, max_days, price_inr, is_active) VALUES ('2a9534b7-094d-4405-bfab-dece84b6fb2b', 366, 730, 9534.4, TRUE) ON CONFLICT DO NOTHING;
INSERT INTO tiers (plan_id, min_days, max_days, price_inr, is_active) VALUES ('2a9534b7-094d-4405-bfab-dece84b6fb2b', 731, 1095, 10631.8, TRUE) ON CONFLICT DO NOTHING;
INSERT INTO variants (id, model_id, name, fuel, transmission, oem_warranty_months, oem_warranty_kms) VALUES ('ada64385-e84f-4039-a6a4-97d3db715316', '030c1f48-cfde-4386-a4d6-e0f3cc07f73a', 'MARUTI S-PRESSO STD', 'Petrol', 'Manual', 36, 100000) ON CONFLICT DO NOTHING;
INSERT INTO plans (id, variant_id, plan_name, duration_months, max_kms) VALUES ('8835552c-4960-4ec9-bd87-16e3b53fc712', 'ada64385-e84f-4039-a6a4-97d3db715316', '12 Months / 20,000 Kms', 12, 20000) ON CONFLICT DO NOTHING;
INSERT INTO tiers (plan_id, min_days, max_days, price_inr, is_active) VALUES ('8835552c-4960-4ec9-bd87-16e3b53fc712', 0, 30, 4484.0, TRUE) ON CONFLICT DO NOTHING;
INSERT INTO tiers (plan_id, min_days, max_days, price_inr, is_active) VALUES ('8835552c-4960-4ec9-bd87-16e3b53fc712', 31, 365, 5156.6, TRUE) ON CONFLICT DO NOTHING;
INSERT INTO tiers (plan_id, min_days, max_days, price_inr, is_active) VALUES ('8835552c-4960-4ec9-bd87-16e3b53fc712', 366, 730, 5829.2, TRUE) ON CONFLICT DO NOTHING;
INSERT INTO tiers (plan_id, min_days, max_days, price_inr, is_active) VALUES ('8835552c-4960-4ec9-bd87-16e3b53fc712', 731, 1095, 6501.8, TRUE) ON CONFLICT DO NOTHING;
INSERT INTO plans (id, variant_id, plan_name, duration_months, max_kms) VALUES ('7f39e21d-9009-4d53-920e-614eb61acb92', 'ada64385-e84f-4039-a6a4-97d3db715316', '24 Months / 40,000 Kms', 24, 40000) ON CONFLICT DO NOTHING;
INSERT INTO tiers (plan_id, min_days, max_days, price_inr, is_active) VALUES ('7f39e21d-9009-4d53-920e-614eb61acb92', 0, 30, 5782.0, TRUE) ON CONFLICT DO NOTHING;
INSERT INTO tiers (plan_id, min_days, max_days, price_inr, is_active) VALUES ('7f39e21d-9009-4d53-920e-614eb61acb92', 31, 365, 6655.2, TRUE) ON CONFLICT DO NOTHING;
INSERT INTO tiers (plan_id, min_days, max_days, price_inr, is_active) VALUES ('7f39e21d-9009-4d53-920e-614eb61acb92', 366, 730, 7516.6, TRUE) ON CONFLICT DO NOTHING;
INSERT INTO tiers (plan_id, min_days, max_days, price_inr, is_active) VALUES ('7f39e21d-9009-4d53-920e-614eb61acb92', 731, 1095, 8389.8, TRUE) ON CONFLICT DO NOTHING;
INSERT INTO plans (id, variant_id, plan_name, duration_months, max_kms) VALUES ('09b7b700-2994-4985-a982-d49cce03b90c', 'ada64385-e84f-4039-a6a4-97d3db715316', '36 Months / 60,000 Kms', 36, 60000) ON CONFLICT DO NOTHING;
INSERT INTO tiers (plan_id, min_days, max_days, price_inr, is_active) VALUES ('09b7b700-2994-4985-a982-d49cce03b90c', 0, 30, 6372.0, TRUE) ON CONFLICT DO NOTHING;
INSERT INTO tiers (plan_id, min_days, max_days, price_inr, is_active) VALUES ('09b7b700-2994-4985-a982-d49cce03b90c', 31, 365, 7327.8, TRUE) ON CONFLICT DO NOTHING;
INSERT INTO tiers (plan_id, min_days, max_days, price_inr, is_active) VALUES ('09b7b700-2994-4985-a982-d49cce03b90c', 366, 730, 8283.6, TRUE) ON CONFLICT DO NOTHING;
INSERT INTO tiers (plan_id, min_days, max_days, price_inr, is_active) VALUES ('09b7b700-2994-4985-a982-d49cce03b90c', 731, 1095, 9239.4, TRUE) ON CONFLICT DO NOTHING;
INSERT INTO variants (id, model_id, name, fuel, transmission, oem_warranty_months, oem_warranty_kms) VALUES ('26a68c3a-141f-4069-ae4a-9dce568e7763', '030c1f48-cfde-4386-a4d6-e0f3cc07f73a', 'MARUTI S-PRESSO STD 1L ISS 5MT', 'Hybrid', 'Manual', 36, 100000) ON CONFLICT DO NOTHING;
INSERT INTO plans (id, variant_id, plan_name, duration_months, max_kms) VALUES ('1619b1d9-e52f-443a-8060-95ae1727dc34', '26a68c3a-141f-4069-ae4a-9dce568e7763', '12 Months / 20,000 Kms', 12, 20000) ON CONFLICT DO NOTHING;
INSERT INTO tiers (plan_id, min_days, max_days, price_inr, is_active) VALUES ('1619b1d9-e52f-443a-8060-95ae1727dc34', 0, 30, 5168.4, TRUE) ON CONFLICT DO NOTHING;
INSERT INTO tiers (plan_id, min_days, max_days, price_inr, is_active) VALUES ('1619b1d9-e52f-443a-8060-95ae1727dc34', 31, 365, 5947.2, TRUE) ON CONFLICT DO NOTHING;
INSERT INTO tiers (plan_id, min_days, max_days, price_inr, is_active) VALUES ('1619b1d9-e52f-443a-8060-95ae1727dc34', 366, 730, 6726.0, TRUE) ON CONFLICT DO NOTHING;
INSERT INTO tiers (plan_id, min_days, max_days, price_inr, is_active) VALUES ('1619b1d9-e52f-443a-8060-95ae1727dc34', 731, 1095, 7504.8, TRUE) ON CONFLICT DO NOTHING;
INSERT INTO plans (id, variant_id, plan_name, duration_months, max_kms) VALUES ('8adfe58b-7a8a-4db0-947e-c9bebc4507b3', '26a68c3a-141f-4069-ae4a-9dce568e7763', '24 Months / 40,000 Kms', 24, 40000) ON CONFLICT DO NOTHING;
INSERT INTO tiers (plan_id, min_days, max_days, price_inr, is_active) VALUES ('8adfe58b-7a8a-4db0-947e-c9bebc4507b3', 0, 30, 6466.4, TRUE) ON CONFLICT DO NOTHING;
INSERT INTO tiers (plan_id, min_days, max_days, price_inr, is_active) VALUES ('8adfe58b-7a8a-4db0-947e-c9bebc4507b3', 31, 365, 7445.8, TRUE) ON CONFLICT DO NOTHING;
INSERT INTO tiers (plan_id, min_days, max_days, price_inr, is_active) VALUES ('8adfe58b-7a8a-4db0-947e-c9bebc4507b3', 366, 730, 8413.4, TRUE) ON CONFLICT DO NOTHING;
INSERT INTO tiers (plan_id, min_days, max_days, price_inr, is_active) VALUES ('8adfe58b-7a8a-4db0-947e-c9bebc4507b3', 731, 1095, 9381.0, TRUE) ON CONFLICT DO NOTHING;
INSERT INTO plans (id, variant_id, plan_name, duration_months, max_kms) VALUES ('b34d4fd7-0ef1-49fa-bc67-98e9f880b443', '26a68c3a-141f-4069-ae4a-9dce568e7763', '36 Months / 60,000 Kms', 36, 60000) ON CONFLICT DO NOTHING;
INSERT INTO tiers (plan_id, min_days, max_days, price_inr, is_active) VALUES ('b34d4fd7-0ef1-49fa-bc67-98e9f880b443', 0, 30, 7056.4, TRUE) ON CONFLICT DO NOTHING;
INSERT INTO tiers (plan_id, min_days, max_days, price_inr, is_active) VALUES ('b34d4fd7-0ef1-49fa-bc67-98e9f880b443', 31, 365, 8118.4, TRUE) ON CONFLICT DO NOTHING;
INSERT INTO tiers (plan_id, min_days, max_days, price_inr, is_active) VALUES ('b34d4fd7-0ef1-49fa-bc67-98e9f880b443', 366, 730, 9180.4, TRUE) ON CONFLICT DO NOTHING;
INSERT INTO tiers (plan_id, min_days, max_days, price_inr, is_active) VALUES ('b34d4fd7-0ef1-49fa-bc67-98e9f880b443', 731, 1095, 10242.4, TRUE) ON CONFLICT DO NOTHING;
INSERT INTO variants (id, model_id, name, fuel, transmission, oem_warranty_months, oem_warranty_kms) VALUES ('14baa496-6791-48bb-84ff-d6c86a3f82e6', '030c1f48-cfde-4386-a4d6-e0f3cc07f73a', 'MARUTI S-PRESSO STD(O)', 'Petrol', 'Manual', 36, 100000) ON CONFLICT DO NOTHING;
INSERT INTO plans (id, variant_id, plan_name, duration_months, max_kms) VALUES ('ef706131-c0df-4ed4-b74c-342e0c82be99', '14baa496-6791-48bb-84ff-d6c86a3f82e6', '12 Months / 20,000 Kms', 12, 20000) ON CONFLICT DO NOTHING;
INSERT INTO tiers (plan_id, min_days, max_days, price_inr, is_active) VALUES ('ef706131-c0df-4ed4-b74c-342e0c82be99', 0, 30, 4720.0, TRUE) ON CONFLICT DO NOTHING;
INSERT INTO tiers (plan_id, min_days, max_days, price_inr, is_active) VALUES ('ef706131-c0df-4ed4-b74c-342e0c82be99', 31, 365, 5428.0, TRUE) ON CONFLICT DO NOTHING;
INSERT INTO tiers (plan_id, min_days, max_days, price_inr, is_active) VALUES ('ef706131-c0df-4ed4-b74c-342e0c82be99', 366, 730, 6136.0, TRUE) ON CONFLICT DO NOTHING;
INSERT INTO tiers (plan_id, min_days, max_days, price_inr, is_active) VALUES ('ef706131-c0df-4ed4-b74c-342e0c82be99', 731, 1095, 6844.0, TRUE) ON CONFLICT DO NOTHING;
INSERT INTO plans (id, variant_id, plan_name, duration_months, max_kms) VALUES ('9ffef6f3-0ad5-4781-9044-8b39cb0d529b', '14baa496-6791-48bb-84ff-d6c86a3f82e6', '24 Months / 40,000 Kms', 24, 40000) ON CONFLICT DO NOTHING;
INSERT INTO tiers (plan_id, min_days, max_days, price_inr, is_active) VALUES ('9ffef6f3-0ad5-4781-9044-8b39cb0d529b', 0, 30, 6018.0, TRUE) ON CONFLICT DO NOTHING;
INSERT INTO tiers (plan_id, min_days, max_days, price_inr, is_active) VALUES ('9ffef6f3-0ad5-4781-9044-8b39cb0d529b', 31, 365, 6926.6, TRUE) ON CONFLICT DO NOTHING;
INSERT INTO tiers (plan_id, min_days, max_days, price_inr, is_active) VALUES ('9ffef6f3-0ad5-4781-9044-8b39cb0d529b', 366, 730, 7823.4, TRUE) ON CONFLICT DO NOTHING;
INSERT INTO tiers (plan_id, min_days, max_days, price_inr, is_active) VALUES ('9ffef6f3-0ad5-4781-9044-8b39cb0d529b', 731, 1095, 8732.0, TRUE) ON CONFLICT DO NOTHING;
INSERT INTO plans (id, variant_id, plan_name, duration_months, max_kms) VALUES ('ef2722ec-c8ca-482b-86f8-5bd33e331e4b', '14baa496-6791-48bb-84ff-d6c86a3f82e6', '36 Months / 60,000 Kms', 36, 60000) ON CONFLICT DO NOTHING;
INSERT INTO tiers (plan_id, min_days, max_days, price_inr, is_active) VALUES ('ef2722ec-c8ca-482b-86f8-5bd33e331e4b', 0, 30, 6608.0, TRUE) ON CONFLICT DO NOTHING;
INSERT INTO tiers (plan_id, min_days, max_days, price_inr, is_active) VALUES ('ef2722ec-c8ca-482b-86f8-5bd33e331e4b', 31, 365, 7599.2, TRUE) ON CONFLICT DO NOTHING;
INSERT INTO tiers (plan_id, min_days, max_days, price_inr, is_active) VALUES ('ef2722ec-c8ca-482b-86f8-5bd33e331e4b', 366, 730, 8590.4, TRUE) ON CONFLICT DO NOTHING;
INSERT INTO tiers (plan_id, min_days, max_days, price_inr, is_active) VALUES ('ef2722ec-c8ca-482b-86f8-5bd33e331e4b', 731, 1095, 9581.6, TRUE) ON CONFLICT DO NOTHING;
INSERT INTO variants (id, model_id, name, fuel, transmission, oem_warranty_months, oem_warranty_kms) VALUES ('0de0916a-0b0d-4c95-8e23-85bbe074652a', '030c1f48-cfde-4386-a4d6-e0f3cc07f73a', 'MARUTI S-PRESSO VXI', 'Petrol', 'Manual', 36, 100000) ON CONFLICT DO NOTHING;
INSERT INTO plans (id, variant_id, plan_name, duration_months, max_kms) VALUES ('70c8c0e2-b130-4aab-99d9-fb8a10e79a70', '0de0916a-0b0d-4c95-8e23-85bbe074652a', '12 Months / 20,000 Kms', 12, 20000) ON CONFLICT DO NOTHING;
INSERT INTO tiers (plan_id, min_days, max_days, price_inr, is_active) VALUES ('70c8c0e2-b130-4aab-99d9-fb8a10e79a70', 0, 30, 5628.6, TRUE) ON CONFLICT DO NOTHING;
INSERT INTO tiers (plan_id, min_days, max_days, price_inr, is_active) VALUES ('70c8c0e2-b130-4aab-99d9-fb8a10e79a70', 31, 365, 6478.2, TRUE) ON CONFLICT DO NOTHING;
INSERT INTO tiers (plan_id, min_days, max_days, price_inr, is_active) VALUES ('70c8c0e2-b130-4aab-99d9-fb8a10e79a70', 366, 730, 7327.8, TRUE) ON CONFLICT DO NOTHING;
INSERT INTO tiers (plan_id, min_days, max_days, price_inr, is_active) VALUES ('70c8c0e2-b130-4aab-99d9-fb8a10e79a70', 731, 1095, 8165.6, TRUE) ON CONFLICT DO NOTHING;
INSERT INTO plans (id, variant_id, plan_name, duration_months, max_kms) VALUES ('15bfaaa6-be55-4c53-8a06-a389fcde1cd1', '0de0916a-0b0d-4c95-8e23-85bbe074652a', '24 Months / 40,000 Kms', 24, 40000) ON CONFLICT DO NOTHING;
INSERT INTO tiers (plan_id, min_days, max_days, price_inr, is_active) VALUES ('15bfaaa6-be55-4c53-8a06-a389fcde1cd1', 0, 30, 6926.6, TRUE) ON CONFLICT DO NOTHING;
INSERT INTO tiers (plan_id, min_days, max_days, price_inr, is_active) VALUES ('15bfaaa6-be55-4c53-8a06-a389fcde1cd1', 31, 365, 7976.8, TRUE) ON CONFLICT DO NOTHING;
INSERT INTO tiers (plan_id, min_days, max_days, price_inr, is_active) VALUES ('15bfaaa6-be55-4c53-8a06-a389fcde1cd1', 366, 730, 9015.2, TRUE) ON CONFLICT DO NOTHING;
INSERT INTO tiers (plan_id, min_days, max_days, price_inr, is_active) VALUES ('15bfaaa6-be55-4c53-8a06-a389fcde1cd1', 731, 1095, 10053.6, TRUE) ON CONFLICT DO NOTHING;
INSERT INTO plans (id, variant_id, plan_name, duration_months, max_kms) VALUES ('40cfdb24-5ca8-4e7b-9be8-c07954e40de5', '0de0916a-0b0d-4c95-8e23-85bbe074652a', '36 Months / 60,000 Kms', 36, 60000) ON CONFLICT DO NOTHING;
INSERT INTO tiers (plan_id, min_days, max_days, price_inr, is_active) VALUES ('40cfdb24-5ca8-4e7b-9be8-c07954e40de5', 0, 30, 7516.6, TRUE) ON CONFLICT DO NOTHING;
INSERT INTO tiers (plan_id, min_days, max_days, price_inr, is_active) VALUES ('40cfdb24-5ca8-4e7b-9be8-c07954e40de5', 31, 365, 8649.4, TRUE) ON CONFLICT DO NOTHING;
INSERT INTO tiers (plan_id, min_days, max_days, price_inr, is_active) VALUES ('40cfdb24-5ca8-4e7b-9be8-c07954e40de5', 366, 730, 9782.2, TRUE) ON CONFLICT DO NOTHING;
INSERT INTO tiers (plan_id, min_days, max_days, price_inr, is_active) VALUES ('40cfdb24-5ca8-4e7b-9be8-c07954e40de5', 731, 1095, 10903.2, TRUE) ON CONFLICT DO NOTHING;
INSERT INTO variants (id, model_id, name, fuel, transmission, oem_warranty_months, oem_warranty_kms) VALUES ('998a0b68-fa70-472e-837e-85a13f820440', '030c1f48-cfde-4386-a4d6-e0f3cc07f73a', 'MARUTI S-PRESSO VXI (O) 1L ISS AGS', 'Hybrid', 'Automatic', 36, 100000) ON CONFLICT DO NOTHING;
INSERT INTO plans (id, variant_id, plan_name, duration_months, max_kms) VALUES ('0433fe61-52c7-4b7d-ad10-6e14213098ae', '998a0b68-fa70-472e-837e-85a13f820440', '12 Months / 20,000 Kms', 12, 20000) ON CONFLICT DO NOTHING;
INSERT INTO tiers (plan_id, min_days, max_days, price_inr, is_active) VALUES ('0433fe61-52c7-4b7d-ad10-6e14213098ae', 0, 30, 7646.4, TRUE) ON CONFLICT DO NOTHING;
INSERT INTO tiers (plan_id, min_days, max_days, price_inr, is_active) VALUES ('0433fe61-52c7-4b7d-ad10-6e14213098ae', 31, 365, 8802.8, TRUE) ON CONFLICT DO NOTHING;
INSERT INTO tiers (plan_id, min_days, max_days, price_inr, is_active) VALUES ('0433fe61-52c7-4b7d-ad10-6e14213098ae', 366, 730, 9947.4, TRUE) ON CONFLICT DO NOTHING;
INSERT INTO tiers (plan_id, min_days, max_days, price_inr, is_active) VALUES ('0433fe61-52c7-4b7d-ad10-6e14213098ae', 731, 1095, 11092.0, TRUE) ON CONFLICT DO NOTHING;
INSERT INTO plans (id, variant_id, plan_name, duration_months, max_kms) VALUES ('ec914958-4839-4358-b713-015754ea574e', '998a0b68-fa70-472e-837e-85a13f820440', '24 Months / 40,000 Kms', 24, 40000) ON CONFLICT DO NOTHING;
INSERT INTO tiers (plan_id, min_days, max_days, price_inr, is_active) VALUES ('ec914958-4839-4358-b713-015754ea574e', 0, 30, 8944.4, TRUE) ON CONFLICT DO NOTHING;
INSERT INTO tiers (plan_id, min_days, max_days, price_inr, is_active) VALUES ('ec914958-4839-4358-b713-015754ea574e', 31, 365, 10289.6, TRUE) ON CONFLICT DO NOTHING;
INSERT INTO tiers (plan_id, min_days, max_days, price_inr, is_active) VALUES ('ec914958-4839-4358-b713-015754ea574e', 366, 730, 11634.8, TRUE) ON CONFLICT DO NOTHING;
INSERT INTO tiers (plan_id, min_days, max_days, price_inr, is_active) VALUES ('ec914958-4839-4358-b713-015754ea574e', 731, 1095, 12980.0, TRUE) ON CONFLICT DO NOTHING;
INSERT INTO plans (id, variant_id, plan_name, duration_months, max_kms) VALUES ('1fd88ad8-9b92-4205-ae5f-cf5b9298e89c', '998a0b68-fa70-472e-837e-85a13f820440', '36 Months / 60,000 Kms', 36, 60000) ON CONFLICT DO NOTHING;
INSERT INTO tiers (plan_id, min_days, max_days, price_inr, is_active) VALUES ('1fd88ad8-9b92-4205-ae5f-cf5b9298e89c', 0, 30, 9534.4, TRUE) ON CONFLICT DO NOTHING;
INSERT INTO tiers (plan_id, min_days, max_days, price_inr, is_active) VALUES ('1fd88ad8-9b92-4205-ae5f-cf5b9298e89c', 31, 365, 10974.0, TRUE) ON CONFLICT DO NOTHING;
INSERT INTO tiers (plan_id, min_days, max_days, price_inr, is_active) VALUES ('1fd88ad8-9b92-4205-ae5f-cf5b9298e89c', 366, 730, 12401.8, TRUE) ON CONFLICT DO NOTHING;
INSERT INTO tiers (plan_id, min_days, max_days, price_inr, is_active) VALUES ('1fd88ad8-9b92-4205-ae5f-cf5b9298e89c', 731, 1095, 13829.6, TRUE) ON CONFLICT DO NOTHING;
INSERT INTO variants (id, model_id, name, fuel, transmission, oem_warranty_months, oem_warranty_kms) VALUES ('08c80497-7a7a-49fb-80ef-1161204a4575', '030c1f48-cfde-4386-a4d6-e0f3cc07f73a', 'MARUTI S-PRESSO VXI (O) CNG 1L 5MT', 'CNG', 'Manual', 36, 100000) ON CONFLICT DO NOTHING;
INSERT INTO plans (id, variant_id, plan_name, duration_months, max_kms) VALUES ('7bbe3c0d-66ab-46bf-ab8c-4334922e4286', '08c80497-7a7a-49fb-80ef-1161204a4575', '12 Months / 20,000 Kms', 12, 20000) ON CONFLICT DO NOTHING;
INSERT INTO tiers (plan_id, min_days, max_days, price_inr, is_active) VALUES ('7bbe3c0d-66ab-46bf-ab8c-4334922e4286', 0, 30, 7434.0, TRUE) ON CONFLICT DO NOTHING;
INSERT INTO tiers (plan_id, min_days, max_days, price_inr, is_active) VALUES ('7bbe3c0d-66ab-46bf-ab8c-4334922e4286', 31, 365, 8555.0, TRUE) ON CONFLICT DO NOTHING;
INSERT INTO tiers (plan_id, min_days, max_days, price_inr, is_active) VALUES ('7bbe3c0d-66ab-46bf-ab8c-4334922e4286', 366, 730, 9664.2, TRUE) ON CONFLICT DO NOTHING;
INSERT INTO tiers (plan_id, min_days, max_days, price_inr, is_active) VALUES ('7bbe3c0d-66ab-46bf-ab8c-4334922e4286', 731, 1095, 10785.2, TRUE) ON CONFLICT DO NOTHING;
INSERT INTO plans (id, variant_id, plan_name, duration_months, max_kms) VALUES ('3c7c4320-2b05-4a9d-9de6-4cda43adf897', '08c80497-7a7a-49fb-80ef-1161204a4575', '24 Months / 40,000 Kms', 24, 40000) ON CONFLICT DO NOTHING;
INSERT INTO tiers (plan_id, min_days, max_days, price_inr, is_active) VALUES ('3c7c4320-2b05-4a9d-9de6-4cda43adf897', 0, 30, 8732.0, TRUE) ON CONFLICT DO NOTHING;
INSERT INTO tiers (plan_id, min_days, max_days, price_inr, is_active) VALUES ('3c7c4320-2b05-4a9d-9de6-4cda43adf897', 31, 365, 10041.8, TRUE) ON CONFLICT DO NOTHING;
INSERT INTO tiers (plan_id, min_days, max_days, price_inr, is_active) VALUES ('3c7c4320-2b05-4a9d-9de6-4cda43adf897', 366, 730, 11351.6, TRUE) ON CONFLICT DO NOTHING;
INSERT INTO tiers (plan_id, min_days, max_days, price_inr, is_active) VALUES ('3c7c4320-2b05-4a9d-9de6-4cda43adf897', 731, 1095, 12661.4, TRUE) ON CONFLICT DO NOTHING;
INSERT INTO plans (id, variant_id, plan_name, duration_months, max_kms) VALUES ('75188e29-5aea-45ae-bf04-310da3675cb3', '08c80497-7a7a-49fb-80ef-1161204a4575', '36 Months / 60,000 Kms', 36, 60000) ON CONFLICT DO NOTHING;
INSERT INTO tiers (plan_id, min_days, max_days, price_inr, is_active) VALUES ('75188e29-5aea-45ae-bf04-310da3675cb3', 0, 30, 9322.0, TRUE) ON CONFLICT DO NOTHING;
INSERT INTO tiers (plan_id, min_days, max_days, price_inr, is_active) VALUES ('75188e29-5aea-45ae-bf04-310da3675cb3', 31, 365, 10726.2, TRUE) ON CONFLICT DO NOTHING;
INSERT INTO tiers (plan_id, min_days, max_days, price_inr, is_active) VALUES ('75188e29-5aea-45ae-bf04-310da3675cb3', 366, 730, 12118.6, TRUE) ON CONFLICT DO NOTHING;
INSERT INTO tiers (plan_id, min_days, max_days, price_inr, is_active) VALUES ('75188e29-5aea-45ae-bf04-310da3675cb3', 731, 1095, 13522.8, TRUE) ON CONFLICT DO NOTHING;
INSERT INTO variants (id, model_id, name, fuel, transmission, oem_warranty_months, oem_warranty_kms) VALUES ('297dfcf1-9ec1-4c5a-938e-300bfcde3598', '030c1f48-cfde-4386-a4d6-e0f3cc07f73a', 'MARUTI S-PRESSO VXI 1L ISS 5MT', 'Hybrid', 'Manual', 36, 100000) ON CONFLICT DO NOTHING;
INSERT INTO plans (id, variant_id, plan_name, duration_months, max_kms) VALUES ('04fcaf16-90ed-4b4b-b192-25abd7f8fb02', '297dfcf1-9ec1-4c5a-938e-300bfcde3598', '12 Months / 20,000 Kms', 12, 20000) ON CONFLICT DO NOTHING;
INSERT INTO tiers (plan_id, min_days, max_days, price_inr, is_active) VALUES ('04fcaf16-90ed-4b4b-b192-25abd7f8fb02', 0, 30, 6737.8, TRUE) ON CONFLICT DO NOTHING;
INSERT INTO tiers (plan_id, min_days, max_days, price_inr, is_active) VALUES ('04fcaf16-90ed-4b4b-b192-25abd7f8fb02', 31, 365, 7752.6, TRUE) ON CONFLICT DO NOTHING;
INSERT INTO tiers (plan_id, min_days, max_days, price_inr, is_active) VALUES ('04fcaf16-90ed-4b4b-b192-25abd7f8fb02', 366, 730, 8767.4, TRUE) ON CONFLICT DO NOTHING;
INSERT INTO tiers (plan_id, min_days, max_days, price_inr, is_active) VALUES ('04fcaf16-90ed-4b4b-b192-25abd7f8fb02', 731, 1095, 9770.4, TRUE) ON CONFLICT DO NOTHING;
INSERT INTO plans (id, variant_id, plan_name, duration_months, max_kms) VALUES ('2fd0cb36-2fa0-4a98-b427-7d919dd90258', '297dfcf1-9ec1-4c5a-938e-300bfcde3598', '24 Months / 40,000 Kms', 24, 40000) ON CONFLICT DO NOTHING;
INSERT INTO tiers (plan_id, min_days, max_days, price_inr, is_active) VALUES ('2fd0cb36-2fa0-4a98-b427-7d919dd90258', 0, 30, 8035.8, TRUE) ON CONFLICT DO NOTHING;
INSERT INTO tiers (plan_id, min_days, max_days, price_inr, is_active) VALUES ('2fd0cb36-2fa0-4a98-b427-7d919dd90258', 31, 365, 9251.2, TRUE) ON CONFLICT DO NOTHING;
INSERT INTO tiers (plan_id, min_days, max_days, price_inr, is_active) VALUES ('2fd0cb36-2fa0-4a98-b427-7d919dd90258', 366, 730, 10454.8, TRUE) ON CONFLICT DO NOTHING;
INSERT INTO tiers (plan_id, min_days, max_days, price_inr, is_active) VALUES ('2fd0cb36-2fa0-4a98-b427-7d919dd90258', 731, 1095, 11658.4, TRUE) ON CONFLICT DO NOTHING;
INSERT INTO plans (id, variant_id, plan_name, duration_months, max_kms) VALUES ('a564f7e0-74f5-490f-b9b4-61e700df01ad', '297dfcf1-9ec1-4c5a-938e-300bfcde3598', '36 Months / 60,000 Kms', 36, 60000) ON CONFLICT DO NOTHING;
INSERT INTO tiers (plan_id, min_days, max_days, price_inr, is_active) VALUES ('a564f7e0-74f5-490f-b9b4-61e700df01ad', 0, 30, 8625.8, TRUE) ON CONFLICT DO NOTHING;
INSERT INTO tiers (plan_id, min_days, max_days, price_inr, is_active) VALUES ('a564f7e0-74f5-490f-b9b4-61e700df01ad', 31, 365, 9923.8, TRUE) ON CONFLICT DO NOTHING;
INSERT INTO tiers (plan_id, min_days, max_days, price_inr, is_active) VALUES ('a564f7e0-74f5-490f-b9b4-61e700df01ad', 366, 730, 11221.8, TRUE) ON CONFLICT DO NOTHING;
INSERT INTO tiers (plan_id, min_days, max_days, price_inr, is_active) VALUES ('a564f7e0-74f5-490f-b9b4-61e700df01ad', 731, 1095, 12508.0, TRUE) ON CONFLICT DO NOTHING;
INSERT INTO variants (id, model_id, name, fuel, transmission, oem_warranty_months, oem_warranty_kms) VALUES ('5ed5834f-7363-4994-a1af-90f237fadae3', '030c1f48-cfde-4386-a4d6-e0f3cc07f73a', 'MARUTI S-PRESSO VXI AGS', 'Petrol', 'Automatic', 36, 100000) ON CONFLICT DO NOTHING;
INSERT INTO plans (id, variant_id, plan_name, duration_months, max_kms) VALUES ('88adb5bd-c0c9-430a-9763-1ceba9c8b6ba', '5ed5834f-7363-4994-a1af-90f237fadae3', '12 Months / 20,000 Kms', 12, 20000) ON CONFLICT DO NOTHING;
INSERT INTO tiers (plan_id, min_days, max_days, price_inr, is_active) VALUES ('88adb5bd-c0c9-430a-9763-1ceba9c8b6ba', 0, 30, 6454.6, TRUE) ON CONFLICT DO NOTHING;
INSERT INTO tiers (plan_id, min_days, max_days, price_inr, is_active) VALUES ('88adb5bd-c0c9-430a-9763-1ceba9c8b6ba', 31, 365, 7434.0, TRUE) ON CONFLICT DO NOTHING;
INSERT INTO tiers (plan_id, min_days, max_days, price_inr, is_active) VALUES ('88adb5bd-c0c9-430a-9763-1ceba9c8b6ba', 366, 730, 8401.6, TRUE) ON CONFLICT DO NOTHING;
INSERT INTO tiers (plan_id, min_days, max_days, price_inr, is_active) VALUES ('88adb5bd-c0c9-430a-9763-1ceba9c8b6ba', 731, 1095, 9369.2, TRUE) ON CONFLICT DO NOTHING;
INSERT INTO plans (id, variant_id, plan_name, duration_months, max_kms) VALUES ('4b1619af-a607-4bf6-861f-66c424242ad0', '5ed5834f-7363-4994-a1af-90f237fadae3', '24 Months / 40,000 Kms', 24, 40000) ON CONFLICT DO NOTHING;
INSERT INTO tiers (plan_id, min_days, max_days, price_inr, is_active) VALUES ('4b1619af-a607-4bf6-861f-66c424242ad0', 0, 30, 7752.6, TRUE) ON CONFLICT DO NOTHING;
INSERT INTO tiers (plan_id, min_days, max_days, price_inr, is_active) VALUES ('4b1619af-a607-4bf6-861f-66c424242ad0', 31, 365, 8920.8, TRUE) ON CONFLICT DO NOTHING;
INSERT INTO tiers (plan_id, min_days, max_days, price_inr, is_active) VALUES ('4b1619af-a607-4bf6-861f-66c424242ad0', 366, 730, 10089.0, TRUE) ON CONFLICT DO NOTHING;
INSERT INTO tiers (plan_id, min_days, max_days, price_inr, is_active) VALUES ('4b1619af-a607-4bf6-861f-66c424242ad0', 731, 1095, 11245.4, TRUE) ON CONFLICT DO NOTHING;
INSERT INTO plans (id, variant_id, plan_name, duration_months, max_kms) VALUES ('d5f68d6c-9357-4ae7-9568-2499aaf36fe3', '5ed5834f-7363-4994-a1af-90f237fadae3', '36 Months / 60,000 Kms', 36, 60000) ON CONFLICT DO NOTHING;
INSERT INTO tiers (plan_id, min_days, max_days, price_inr, is_active) VALUES ('d5f68d6c-9357-4ae7-9568-2499aaf36fe3', 0, 30, 8342.6, TRUE) ON CONFLICT DO NOTHING;
INSERT INTO tiers (plan_id, min_days, max_days, price_inr, is_active) VALUES ('d5f68d6c-9357-4ae7-9568-2499aaf36fe3', 31, 365, 9605.2, TRUE) ON CONFLICT DO NOTHING;
INSERT INTO tiers (plan_id, min_days, max_days, price_inr, is_active) VALUES ('d5f68d6c-9357-4ae7-9568-2499aaf36fe3', 366, 730, 10856.0, TRUE) ON CONFLICT DO NOTHING;
INSERT INTO tiers (plan_id, min_days, max_days, price_inr, is_active) VALUES ('d5f68d6c-9357-4ae7-9568-2499aaf36fe3', 731, 1095, 12106.8, TRUE) ON CONFLICT DO NOTHING;
INSERT INTO variants (id, model_id, name, fuel, transmission, oem_warranty_months, oem_warranty_kms) VALUES ('d98d5842-41fe-4ee2-9244-32d040089ad7', '030c1f48-cfde-4386-a4d6-e0f3cc07f73a', 'MARUTI S-PRESSO VXI CNG 1L 5MT', 'CNG', 'Manual', 36, 100000) ON CONFLICT DO NOTHING;
INSERT INTO plans (id, variant_id, plan_name, duration_months, max_kms) VALUES ('c5c41986-7f38-4c39-b41b-9cc348e79232', 'd98d5842-41fe-4ee2-9244-32d040089ad7', '12 Months / 20,000 Kms', 12, 20000) ON CONFLICT DO NOTHING;
INSERT INTO tiers (plan_id, min_days, max_days, price_inr, is_active) VALUES ('c5c41986-7f38-4c39-b41b-9cc348e79232', 0, 30, 8224.6, TRUE) ON CONFLICT DO NOTHING;
INSERT INTO tiers (plan_id, min_days, max_days, price_inr, is_active) VALUES ('c5c41986-7f38-4c39-b41b-9cc348e79232', 31, 365, 9463.6, TRUE) ON CONFLICT DO NOTHING;
INSERT INTO tiers (plan_id, min_days, max_days, price_inr, is_active) VALUES ('c5c41986-7f38-4c39-b41b-9cc348e79232', 366, 730, 10702.6, TRUE) ON CONFLICT DO NOTHING;
INSERT INTO tiers (plan_id, min_days, max_days, price_inr, is_active) VALUES ('c5c41986-7f38-4c39-b41b-9cc348e79232', 731, 1095, 11929.8, TRUE) ON CONFLICT DO NOTHING;
INSERT INTO plans (id, variant_id, plan_name, duration_months, max_kms) VALUES ('f43b152c-0f7c-4d9f-a187-101146641c7e', 'd98d5842-41fe-4ee2-9244-32d040089ad7', '24 Months / 40,000 Kms', 24, 40000) ON CONFLICT DO NOTHING;
INSERT INTO tiers (plan_id, min_days, max_days, price_inr, is_active) VALUES ('f43b152c-0f7c-4d9f-a187-101146641c7e', 0, 30, 9522.6, TRUE) ON CONFLICT DO NOTHING;
INSERT INTO tiers (plan_id, min_days, max_days, price_inr, is_active) VALUES ('f43b152c-0f7c-4d9f-a187-101146641c7e', 31, 365, 10962.2, TRUE) ON CONFLICT DO NOTHING;
INSERT INTO tiers (plan_id, min_days, max_days, price_inr, is_active) VALUES ('f43b152c-0f7c-4d9f-a187-101146641c7e', 366, 730, 12390.0, TRUE) ON CONFLICT DO NOTHING;
INSERT INTO tiers (plan_id, min_days, max_days, price_inr, is_active) VALUES ('f43b152c-0f7c-4d9f-a187-101146641c7e', 731, 1095, 13817.8, TRUE) ON CONFLICT DO NOTHING;
INSERT INTO plans (id, variant_id, plan_name, duration_months, max_kms) VALUES ('4072c7a9-fce4-4118-b345-d3bd898c7640', 'd98d5842-41fe-4ee2-9244-32d040089ad7', '36 Months / 60,000 Kms', 36, 60000) ON CONFLICT DO NOTHING;
INSERT INTO tiers (plan_id, min_days, max_days, price_inr, is_active) VALUES ('4072c7a9-fce4-4118-b345-d3bd898c7640', 0, 30, 10112.6, TRUE) ON CONFLICT DO NOTHING;
INSERT INTO tiers (plan_id, min_days, max_days, price_inr, is_active) VALUES ('4072c7a9-fce4-4118-b345-d3bd898c7640', 31, 365, 11634.8, TRUE) ON CONFLICT DO NOTHING;
INSERT INTO tiers (plan_id, min_days, max_days, price_inr, is_active) VALUES ('4072c7a9-fce4-4118-b345-d3bd898c7640', 366, 730, 13157.0, TRUE) ON CONFLICT DO NOTHING;
INSERT INTO tiers (plan_id, min_days, max_days, price_inr, is_active) VALUES ('4072c7a9-fce4-4118-b345-d3bd898c7640', 731, 1095, 14667.4, TRUE) ON CONFLICT DO NOTHING;
INSERT INTO variants (id, model_id, name, fuel, transmission, oem_warranty_months, oem_warranty_kms) VALUES ('1556f216-922f-4edd-b5b6-3d7b4e9cb0bd', '030c1f48-cfde-4386-a4d6-e0f3cc07f73a', 'MARUTI S-PRESSO VXI(O)', 'Petrol', 'Manual', 36, 100000) ON CONFLICT DO NOTHING;
INSERT INTO plans (id, variant_id, plan_name, duration_months, max_kms) VALUES ('88e8319f-5e5d-4186-b7d4-9b7f85af4861', '1556f216-922f-4edd-b5b6-3d7b4e9cb0bd', '12 Months / 20,000 Kms', 12, 20000) ON CONFLICT DO NOTHING;
INSERT INTO tiers (plan_id, min_days, max_days, price_inr, is_active) VALUES ('88e8319f-5e5d-4186-b7d4-9b7f85af4861', 0, 30, 5864.6, TRUE) ON CONFLICT DO NOTHING;
INSERT INTO tiers (plan_id, min_days, max_days, price_inr, is_active) VALUES ('88e8319f-5e5d-4186-b7d4-9b7f85af4861', 31, 365, 6749.6, TRUE) ON CONFLICT DO NOTHING;
INSERT INTO tiers (plan_id, min_days, max_days, price_inr, is_active) VALUES ('88e8319f-5e5d-4186-b7d4-9b7f85af4861', 366, 730, 7634.6, TRUE) ON CONFLICT DO NOTHING;
INSERT INTO tiers (plan_id, min_days, max_days, price_inr, is_active) VALUES ('88e8319f-5e5d-4186-b7d4-9b7f85af4861', 731, 1095, 8507.8, TRUE) ON CONFLICT DO NOTHING;
INSERT INTO plans (id, variant_id, plan_name, duration_months, max_kms) VALUES ('aa31bef3-d604-406e-9d51-a220ed3b8655', '1556f216-922f-4edd-b5b6-3d7b4e9cb0bd', '24 Months / 40,000 Kms', 24, 40000) ON CONFLICT DO NOTHING;
INSERT INTO tiers (plan_id, min_days, max_days, price_inr, is_active) VALUES ('aa31bef3-d604-406e-9d51-a220ed3b8655', 0, 30, 7162.6, TRUE) ON CONFLICT DO NOTHING;
INSERT INTO tiers (plan_id, min_days, max_days, price_inr, is_active) VALUES ('aa31bef3-d604-406e-9d51-a220ed3b8655', 31, 365, 8248.2, TRUE) ON CONFLICT DO NOTHING;
INSERT INTO tiers (plan_id, min_days, max_days, price_inr, is_active) VALUES ('aa31bef3-d604-406e-9d51-a220ed3b8655', 366, 730, 9322.0, TRUE) ON CONFLICT DO NOTHING;
INSERT INTO tiers (plan_id, min_days, max_days, price_inr, is_active) VALUES ('aa31bef3-d604-406e-9d51-a220ed3b8655', 731, 1095, 10395.8, TRUE) ON CONFLICT DO NOTHING;
INSERT INTO plans (id, variant_id, plan_name, duration_months, max_kms) VALUES ('65a77ab9-ab54-4445-9d95-28e2a7420659', '1556f216-922f-4edd-b5b6-3d7b4e9cb0bd', '36 Months / 60,000 Kms', 36, 60000) ON CONFLICT DO NOTHING;
INSERT INTO tiers (plan_id, min_days, max_days, price_inr, is_active) VALUES ('65a77ab9-ab54-4445-9d95-28e2a7420659', 0, 30, 7752.6, TRUE) ON CONFLICT DO NOTHING;
INSERT INTO tiers (plan_id, min_days, max_days, price_inr, is_active) VALUES ('65a77ab9-ab54-4445-9d95-28e2a7420659', 31, 365, 8920.8, TRUE) ON CONFLICT DO NOTHING;
INSERT INTO tiers (plan_id, min_days, max_days, price_inr, is_active) VALUES ('65a77ab9-ab54-4445-9d95-28e2a7420659', 366, 730, 10089.0, TRUE) ON CONFLICT DO NOTHING;
INSERT INTO tiers (plan_id, min_days, max_days, price_inr, is_active) VALUES ('65a77ab9-ab54-4445-9d95-28e2a7420659', 731, 1095, 11245.4, TRUE) ON CONFLICT DO NOTHING;
INSERT INTO variants (id, model_id, name, fuel, transmission, oem_warranty_months, oem_warranty_kms) VALUES ('92c63340-ea32-4776-b6fd-6841cdc1c95e', '030c1f48-cfde-4386-a4d6-e0f3cc07f73a', 'MARUTI S-PRESSO VXI(O) AGS', 'Petrol', 'Automatic', 36, 100000) ON CONFLICT DO NOTHING;
INSERT INTO plans (id, variant_id, plan_name, duration_months, max_kms) VALUES ('89019c63-b228-4b6f-bdc1-ddf93a7670c3', '92c63340-ea32-4776-b6fd-6841cdc1c95e', '12 Months / 20,000 Kms', 12, 20000) ON CONFLICT DO NOTHING;
INSERT INTO tiers (plan_id, min_days, max_days, price_inr, is_active) VALUES ('89019c63-b228-4b6f-bdc1-ddf93a7670c3', 0, 30, 6690.6, TRUE) ON CONFLICT DO NOTHING;
INSERT INTO tiers (plan_id, min_days, max_days, price_inr, is_active) VALUES ('89019c63-b228-4b6f-bdc1-ddf93a7670c3', 31, 365, 7705.4, TRUE) ON CONFLICT DO NOTHING;
INSERT INTO tiers (plan_id, min_days, max_days, price_inr, is_active) VALUES ('89019c63-b228-4b6f-bdc1-ddf93a7670c3', 366, 730, 8708.4, TRUE) ON CONFLICT DO NOTHING;
INSERT INTO tiers (plan_id, min_days, max_days, price_inr, is_active) VALUES ('89019c63-b228-4b6f-bdc1-ddf93a7670c3', 731, 1095, 9711.4, TRUE) ON CONFLICT DO NOTHING;
INSERT INTO plans (id, variant_id, plan_name, duration_months, max_kms) VALUES ('0760eaa3-a7c1-4155-92b1-e24f3135824b', '92c63340-ea32-4776-b6fd-6841cdc1c95e', '24 Months / 40,000 Kms', 24, 40000) ON CONFLICT DO NOTHING;
INSERT INTO tiers (plan_id, min_days, max_days, price_inr, is_active) VALUES ('0760eaa3-a7c1-4155-92b1-e24f3135824b', 0, 30, 7988.6, TRUE) ON CONFLICT DO NOTHING;
INSERT INTO tiers (plan_id, min_days, max_days, price_inr, is_active) VALUES ('0760eaa3-a7c1-4155-92b1-e24f3135824b', 31, 365, 9192.2, TRUE) ON CONFLICT DO NOTHING;
INSERT INTO tiers (plan_id, min_days, max_days, price_inr, is_active) VALUES ('0760eaa3-a7c1-4155-92b1-e24f3135824b', 366, 730, 10395.8, TRUE) ON CONFLICT DO NOTHING;
INSERT INTO tiers (plan_id, min_days, max_days, price_inr, is_active) VALUES ('0760eaa3-a7c1-4155-92b1-e24f3135824b', 731, 1095, 11587.6, TRUE) ON CONFLICT DO NOTHING;
INSERT INTO plans (id, variant_id, plan_name, duration_months, max_kms) VALUES ('bb218cee-50fb-4460-932d-6086fec626ee', '92c63340-ea32-4776-b6fd-6841cdc1c95e', '36 Months / 60,000 Kms', 36, 60000) ON CONFLICT DO NOTHING;
INSERT INTO tiers (plan_id, min_days, max_days, price_inr, is_active) VALUES ('bb218cee-50fb-4460-932d-6086fec626ee', 0, 30, 8578.6, TRUE) ON CONFLICT DO NOTHING;
INSERT INTO tiers (plan_id, min_days, max_days, price_inr, is_active) VALUES ('bb218cee-50fb-4460-932d-6086fec626ee', 31, 365, 9876.6, TRUE) ON CONFLICT DO NOTHING;
INSERT INTO tiers (plan_id, min_days, max_days, price_inr, is_active) VALUES ('bb218cee-50fb-4460-932d-6086fec626ee', 366, 730, 11162.8, TRUE) ON CONFLICT DO NOTHING;
INSERT INTO tiers (plan_id, min_days, max_days, price_inr, is_active) VALUES ('bb218cee-50fb-4460-932d-6086fec626ee', 731, 1095, 12449.0, TRUE) ON CONFLICT DO NOTHING;
INSERT INTO variants (id, model_id, name, fuel, transmission, oem_warranty_months, oem_warranty_kms) VALUES ('2f2777c4-12a2-4760-bd9e-434a8923539e', '030c1f48-cfde-4386-a4d6-e0f3cc07f73a', 'MARUTI S-PRESSO VXI+', 'Petrol', 'Manual', 36, 100000) ON CONFLICT DO NOTHING;
INSERT INTO plans (id, variant_id, plan_name, duration_months, max_kms) VALUES ('7bbf0f06-7a74-4c4c-9f43-d11f18e295da', '2f2777c4-12a2-4760-bd9e-434a8923539e', '12 Months / 20,000 Kms', 12, 20000) ON CONFLICT DO NOTHING;
INSERT INTO tiers (plan_id, min_days, max_days, price_inr, is_active) VALUES ('7bbf0f06-7a74-4c4c-9f43-d11f18e295da', 0, 30, 6029.8, TRUE) ON CONFLICT DO NOTHING;
INSERT INTO tiers (plan_id, min_days, max_days, price_inr, is_active) VALUES ('7bbf0f06-7a74-4c4c-9f43-d11f18e295da', 31, 365, 6938.4, TRUE) ON CONFLICT DO NOTHING;
INSERT INTO tiers (plan_id, min_days, max_days, price_inr, is_active) VALUES ('7bbf0f06-7a74-4c4c-9f43-d11f18e295da', 366, 730, 7847.0, TRUE) ON CONFLICT DO NOTHING;
INSERT INTO tiers (plan_id, min_days, max_days, price_inr, is_active) VALUES ('7bbf0f06-7a74-4c4c-9f43-d11f18e295da', 731, 1095, 8743.8, TRUE) ON CONFLICT DO NOTHING;
INSERT INTO plans (id, variant_id, plan_name, duration_months, max_kms) VALUES ('8e029917-a765-4188-92ea-4a073d485d14', '2f2777c4-12a2-4760-bd9e-434a8923539e', '24 Months / 40,000 Kms', 24, 40000) ON CONFLICT DO NOTHING;
INSERT INTO tiers (plan_id, min_days, max_days, price_inr, is_active) VALUES ('8e029917-a765-4188-92ea-4a073d485d14', 0, 30, 7327.8, TRUE) ON CONFLICT DO NOTHING;
INSERT INTO tiers (plan_id, min_days, max_days, price_inr, is_active) VALUES ('8e029917-a765-4188-92ea-4a073d485d14', 31, 365, 8437.0, TRUE) ON CONFLICT DO NOTHING;
INSERT INTO tiers (plan_id, min_days, max_days, price_inr, is_active) VALUES ('8e029917-a765-4188-92ea-4a073d485d14', 366, 730, 9534.4, TRUE) ON CONFLICT DO NOTHING;
INSERT INTO tiers (plan_id, min_days, max_days, price_inr, is_active) VALUES ('8e029917-a765-4188-92ea-4a073d485d14', 731, 1095, 10631.8, TRUE) ON CONFLICT DO NOTHING;
INSERT INTO plans (id, variant_id, plan_name, duration_months, max_kms) VALUES ('6c712e8f-da87-466e-84b8-720fa997332d', '2f2777c4-12a2-4760-bd9e-434a8923539e', '36 Months / 60,000 Kms', 36, 60000) ON CONFLICT DO NOTHING;
INSERT INTO tiers (plan_id, min_days, max_days, price_inr, is_active) VALUES ('6c712e8f-da87-466e-84b8-720fa997332d', 0, 30, 7917.8, TRUE) ON CONFLICT DO NOTHING;
INSERT INTO tiers (plan_id, min_days, max_days, price_inr, is_active) VALUES ('6c712e8f-da87-466e-84b8-720fa997332d', 31, 365, 9109.6, TRUE) ON CONFLICT DO NOTHING;
INSERT INTO tiers (plan_id, min_days, max_days, price_inr, is_active) VALUES ('6c712e8f-da87-466e-84b8-720fa997332d', 366, 730, 10301.4, TRUE) ON CONFLICT DO NOTHING;
INSERT INTO tiers (plan_id, min_days, max_days, price_inr, is_active) VALUES ('6c712e8f-da87-466e-84b8-720fa997332d', 731, 1095, 11481.4, TRUE) ON CONFLICT DO NOTHING;
INSERT INTO variants (id, model_id, name, fuel, transmission, oem_warranty_months, oem_warranty_kms) VALUES ('7aad3945-4cfd-4d83-afc7-7d2c9b712b4c', '030c1f48-cfde-4386-a4d6-e0f3cc07f73a', 'MARUTI S-PRESSO VXI+ (O) 1L ISS AGS', 'Hybrid', 'Automatic', 36, 100000) ON CONFLICT DO NOTHING;
INSERT INTO plans (id, variant_id, plan_name, duration_months, max_kms) VALUES ('dd6f47ae-cf86-4570-acc4-2abc30c89c20', '7aad3945-4cfd-4d83-afc7-7d2c9b712b4c', '12 Months / 20,000 Kms', 12, 20000) ON CONFLICT DO NOTHING;
INSERT INTO tiers (plan_id, min_days, max_days, price_inr, is_active) VALUES ('dd6f47ae-cf86-4570-acc4-2abc30c89c20', 0, 30, 8118.4, TRUE) ON CONFLICT DO NOTHING;
INSERT INTO tiers (plan_id, min_days, max_days, price_inr, is_active) VALUES ('dd6f47ae-cf86-4570-acc4-2abc30c89c20', 31, 365, 9345.6, TRUE) ON CONFLICT DO NOTHING;
INSERT INTO tiers (plan_id, min_days, max_days, price_inr, is_active) VALUES ('dd6f47ae-cf86-4570-acc4-2abc30c89c20', 366, 730, 10561.0, TRUE) ON CONFLICT DO NOTHING;
INSERT INTO tiers (plan_id, min_days, max_days, price_inr, is_active) VALUES ('dd6f47ae-cf86-4570-acc4-2abc30c89c20', 731, 1095, 11776.4, TRUE) ON CONFLICT DO NOTHING;
INSERT INTO plans (id, variant_id, plan_name, duration_months, max_kms) VALUES ('4e4f4cb3-2a1e-4829-8f8b-62b124315812', '7aad3945-4cfd-4d83-afc7-7d2c9b712b4c', '24 Months / 40,000 Kms', 24, 40000) ON CONFLICT DO NOTHING;
INSERT INTO tiers (plan_id, min_days, max_days, price_inr, is_active) VALUES ('4e4f4cb3-2a1e-4829-8f8b-62b124315812', 0, 30, 9416.4, TRUE) ON CONFLICT DO NOTHING;
INSERT INTO tiers (plan_id, min_days, max_days, price_inr, is_active) VALUES ('4e4f4cb3-2a1e-4829-8f8b-62b124315812', 31, 365, 10832.4, TRUE) ON CONFLICT DO NOTHING;
INSERT INTO tiers (plan_id, min_days, max_days, price_inr, is_active) VALUES ('4e4f4cb3-2a1e-4829-8f8b-62b124315812', 366, 730, 12248.4, TRUE) ON CONFLICT DO NOTHING;
INSERT INTO tiers (plan_id, min_days, max_days, price_inr, is_active) VALUES ('4e4f4cb3-2a1e-4829-8f8b-62b124315812', 731, 1095, 13664.4, TRUE) ON CONFLICT DO NOTHING;
INSERT INTO plans (id, variant_id, plan_name, duration_months, max_kms) VALUES ('5b1091fc-dd90-4282-a7a1-72a61029eb14', '7aad3945-4cfd-4d83-afc7-7d2c9b712b4c', '36 Months / 60,000 Kms', 36, 60000) ON CONFLICT DO NOTHING;
INSERT INTO tiers (plan_id, min_days, max_days, price_inr, is_active) VALUES ('5b1091fc-dd90-4282-a7a1-72a61029eb14', 0, 30, 10006.4, TRUE) ON CONFLICT DO NOTHING;
INSERT INTO tiers (plan_id, min_days, max_days, price_inr, is_active) VALUES ('5b1091fc-dd90-4282-a7a1-72a61029eb14', 31, 365, 11516.8, TRUE) ON CONFLICT DO NOTHING;
INSERT INTO tiers (plan_id, min_days, max_days, price_inr, is_active) VALUES ('5b1091fc-dd90-4282-a7a1-72a61029eb14', 366, 730, 13015.4, TRUE) ON CONFLICT DO NOTHING;
INSERT INTO tiers (plan_id, min_days, max_days, price_inr, is_active) VALUES ('5b1091fc-dd90-4282-a7a1-72a61029eb14', 731, 1095, 14514.0, TRUE) ON CONFLICT DO NOTHING;
INSERT INTO variants (id, model_id, name, fuel, transmission, oem_warranty_months, oem_warranty_kms) VALUES ('bd6604d8-3f09-4a70-a109-606f2f87748f', '030c1f48-cfde-4386-a4d6-e0f3cc07f73a', 'MARUTI S-PRESSO VXI+ 1L ISS 5MT', 'Hybrid', 'Manual', 36, 100000) ON CONFLICT DO NOTHING;
INSERT INTO plans (id, variant_id, plan_name, duration_months, max_kms) VALUES ('d3097b90-d5fe-4606-bd3e-f14e857e1270', 'bd6604d8-3f09-4a70-a109-606f2f87748f', '12 Months / 20,000 Kms', 12, 20000) ON CONFLICT DO NOTHING;
INSERT INTO tiers (plan_id, min_days, max_days, price_inr, is_active) VALUES ('d3097b90-d5fe-4606-bd3e-f14e857e1270', 0, 30, 7209.8, TRUE) ON CONFLICT DO NOTHING;
INSERT INTO tiers (plan_id, min_days, max_days, price_inr, is_active) VALUES ('d3097b90-d5fe-4606-bd3e-f14e857e1270', 31, 365, 8295.4, TRUE) ON CONFLICT DO NOTHING;
INSERT INTO tiers (plan_id, min_days, max_days, price_inr, is_active) VALUES ('d3097b90-d5fe-4606-bd3e-f14e857e1270', 366, 730, 9381.0, TRUE) ON CONFLICT DO NOTHING;
INSERT INTO tiers (plan_id, min_days, max_days, price_inr, is_active) VALUES ('d3097b90-d5fe-4606-bd3e-f14e857e1270', 731, 1095, 10454.8, TRUE) ON CONFLICT DO NOTHING;
INSERT INTO plans (id, variant_id, plan_name, duration_months, max_kms) VALUES ('fb211bd3-ae4d-435e-9f5b-55bd0774c151', 'bd6604d8-3f09-4a70-a109-606f2f87748f', '24 Months / 40,000 Kms', 24, 40000) ON CONFLICT DO NOTHING;
INSERT INTO tiers (plan_id, min_days, max_days, price_inr, is_active) VALUES ('fb211bd3-ae4d-435e-9f5b-55bd0774c151', 0, 30, 8507.8, TRUE) ON CONFLICT DO NOTHING;
INSERT INTO tiers (plan_id, min_days, max_days, price_inr, is_active) VALUES ('fb211bd3-ae4d-435e-9f5b-55bd0774c151', 31, 365, 9794.0, TRUE) ON CONFLICT DO NOTHING;
INSERT INTO tiers (plan_id, min_days, max_days, price_inr, is_active) VALUES ('fb211bd3-ae4d-435e-9f5b-55bd0774c151', 366, 730, 11068.4, TRUE) ON CONFLICT DO NOTHING;
INSERT INTO tiers (plan_id, min_days, max_days, price_inr, is_active) VALUES ('fb211bd3-ae4d-435e-9f5b-55bd0774c151', 731, 1095, 12342.8, TRUE) ON CONFLICT DO NOTHING;
INSERT INTO plans (id, variant_id, plan_name, duration_months, max_kms) VALUES ('8f020a4f-c903-4a28-8646-9ae71590876e', 'bd6604d8-3f09-4a70-a109-606f2f87748f', '36 Months / 60,000 Kms', 36, 60000) ON CONFLICT DO NOTHING;
INSERT INTO tiers (plan_id, min_days, max_days, price_inr, is_active) VALUES ('8f020a4f-c903-4a28-8646-9ae71590876e', 0, 30, 9097.8, TRUE) ON CONFLICT DO NOTHING;
INSERT INTO tiers (plan_id, min_days, max_days, price_inr, is_active) VALUES ('8f020a4f-c903-4a28-8646-9ae71590876e', 31, 365, 10466.6, TRUE) ON CONFLICT DO NOTHING;
INSERT INTO tiers (plan_id, min_days, max_days, price_inr, is_active) VALUES ('8f020a4f-c903-4a28-8646-9ae71590876e', 366, 730, 11835.4, TRUE) ON CONFLICT DO NOTHING;
INSERT INTO tiers (plan_id, min_days, max_days, price_inr, is_active) VALUES ('8f020a4f-c903-4a28-8646-9ae71590876e', 731, 1095, 13192.4, TRUE) ON CONFLICT DO NOTHING;
INSERT INTO variants (id, model_id, name, fuel, transmission, oem_warranty_months, oem_warranty_kms) VALUES ('9a394687-e9e0-48c9-aaa6-3d7d4d49b281', '030c1f48-cfde-4386-a4d6-e0f3cc07f73a', 'MARUTI S-PRESSO VXI+ AGS', 'Petrol', 'Automatic', 36, 100000) ON CONFLICT DO NOTHING;
INSERT INTO plans (id, variant_id, plan_name, duration_months, max_kms) VALUES ('27682715-a938-4152-9da5-04991c96acc8', '9a394687-e9e0-48c9-aaa6-3d7d4d49b281', '12 Months / 20,000 Kms', 12, 20000) ON CONFLICT DO NOTHING;
INSERT INTO tiers (plan_id, min_days, max_days, price_inr, is_active) VALUES ('27682715-a938-4152-9da5-04991c96acc8', 0, 30, 6855.8, TRUE) ON CONFLICT DO NOTHING;
INSERT INTO tiers (plan_id, min_days, max_days, price_inr, is_active) VALUES ('27682715-a938-4152-9da5-04991c96acc8', 31, 365, 7894.2, TRUE) ON CONFLICT DO NOTHING;
INSERT INTO tiers (plan_id, min_days, max_days, price_inr, is_active) VALUES ('27682715-a938-4152-9da5-04991c96acc8', 366, 730, 8920.8, TRUE) ON CONFLICT DO NOTHING;
INSERT INTO tiers (plan_id, min_days, max_days, price_inr, is_active) VALUES ('27682715-a938-4152-9da5-04991c96acc8', 731, 1095, 9947.4, TRUE) ON CONFLICT DO NOTHING;
INSERT INTO plans (id, variant_id, plan_name, duration_months, max_kms) VALUES ('dd7629f8-98f1-4409-8b81-88833682a9f6', '9a394687-e9e0-48c9-aaa6-3d7d4d49b281', '24 Months / 40,000 Kms', 24, 40000) ON CONFLICT DO NOTHING;
INSERT INTO tiers (plan_id, min_days, max_days, price_inr, is_active) VALUES ('dd7629f8-98f1-4409-8b81-88833682a9f6', 0, 30, 8153.8, TRUE) ON CONFLICT DO NOTHING;
INSERT INTO tiers (plan_id, min_days, max_days, price_inr, is_active) VALUES ('dd7629f8-98f1-4409-8b81-88833682a9f6', 31, 365, 9381.0, TRUE) ON CONFLICT DO NOTHING;
INSERT INTO tiers (plan_id, min_days, max_days, price_inr, is_active) VALUES ('dd7629f8-98f1-4409-8b81-88833682a9f6', 366, 730, 10608.2, TRUE) ON CONFLICT DO NOTHING;
INSERT INTO tiers (plan_id, min_days, max_days, price_inr, is_active) VALUES ('dd7629f8-98f1-4409-8b81-88833682a9f6', 731, 1095, 11823.6, TRUE) ON CONFLICT DO NOTHING;
INSERT INTO plans (id, variant_id, plan_name, duration_months, max_kms) VALUES ('a3eafcc4-11d4-4324-ae23-7bc3441fd4e7', '9a394687-e9e0-48c9-aaa6-3d7d4d49b281', '36 Months / 60,000 Kms', 36, 60000) ON CONFLICT DO NOTHING;
INSERT INTO tiers (plan_id, min_days, max_days, price_inr, is_active) VALUES ('a3eafcc4-11d4-4324-ae23-7bc3441fd4e7', 0, 30, 8743.8, TRUE) ON CONFLICT DO NOTHING;
INSERT INTO tiers (plan_id, min_days, max_days, price_inr, is_active) VALUES ('a3eafcc4-11d4-4324-ae23-7bc3441fd4e7', 31, 365, 10065.4, TRUE) ON CONFLICT DO NOTHING;
INSERT INTO tiers (plan_id, min_days, max_days, price_inr, is_active) VALUES ('a3eafcc4-11d4-4324-ae23-7bc3441fd4e7', 366, 730, 11375.2, TRUE) ON CONFLICT DO NOTHING;
INSERT INTO tiers (plan_id, min_days, max_days, price_inr, is_active) VALUES ('a3eafcc4-11d4-4324-ae23-7bc3441fd4e7', 731, 1095, 12685.0, TRUE) ON CONFLICT DO NOTHING;
INSERT INTO models (id, brand_id, name) VALUES ('f16fe004-0ef6-4ee8-964c-3e62331cdb19', 'b1e782a2-c0d1-4b20-ae57-becb98f3ab90', 'SuperCarry') ON CONFLICT DO NOTHING;
INSERT INTO variants (id, model_id, name, fuel, transmission, oem_warranty_months, oem_warranty_kms) VALUES ('5fe6236c-90a7-49dc-b667-495fc7938666', 'f16fe004-0ef6-4ee8-964c-3e62331cdb19', 'MARUTI SUPER CARRY CHASSIS 1.2L 5MT', 'Petrol', 'Manual', 36, 100000) ON CONFLICT DO NOTHING;
INSERT INTO plans (id, variant_id, plan_name, duration_months, max_kms) VALUES ('41a1b4eb-a515-4c07-b28a-b251d4cfcb4f', '5fe6236c-90a7-49dc-b667-495fc7938666', '12 Months / 20,000 Kms', 12, 20000) ON CONFLICT DO NOTHING;
INSERT INTO tiers (plan_id, min_days, max_days, price_inr, is_active) VALUES ('41a1b4eb-a515-4c07-b28a-b251d4cfcb4f', 0, 30, 8743.8, TRUE) ON CONFLICT DO NOTHING;
INSERT INTO tiers (plan_id, min_days, max_days, price_inr, is_active) VALUES ('41a1b4eb-a515-4c07-b28a-b251d4cfcb4f', 31, 365, 10065.4, TRUE) ON CONFLICT DO NOTHING;
INSERT INTO tiers (plan_id, min_days, max_days, price_inr, is_active) VALUES ('41a1b4eb-a515-4c07-b28a-b251d4cfcb4f', 366, 730, 11375.2, TRUE) ON CONFLICT DO NOTHING;
INSERT INTO tiers (plan_id, min_days, max_days, price_inr, is_active) VALUES ('41a1b4eb-a515-4c07-b28a-b251d4cfcb4f', 731, 1095, 12685.0, TRUE) ON CONFLICT DO NOTHING;
INSERT INTO plans (id, variant_id, plan_name, duration_months, max_kms) VALUES ('05f231d7-333c-4f2e-a327-cca81bb5ec67', '5fe6236c-90a7-49dc-b667-495fc7938666', '24 Months / 40,000 Kms', 24, 40000) ON CONFLICT DO NOTHING;
INSERT INTO tiers (plan_id, min_days, max_days, price_inr, is_active) VALUES ('05f231d7-333c-4f2e-a327-cca81bb5ec67', 0, 30, 9994.6, TRUE) ON CONFLICT DO NOTHING;
INSERT INTO tiers (plan_id, min_days, max_days, price_inr, is_active) VALUES ('05f231d7-333c-4f2e-a327-cca81bb5ec67', 31, 365, 11505.0, TRUE) ON CONFLICT DO NOTHING;
INSERT INTO tiers (plan_id, min_days, max_days, price_inr, is_active) VALUES ('05f231d7-333c-4f2e-a327-cca81bb5ec67', 366, 730, 13003.6, TRUE) ON CONFLICT DO NOTHING;
INSERT INTO tiers (plan_id, min_days, max_days, price_inr, is_active) VALUES ('05f231d7-333c-4f2e-a327-cca81bb5ec67', 731, 1095, 14502.2, TRUE) ON CONFLICT DO NOTHING;
INSERT INTO plans (id, variant_id, plan_name, duration_months, max_kms) VALUES ('7e4c7b5e-f7d5-418e-804c-e92af301af73', '5fe6236c-90a7-49dc-b667-495fc7938666', '36 Months / 60,000 Kms', 36, 60000) ON CONFLICT DO NOTHING;
INSERT INTO tiers (plan_id, min_days, max_days, price_inr, is_active) VALUES ('7e4c7b5e-f7d5-418e-804c-e92af301af73', 0, 30, 10572.8, TRUE) ON CONFLICT DO NOTHING;
INSERT INTO tiers (plan_id, min_days, max_days, price_inr, is_active) VALUES ('7e4c7b5e-f7d5-418e-804c-e92af301af73', 31, 365, 12165.8, TRUE) ON CONFLICT DO NOTHING;
INSERT INTO tiers (plan_id, min_days, max_days, price_inr, is_active) VALUES ('7e4c7b5e-f7d5-418e-804c-e92af301af73', 366, 730, 13747.0, TRUE) ON CONFLICT DO NOTHING;
INSERT INTO tiers (plan_id, min_days, max_days, price_inr, is_active) VALUES ('7e4c7b5e-f7d5-418e-804c-e92af301af73', 731, 1095, 15340.0, TRUE) ON CONFLICT DO NOTHING;
INSERT INTO variants (id, model_id, name, fuel, transmission, oem_warranty_months, oem_warranty_kms) VALUES ('127d03c8-194d-413a-aa73-157a1e41ef11', 'f16fe004-0ef6-4ee8-964c-3e62331cdb19', 'MARUTI SUPER CARRY CHASSIS CNG 1.2L 5MT', 'CNG', 'Manual', 36, 100000) ON CONFLICT DO NOTHING;
INSERT INTO plans (id, variant_id, plan_name, duration_months, max_kms) VALUES ('6129002c-8a3d-4404-a465-692f92c71075', '127d03c8-194d-413a-aa73-157a1e41ef11', '12 Months / 20,000 Kms', 12, 20000) ON CONFLICT DO NOTHING;
INSERT INTO tiers (plan_id, min_days, max_days, price_inr, is_active) VALUES ('6129002c-8a3d-4404-a465-692f92c71075', 0, 30, 8743.8, TRUE) ON CONFLICT DO NOTHING;
INSERT INTO tiers (plan_id, min_days, max_days, price_inr, is_active) VALUES ('6129002c-8a3d-4404-a465-692f92c71075', 31, 365, 10065.4, TRUE) ON CONFLICT DO NOTHING;
INSERT INTO tiers (plan_id, min_days, max_days, price_inr, is_active) VALUES ('6129002c-8a3d-4404-a465-692f92c71075', 366, 730, 11375.2, TRUE) ON CONFLICT DO NOTHING;
INSERT INTO tiers (plan_id, min_days, max_days, price_inr, is_active) VALUES ('6129002c-8a3d-4404-a465-692f92c71075', 731, 1095, 12685.0, TRUE) ON CONFLICT DO NOTHING;
INSERT INTO plans (id, variant_id, plan_name, duration_months, max_kms) VALUES ('ec66256d-b85c-4d07-b88c-f4b83ec581bf', '127d03c8-194d-413a-aa73-157a1e41ef11', '24 Months / 40,000 Kms', 24, 40000) ON CONFLICT DO NOTHING;
INSERT INTO tiers (plan_id, min_days, max_days, price_inr, is_active) VALUES ('ec66256d-b85c-4d07-b88c-f4b83ec581bf', 0, 30, 9994.6, TRUE) ON CONFLICT DO NOTHING;
INSERT INTO tiers (plan_id, min_days, max_days, price_inr, is_active) VALUES ('ec66256d-b85c-4d07-b88c-f4b83ec581bf', 31, 365, 11505.0, TRUE) ON CONFLICT DO NOTHING;
INSERT INTO tiers (plan_id, min_days, max_days, price_inr, is_active) VALUES ('ec66256d-b85c-4d07-b88c-f4b83ec581bf', 366, 730, 13003.6, TRUE) ON CONFLICT DO NOTHING;
INSERT INTO tiers (plan_id, min_days, max_days, price_inr, is_active) VALUES ('ec66256d-b85c-4d07-b88c-f4b83ec581bf', 731, 1095, 14502.2, TRUE) ON CONFLICT DO NOTHING;
INSERT INTO plans (id, variant_id, plan_name, duration_months, max_kms) VALUES ('9aea2281-d1f0-4359-8d84-be0b7a958dba', '127d03c8-194d-413a-aa73-157a1e41ef11', '36 Months / 60,000 Kms', 36, 60000) ON CONFLICT DO NOTHING;
INSERT INTO tiers (plan_id, min_days, max_days, price_inr, is_active) VALUES ('9aea2281-d1f0-4359-8d84-be0b7a958dba', 0, 30, 10572.8, TRUE) ON CONFLICT DO NOTHING;
INSERT INTO tiers (plan_id, min_days, max_days, price_inr, is_active) VALUES ('9aea2281-d1f0-4359-8d84-be0b7a958dba', 31, 365, 12165.8, TRUE) ON CONFLICT DO NOTHING;
INSERT INTO tiers (plan_id, min_days, max_days, price_inr, is_active) VALUES ('9aea2281-d1f0-4359-8d84-be0b7a958dba', 366, 730, 13747.0, TRUE) ON CONFLICT DO NOTHING;
INSERT INTO tiers (plan_id, min_days, max_days, price_inr, is_active) VALUES ('9aea2281-d1f0-4359-8d84-be0b7a958dba', 731, 1095, 15340.0, TRUE) ON CONFLICT DO NOTHING;
INSERT INTO variants (id, model_id, name, fuel, transmission, oem_warranty_months, oem_warranty_kms) VALUES ('cb1ed500-997d-4bdb-9a0a-b4335eeb15cd', 'f16fe004-0ef6-4ee8-964c-3e62331cdb19', 'MARUTI SUPER CARRY STD 1.2L 5MT', 'Petrol', 'Manual', 36, 100000) ON CONFLICT DO NOTHING;
INSERT INTO plans (id, variant_id, plan_name, duration_months, max_kms) VALUES ('d79f5b02-775a-400c-81bc-fcd54f339039', 'cb1ed500-997d-4bdb-9a0a-b4335eeb15cd', '12 Months / 20,000 Kms', 12, 20000) ON CONFLICT DO NOTHING;
INSERT INTO tiers (plan_id, min_days, max_days, price_inr, is_active) VALUES ('d79f5b02-775a-400c-81bc-fcd54f339039', 0, 30, 8743.8, TRUE) ON CONFLICT DO NOTHING;
INSERT INTO tiers (plan_id, min_days, max_days, price_inr, is_active) VALUES ('d79f5b02-775a-400c-81bc-fcd54f339039', 31, 365, 10065.4, TRUE) ON CONFLICT DO NOTHING;
INSERT INTO tiers (plan_id, min_days, max_days, price_inr, is_active) VALUES ('d79f5b02-775a-400c-81bc-fcd54f339039', 366, 730, 11375.2, TRUE) ON CONFLICT DO NOTHING;
INSERT INTO tiers (plan_id, min_days, max_days, price_inr, is_active) VALUES ('d79f5b02-775a-400c-81bc-fcd54f339039', 731, 1095, 12685.0, TRUE) ON CONFLICT DO NOTHING;
INSERT INTO plans (id, variant_id, plan_name, duration_months, max_kms) VALUES ('5b25b5a3-63ea-4fe1-a899-384cc1f7ed55', 'cb1ed500-997d-4bdb-9a0a-b4335eeb15cd', '24 Months / 40,000 Kms', 24, 40000) ON CONFLICT DO NOTHING;
INSERT INTO tiers (plan_id, min_days, max_days, price_inr, is_active) VALUES ('5b25b5a3-63ea-4fe1-a899-384cc1f7ed55', 0, 30, 9994.6, TRUE) ON CONFLICT DO NOTHING;
INSERT INTO tiers (plan_id, min_days, max_days, price_inr, is_active) VALUES ('5b25b5a3-63ea-4fe1-a899-384cc1f7ed55', 31, 365, 11505.0, TRUE) ON CONFLICT DO NOTHING;
INSERT INTO tiers (plan_id, min_days, max_days, price_inr, is_active) VALUES ('5b25b5a3-63ea-4fe1-a899-384cc1f7ed55', 366, 730, 13003.6, TRUE) ON CONFLICT DO NOTHING;
INSERT INTO tiers (plan_id, min_days, max_days, price_inr, is_active) VALUES ('5b25b5a3-63ea-4fe1-a899-384cc1f7ed55', 731, 1095, 14502.2, TRUE) ON CONFLICT DO NOTHING;
INSERT INTO plans (id, variant_id, plan_name, duration_months, max_kms) VALUES ('25d7e855-4fb0-4e1c-ad75-2fbce41d6da8', 'cb1ed500-997d-4bdb-9a0a-b4335eeb15cd', '36 Months / 60,000 Kms', 36, 60000) ON CONFLICT DO NOTHING;
INSERT INTO tiers (plan_id, min_days, max_days, price_inr, is_active) VALUES ('25d7e855-4fb0-4e1c-ad75-2fbce41d6da8', 0, 30, 10572.8, TRUE) ON CONFLICT DO NOTHING;
INSERT INTO tiers (plan_id, min_days, max_days, price_inr, is_active) VALUES ('25d7e855-4fb0-4e1c-ad75-2fbce41d6da8', 31, 365, 12165.8, TRUE) ON CONFLICT DO NOTHING;
INSERT INTO tiers (plan_id, min_days, max_days, price_inr, is_active) VALUES ('25d7e855-4fb0-4e1c-ad75-2fbce41d6da8', 366, 730, 13747.0, TRUE) ON CONFLICT DO NOTHING;
INSERT INTO tiers (plan_id, min_days, max_days, price_inr, is_active) VALUES ('25d7e855-4fb0-4e1c-ad75-2fbce41d6da8', 731, 1095, 15340.0, TRUE) ON CONFLICT DO NOTHING;
INSERT INTO variants (id, model_id, name, fuel, transmission, oem_warranty_months, oem_warranty_kms) VALUES ('3e996a98-f597-4514-b7b0-972cc2ed8d4d', 'f16fe004-0ef6-4ee8-964c-3e62331cdb19', 'MARUTI SUPER CARRY STD CNG 1.2L 5MT', 'CNG', 'Manual', 36, 100000) ON CONFLICT DO NOTHING;
INSERT INTO plans (id, variant_id, plan_name, duration_months, max_kms) VALUES ('d5fd7867-0aa8-4b42-a55c-1e8466959809', '3e996a98-f597-4514-b7b0-972cc2ed8d4d', '12 Months / 20,000 Kms', 12, 20000) ON CONFLICT DO NOTHING;
INSERT INTO tiers (plan_id, min_days, max_days, price_inr, is_active) VALUES ('d5fd7867-0aa8-4b42-a55c-1e8466959809', 0, 30, 8743.8, TRUE) ON CONFLICT DO NOTHING;
INSERT INTO tiers (plan_id, min_days, max_days, price_inr, is_active) VALUES ('d5fd7867-0aa8-4b42-a55c-1e8466959809', 31, 365, 10065.4, TRUE) ON CONFLICT DO NOTHING;
INSERT INTO tiers (plan_id, min_days, max_days, price_inr, is_active) VALUES ('d5fd7867-0aa8-4b42-a55c-1e8466959809', 366, 730, 11375.2, TRUE) ON CONFLICT DO NOTHING;
INSERT INTO tiers (plan_id, min_days, max_days, price_inr, is_active) VALUES ('d5fd7867-0aa8-4b42-a55c-1e8466959809', 731, 1095, 12685.0, TRUE) ON CONFLICT DO NOTHING;
INSERT INTO plans (id, variant_id, plan_name, duration_months, max_kms) VALUES ('8e69e3f1-1162-43ca-8de8-3091c5ff664e', '3e996a98-f597-4514-b7b0-972cc2ed8d4d', '24 Months / 40,000 Kms', 24, 40000) ON CONFLICT DO NOTHING;
INSERT INTO tiers (plan_id, min_days, max_days, price_inr, is_active) VALUES ('8e69e3f1-1162-43ca-8de8-3091c5ff664e', 0, 30, 9994.6, TRUE) ON CONFLICT DO NOTHING;
INSERT INTO tiers (plan_id, min_days, max_days, price_inr, is_active) VALUES ('8e69e3f1-1162-43ca-8de8-3091c5ff664e', 31, 365, 11505.0, TRUE) ON CONFLICT DO NOTHING;
INSERT INTO tiers (plan_id, min_days, max_days, price_inr, is_active) VALUES ('8e69e3f1-1162-43ca-8de8-3091c5ff664e', 366, 730, 13003.6, TRUE) ON CONFLICT DO NOTHING;
INSERT INTO tiers (plan_id, min_days, max_days, price_inr, is_active) VALUES ('8e69e3f1-1162-43ca-8de8-3091c5ff664e', 731, 1095, 14502.2, TRUE) ON CONFLICT DO NOTHING;
INSERT INTO plans (id, variant_id, plan_name, duration_months, max_kms) VALUES ('826d88b9-e8e5-4df3-8f97-fec2aeefd5bc', '3e996a98-f597-4514-b7b0-972cc2ed8d4d', '36 Months / 60,000 Kms', 36, 60000) ON CONFLICT DO NOTHING;
INSERT INTO tiers (plan_id, min_days, max_days, price_inr, is_active) VALUES ('826d88b9-e8e5-4df3-8f97-fec2aeefd5bc', 0, 30, 10572.8, TRUE) ON CONFLICT DO NOTHING;
INSERT INTO tiers (plan_id, min_days, max_days, price_inr, is_active) VALUES ('826d88b9-e8e5-4df3-8f97-fec2aeefd5bc', 31, 365, 12165.8, TRUE) ON CONFLICT DO NOTHING;
INSERT INTO tiers (plan_id, min_days, max_days, price_inr, is_active) VALUES ('826d88b9-e8e5-4df3-8f97-fec2aeefd5bc', 366, 730, 13747.0, TRUE) ON CONFLICT DO NOTHING;
INSERT INTO tiers (plan_id, min_days, max_days, price_inr, is_active) VALUES ('826d88b9-e8e5-4df3-8f97-fec2aeefd5bc', 731, 1095, 15340.0, TRUE) ON CONFLICT DO NOTHING;
INSERT INTO models (id, brand_id, name) VALUES ('ceaf0322-6e9a-453f-b03c-05e4e0e4d4d2', 'b1e782a2-c0d1-4b20-ae57-becb98f3ab90', 'VITARA BREZZA') ON CONFLICT DO NOTHING;
INSERT INTO variants (id, model_id, name, fuel, transmission, oem_warranty_months, oem_warranty_kms) VALUES ('34869dcb-5421-4905-94a1-24aaccc05231', 'ceaf0322-6e9a-453f-b03c-05e4e0e4d4d2', 'MARUTI VITARA BREZZA LXI 1.5L 5MT', 'Petrol', 'Manual', 36, 100000) ON CONFLICT DO NOTHING;
INSERT INTO plans (id, variant_id, plan_name, duration_months, max_kms) VALUES ('8575a941-c501-4ea8-84b4-fd23130d0a5e', '34869dcb-5421-4905-94a1-24aaccc05231', '12 Months / 20,000 Kms', 12, 20000) ON CONFLICT DO NOTHING;
INSERT INTO tiers (plan_id, min_days, max_days, price_inr, is_active) VALUES ('8575a941-c501-4ea8-84b4-fd23130d0a5e', 0, 30, 11398.8, TRUE) ON CONFLICT DO NOTHING;
INSERT INTO tiers (plan_id, min_days, max_days, price_inr, is_active) VALUES ('8575a941-c501-4ea8-84b4-fd23130d0a5e', 31, 365, 13109.8, TRUE) ON CONFLICT DO NOTHING;
INSERT INTO tiers (plan_id, min_days, max_days, price_inr, is_active) VALUES ('8575a941-c501-4ea8-84b4-fd23130d0a5e', 366, 730, 14820.8, TRUE) ON CONFLICT DO NOTHING;
INSERT INTO tiers (plan_id, min_days, max_days, price_inr, is_active) VALUES ('8575a941-c501-4ea8-84b4-fd23130d0a5e', 731, 1095, 16531.8, TRUE) ON CONFLICT DO NOTHING;
INSERT INTO plans (id, variant_id, plan_name, duration_months, max_kms) VALUES ('4fb4a1f1-6d6a-4d31-8c6f-f8a7242fcc13', '34869dcb-5421-4905-94a1-24aaccc05231', '24 Months / 40,000 Kms', 24, 40000) ON CONFLICT DO NOTHING;
INSERT INTO tiers (plan_id, min_days, max_days, price_inr, is_active) VALUES ('4fb4a1f1-6d6a-4d31-8c6f-f8a7242fcc13', 0, 30, 13286.8, TRUE) ON CONFLICT DO NOTHING;
INSERT INTO tiers (plan_id, min_days, max_days, price_inr, is_active) VALUES ('4fb4a1f1-6d6a-4d31-8c6f-f8a7242fcc13', 31, 365, 15281.0, TRUE) ON CONFLICT DO NOTHING;
INSERT INTO tiers (plan_id, min_days, max_days, price_inr, is_active) VALUES ('4fb4a1f1-6d6a-4d31-8c6f-f8a7242fcc13', 366, 730, 17275.2, TRUE) ON CONFLICT DO NOTHING;
INSERT INTO tiers (plan_id, min_days, max_days, price_inr, is_active) VALUES ('4fb4a1f1-6d6a-4d31-8c6f-f8a7242fcc13', 731, 1095, 19269.4, TRUE) ON CONFLICT DO NOTHING;
INSERT INTO plans (id, variant_id, plan_name, duration_months, max_kms) VALUES ('f71e3be4-d431-4105-aad6-5f2a97687568', '34869dcb-5421-4905-94a1-24aaccc05231', '36 Months / 60,000 Kms', 36, 60000) ON CONFLICT DO NOTHING;
INSERT INTO tiers (plan_id, min_days, max_days, price_inr, is_active) VALUES ('f71e3be4-d431-4105-aad6-5f2a97687568', 0, 30, 15174.8, TRUE) ON CONFLICT DO NOTHING;
INSERT INTO tiers (plan_id, min_days, max_days, price_inr, is_active) VALUES ('f71e3be4-d431-4105-aad6-5f2a97687568', 31, 365, 17452.2, TRUE) ON CONFLICT DO NOTHING;
INSERT INTO tiers (plan_id, min_days, max_days, price_inr, is_active) VALUES ('f71e3be4-d431-4105-aad6-5f2a97687568', 366, 730, 19729.6, TRUE) ON CONFLICT DO NOTHING;
INSERT INTO tiers (plan_id, min_days, max_days, price_inr, is_active) VALUES ('f71e3be4-d431-4105-aad6-5f2a97687568', 731, 1095, 22007.0, TRUE) ON CONFLICT DO NOTHING;
INSERT INTO variants (id, model_id, name, fuel, transmission, oem_warranty_months, oem_warranty_kms) VALUES ('b89c6949-a0d9-4afa-ac23-ffd0c8bcbeb3', 'ceaf0322-6e9a-453f-b03c-05e4e0e4d4d2', 'MARUTI VITARA BREZZA SMART HYBRID VXI 1.5L AT', 'Hybrid', 'Automatic', 36, 100000) ON CONFLICT DO NOTHING;
INSERT INTO plans (id, variant_id, plan_name, duration_months, max_kms) VALUES ('3665a090-660f-416e-9868-5a49a4a0404a', 'b89c6949-a0d9-4afa-ac23-ffd0c8bcbeb3', '12 Months / 20,000 Kms', 12, 20000) ON CONFLICT DO NOTHING;
INSERT INTO tiers (plan_id, min_days, max_days, price_inr, is_active) VALUES ('3665a090-660f-416e-9868-5a49a4a0404a', 0, 30, 15823.8, TRUE) ON CONFLICT DO NOTHING;
INSERT INTO tiers (plan_id, min_days, max_days, price_inr, is_active) VALUES ('3665a090-660f-416e-9868-5a49a4a0404a', 31, 365, 18207.4, TRUE) ON CONFLICT DO NOTHING;
INSERT INTO tiers (plan_id, min_days, max_days, price_inr, is_active) VALUES ('3665a090-660f-416e-9868-5a49a4a0404a', 366, 730, 20579.2, TRUE) ON CONFLICT DO NOTHING;
INSERT INTO tiers (plan_id, min_days, max_days, price_inr, is_active) VALUES ('3665a090-660f-416e-9868-5a49a4a0404a', 731, 1095, 22951.0, TRUE) ON CONFLICT DO NOTHING;
INSERT INTO plans (id, variant_id, plan_name, duration_months, max_kms) VALUES ('da113125-59b9-452c-ab3a-8834a2560a6a', 'b89c6949-a0d9-4afa-ac23-ffd0c8bcbeb3', '24 Months / 40,000 Kms', 24, 40000) ON CONFLICT DO NOTHING;
INSERT INTO tiers (plan_id, min_days, max_days, price_inr, is_active) VALUES ('da113125-59b9-452c-ab3a-8834a2560a6a', 0, 30, 17711.8, TRUE) ON CONFLICT DO NOTHING;
INSERT INTO tiers (plan_id, min_days, max_days, price_inr, is_active) VALUES ('da113125-59b9-452c-ab3a-8834a2560a6a', 31, 365, 20378.6, TRUE) ON CONFLICT DO NOTHING;
INSERT INTO tiers (plan_id, min_days, max_days, price_inr, is_active) VALUES ('da113125-59b9-452c-ab3a-8834a2560a6a', 366, 730, 23033.6, TRUE) ON CONFLICT DO NOTHING;
INSERT INTO tiers (plan_id, min_days, max_days, price_inr, is_active) VALUES ('da113125-59b9-452c-ab3a-8834a2560a6a', 731, 1095, 25688.6, TRUE) ON CONFLICT DO NOTHING;
INSERT INTO plans (id, variant_id, plan_name, duration_months, max_kms) VALUES ('5ba35740-86e5-426d-a405-1fe629f9f2bf', 'b89c6949-a0d9-4afa-ac23-ffd0c8bcbeb3', '36 Months / 60,000 Kms', 36, 60000) ON CONFLICT DO NOTHING;
INSERT INTO tiers (plan_id, min_days, max_days, price_inr, is_active) VALUES ('5ba35740-86e5-426d-a405-1fe629f9f2bf', 0, 30, 19599.8, TRUE) ON CONFLICT DO NOTHING;
INSERT INTO tiers (plan_id, min_days, max_days, price_inr, is_active) VALUES ('5ba35740-86e5-426d-a405-1fe629f9f2bf', 31, 365, 22549.8, TRUE) ON CONFLICT DO NOTHING;
INSERT INTO tiers (plan_id, min_days, max_days, price_inr, is_active) VALUES ('5ba35740-86e5-426d-a405-1fe629f9f2bf', 366, 730, 25488.0, TRUE) ON CONFLICT DO NOTHING;
INSERT INTO tiers (plan_id, min_days, max_days, price_inr, is_active) VALUES ('5ba35740-86e5-426d-a405-1fe629f9f2bf', 731, 1095, 28426.2, TRUE) ON CONFLICT DO NOTHING;
INSERT INTO variants (id, model_id, name, fuel, transmission, oem_warranty_months, oem_warranty_kms) VALUES ('85cf3a3c-7092-42c3-be42-f5cec068e8c9', 'ceaf0322-6e9a-453f-b03c-05e4e0e4d4d2', 'MARUTI VITARA BREZZA SMART HYBRID ZXI 1.5L AT', 'Hybrid', 'Automatic', 36, 100000) ON CONFLICT DO NOTHING;
INSERT INTO plans (id, variant_id, plan_name, duration_months, max_kms) VALUES ('4fbe0f79-62ed-4fe9-9b3f-40d485e40cc0', '85cf3a3c-7092-42c3-be42-f5cec068e8c9', '12 Months / 20,000 Kms', 12, 20000) ON CONFLICT DO NOTHING;
INSERT INTO tiers (plan_id, min_days, max_days, price_inr, is_active) VALUES ('4fbe0f79-62ed-4fe9-9b3f-40d485e40cc0', 0, 30, 17275.2, TRUE) ON CONFLICT DO NOTHING;
INSERT INTO tiers (plan_id, min_days, max_days, price_inr, is_active) VALUES ('4fbe0f79-62ed-4fe9-9b3f-40d485e40cc0', 31, 365, 19871.2, TRUE) ON CONFLICT DO NOTHING;
INSERT INTO tiers (plan_id, min_days, max_days, price_inr, is_active) VALUES ('4fbe0f79-62ed-4fe9-9b3f-40d485e40cc0', 366, 730, 22467.2, TRUE) ON CONFLICT DO NOTHING;
INSERT INTO tiers (plan_id, min_days, max_days, price_inr, is_active) VALUES ('4fbe0f79-62ed-4fe9-9b3f-40d485e40cc0', 731, 1095, 25051.4, TRUE) ON CONFLICT DO NOTHING;
INSERT INTO plans (id, variant_id, plan_name, duration_months, max_kms) VALUES ('c0b8e7be-84b9-4199-8c62-8d0e0d3db1c5', '85cf3a3c-7092-42c3-be42-f5cec068e8c9', '24 Months / 40,000 Kms', 24, 40000) ON CONFLICT DO NOTHING;
INSERT INTO tiers (plan_id, min_days, max_days, price_inr, is_active) VALUES ('c0b8e7be-84b9-4199-8c62-8d0e0d3db1c5', 0, 30, 19163.2, TRUE) ON CONFLICT DO NOTHING;
INSERT INTO tiers (plan_id, min_days, max_days, price_inr, is_active) VALUES ('c0b8e7be-84b9-4199-8c62-8d0e0d3db1c5', 31, 365, 22042.4, TRUE) ON CONFLICT DO NOTHING;
INSERT INTO tiers (plan_id, min_days, max_days, price_inr, is_active) VALUES ('c0b8e7be-84b9-4199-8c62-8d0e0d3db1c5', 366, 730, 24921.6, TRUE) ON CONFLICT DO NOTHING;
INSERT INTO tiers (plan_id, min_days, max_days, price_inr, is_active) VALUES ('c0b8e7be-84b9-4199-8c62-8d0e0d3db1c5', 731, 1095, 27789.0, TRUE) ON CONFLICT DO NOTHING;
INSERT INTO plans (id, variant_id, plan_name, duration_months, max_kms) VALUES ('bb4237a8-89bb-4edf-8447-c1e6cb90c470', '85cf3a3c-7092-42c3-be42-f5cec068e8c9', '36 Months / 60,000 Kms', 36, 60000) ON CONFLICT DO NOTHING;
INSERT INTO tiers (plan_id, min_days, max_days, price_inr, is_active) VALUES ('bb4237a8-89bb-4edf-8447-c1e6cb90c470', 0, 30, 21051.2, TRUE) ON CONFLICT DO NOTHING;
INSERT INTO tiers (plan_id, min_days, max_days, price_inr, is_active) VALUES ('bb4237a8-89bb-4edf-8447-c1e6cb90c470', 31, 365, 24213.6, TRUE) ON CONFLICT DO NOTHING;
INSERT INTO tiers (plan_id, min_days, max_days, price_inr, is_active) VALUES ('bb4237a8-89bb-4edf-8447-c1e6cb90c470', 366, 730, 27376.0, TRUE) ON CONFLICT DO NOTHING;
INSERT INTO tiers (plan_id, min_days, max_days, price_inr, is_active) VALUES ('bb4237a8-89bb-4edf-8447-c1e6cb90c470', 731, 1095, 30526.6, TRUE) ON CONFLICT DO NOTHING;
INSERT INTO variants (id, model_id, name, fuel, transmission, oem_warranty_months, oem_warranty_kms) VALUES ('b76cae2f-2802-4823-a5b4-f1c9328c0616', 'ceaf0322-6e9a-453f-b03c-05e4e0e4d4d2', 'MARUTI VITARA BREZZA SMART HYBRID ZXI+ 1.5L AT', 'Hybrid', 'Automatic', 36, 100000) ON CONFLICT DO NOTHING;
INSERT INTO plans (id, variant_id, plan_name, duration_months, max_kms) VALUES ('99aad1af-f451-4b0d-a411-4d9bb1f4622e', 'b76cae2f-2802-4823-a5b4-f1c9328c0616', '12 Months / 20,000 Kms', 12, 20000) ON CONFLICT DO NOTHING;
INSERT INTO tiers (plan_id, min_days, max_days, price_inr, is_active) VALUES ('99aad1af-f451-4b0d-a411-4d9bb1f4622e', 0, 30, 18467.0, TRUE) ON CONFLICT DO NOTHING;
INSERT INTO tiers (plan_id, min_days, max_days, price_inr, is_active) VALUES ('99aad1af-f451-4b0d-a411-4d9bb1f4622e', 31, 365, 21240.0, TRUE) ON CONFLICT DO NOTHING;
INSERT INTO tiers (plan_id, min_days, max_days, price_inr, is_active) VALUES ('99aad1af-f451-4b0d-a411-4d9bb1f4622e', 366, 730, 24013.0, TRUE) ON CONFLICT DO NOTHING;
INSERT INTO tiers (plan_id, min_days, max_days, price_inr, is_active) VALUES ('99aad1af-f451-4b0d-a411-4d9bb1f4622e', 731, 1095, 26786.0, TRUE) ON CONFLICT DO NOTHING;
INSERT INTO plans (id, variant_id, plan_name, duration_months, max_kms) VALUES ('0facf07a-2ce2-4a40-8cb4-7b153169b649', 'b76cae2f-2802-4823-a5b4-f1c9328c0616', '24 Months / 40,000 Kms', 24, 40000) ON CONFLICT DO NOTHING;
INSERT INTO tiers (plan_id, min_days, max_days, price_inr, is_active) VALUES ('0facf07a-2ce2-4a40-8cb4-7b153169b649', 0, 30, 20355.0, TRUE) ON CONFLICT DO NOTHING;
INSERT INTO tiers (plan_id, min_days, max_days, price_inr, is_active) VALUES ('0facf07a-2ce2-4a40-8cb4-7b153169b649', 31, 365, 23411.2, TRUE) ON CONFLICT DO NOTHING;
INSERT INTO tiers (plan_id, min_days, max_days, price_inr, is_active) VALUES ('0facf07a-2ce2-4a40-8cb4-7b153169b649', 366, 730, 26467.4, TRUE) ON CONFLICT DO NOTHING;
INSERT INTO tiers (plan_id, min_days, max_days, price_inr, is_active) VALUES ('0facf07a-2ce2-4a40-8cb4-7b153169b649', 731, 1095, 29523.6, TRUE) ON CONFLICT DO NOTHING;
INSERT INTO plans (id, variant_id, plan_name, duration_months, max_kms) VALUES ('f5be7927-04fe-40b4-ac12-673062b5cf82', 'b76cae2f-2802-4823-a5b4-f1c9328c0616', '36 Months / 60,000 Kms', 36, 60000) ON CONFLICT DO NOTHING;
INSERT INTO tiers (plan_id, min_days, max_days, price_inr, is_active) VALUES ('f5be7927-04fe-40b4-ac12-673062b5cf82', 0, 30, 22243.0, TRUE) ON CONFLICT DO NOTHING;
INSERT INTO tiers (plan_id, min_days, max_days, price_inr, is_active) VALUES ('f5be7927-04fe-40b4-ac12-673062b5cf82', 31, 365, 25582.4, TRUE) ON CONFLICT DO NOTHING;
INSERT INTO tiers (plan_id, min_days, max_days, price_inr, is_active) VALUES ('f5be7927-04fe-40b4-ac12-673062b5cf82', 366, 730, 28921.8, TRUE) ON CONFLICT DO NOTHING;
INSERT INTO tiers (plan_id, min_days, max_days, price_inr, is_active) VALUES ('f5be7927-04fe-40b4-ac12-673062b5cf82', 731, 1095, 32261.2, TRUE) ON CONFLICT DO NOTHING;
INSERT INTO variants (id, model_id, name, fuel, transmission, oem_warranty_months, oem_warranty_kms) VALUES ('c4f54ab6-ea55-4bb8-85f2-fde3edd33457', 'ceaf0322-6e9a-453f-b03c-05e4e0e4d4d2', 'MARUTI VITARA BREZZA VXI 1.5L 5MT', 'Petrol', 'Manual', 36, 100000) ON CONFLICT DO NOTHING;
INSERT INTO plans (id, variant_id, plan_name, duration_months, max_kms) VALUES ('e5dc0cb2-bc5f-457a-89fe-c8cc8f28c91f', 'c4f54ab6-ea55-4bb8-85f2-fde3edd33457', '12 Months / 20,000 Kms', 12, 20000) ON CONFLICT DO NOTHING;
INSERT INTO tiers (plan_id, min_days, max_days, price_inr, is_active) VALUES ('e5dc0cb2-bc5f-457a-89fe-c8cc8f28c91f', 0, 30, 13499.2, TRUE) ON CONFLICT DO NOTHING;
INSERT INTO tiers (plan_id, min_days, max_days, price_inr, is_active) VALUES ('e5dc0cb2-bc5f-457a-89fe-c8cc8f28c91f', 31, 365, 15528.8, TRUE) ON CONFLICT DO NOTHING;
INSERT INTO tiers (plan_id, min_days, max_days, price_inr, is_active) VALUES ('e5dc0cb2-bc5f-457a-89fe-c8cc8f28c91f', 366, 730, 17558.4, TRUE) ON CONFLICT DO NOTHING;
INSERT INTO tiers (plan_id, min_days, max_days, price_inr, is_active) VALUES ('e5dc0cb2-bc5f-457a-89fe-c8cc8f28c91f', 731, 1095, 19576.2, TRUE) ON CONFLICT DO NOTHING;
INSERT INTO plans (id, variant_id, plan_name, duration_months, max_kms) VALUES ('d92f0a60-52b8-4c73-8360-6ecee32db488', 'c4f54ab6-ea55-4bb8-85f2-fde3edd33457', '24 Months / 40,000 Kms', 24, 40000) ON CONFLICT DO NOTHING;
INSERT INTO tiers (plan_id, min_days, max_days, price_inr, is_active) VALUES ('d92f0a60-52b8-4c73-8360-6ecee32db488', 0, 30, 15387.2, TRUE) ON CONFLICT DO NOTHING;
INSERT INTO tiers (plan_id, min_days, max_days, price_inr, is_active) VALUES ('d92f0a60-52b8-4c73-8360-6ecee32db488', 31, 365, 17700.0, TRUE) ON CONFLICT DO NOTHING;
INSERT INTO tiers (plan_id, min_days, max_days, price_inr, is_active) VALUES ('d92f0a60-52b8-4c73-8360-6ecee32db488', 366, 730, 20012.8, TRUE) ON CONFLICT DO NOTHING;
INSERT INTO tiers (plan_id, min_days, max_days, price_inr, is_active) VALUES ('d92f0a60-52b8-4c73-8360-6ecee32db488', 731, 1095, 22313.8, TRUE) ON CONFLICT DO NOTHING;
INSERT INTO plans (id, variant_id, plan_name, duration_months, max_kms) VALUES ('ea69f55c-0dca-495a-a4c3-1c7bf67df17c', 'c4f54ab6-ea55-4bb8-85f2-fde3edd33457', '36 Months / 60,000 Kms', 36, 60000) ON CONFLICT DO NOTHING;
INSERT INTO tiers (plan_id, min_days, max_days, price_inr, is_active) VALUES ('ea69f55c-0dca-495a-a4c3-1c7bf67df17c', 0, 30, 17275.2, TRUE) ON CONFLICT DO NOTHING;
INSERT INTO tiers (plan_id, min_days, max_days, price_inr, is_active) VALUES ('ea69f55c-0dca-495a-a4c3-1c7bf67df17c', 31, 365, 19871.2, TRUE) ON CONFLICT DO NOTHING;
INSERT INTO tiers (plan_id, min_days, max_days, price_inr, is_active) VALUES ('ea69f55c-0dca-495a-a4c3-1c7bf67df17c', 366, 730, 22467.2, TRUE) ON CONFLICT DO NOTHING;
INSERT INTO tiers (plan_id, min_days, max_days, price_inr, is_active) VALUES ('ea69f55c-0dca-495a-a4c3-1c7bf67df17c', 731, 1095, 25051.4, TRUE) ON CONFLICT DO NOTHING;
INSERT INTO variants (id, model_id, name, fuel, transmission, oem_warranty_months, oem_warranty_kms) VALUES ('3ef4a881-484b-407b-9d12-4621e540d1b4', 'ceaf0322-6e9a-453f-b03c-05e4e0e4d4d2', 'MARUTI VITARA BREZZA ZXI 1.5L 5MT', 'Petrol', 'Manual', 36, 100000) ON CONFLICT DO NOTHING;
INSERT INTO plans (id, variant_id, plan_name, duration_months, max_kms) VALUES ('6e0c2dd7-ad60-4cd8-85a8-b37486c07b9c', '3ef4a881-484b-407b-9d12-4621e540d1b4', '12 Months / 20,000 Kms', 12, 20000) ON CONFLICT DO NOTHING;
INSERT INTO tiers (plan_id, min_days, max_days, price_inr, is_active) VALUES ('6e0c2dd7-ad60-4cd8-85a8-b37486c07b9c', 0, 30, 14950.6, TRUE) ON CONFLICT DO NOTHING;
INSERT INTO tiers (plan_id, min_days, max_days, price_inr, is_active) VALUES ('6e0c2dd7-ad60-4cd8-85a8-b37486c07b9c', 31, 365, 17204.4, TRUE) ON CONFLICT DO NOTHING;
INSERT INTO tiers (plan_id, min_days, max_days, price_inr, is_active) VALUES ('6e0c2dd7-ad60-4cd8-85a8-b37486c07b9c', 366, 730, 19446.4, TRUE) ON CONFLICT DO NOTHING;
INSERT INTO tiers (plan_id, min_days, max_days, price_inr, is_active) VALUES ('6e0c2dd7-ad60-4cd8-85a8-b37486c07b9c', 731, 1095, 21688.4, TRUE) ON CONFLICT DO NOTHING;
INSERT INTO plans (id, variant_id, plan_name, duration_months, max_kms) VALUES ('a79b8382-881d-43a4-b715-bb9c2ebb6219', '3ef4a881-484b-407b-9d12-4621e540d1b4', '24 Months / 40,000 Kms', 24, 40000) ON CONFLICT DO NOTHING;
INSERT INTO tiers (plan_id, min_days, max_days, price_inr, is_active) VALUES ('a79b8382-881d-43a4-b715-bb9c2ebb6219', 0, 30, 16838.6, TRUE) ON CONFLICT DO NOTHING;
INSERT INTO tiers (plan_id, min_days, max_days, price_inr, is_active) VALUES ('a79b8382-881d-43a4-b715-bb9c2ebb6219', 31, 365, 19375.6, TRUE) ON CONFLICT DO NOTHING;
INSERT INTO tiers (plan_id, min_days, max_days, price_inr, is_active) VALUES ('a79b8382-881d-43a4-b715-bb9c2ebb6219', 366, 730, 21900.8, TRUE) ON CONFLICT DO NOTHING;
INSERT INTO tiers (plan_id, min_days, max_days, price_inr, is_active) VALUES ('a79b8382-881d-43a4-b715-bb9c2ebb6219', 731, 1095, 24426.0, TRUE) ON CONFLICT DO NOTHING;
INSERT INTO plans (id, variant_id, plan_name, duration_months, max_kms) VALUES ('4a60a0ba-d6a0-45b0-9ce9-d4fddf91158b', '3ef4a881-484b-407b-9d12-4621e540d1b4', '36 Months / 60,000 Kms', 36, 60000) ON CONFLICT DO NOTHING;
INSERT INTO tiers (plan_id, min_days, max_days, price_inr, is_active) VALUES ('4a60a0ba-d6a0-45b0-9ce9-d4fddf91158b', 0, 30, 18726.6, TRUE) ON CONFLICT DO NOTHING;
INSERT INTO tiers (plan_id, min_days, max_days, price_inr, is_active) VALUES ('4a60a0ba-d6a0-45b0-9ce9-d4fddf91158b', 31, 365, 21546.8, TRUE) ON CONFLICT DO NOTHING;
INSERT INTO tiers (plan_id, min_days, max_days, price_inr, is_active) VALUES ('4a60a0ba-d6a0-45b0-9ce9-d4fddf91158b', 366, 730, 24355.2, TRUE) ON CONFLICT DO NOTHING;
INSERT INTO tiers (plan_id, min_days, max_days, price_inr, is_active) VALUES ('4a60a0ba-d6a0-45b0-9ce9-d4fddf91158b', 731, 1095, 27163.6, TRUE) ON CONFLICT DO NOTHING;
INSERT INTO variants (id, model_id, name, fuel, transmission, oem_warranty_months, oem_warranty_kms) VALUES ('d9fa0fe7-e472-4617-a910-e46b646ab0f7', 'ceaf0322-6e9a-453f-b03c-05e4e0e4d4d2', 'MARUTI VITARA BREZZA ZXI+ 1.5L 5MT', 'Petrol', 'Manual', 36, 100000) ON CONFLICT DO NOTHING;
INSERT INTO plans (id, variant_id, plan_name, duration_months, max_kms) VALUES ('dbacdfd2-f232-4234-b22c-92a2c9be461a', 'd9fa0fe7-e472-4617-a910-e46b646ab0f7', '12 Months / 20,000 Kms', 12, 20000) ON CONFLICT DO NOTHING;
INSERT INTO tiers (plan_id, min_days, max_days, price_inr, is_active) VALUES ('dbacdfd2-f232-4234-b22c-92a2c9be461a', 0, 30, 15847.4, TRUE) ON CONFLICT DO NOTHING;
INSERT INTO tiers (plan_id, min_days, max_days, price_inr, is_active) VALUES ('dbacdfd2-f232-4234-b22c-92a2c9be461a', 31, 365, 18231.0, TRUE) ON CONFLICT DO NOTHING;
INSERT INTO tiers (plan_id, min_days, max_days, price_inr, is_active) VALUES ('dbacdfd2-f232-4234-b22c-92a2c9be461a', 366, 730, 20602.8, TRUE) ON CONFLICT DO NOTHING;
INSERT INTO tiers (plan_id, min_days, max_days, price_inr, is_active) VALUES ('dbacdfd2-f232-4234-b22c-92a2c9be461a', 731, 1095, 22986.4, TRUE) ON CONFLICT DO NOTHING;
INSERT INTO plans (id, variant_id, plan_name, duration_months, max_kms) VALUES ('950931f5-f3da-4e49-b18f-8111688ee8e5', 'd9fa0fe7-e472-4617-a910-e46b646ab0f7', '24 Months / 40,000 Kms', 24, 40000) ON CONFLICT DO NOTHING;
INSERT INTO tiers (plan_id, min_days, max_days, price_inr, is_active) VALUES ('950931f5-f3da-4e49-b18f-8111688ee8e5', 0, 30, 17735.4, TRUE) ON CONFLICT DO NOTHING;
INSERT INTO tiers (plan_id, min_days, max_days, price_inr, is_active) VALUES ('950931f5-f3da-4e49-b18f-8111688ee8e5', 31, 365, 20402.2, TRUE) ON CONFLICT DO NOTHING;
INSERT INTO tiers (plan_id, min_days, max_days, price_inr, is_active) VALUES ('950931f5-f3da-4e49-b18f-8111688ee8e5', 366, 730, 23057.2, TRUE) ON CONFLICT DO NOTHING;
INSERT INTO tiers (plan_id, min_days, max_days, price_inr, is_active) VALUES ('950931f5-f3da-4e49-b18f-8111688ee8e5', 731, 1095, 25724.0, TRUE) ON CONFLICT DO NOTHING;
INSERT INTO plans (id, variant_id, plan_name, duration_months, max_kms) VALUES ('c0b4187c-bba2-4b5f-9d69-571e31c93bb8', 'd9fa0fe7-e472-4617-a910-e46b646ab0f7', '36 Months / 60,000 Kms', 36, 60000) ON CONFLICT DO NOTHING;
INSERT INTO tiers (plan_id, min_days, max_days, price_inr, is_active) VALUES ('c0b4187c-bba2-4b5f-9d69-571e31c93bb8', 0, 30, 19623.4, TRUE) ON CONFLICT DO NOTHING;
INSERT INTO tiers (plan_id, min_days, max_days, price_inr, is_active) VALUES ('c0b4187c-bba2-4b5f-9d69-571e31c93bb8', 31, 365, 22573.4, TRUE) ON CONFLICT DO NOTHING;
INSERT INTO tiers (plan_id, min_days, max_days, price_inr, is_active) VALUES ('c0b4187c-bba2-4b5f-9d69-571e31c93bb8', 366, 730, 25511.6, TRUE) ON CONFLICT DO NOTHING;
INSERT INTO tiers (plan_id, min_days, max_days, price_inr, is_active) VALUES ('c0b4187c-bba2-4b5f-9d69-571e31c93bb8', 731, 1095, 28461.6, TRUE) ON CONFLICT DO NOTHING;
INSERT INTO models (id, brand_id, name) VALUES ('d4ba1065-95e7-4bf2-a0b7-0efa8387ddcd', 'b1e782a2-c0d1-4b20-ae57-becb98f3ab90', 'WagonR') ON CONFLICT DO NOTHING;
INSERT INTO variants (id, model_id, name, fuel, transmission, oem_warranty_months, oem_warranty_kms) VALUES ('99251df9-1a75-445f-a569-7a0c0c41bd0a', 'd4ba1065-95e7-4bf2-a0b7-0efa8387ddcd', 'MARUTI WAGON R LXI (O) 1L 5MT', 'Petrol', 'Manual', 36, 100000) ON CONFLICT DO NOTHING;
INSERT INTO plans (id, variant_id, plan_name, duration_months, max_kms) VALUES ('68b77dcc-6cd9-4e95-b5ab-9b21526d3102', '99251df9-1a75-445f-a569-7a0c0c41bd0a', '12 Months / 20,000 Kms', 12, 20000) ON CONFLICT DO NOTHING;
INSERT INTO tiers (plan_id, min_days, max_days, price_inr, is_active) VALUES ('68b77dcc-6cd9-4e95-b5ab-9b21526d3102', 0, 30, 6773.2, TRUE) ON CONFLICT DO NOTHING;
INSERT INTO tiers (plan_id, min_days, max_days, price_inr, is_active) VALUES ('68b77dcc-6cd9-4e95-b5ab-9b21526d3102', 31, 365, 7799.8, TRUE) ON CONFLICT DO NOTHING;
INSERT INTO tiers (plan_id, min_days, max_days, price_inr, is_active) VALUES ('68b77dcc-6cd9-4e95-b5ab-9b21526d3102', 366, 730, 8814.6, TRUE) ON CONFLICT DO NOTHING;
INSERT INTO tiers (plan_id, min_days, max_days, price_inr, is_active) VALUES ('68b77dcc-6cd9-4e95-b5ab-9b21526d3102', 731, 1095, 9829.4, TRUE) ON CONFLICT DO NOTHING;
INSERT INTO plans (id, variant_id, plan_name, duration_months, max_kms) VALUES ('64e918f4-220b-44f2-8766-b00a34c7df81', '99251df9-1a75-445f-a569-7a0c0c41bd0a', '24 Months / 40,000 Kms', 24, 40000) ON CONFLICT DO NOTHING;
INSERT INTO tiers (plan_id, min_days, max_days, price_inr, is_active) VALUES ('64e918f4-220b-44f2-8766-b00a34c7df81', 0, 30, 8071.2, TRUE) ON CONFLICT DO NOTHING;
INSERT INTO tiers (plan_id, min_days, max_days, price_inr, is_active) VALUES ('64e918f4-220b-44f2-8766-b00a34c7df81', 31, 365, 9286.6, TRUE) ON CONFLICT DO NOTHING;
INSERT INTO tiers (plan_id, min_days, max_days, price_inr, is_active) VALUES ('64e918f4-220b-44f2-8766-b00a34c7df81', 366, 730, 10502.0, TRUE) ON CONFLICT DO NOTHING;
INSERT INTO tiers (plan_id, min_days, max_days, price_inr, is_active) VALUES ('64e918f4-220b-44f2-8766-b00a34c7df81', 731, 1095, 11705.6, TRUE) ON CONFLICT DO NOTHING;
INSERT INTO plans (id, variant_id, plan_name, duration_months, max_kms) VALUES ('c0c8fc96-40d8-46ae-a073-a02d786937e3', '99251df9-1a75-445f-a569-7a0c0c41bd0a', '36 Months / 60,000 Kms', 36, 60000) ON CONFLICT DO NOTHING;
INSERT INTO tiers (plan_id, min_days, max_days, price_inr, is_active) VALUES ('c0c8fc96-40d8-46ae-a073-a02d786937e3', 0, 30, 8661.2, TRUE) ON CONFLICT DO NOTHING;
INSERT INTO tiers (plan_id, min_days, max_days, price_inr, is_active) VALUES ('c0c8fc96-40d8-46ae-a073-a02d786937e3', 31, 365, 9971.0, TRUE) ON CONFLICT DO NOTHING;
INSERT INTO tiers (plan_id, min_days, max_days, price_inr, is_active) VALUES ('c0c8fc96-40d8-46ae-a073-a02d786937e3', 366, 730, 11269.0, TRUE) ON CONFLICT DO NOTHING;
INSERT INTO tiers (plan_id, min_days, max_days, price_inr, is_active) VALUES ('c0c8fc96-40d8-46ae-a073-a02d786937e3', 731, 1095, 12567.0, TRUE) ON CONFLICT DO NOTHING;
INSERT INTO variants (id, model_id, name, fuel, transmission, oem_warranty_months, oem_warranty_kms) VALUES ('6c6afbe5-ddd9-4488-baf7-e3297fe475a9', 'd4ba1065-95e7-4bf2-a0b7-0efa8387ddcd', 'MARUTI WAGON R LXI 1L 5MT', 'Petrol', 'Manual', 36, 100000) ON CONFLICT DO NOTHING;
INSERT INTO plans (id, variant_id, plan_name, duration_months, max_kms) VALUES ('da380987-0e79-41e8-96ed-73aa8bfae566', '6c6afbe5-ddd9-4488-baf7-e3297fe475a9', '12 Months / 20,000 Kms', 12, 20000) ON CONFLICT DO NOTHING;
INSERT INTO tiers (plan_id, min_days, max_days, price_inr, is_active) VALUES ('da380987-0e79-41e8-96ed-73aa8bfae566', 0, 30, 6678.8, TRUE) ON CONFLICT DO NOTHING;
INSERT INTO tiers (plan_id, min_days, max_days, price_inr, is_active) VALUES ('da380987-0e79-41e8-96ed-73aa8bfae566', 31, 365, 7681.8, TRUE) ON CONFLICT DO NOTHING;
INSERT INTO tiers (plan_id, min_days, max_days, price_inr, is_active) VALUES ('da380987-0e79-41e8-96ed-73aa8bfae566', 366, 730, 8684.8, TRUE) ON CONFLICT DO NOTHING;
INSERT INTO tiers (plan_id, min_days, max_days, price_inr, is_active) VALUES ('da380987-0e79-41e8-96ed-73aa8bfae566', 731, 1095, 9687.8, TRUE) ON CONFLICT DO NOTHING;
INSERT INTO plans (id, variant_id, plan_name, duration_months, max_kms) VALUES ('fbed80db-8e2e-4fbc-b57b-792ab12bd597', '6c6afbe5-ddd9-4488-baf7-e3297fe475a9', '24 Months / 40,000 Kms', 24, 40000) ON CONFLICT DO NOTHING;
INSERT INTO tiers (plan_id, min_days, max_days, price_inr, is_active) VALUES ('fbed80db-8e2e-4fbc-b57b-792ab12bd597', 0, 30, 7976.8, TRUE) ON CONFLICT DO NOTHING;
INSERT INTO tiers (plan_id, min_days, max_days, price_inr, is_active) VALUES ('fbed80db-8e2e-4fbc-b57b-792ab12bd597', 31, 365, 9180.4, TRUE) ON CONFLICT DO NOTHING;
INSERT INTO tiers (plan_id, min_days, max_days, price_inr, is_active) VALUES ('fbed80db-8e2e-4fbc-b57b-792ab12bd597', 366, 730, 10372.2, TRUE) ON CONFLICT DO NOTHING;
INSERT INTO tiers (plan_id, min_days, max_days, price_inr, is_active) VALUES ('fbed80db-8e2e-4fbc-b57b-792ab12bd597', 731, 1095, 11575.8, TRUE) ON CONFLICT DO NOTHING;
INSERT INTO plans (id, variant_id, plan_name, duration_months, max_kms) VALUES ('92f4bfb4-96e9-4fd7-8d5b-689dfd07f2c5', '6c6afbe5-ddd9-4488-baf7-e3297fe475a9', '36 Months / 60,000 Kms', 36, 60000) ON CONFLICT DO NOTHING;
INSERT INTO tiers (plan_id, min_days, max_days, price_inr, is_active) VALUES ('92f4bfb4-96e9-4fd7-8d5b-689dfd07f2c5', 0, 30, 8566.8, TRUE) ON CONFLICT DO NOTHING;
INSERT INTO tiers (plan_id, min_days, max_days, price_inr, is_active) VALUES ('92f4bfb4-96e9-4fd7-8d5b-689dfd07f2c5', 31, 365, 9853.0, TRUE) ON CONFLICT DO NOTHING;
INSERT INTO tiers (plan_id, min_days, max_days, price_inr, is_active) VALUES ('92f4bfb4-96e9-4fd7-8d5b-689dfd07f2c5', 366, 730, 11139.2, TRUE) ON CONFLICT DO NOTHING;
INSERT INTO tiers (plan_id, min_days, max_days, price_inr, is_active) VALUES ('92f4bfb4-96e9-4fd7-8d5b-689dfd07f2c5', 731, 1095, 12425.4, TRUE) ON CONFLICT DO NOTHING;
INSERT INTO variants (id, model_id, name, fuel, transmission, oem_warranty_months, oem_warranty_kms) VALUES ('763f9a3e-4504-4c7b-b9e2-150d92e6b3d0', 'd4ba1065-95e7-4bf2-a0b7-0efa8387ddcd', 'MARUTI WAGON R LXI 1L ISS 5MT', 'Hybrid', 'Manual', 36, 100000) ON CONFLICT DO NOTHING;
INSERT INTO plans (id, variant_id, plan_name, duration_months, max_kms) VALUES ('77d8c44c-b67c-4a6f-b95b-e6e628c56661', '763f9a3e-4504-4c7b-b9e2-150d92e6b3d0', '12 Months / 20,000 Kms', 12, 20000) ON CONFLICT DO NOTHING;
INSERT INTO tiers (plan_id, min_days, max_days, price_inr, is_active) VALUES ('77d8c44c-b67c-4a6f-b95b-e6e628c56661', 0, 30, 7280.6, TRUE) ON CONFLICT DO NOTHING;
INSERT INTO tiers (plan_id, min_days, max_days, price_inr, is_active) VALUES ('77d8c44c-b67c-4a6f-b95b-e6e628c56661', 31, 365, 8378.0, TRUE) ON CONFLICT DO NOTHING;
INSERT INTO tiers (plan_id, min_days, max_days, price_inr, is_active) VALUES ('77d8c44c-b67c-4a6f-b95b-e6e628c56661', 366, 730, 9475.4, TRUE) ON CONFLICT DO NOTHING;
INSERT INTO tiers (plan_id, min_days, max_days, price_inr, is_active) VALUES ('77d8c44c-b67c-4a6f-b95b-e6e628c56661', 731, 1095, 10561.0, TRUE) ON CONFLICT DO NOTHING;
INSERT INTO plans (id, variant_id, plan_name, duration_months, max_kms) VALUES ('a9433fab-eeff-441f-b1e4-588ff5fdc116', '763f9a3e-4504-4c7b-b9e2-150d92e6b3d0', '24 Months / 40,000 Kms', 24, 40000) ON CONFLICT DO NOTHING;
INSERT INTO tiers (plan_id, min_days, max_days, price_inr, is_active) VALUES ('a9433fab-eeff-441f-b1e4-588ff5fdc116', 0, 30, 8578.6, TRUE) ON CONFLICT DO NOTHING;
INSERT INTO tiers (plan_id, min_days, max_days, price_inr, is_active) VALUES ('a9433fab-eeff-441f-b1e4-588ff5fdc116', 31, 365, 9876.6, TRUE) ON CONFLICT DO NOTHING;
INSERT INTO tiers (plan_id, min_days, max_days, price_inr, is_active) VALUES ('a9433fab-eeff-441f-b1e4-588ff5fdc116', 366, 730, 11162.8, TRUE) ON CONFLICT DO NOTHING;
INSERT INTO tiers (plan_id, min_days, max_days, price_inr, is_active) VALUES ('a9433fab-eeff-441f-b1e4-588ff5fdc116', 731, 1095, 12449.0, TRUE) ON CONFLICT DO NOTHING;
INSERT INTO plans (id, variant_id, plan_name, duration_months, max_kms) VALUES ('623e0512-9ee5-4fc0-8480-8c9b5bd341b3', '763f9a3e-4504-4c7b-b9e2-150d92e6b3d0', '36 Months / 60,000 Kms', 36, 60000) ON CONFLICT DO NOTHING;
INSERT INTO tiers (plan_id, min_days, max_days, price_inr, is_active) VALUES ('623e0512-9ee5-4fc0-8480-8c9b5bd341b3', 0, 30, 9168.6, TRUE) ON CONFLICT DO NOTHING;
INSERT INTO tiers (plan_id, min_days, max_days, price_inr, is_active) VALUES ('623e0512-9ee5-4fc0-8480-8c9b5bd341b3', 31, 365, 10549.2, TRUE) ON CONFLICT DO NOTHING;
INSERT INTO tiers (plan_id, min_days, max_days, price_inr, is_active) VALUES ('623e0512-9ee5-4fc0-8480-8c9b5bd341b3', 366, 730, 11929.8, TRUE) ON CONFLICT DO NOTHING;
INSERT INTO tiers (plan_id, min_days, max_days, price_inr, is_active) VALUES ('623e0512-9ee5-4fc0-8480-8c9b5bd341b3', 731, 1095, 13298.6, TRUE) ON CONFLICT DO NOTHING;
INSERT INTO variants (id, model_id, name, fuel, transmission, oem_warranty_months, oem_warranty_kms) VALUES ('5344e3df-7436-48ec-a6ae-582072626ca7', 'd4ba1065-95e7-4bf2-a0b7-0efa8387ddcd', 'MARUTI WAGON R LXI CNG 1L 5MT', 'CNG', 'Manual', 36, 100000) ON CONFLICT DO NOTHING;
INSERT INTO plans (id, variant_id, plan_name, duration_months, max_kms) VALUES ('6db3bd00-1d05-4595-bb9b-db6a90cf447b', '5344e3df-7436-48ec-a6ae-582072626ca7', '12 Months / 20,000 Kms', 12, 20000) ON CONFLICT DO NOTHING;
INSERT INTO tiers (plan_id, min_days, max_days, price_inr, is_active) VALUES ('6db3bd00-1d05-4595-bb9b-db6a90cf447b', 0, 30, 8767.4, TRUE) ON CONFLICT DO NOTHING;
INSERT INTO tiers (plan_id, min_days, max_days, price_inr, is_active) VALUES ('6db3bd00-1d05-4595-bb9b-db6a90cf447b', 31, 365, 10089.0, TRUE) ON CONFLICT DO NOTHING;
INSERT INTO tiers (plan_id, min_days, max_days, price_inr, is_active) VALUES ('6db3bd00-1d05-4595-bb9b-db6a90cf447b', 366, 730, 11398.8, TRUE) ON CONFLICT DO NOTHING;
INSERT INTO tiers (plan_id, min_days, max_days, price_inr, is_active) VALUES ('6db3bd00-1d05-4595-bb9b-db6a90cf447b', 731, 1095, 12720.4, TRUE) ON CONFLICT DO NOTHING;
INSERT INTO plans (id, variant_id, plan_name, duration_months, max_kms) VALUES ('29aea5c9-1d78-4591-8ec6-82823c695ee4', '5344e3df-7436-48ec-a6ae-582072626ca7', '24 Months / 40,000 Kms', 24, 40000) ON CONFLICT DO NOTHING;
INSERT INTO tiers (plan_id, min_days, max_days, price_inr, is_active) VALUES ('29aea5c9-1d78-4591-8ec6-82823c695ee4', 0, 30, 10065.4, TRUE) ON CONFLICT DO NOTHING;
INSERT INTO tiers (plan_id, min_days, max_days, price_inr, is_active) VALUES ('29aea5c9-1d78-4591-8ec6-82823c695ee4', 31, 365, 11575.8, TRUE) ON CONFLICT DO NOTHING;
INSERT INTO tiers (plan_id, min_days, max_days, price_inr, is_active) VALUES ('29aea5c9-1d78-4591-8ec6-82823c695ee4', 366, 730, 13086.2, TRUE) ON CONFLICT DO NOTHING;
INSERT INTO tiers (plan_id, min_days, max_days, price_inr, is_active) VALUES ('29aea5c9-1d78-4591-8ec6-82823c695ee4', 731, 1095, 14596.6, TRUE) ON CONFLICT DO NOTHING;
INSERT INTO plans (id, variant_id, plan_name, duration_months, max_kms) VALUES ('446b1069-91cf-4580-844e-829aeeb85be1', '5344e3df-7436-48ec-a6ae-582072626ca7', '36 Months / 60,000 Kms', 36, 60000) ON CONFLICT DO NOTHING;
INSERT INTO tiers (plan_id, min_days, max_days, price_inr, is_active) VALUES ('446b1069-91cf-4580-844e-829aeeb85be1', 0, 30, 10655.4, TRUE) ON CONFLICT DO NOTHING;
INSERT INTO tiers (plan_id, min_days, max_days, price_inr, is_active) VALUES ('446b1069-91cf-4580-844e-829aeeb85be1', 31, 365, 12260.2, TRUE) ON CONFLICT DO NOTHING;
INSERT INTO tiers (plan_id, min_days, max_days, price_inr, is_active) VALUES ('446b1069-91cf-4580-844e-829aeeb85be1', 366, 730, 13853.2, TRUE) ON CONFLICT DO NOTHING;
INSERT INTO tiers (plan_id, min_days, max_days, price_inr, is_active) VALUES ('446b1069-91cf-4580-844e-829aeeb85be1', 731, 1095, 15458.0, TRUE) ON CONFLICT DO NOTHING;
INSERT INTO variants (id, model_id, name, fuel, transmission, oem_warranty_months, oem_warranty_kms) VALUES ('e16f932e-5562-4599-838e-4f69f7af11b5', 'd4ba1065-95e7-4bf2-a0b7-0efa8387ddcd', 'MARUTI WAGON R LXI(O) CNG 1L 5MT', 'CNG', 'Manual', 36, 100000) ON CONFLICT DO NOTHING;
INSERT INTO plans (id, variant_id, plan_name, duration_months, max_kms) VALUES ('b43199ed-750c-4844-9eda-b1789bc8f3a4', 'e16f932e-5562-4599-838e-4f69f7af11b5', '12 Months / 20,000 Kms', 12, 20000) ON CONFLICT DO NOTHING;
INSERT INTO tiers (plan_id, min_days, max_days, price_inr, is_active) VALUES ('b43199ed-750c-4844-9eda-b1789bc8f3a4', 0, 30, 8342.6, TRUE) ON CONFLICT DO NOTHING;
INSERT INTO tiers (plan_id, min_days, max_days, price_inr, is_active) VALUES ('b43199ed-750c-4844-9eda-b1789bc8f3a4', 31, 365, 9605.2, TRUE) ON CONFLICT DO NOTHING;
INSERT INTO tiers (plan_id, min_days, max_days, price_inr, is_active) VALUES ('b43199ed-750c-4844-9eda-b1789bc8f3a4', 366, 730, 10856.0, TRUE) ON CONFLICT DO NOTHING;
INSERT INTO tiers (plan_id, min_days, max_days, price_inr, is_active) VALUES ('b43199ed-750c-4844-9eda-b1789bc8f3a4', 731, 1095, 12106.8, TRUE) ON CONFLICT DO NOTHING;
INSERT INTO plans (id, variant_id, plan_name, duration_months, max_kms) VALUES ('ae60aab4-4ea5-4bb7-bc7c-48d58473886d', 'e16f932e-5562-4599-838e-4f69f7af11b5', '24 Months / 40,000 Kms', 24, 40000) ON CONFLICT DO NOTHING;
INSERT INTO tiers (plan_id, min_days, max_days, price_inr, is_active) VALUES ('ae60aab4-4ea5-4bb7-bc7c-48d58473886d', 0, 30, 9640.6, TRUE) ON CONFLICT DO NOTHING;
INSERT INTO tiers (plan_id, min_days, max_days, price_inr, is_active) VALUES ('ae60aab4-4ea5-4bb7-bc7c-48d58473886d', 31, 365, 11092.0, TRUE) ON CONFLICT DO NOTHING;
INSERT INTO tiers (plan_id, min_days, max_days, price_inr, is_active) VALUES ('ae60aab4-4ea5-4bb7-bc7c-48d58473886d', 366, 730, 12543.4, TRUE) ON CONFLICT DO NOTHING;
INSERT INTO tiers (plan_id, min_days, max_days, price_inr, is_active) VALUES ('ae60aab4-4ea5-4bb7-bc7c-48d58473886d', 731, 1095, 13983.0, TRUE) ON CONFLICT DO NOTHING;
INSERT INTO plans (id, variant_id, plan_name, duration_months, max_kms) VALUES ('1149dcb9-5637-43c5-b9ee-69d1cfcc60f8', 'e16f932e-5562-4599-838e-4f69f7af11b5', '36 Months / 60,000 Kms', 36, 60000) ON CONFLICT DO NOTHING;
INSERT INTO tiers (plan_id, min_days, max_days, price_inr, is_active) VALUES ('1149dcb9-5637-43c5-b9ee-69d1cfcc60f8', 0, 30, 10230.6, TRUE) ON CONFLICT DO NOTHING;
INSERT INTO tiers (plan_id, min_days, max_days, price_inr, is_active) VALUES ('1149dcb9-5637-43c5-b9ee-69d1cfcc60f8', 31, 365, 11776.4, TRUE) ON CONFLICT DO NOTHING;
INSERT INTO tiers (plan_id, min_days, max_days, price_inr, is_active) VALUES ('1149dcb9-5637-43c5-b9ee-69d1cfcc60f8', 366, 730, 13310.4, TRUE) ON CONFLICT DO NOTHING;
INSERT INTO tiers (plan_id, min_days, max_days, price_inr, is_active) VALUES ('1149dcb9-5637-43c5-b9ee-69d1cfcc60f8', 731, 1095, 14844.4, TRUE) ON CONFLICT DO NOTHING;
INSERT INTO variants (id, model_id, name, fuel, transmission, oem_warranty_months, oem_warranty_kms) VALUES ('21dc52b6-a6be-4391-a5a8-c748f285bd38', 'd4ba1065-95e7-4bf2-a0b7-0efa8387ddcd', 'MARUTI WAGON R VXI (O) 1L 5MT', 'Petrol', 'Manual', 36, 100000) ON CONFLICT DO NOTHING;
INSERT INTO plans (id, variant_id, plan_name, duration_months, max_kms) VALUES ('1b4876c9-1886-4dd9-ad94-8cbbdab5cda8', '21dc52b6-a6be-4391-a5a8-c748f285bd38', '12 Months / 20,000 Kms', 12, 20000) ON CONFLICT DO NOTHING;
INSERT INTO tiers (plan_id, min_days, max_days, price_inr, is_active) VALUES ('1b4876c9-1886-4dd9-ad94-8cbbdab5cda8', 0, 30, 7327.8, TRUE) ON CONFLICT DO NOTHING;
INSERT INTO tiers (plan_id, min_days, max_days, price_inr, is_active) VALUES ('1b4876c9-1886-4dd9-ad94-8cbbdab5cda8', 31, 365, 8437.0, TRUE) ON CONFLICT DO NOTHING;
INSERT INTO tiers (plan_id, min_days, max_days, price_inr, is_active) VALUES ('1b4876c9-1886-4dd9-ad94-8cbbdab5cda8', 366, 730, 9534.4, TRUE) ON CONFLICT DO NOTHING;
INSERT INTO tiers (plan_id, min_days, max_days, price_inr, is_active) VALUES ('1b4876c9-1886-4dd9-ad94-8cbbdab5cda8', 731, 1095, 10631.8, TRUE) ON CONFLICT DO NOTHING;
INSERT INTO plans (id, variant_id, plan_name, duration_months, max_kms) VALUES ('c64dbb73-f237-47b9-9547-91966e092efa', '21dc52b6-a6be-4391-a5a8-c748f285bd38', '24 Months / 40,000 Kms', 24, 40000) ON CONFLICT DO NOTHING;
INSERT INTO tiers (plan_id, min_days, max_days, price_inr, is_active) VALUES ('c64dbb73-f237-47b9-9547-91966e092efa', 0, 30, 8625.8, TRUE) ON CONFLICT DO NOTHING;
INSERT INTO tiers (plan_id, min_days, max_days, price_inr, is_active) VALUES ('c64dbb73-f237-47b9-9547-91966e092efa', 31, 365, 9923.8, TRUE) ON CONFLICT DO NOTHING;
INSERT INTO tiers (plan_id, min_days, max_days, price_inr, is_active) VALUES ('c64dbb73-f237-47b9-9547-91966e092efa', 366, 730, 11221.8, TRUE) ON CONFLICT DO NOTHING;
INSERT INTO tiers (plan_id, min_days, max_days, price_inr, is_active) VALUES ('c64dbb73-f237-47b9-9547-91966e092efa', 731, 1095, 12508.0, TRUE) ON CONFLICT DO NOTHING;
INSERT INTO plans (id, variant_id, plan_name, duration_months, max_kms) VALUES ('db8dd300-aacb-4bb0-a6c5-53b8f5900dcb', '21dc52b6-a6be-4391-a5a8-c748f285bd38', '36 Months / 60,000 Kms', 36, 60000) ON CONFLICT DO NOTHING;
INSERT INTO tiers (plan_id, min_days, max_days, price_inr, is_active) VALUES ('db8dd300-aacb-4bb0-a6c5-53b8f5900dcb', 0, 30, 9215.8, TRUE) ON CONFLICT DO NOTHING;
INSERT INTO tiers (plan_id, min_days, max_days, price_inr, is_active) VALUES ('db8dd300-aacb-4bb0-a6c5-53b8f5900dcb', 31, 365, 10608.2, TRUE) ON CONFLICT DO NOTHING;
INSERT INTO tiers (plan_id, min_days, max_days, price_inr, is_active) VALUES ('db8dd300-aacb-4bb0-a6c5-53b8f5900dcb', 366, 730, 11988.8, TRUE) ON CONFLICT DO NOTHING;
INSERT INTO tiers (plan_id, min_days, max_days, price_inr, is_active) VALUES ('db8dd300-aacb-4bb0-a6c5-53b8f5900dcb', 731, 1095, 13369.4, TRUE) ON CONFLICT DO NOTHING;
INSERT INTO variants (id, model_id, name, fuel, transmission, oem_warranty_months, oem_warranty_kms) VALUES ('49f1e30e-05c3-4e44-818b-44c9aa2641e5', 'd4ba1065-95e7-4bf2-a0b7-0efa8387ddcd', 'MARUTI WAGON R VXI (O) 1L AGS', 'Petrol', 'Automatic', 36, 100000) ON CONFLICT DO NOTHING;
INSERT INTO plans (id, variant_id, plan_name, duration_months, max_kms) VALUES ('bd2e4d85-c63d-4163-bdc5-e756cf6775ad', '49f1e30e-05c3-4e44-818b-44c9aa2641e5', '12 Months / 20,000 Kms', 12, 20000) ON CONFLICT DO NOTHING;
INSERT INTO tiers (plan_id, min_days, max_days, price_inr, is_active) VALUES ('bd2e4d85-c63d-4163-bdc5-e756cf6775ad', 0, 30, 8153.8, TRUE) ON CONFLICT DO NOTHING;
INSERT INTO tiers (plan_id, min_days, max_days, price_inr, is_active) VALUES ('bd2e4d85-c63d-4163-bdc5-e756cf6775ad', 31, 365, 9381.0, TRUE) ON CONFLICT DO NOTHING;
INSERT INTO tiers (plan_id, min_days, max_days, price_inr, is_active) VALUES ('bd2e4d85-c63d-4163-bdc5-e756cf6775ad', 366, 730, 10608.2, TRUE) ON CONFLICT DO NOTHING;
INSERT INTO tiers (plan_id, min_days, max_days, price_inr, is_active) VALUES ('bd2e4d85-c63d-4163-bdc5-e756cf6775ad', 731, 1095, 11823.6, TRUE) ON CONFLICT DO NOTHING;
INSERT INTO plans (id, variant_id, plan_name, duration_months, max_kms) VALUES ('9c7818f9-6ba7-401f-b7c1-5b8b5f2dc88c', '49f1e30e-05c3-4e44-818b-44c9aa2641e5', '24 Months / 40,000 Kms', 24, 40000) ON CONFLICT DO NOTHING;
INSERT INTO tiers (plan_id, min_days, max_days, price_inr, is_active) VALUES ('9c7818f9-6ba7-401f-b7c1-5b8b5f2dc88c', 0, 30, 9451.8, TRUE) ON CONFLICT DO NOTHING;
INSERT INTO tiers (plan_id, min_days, max_days, price_inr, is_active) VALUES ('9c7818f9-6ba7-401f-b7c1-5b8b5f2dc88c', 31, 365, 10879.6, TRUE) ON CONFLICT DO NOTHING;
INSERT INTO tiers (plan_id, min_days, max_days, price_inr, is_active) VALUES ('9c7818f9-6ba7-401f-b7c1-5b8b5f2dc88c', 366, 730, 12295.6, TRUE) ON CONFLICT DO NOTHING;
INSERT INTO tiers (plan_id, min_days, max_days, price_inr, is_active) VALUES ('9c7818f9-6ba7-401f-b7c1-5b8b5f2dc88c', 731, 1095, 13711.6, TRUE) ON CONFLICT DO NOTHING;
INSERT INTO plans (id, variant_id, plan_name, duration_months, max_kms) VALUES ('6450a544-f9b6-4998-9861-f3d2e7fac824', '49f1e30e-05c3-4e44-818b-44c9aa2641e5', '36 Months / 60,000 Kms', 36, 60000) ON CONFLICT DO NOTHING;
INSERT INTO tiers (plan_id, min_days, max_days, price_inr, is_active) VALUES ('6450a544-f9b6-4998-9861-f3d2e7fac824', 0, 30, 10041.8, TRUE) ON CONFLICT DO NOTHING;
INSERT INTO tiers (plan_id, min_days, max_days, price_inr, is_active) VALUES ('6450a544-f9b6-4998-9861-f3d2e7fac824', 31, 365, 11552.2, TRUE) ON CONFLICT DO NOTHING;
INSERT INTO tiers (plan_id, min_days, max_days, price_inr, is_active) VALUES ('6450a544-f9b6-4998-9861-f3d2e7fac824', 366, 730, 13062.6, TRUE) ON CONFLICT DO NOTHING;
INSERT INTO tiers (plan_id, min_days, max_days, price_inr, is_active) VALUES ('6450a544-f9b6-4998-9861-f3d2e7fac824', 731, 1095, 14561.2, TRUE) ON CONFLICT DO NOTHING;
INSERT INTO variants (id, model_id, name, fuel, transmission, oem_warranty_months, oem_warranty_kms) VALUES ('e95241b7-c07f-49ae-a933-11f650fab70c', 'd4ba1065-95e7-4bf2-a0b7-0efa8387ddcd', 'MARUTI WAGON R VXI 1L 5MT', 'Petrol', 'Manual', 36, 100000) ON CONFLICT DO NOTHING;
INSERT INTO plans (id, variant_id, plan_name, duration_months, max_kms) VALUES ('8f4b90d2-ac91-475a-bbcb-cf1bca24e688', 'e95241b7-c07f-49ae-a933-11f650fab70c', '12 Months / 20,000 Kms', 12, 20000) ON CONFLICT DO NOTHING;
INSERT INTO tiers (plan_id, min_days, max_days, price_inr, is_active) VALUES ('8f4b90d2-ac91-475a-bbcb-cf1bca24e688', 0, 30, 7209.8, TRUE) ON CONFLICT DO NOTHING;
INSERT INTO tiers (plan_id, min_days, max_days, price_inr, is_active) VALUES ('8f4b90d2-ac91-475a-bbcb-cf1bca24e688', 31, 365, 8295.4, TRUE) ON CONFLICT DO NOTHING;
INSERT INTO tiers (plan_id, min_days, max_days, price_inr, is_active) VALUES ('8f4b90d2-ac91-475a-bbcb-cf1bca24e688', 366, 730, 9381.0, TRUE) ON CONFLICT DO NOTHING;
INSERT INTO tiers (plan_id, min_days, max_days, price_inr, is_active) VALUES ('8f4b90d2-ac91-475a-bbcb-cf1bca24e688', 731, 1095, 10454.8, TRUE) ON CONFLICT DO NOTHING;
INSERT INTO plans (id, variant_id, plan_name, duration_months, max_kms) VALUES ('4250e369-0446-4bbf-bded-cf93fa37d276', 'e95241b7-c07f-49ae-a933-11f650fab70c', '24 Months / 40,000 Kms', 24, 40000) ON CONFLICT DO NOTHING;
INSERT INTO tiers (plan_id, min_days, max_days, price_inr, is_active) VALUES ('4250e369-0446-4bbf-bded-cf93fa37d276', 0, 30, 8507.8, TRUE) ON CONFLICT DO NOTHING;
INSERT INTO tiers (plan_id, min_days, max_days, price_inr, is_active) VALUES ('4250e369-0446-4bbf-bded-cf93fa37d276', 31, 365, 9794.0, TRUE) ON CONFLICT DO NOTHING;
INSERT INTO tiers (plan_id, min_days, max_days, price_inr, is_active) VALUES ('4250e369-0446-4bbf-bded-cf93fa37d276', 366, 730, 11068.4, TRUE) ON CONFLICT DO NOTHING;
INSERT INTO tiers (plan_id, min_days, max_days, price_inr, is_active) VALUES ('4250e369-0446-4bbf-bded-cf93fa37d276', 731, 1095, 12342.8, TRUE) ON CONFLICT DO NOTHING;
INSERT INTO plans (id, variant_id, plan_name, duration_months, max_kms) VALUES ('aa698fe2-a649-46b0-99bb-22a898036c29', 'e95241b7-c07f-49ae-a933-11f650fab70c', '36 Months / 60,000 Kms', 36, 60000) ON CONFLICT DO NOTHING;
INSERT INTO tiers (plan_id, min_days, max_days, price_inr, is_active) VALUES ('aa698fe2-a649-46b0-99bb-22a898036c29', 0, 30, 9097.8, TRUE) ON CONFLICT DO NOTHING;
INSERT INTO tiers (plan_id, min_days, max_days, price_inr, is_active) VALUES ('aa698fe2-a649-46b0-99bb-22a898036c29', 31, 365, 10466.6, TRUE) ON CONFLICT DO NOTHING;
INSERT INTO tiers (plan_id, min_days, max_days, price_inr, is_active) VALUES ('aa698fe2-a649-46b0-99bb-22a898036c29', 366, 730, 11835.4, TRUE) ON CONFLICT DO NOTHING;
INSERT INTO tiers (plan_id, min_days, max_days, price_inr, is_active) VALUES ('aa698fe2-a649-46b0-99bb-22a898036c29', 731, 1095, 13192.4, TRUE) ON CONFLICT DO NOTHING;
INSERT INTO variants (id, model_id, name, fuel, transmission, oem_warranty_months, oem_warranty_kms) VALUES ('214a73a3-ab3f-4a36-b03a-1e496e910a5b', 'd4ba1065-95e7-4bf2-a0b7-0efa8387ddcd', 'MARUTI WAGON R VXI 1L AGS', 'Petrol', 'Automatic', 36, 100000) ON CONFLICT DO NOTHING;
INSERT INTO plans (id, variant_id, plan_name, duration_months, max_kms) VALUES ('6cc88d06-494e-4dfe-9047-3807c257b29c', '214a73a3-ab3f-4a36-b03a-1e496e910a5b', '12 Months / 20,000 Kms', 12, 20000) ON CONFLICT DO NOTHING;
INSERT INTO tiers (plan_id, min_days, max_days, price_inr, is_active) VALUES ('6cc88d06-494e-4dfe-9047-3807c257b29c', 0, 30, 8035.8, TRUE) ON CONFLICT DO NOTHING;
INSERT INTO tiers (plan_id, min_days, max_days, price_inr, is_active) VALUES ('6cc88d06-494e-4dfe-9047-3807c257b29c', 31, 365, 9251.2, TRUE) ON CONFLICT DO NOTHING;
INSERT INTO tiers (plan_id, min_days, max_days, price_inr, is_active) VALUES ('6cc88d06-494e-4dfe-9047-3807c257b29c', 366, 730, 10454.8, TRUE) ON CONFLICT DO NOTHING;
INSERT INTO tiers (plan_id, min_days, max_days, price_inr, is_active) VALUES ('6cc88d06-494e-4dfe-9047-3807c257b29c', 731, 1095, 11658.4, TRUE) ON CONFLICT DO NOTHING;
INSERT INTO plans (id, variant_id, plan_name, duration_months, max_kms) VALUES ('9a979aab-5fef-43c2-9d4d-f7371562d06a', '214a73a3-ab3f-4a36-b03a-1e496e910a5b', '24 Months / 40,000 Kms', 24, 40000) ON CONFLICT DO NOTHING;
INSERT INTO tiers (plan_id, min_days, max_days, price_inr, is_active) VALUES ('9a979aab-5fef-43c2-9d4d-f7371562d06a', 0, 30, 9333.8, TRUE) ON CONFLICT DO NOTHING;
INSERT INTO tiers (plan_id, min_days, max_days, price_inr, is_active) VALUES ('9a979aab-5fef-43c2-9d4d-f7371562d06a', 31, 365, 10738.0, TRUE) ON CONFLICT DO NOTHING;
INSERT INTO tiers (plan_id, min_days, max_days, price_inr, is_active) VALUES ('9a979aab-5fef-43c2-9d4d-f7371562d06a', 366, 730, 12142.2, TRUE) ON CONFLICT DO NOTHING;
INSERT INTO tiers (plan_id, min_days, max_days, price_inr, is_active) VALUES ('9a979aab-5fef-43c2-9d4d-f7371562d06a', 731, 1095, 13534.6, TRUE) ON CONFLICT DO NOTHING;
INSERT INTO plans (id, variant_id, plan_name, duration_months, max_kms) VALUES ('87a4b231-7fe7-4553-b32b-7c2f51913d10', '214a73a3-ab3f-4a36-b03a-1e496e910a5b', '36 Months / 60,000 Kms', 36, 60000) ON CONFLICT DO NOTHING;
INSERT INTO tiers (plan_id, min_days, max_days, price_inr, is_active) VALUES ('87a4b231-7fe7-4553-b32b-7c2f51913d10', 0, 30, 9923.8, TRUE) ON CONFLICT DO NOTHING;
INSERT INTO tiers (plan_id, min_days, max_days, price_inr, is_active) VALUES ('87a4b231-7fe7-4553-b32b-7c2f51913d10', 31, 365, 11422.4, TRUE) ON CONFLICT DO NOTHING;
INSERT INTO tiers (plan_id, min_days, max_days, price_inr, is_active) VALUES ('87a4b231-7fe7-4553-b32b-7c2f51913d10', 366, 730, 12909.2, TRUE) ON CONFLICT DO NOTHING;
INSERT INTO tiers (plan_id, min_days, max_days, price_inr, is_active) VALUES ('87a4b231-7fe7-4553-b32b-7c2f51913d10', 731, 1095, 14396.0, TRUE) ON CONFLICT DO NOTHING;
INSERT INTO variants (id, model_id, name, fuel, transmission, oem_warranty_months, oem_warranty_kms) VALUES ('ba85bf66-b633-4864-ac29-5826f48d3734', 'd4ba1065-95e7-4bf2-a0b7-0efa8387ddcd', 'MARUTI WAGON R VXI 1L ISS 5MT', 'Hybrid', 'Manual', 36, 100000) ON CONFLICT DO NOTHING;
INSERT INTO plans (id, variant_id, plan_name, duration_months, max_kms) VALUES ('60f55a98-90c7-4628-8c86-2f1fa6d7d063', 'ba85bf66-b633-4864-ac29-5826f48d3734', '12 Months / 20,000 Kms', 12, 20000) ON CONFLICT DO NOTHING;
INSERT INTO tiers (plan_id, min_days, max_days, price_inr, is_active) VALUES ('60f55a98-90c7-4628-8c86-2f1fa6d7d063', 0, 30, 8024.0, TRUE) ON CONFLICT DO NOTHING;
INSERT INTO tiers (plan_id, min_days, max_days, price_inr, is_active) VALUES ('60f55a98-90c7-4628-8c86-2f1fa6d7d063', 31, 365, 9227.6, TRUE) ON CONFLICT DO NOTHING;
INSERT INTO tiers (plan_id, min_days, max_days, price_inr, is_active) VALUES ('60f55a98-90c7-4628-8c86-2f1fa6d7d063', 366, 730, 10431.2, TRUE) ON CONFLICT DO NOTHING;
INSERT INTO tiers (plan_id, min_days, max_days, price_inr, is_active) VALUES ('60f55a98-90c7-4628-8c86-2f1fa6d7d063', 731, 1095, 11634.8, TRUE) ON CONFLICT DO NOTHING;
INSERT INTO plans (id, variant_id, plan_name, duration_months, max_kms) VALUES ('d7e68bf8-030f-4362-ba3d-43f7debaa91c', 'ba85bf66-b633-4864-ac29-5826f48d3734', '24 Months / 40,000 Kms', 24, 40000) ON CONFLICT DO NOTHING;
INSERT INTO tiers (plan_id, min_days, max_days, price_inr, is_active) VALUES ('d7e68bf8-030f-4362-ba3d-43f7debaa91c', 0, 30, 9322.0, TRUE) ON CONFLICT DO NOTHING;
INSERT INTO tiers (plan_id, min_days, max_days, price_inr, is_active) VALUES ('d7e68bf8-030f-4362-ba3d-43f7debaa91c', 31, 365, 10726.2, TRUE) ON CONFLICT DO NOTHING;
INSERT INTO tiers (plan_id, min_days, max_days, price_inr, is_active) VALUES ('d7e68bf8-030f-4362-ba3d-43f7debaa91c', 366, 730, 12118.6, TRUE) ON CONFLICT DO NOTHING;
INSERT INTO tiers (plan_id, min_days, max_days, price_inr, is_active) VALUES ('d7e68bf8-030f-4362-ba3d-43f7debaa91c', 731, 1095, 13522.8, TRUE) ON CONFLICT DO NOTHING;
INSERT INTO plans (id, variant_id, plan_name, duration_months, max_kms) VALUES ('aaac6cb9-184e-478e-8dd5-5e52074f1b13', 'ba85bf66-b633-4864-ac29-5826f48d3734', '36 Months / 60,000 Kms', 36, 60000) ON CONFLICT DO NOTHING;
INSERT INTO tiers (plan_id, min_days, max_days, price_inr, is_active) VALUES ('aaac6cb9-184e-478e-8dd5-5e52074f1b13', 0, 30, 9912.0, TRUE) ON CONFLICT DO NOTHING;
INSERT INTO tiers (plan_id, min_days, max_days, price_inr, is_active) VALUES ('aaac6cb9-184e-478e-8dd5-5e52074f1b13', 31, 365, 11398.8, TRUE) ON CONFLICT DO NOTHING;
INSERT INTO tiers (plan_id, min_days, max_days, price_inr, is_active) VALUES ('aaac6cb9-184e-478e-8dd5-5e52074f1b13', 366, 730, 12885.6, TRUE) ON CONFLICT DO NOTHING;
INSERT INTO tiers (plan_id, min_days, max_days, price_inr, is_active) VALUES ('aaac6cb9-184e-478e-8dd5-5e52074f1b13', 731, 1095, 14372.4, TRUE) ON CONFLICT DO NOTHING;
INSERT INTO variants (id, model_id, name, fuel, transmission, oem_warranty_months, oem_warranty_kms) VALUES ('bf4c2726-9180-497e-8531-1e83525eeffa', 'd4ba1065-95e7-4bf2-a0b7-0efa8387ddcd', 'MARUTI WAGON R VXI 1L ISS AGS', 'Hybrid', 'Automatic', 36, 100000) ON CONFLICT DO NOTHING;
INSERT INTO plans (id, variant_id, plan_name, duration_months, max_kms) VALUES ('74e615a5-28a0-4fb5-9803-2b7ab3ee07a9', 'bf4c2726-9180-497e-8531-1e83525eeffa', '12 Months / 20,000 Kms', 12, 20000) ON CONFLICT DO NOTHING;
INSERT INTO tiers (plan_id, min_days, max_days, price_inr, is_active) VALUES ('74e615a5-28a0-4fb5-9803-2b7ab3ee07a9', 0, 30, 8932.6, TRUE) ON CONFLICT DO NOTHING;
INSERT INTO tiers (plan_id, min_days, max_days, price_inr, is_active) VALUES ('74e615a5-28a0-4fb5-9803-2b7ab3ee07a9', 31, 365, 10277.8, TRUE) ON CONFLICT DO NOTHING;
INSERT INTO tiers (plan_id, min_days, max_days, price_inr, is_active) VALUES ('74e615a5-28a0-4fb5-9803-2b7ab3ee07a9', 366, 730, 11623.0, TRUE) ON CONFLICT DO NOTHING;
INSERT INTO tiers (plan_id, min_days, max_days, price_inr, is_active) VALUES ('74e615a5-28a0-4fb5-9803-2b7ab3ee07a9', 731, 1095, 12956.4, TRUE) ON CONFLICT DO NOTHING;
INSERT INTO plans (id, variant_id, plan_name, duration_months, max_kms) VALUES ('652167ad-2f4c-4056-8a8c-e77a0f844b47', 'bf4c2726-9180-497e-8531-1e83525eeffa', '24 Months / 40,000 Kms', 24, 40000) ON CONFLICT DO NOTHING;
INSERT INTO tiers (plan_id, min_days, max_days, price_inr, is_active) VALUES ('652167ad-2f4c-4056-8a8c-e77a0f844b47', 0, 30, 10230.6, TRUE) ON CONFLICT DO NOTHING;
INSERT INTO tiers (plan_id, min_days, max_days, price_inr, is_active) VALUES ('652167ad-2f4c-4056-8a8c-e77a0f844b47', 31, 365, 11776.4, TRUE) ON CONFLICT DO NOTHING;
INSERT INTO tiers (plan_id, min_days, max_days, price_inr, is_active) VALUES ('652167ad-2f4c-4056-8a8c-e77a0f844b47', 366, 730, 13310.4, TRUE) ON CONFLICT DO NOTHING;
INSERT INTO tiers (plan_id, min_days, max_days, price_inr, is_active) VALUES ('652167ad-2f4c-4056-8a8c-e77a0f844b47', 731, 1095, 14844.4, TRUE) ON CONFLICT DO NOTHING;
INSERT INTO plans (id, variant_id, plan_name, duration_months, max_kms) VALUES ('5bcaa3cd-da66-4359-8bdf-88bc7157cf2a', 'bf4c2726-9180-497e-8531-1e83525eeffa', '36 Months / 60,000 Kms', 36, 60000) ON CONFLICT DO NOTHING;
INSERT INTO tiers (plan_id, min_days, max_days, price_inr, is_active) VALUES ('5bcaa3cd-da66-4359-8bdf-88bc7157cf2a', 0, 30, 10820.6, TRUE) ON CONFLICT DO NOTHING;
INSERT INTO tiers (plan_id, min_days, max_days, price_inr, is_active) VALUES ('5bcaa3cd-da66-4359-8bdf-88bc7157cf2a', 31, 365, 12449.0, TRUE) ON CONFLICT DO NOTHING;
INSERT INTO tiers (plan_id, min_days, max_days, price_inr, is_active) VALUES ('5bcaa3cd-da66-4359-8bdf-88bc7157cf2a', 366, 730, 14077.4, TRUE) ON CONFLICT DO NOTHING;
INSERT INTO tiers (plan_id, min_days, max_days, price_inr, is_active) VALUES ('5bcaa3cd-da66-4359-8bdf-88bc7157cf2a', 731, 1095, 15694.0, TRUE) ON CONFLICT DO NOTHING;
INSERT INTO variants (id, model_id, name, fuel, transmission, oem_warranty_months, oem_warranty_kms) VALUES ('1e3174ac-c51f-497f-abc9-22f8c9e8a445', 'd4ba1065-95e7-4bf2-a0b7-0efa8387ddcd', 'MARUTI WAGON R VXI CNG 1L 5MT', 'CNG', 'Manual', 36, 100000) ON CONFLICT DO NOTHING;
INSERT INTO plans (id, variant_id, plan_name, duration_months, max_kms) VALUES ('ac1751ed-77ca-4860-b433-b977d535d7aa', '1e3174ac-c51f-497f-abc9-22f8c9e8a445', '12 Months / 20,000 Kms', 12, 20000) ON CONFLICT DO NOTHING;
INSERT INTO tiers (plan_id, min_days, max_days, price_inr, is_active) VALUES ('ac1751ed-77ca-4860-b433-b977d535d7aa', 0, 30, 9510.8, TRUE) ON CONFLICT DO NOTHING;
INSERT INTO tiers (plan_id, min_days, max_days, price_inr, is_active) VALUES ('ac1751ed-77ca-4860-b433-b977d535d7aa', 31, 365, 10938.6, TRUE) ON CONFLICT DO NOTHING;
INSERT INTO tiers (plan_id, min_days, max_days, price_inr, is_active) VALUES ('ac1751ed-77ca-4860-b433-b977d535d7aa', 366, 730, 12366.4, TRUE) ON CONFLICT DO NOTHING;
INSERT INTO tiers (plan_id, min_days, max_days, price_inr, is_active) VALUES ('ac1751ed-77ca-4860-b433-b977d535d7aa', 731, 1095, 13794.2, TRUE) ON CONFLICT DO NOTHING;
INSERT INTO plans (id, variant_id, plan_name, duration_months, max_kms) VALUES ('82b35218-7c60-4965-b87b-3f8651dc2f20', '1e3174ac-c51f-497f-abc9-22f8c9e8a445', '24 Months / 40,000 Kms', 24, 40000) ON CONFLICT DO NOTHING;
INSERT INTO tiers (plan_id, min_days, max_days, price_inr, is_active) VALUES ('82b35218-7c60-4965-b87b-3f8651dc2f20', 0, 30, 10808.8, TRUE) ON CONFLICT DO NOTHING;
INSERT INTO tiers (plan_id, min_days, max_days, price_inr, is_active) VALUES ('82b35218-7c60-4965-b87b-3f8651dc2f20', 31, 365, 12437.2, TRUE) ON CONFLICT DO NOTHING;
INSERT INTO tiers (plan_id, min_days, max_days, price_inr, is_active) VALUES ('82b35218-7c60-4965-b87b-3f8651dc2f20', 366, 730, 14053.8, TRUE) ON CONFLICT DO NOTHING;
INSERT INTO tiers (plan_id, min_days, max_days, price_inr, is_active) VALUES ('82b35218-7c60-4965-b87b-3f8651dc2f20', 731, 1095, 15682.2, TRUE) ON CONFLICT DO NOTHING;
INSERT INTO plans (id, variant_id, plan_name, duration_months, max_kms) VALUES ('49d24944-a042-44a4-baac-6e0a9cab98b9', '1e3174ac-c51f-497f-abc9-22f8c9e8a445', '36 Months / 60,000 Kms', 36, 60000) ON CONFLICT DO NOTHING;
INSERT INTO tiers (plan_id, min_days, max_days, price_inr, is_active) VALUES ('49d24944-a042-44a4-baac-6e0a9cab98b9', 0, 30, 11398.8, TRUE) ON CONFLICT DO NOTHING;
INSERT INTO tiers (plan_id, min_days, max_days, price_inr, is_active) VALUES ('49d24944-a042-44a4-baac-6e0a9cab98b9', 31, 365, 13109.8, TRUE) ON CONFLICT DO NOTHING;
INSERT INTO tiers (plan_id, min_days, max_days, price_inr, is_active) VALUES ('49d24944-a042-44a4-baac-6e0a9cab98b9', 366, 730, 14820.8, TRUE) ON CONFLICT DO NOTHING;
INSERT INTO tiers (plan_id, min_days, max_days, price_inr, is_active) VALUES ('49d24944-a042-44a4-baac-6e0a9cab98b9', 731, 1095, 16531.8, TRUE) ON CONFLICT DO NOTHING;
INSERT INTO variants (id, model_id, name, fuel, transmission, oem_warranty_months, oem_warranty_kms) VALUES ('fa9cfdeb-a23c-4872-9d83-8bf9606f1ba1', 'd4ba1065-95e7-4bf2-a0b7-0efa8387ddcd', 'MARUTI WAGON R ZXI 1.2L ISS 5MT', 'Hybrid', 'Manual', 36, 100000) ON CONFLICT DO NOTHING;
INSERT INTO plans (id, variant_id, plan_name, duration_months, max_kms) VALUES ('585e0c41-6616-42d9-8bbf-32a17eff6c6d', 'fa9cfdeb-a23c-4872-9d83-8bf9606f1ba1', '12 Months / 20,000 Kms', 12, 20000) ON CONFLICT DO NOTHING;
INSERT INTO tiers (plan_id, min_days, max_days, price_inr, is_active) VALUES ('585e0c41-6616-42d9-8bbf-32a17eff6c6d', 0, 30, 8496.0, TRUE) ON CONFLICT DO NOTHING;
INSERT INTO tiers (plan_id, min_days, max_days, price_inr, is_active) VALUES ('585e0c41-6616-42d9-8bbf-32a17eff6c6d', 31, 365, 9770.4, TRUE) ON CONFLICT DO NOTHING;
INSERT INTO tiers (plan_id, min_days, max_days, price_inr, is_active) VALUES ('585e0c41-6616-42d9-8bbf-32a17eff6c6d', 366, 730, 11044.8, TRUE) ON CONFLICT DO NOTHING;
INSERT INTO tiers (plan_id, min_days, max_days, price_inr, is_active) VALUES ('585e0c41-6616-42d9-8bbf-32a17eff6c6d', 731, 1095, 12319.2, TRUE) ON CONFLICT DO NOTHING;
INSERT INTO plans (id, variant_id, plan_name, duration_months, max_kms) VALUES ('795966dd-ea19-4e49-9088-2e5c24b8df3c', 'fa9cfdeb-a23c-4872-9d83-8bf9606f1ba1', '24 Months / 40,000 Kms', 24, 40000) ON CONFLICT DO NOTHING;
INSERT INTO tiers (plan_id, min_days, max_days, price_inr, is_active) VALUES ('795966dd-ea19-4e49-9088-2e5c24b8df3c', 0, 30, 9794.0, TRUE) ON CONFLICT DO NOTHING;
INSERT INTO tiers (plan_id, min_days, max_days, price_inr, is_active) VALUES ('795966dd-ea19-4e49-9088-2e5c24b8df3c', 31, 365, 11269.0, TRUE) ON CONFLICT DO NOTHING;
INSERT INTO tiers (plan_id, min_days, max_days, price_inr, is_active) VALUES ('795966dd-ea19-4e49-9088-2e5c24b8df3c', 366, 730, 12732.2, TRUE) ON CONFLICT DO NOTHING;
INSERT INTO tiers (plan_id, min_days, max_days, price_inr, is_active) VALUES ('795966dd-ea19-4e49-9088-2e5c24b8df3c', 731, 1095, 14207.2, TRUE) ON CONFLICT DO NOTHING;
INSERT INTO plans (id, variant_id, plan_name, duration_months, max_kms) VALUES ('65b57110-fef8-41e9-9c24-acbbb441efef', 'fa9cfdeb-a23c-4872-9d83-8bf9606f1ba1', '36 Months / 60,000 Kms', 36, 60000) ON CONFLICT DO NOTHING;
INSERT INTO tiers (plan_id, min_days, max_days, price_inr, is_active) VALUES ('65b57110-fef8-41e9-9c24-acbbb441efef', 0, 30, 10384.0, TRUE) ON CONFLICT DO NOTHING;
INSERT INTO tiers (plan_id, min_days, max_days, price_inr, is_active) VALUES ('65b57110-fef8-41e9-9c24-acbbb441efef', 31, 365, 11941.6, TRUE) ON CONFLICT DO NOTHING;
INSERT INTO tiers (plan_id, min_days, max_days, price_inr, is_active) VALUES ('65b57110-fef8-41e9-9c24-acbbb441efef', 366, 730, 13499.2, TRUE) ON CONFLICT DO NOTHING;
INSERT INTO tiers (plan_id, min_days, max_days, price_inr, is_active) VALUES ('65b57110-fef8-41e9-9c24-acbbb441efef', 731, 1095, 15056.8, TRUE) ON CONFLICT DO NOTHING;
INSERT INTO variants (id, model_id, name, fuel, transmission, oem_warranty_months, oem_warranty_kms) VALUES ('9d29ae8f-0251-4d8b-959d-a37480a5366f', 'd4ba1065-95e7-4bf2-a0b7-0efa8387ddcd', 'MARUTI WAGON R ZXI 1.2L ISS AGS', 'Hybrid', 'Automatic', 36, 100000) ON CONFLICT DO NOTHING;
INSERT INTO plans (id, variant_id, plan_name, duration_months, max_kms) VALUES ('46b975a9-90f1-451f-b74d-1b82ed3a90f0', '9d29ae8f-0251-4d8b-959d-a37480a5366f', '12 Months / 20,000 Kms', 12, 20000) ON CONFLICT DO NOTHING;
INSERT INTO tiers (plan_id, min_days, max_days, price_inr, is_active) VALUES ('46b975a9-90f1-451f-b74d-1b82ed3a90f0', 0, 30, 9404.6, TRUE) ON CONFLICT DO NOTHING;
INSERT INTO tiers (plan_id, min_days, max_days, price_inr, is_active) VALUES ('46b975a9-90f1-451f-b74d-1b82ed3a90f0', 31, 365, 10820.6, TRUE) ON CONFLICT DO NOTHING;
INSERT INTO tiers (plan_id, min_days, max_days, price_inr, is_active) VALUES ('46b975a9-90f1-451f-b74d-1b82ed3a90f0', 366, 730, 12236.6, TRUE) ON CONFLICT DO NOTHING;
INSERT INTO tiers (plan_id, min_days, max_days, price_inr, is_active) VALUES ('46b975a9-90f1-451f-b74d-1b82ed3a90f0', 731, 1095, 13640.8, TRUE) ON CONFLICT DO NOTHING;
INSERT INTO plans (id, variant_id, plan_name, duration_months, max_kms) VALUES ('307237d0-2838-4f31-a24a-3f294afd5175', '9d29ae8f-0251-4d8b-959d-a37480a5366f', '24 Months / 40,000 Kms', 24, 40000) ON CONFLICT DO NOTHING;
INSERT INTO tiers (plan_id, min_days, max_days, price_inr, is_active) VALUES ('307237d0-2838-4f31-a24a-3f294afd5175', 0, 30, 10702.6, TRUE) ON CONFLICT DO NOTHING;
INSERT INTO tiers (plan_id, min_days, max_days, price_inr, is_active) VALUES ('307237d0-2838-4f31-a24a-3f294afd5175', 31, 365, 12319.2, TRUE) ON CONFLICT DO NOTHING;
INSERT INTO tiers (plan_id, min_days, max_days, price_inr, is_active) VALUES ('307237d0-2838-4f31-a24a-3f294afd5175', 366, 730, 13924.0, TRUE) ON CONFLICT DO NOTHING;
INSERT INTO tiers (plan_id, min_days, max_days, price_inr, is_active) VALUES ('307237d0-2838-4f31-a24a-3f294afd5175', 731, 1095, 15528.8, TRUE) ON CONFLICT DO NOTHING;
INSERT INTO plans (id, variant_id, plan_name, duration_months, max_kms) VALUES ('5b077ee7-ab65-4e77-9d50-a3a5fe96c899', '9d29ae8f-0251-4d8b-959d-a37480a5366f', '36 Months / 60,000 Kms', 36, 60000) ON CONFLICT DO NOTHING;
INSERT INTO tiers (plan_id, min_days, max_days, price_inr, is_active) VALUES ('5b077ee7-ab65-4e77-9d50-a3a5fe96c899', 0, 30, 11292.6, TRUE) ON CONFLICT DO NOTHING;
INSERT INTO tiers (plan_id, min_days, max_days, price_inr, is_active) VALUES ('5b077ee7-ab65-4e77-9d50-a3a5fe96c899', 31, 365, 12991.8, TRUE) ON CONFLICT DO NOTHING;
INSERT INTO tiers (plan_id, min_days, max_days, price_inr, is_active) VALUES ('5b077ee7-ab65-4e77-9d50-a3a5fe96c899', 366, 730, 14691.0, TRUE) ON CONFLICT DO NOTHING;
INSERT INTO tiers (plan_id, min_days, max_days, price_inr, is_active) VALUES ('5b077ee7-ab65-4e77-9d50-a3a5fe96c899', 731, 1095, 16378.4, TRUE) ON CONFLICT DO NOTHING;
INSERT INTO variants (id, model_id, name, fuel, transmission, oem_warranty_months, oem_warranty_kms) VALUES ('c5d032c3-7a4b-4900-842a-ebe2de9ddd8c', 'd4ba1065-95e7-4bf2-a0b7-0efa8387ddcd', 'MARUTI WAGON R ZXI+ 1.2L ISS 5MT', 'Hybrid', 'Manual', 36, 100000) ON CONFLICT DO NOTHING;
INSERT INTO plans (id, variant_id, plan_name, duration_months, max_kms) VALUES ('83465ef8-15c1-4d51-86a7-f323b2d90236', 'c5d032c3-7a4b-4900-842a-ebe2de9ddd8c', '12 Months / 20,000 Kms', 12, 20000) ON CONFLICT DO NOTHING;
INSERT INTO tiers (plan_id, min_days, max_days, price_inr, is_active) VALUES ('83465ef8-15c1-4d51-86a7-f323b2d90236', 0, 30, 9475.4, TRUE) ON CONFLICT DO NOTHING;
INSERT INTO tiers (plan_id, min_days, max_days, price_inr, is_active) VALUES ('83465ef8-15c1-4d51-86a7-f323b2d90236', 31, 365, 10903.2, TRUE) ON CONFLICT DO NOTHING;
INSERT INTO tiers (plan_id, min_days, max_days, price_inr, is_active) VALUES ('83465ef8-15c1-4d51-86a7-f323b2d90236', 366, 730, 12319.2, TRUE) ON CONFLICT DO NOTHING;
INSERT INTO tiers (plan_id, min_days, max_days, price_inr, is_active) VALUES ('83465ef8-15c1-4d51-86a7-f323b2d90236', 731, 1095, 13747.0, TRUE) ON CONFLICT DO NOTHING;
INSERT INTO plans (id, variant_id, plan_name, duration_months, max_kms) VALUES ('9873031b-ee55-4207-8dc0-7ac2e71c725a', 'c5d032c3-7a4b-4900-842a-ebe2de9ddd8c', '24 Months / 40,000 Kms', 24, 40000) ON CONFLICT DO NOTHING;
INSERT INTO tiers (plan_id, min_days, max_days, price_inr, is_active) VALUES ('9873031b-ee55-4207-8dc0-7ac2e71c725a', 0, 30, 10773.4, TRUE) ON CONFLICT DO NOTHING;
INSERT INTO tiers (plan_id, min_days, max_days, price_inr, is_active) VALUES ('9873031b-ee55-4207-8dc0-7ac2e71c725a', 31, 365, 12390.0, TRUE) ON CONFLICT DO NOTHING;
INSERT INTO tiers (plan_id, min_days, max_days, price_inr, is_active) VALUES ('9873031b-ee55-4207-8dc0-7ac2e71c725a', 366, 730, 14006.6, TRUE) ON CONFLICT DO NOTHING;
INSERT INTO tiers (plan_id, min_days, max_days, price_inr, is_active) VALUES ('9873031b-ee55-4207-8dc0-7ac2e71c725a', 731, 1095, 15623.2, TRUE) ON CONFLICT DO NOTHING;
INSERT INTO plans (id, variant_id, plan_name, duration_months, max_kms) VALUES ('af079ccb-04b5-4fcf-9f28-e24971c23f96', 'c5d032c3-7a4b-4900-842a-ebe2de9ddd8c', '36 Months / 60,000 Kms', 36, 60000) ON CONFLICT DO NOTHING;
INSERT INTO tiers (plan_id, min_days, max_days, price_inr, is_active) VALUES ('af079ccb-04b5-4fcf-9f28-e24971c23f96', 0, 30, 11363.4, TRUE) ON CONFLICT DO NOTHING;
INSERT INTO tiers (plan_id, min_days, max_days, price_inr, is_active) VALUES ('af079ccb-04b5-4fcf-9f28-e24971c23f96', 31, 365, 13074.4, TRUE) ON CONFLICT DO NOTHING;
INSERT INTO tiers (plan_id, min_days, max_days, price_inr, is_active) VALUES ('af079ccb-04b5-4fcf-9f28-e24971c23f96', 366, 730, 14773.6, TRUE) ON CONFLICT DO NOTHING;
INSERT INTO tiers (plan_id, min_days, max_days, price_inr, is_active) VALUES ('af079ccb-04b5-4fcf-9f28-e24971c23f96', 731, 1095, 16484.6, TRUE) ON CONFLICT DO NOTHING;
INSERT INTO variants (id, model_id, name, fuel, transmission, oem_warranty_months, oem_warranty_kms) VALUES ('be5f086e-bbb6-452b-b027-5f5edc228244', 'd4ba1065-95e7-4bf2-a0b7-0efa8387ddcd', 'MARUTI WAGON R ZXI+ 1.2L ISS AGS', 'Hybrid', 'Automatic', 36, 100000) ON CONFLICT DO NOTHING;
INSERT INTO plans (id, variant_id, plan_name, duration_months, max_kms) VALUES ('4d8a657f-7505-4c7e-bacd-2f93a41eccbf', 'be5f086e-bbb6-452b-b027-5f5edc228244', '12 Months / 20,000 Kms', 12, 20000) ON CONFLICT DO NOTHING;
INSERT INTO tiers (plan_id, min_days, max_days, price_inr, is_active) VALUES ('4d8a657f-7505-4c7e-bacd-2f93a41eccbf', 0, 30, 10384.0, TRUE) ON CONFLICT DO NOTHING;
INSERT INTO tiers (plan_id, min_days, max_days, price_inr, is_active) VALUES ('4d8a657f-7505-4c7e-bacd-2f93a41eccbf', 31, 365, 11941.6, TRUE) ON CONFLICT DO NOTHING;
INSERT INTO tiers (plan_id, min_days, max_days, price_inr, is_active) VALUES ('4d8a657f-7505-4c7e-bacd-2f93a41eccbf', 366, 730, 13499.2, TRUE) ON CONFLICT DO NOTHING;
INSERT INTO tiers (plan_id, min_days, max_days, price_inr, is_active) VALUES ('4d8a657f-7505-4c7e-bacd-2f93a41eccbf', 731, 1095, 15056.8, TRUE) ON CONFLICT DO NOTHING;
INSERT INTO plans (id, variant_id, plan_name, duration_months, max_kms) VALUES ('62533e29-742a-40a9-8583-a1647bcf5da2', 'be5f086e-bbb6-452b-b027-5f5edc228244', '24 Months / 40,000 Kms', 24, 40000) ON CONFLICT DO NOTHING;
INSERT INTO tiers (plan_id, min_days, max_days, price_inr, is_active) VALUES ('62533e29-742a-40a9-8583-a1647bcf5da2', 0, 30, 11682.0, TRUE) ON CONFLICT DO NOTHING;
INSERT INTO tiers (plan_id, min_days, max_days, price_inr, is_active) VALUES ('62533e29-742a-40a9-8583-a1647bcf5da2', 31, 365, 13440.2, TRUE) ON CONFLICT DO NOTHING;
INSERT INTO tiers (plan_id, min_days, max_days, price_inr, is_active) VALUES ('62533e29-742a-40a9-8583-a1647bcf5da2', 366, 730, 15186.6, TRUE) ON CONFLICT DO NOTHING;
INSERT INTO tiers (plan_id, min_days, max_days, price_inr, is_active) VALUES ('62533e29-742a-40a9-8583-a1647bcf5da2', 731, 1095, 16944.8, TRUE) ON CONFLICT DO NOTHING;
INSERT INTO plans (id, variant_id, plan_name, duration_months, max_kms) VALUES ('892633a8-1bbc-4681-b655-9b6f85b0ea00', 'be5f086e-bbb6-452b-b027-5f5edc228244', '36 Months / 60,000 Kms', 36, 60000) ON CONFLICT DO NOTHING;
INSERT INTO tiers (plan_id, min_days, max_days, price_inr, is_active) VALUES ('892633a8-1bbc-4681-b655-9b6f85b0ea00', 0, 30, 12272.0, TRUE) ON CONFLICT DO NOTHING;
INSERT INTO tiers (plan_id, min_days, max_days, price_inr, is_active) VALUES ('892633a8-1bbc-4681-b655-9b6f85b0ea00', 31, 365, 14112.8, TRUE) ON CONFLICT DO NOTHING;
INSERT INTO tiers (plan_id, min_days, max_days, price_inr, is_active) VALUES ('892633a8-1bbc-4681-b655-9b6f85b0ea00', 366, 730, 15953.6, TRUE) ON CONFLICT DO NOTHING;
INSERT INTO tiers (plan_id, min_days, max_days, price_inr, is_active) VALUES ('892633a8-1bbc-4681-b655-9b6f85b0ea00', 731, 1095, 17794.4, TRUE) ON CONFLICT DO NOTHING;
INSERT INTO variants (id, model_id, name, fuel, transmission, oem_warranty_months, oem_warranty_kms) VALUES ('7f12c57a-36d8-49df-a0db-85cdb730f62a', 'd4ba1065-95e7-4bf2-a0b7-0efa8387ddcd', 'WAGONR VXI 1.2L', 'Petrol', 'Manual', 36, 100000) ON CONFLICT DO NOTHING;
INSERT INTO plans (id, variant_id, plan_name, duration_months, max_kms) VALUES ('4db5d509-2d9a-4b37-a0d4-eefa4ec65754', '7f12c57a-36d8-49df-a0db-85cdb730f62a', '12 Months / 20,000 Kms', 12, 20000) ON CONFLICT DO NOTHING;
INSERT INTO tiers (plan_id, min_days, max_days, price_inr, is_active) VALUES ('4db5d509-2d9a-4b37-a0d4-eefa4ec65754', 0, 30, 7587.4, TRUE) ON CONFLICT DO NOTHING;
INSERT INTO tiers (plan_id, min_days, max_days, price_inr, is_active) VALUES ('4db5d509-2d9a-4b37-a0d4-eefa4ec65754', 31, 365, 8732.0, TRUE) ON CONFLICT DO NOTHING;
INSERT INTO tiers (plan_id, min_days, max_days, price_inr, is_active) VALUES ('4db5d509-2d9a-4b37-a0d4-eefa4ec65754', 366, 730, 9864.8, TRUE) ON CONFLICT DO NOTHING;
INSERT INTO tiers (plan_id, min_days, max_days, price_inr, is_active) VALUES ('4db5d509-2d9a-4b37-a0d4-eefa4ec65754', 731, 1095, 11009.4, TRUE) ON CONFLICT DO NOTHING;
INSERT INTO plans (id, variant_id, plan_name, duration_months, max_kms) VALUES ('7635984c-ed6e-44fd-9711-698da779694e', '7f12c57a-36d8-49df-a0db-85cdb730f62a', '24 Months / 40,000 Kms', 24, 40000) ON CONFLICT DO NOTHING;
INSERT INTO tiers (plan_id, min_days, max_days, price_inr, is_active) VALUES ('7635984c-ed6e-44fd-9711-698da779694e', 0, 30, 8885.4, TRUE) ON CONFLICT DO NOTHING;
INSERT INTO tiers (plan_id, min_days, max_days, price_inr, is_active) VALUES ('7635984c-ed6e-44fd-9711-698da779694e', 31, 365, 10218.8, TRUE) ON CONFLICT DO NOTHING;
INSERT INTO tiers (plan_id, min_days, max_days, price_inr, is_active) VALUES ('7635984c-ed6e-44fd-9711-698da779694e', 366, 730, 11552.2, TRUE) ON CONFLICT DO NOTHING;
INSERT INTO tiers (plan_id, min_days, max_days, price_inr, is_active) VALUES ('7635984c-ed6e-44fd-9711-698da779694e', 731, 1095, 12885.6, TRUE) ON CONFLICT DO NOTHING;
INSERT INTO plans (id, variant_id, plan_name, duration_months, max_kms) VALUES ('430fae87-9a0d-4b13-8f49-b30cfe39785e', '7f12c57a-36d8-49df-a0db-85cdb730f62a', '36 Months / 60,000 Kms', 36, 60000) ON CONFLICT DO NOTHING;
INSERT INTO tiers (plan_id, min_days, max_days, price_inr, is_active) VALUES ('430fae87-9a0d-4b13-8f49-b30cfe39785e', 0, 30, 9475.4, TRUE) ON CONFLICT DO NOTHING;
INSERT INTO tiers (plan_id, min_days, max_days, price_inr, is_active) VALUES ('430fae87-9a0d-4b13-8f49-b30cfe39785e', 31, 365, 10903.2, TRUE) ON CONFLICT DO NOTHING;
INSERT INTO tiers (plan_id, min_days, max_days, price_inr, is_active) VALUES ('430fae87-9a0d-4b13-8f49-b30cfe39785e', 366, 730, 12319.2, TRUE) ON CONFLICT DO NOTHING;
INSERT INTO tiers (plan_id, min_days, max_days, price_inr, is_active) VALUES ('430fae87-9a0d-4b13-8f49-b30cfe39785e', 731, 1095, 13747.0, TRUE) ON CONFLICT DO NOTHING;
INSERT INTO variants (id, model_id, name, fuel, transmission, oem_warranty_months, oem_warranty_kms) VALUES ('ca2094c2-cdc6-4f62-bb59-8bd8b5fa3117', 'd4ba1065-95e7-4bf2-a0b7-0efa8387ddcd', 'WAGONR VXI AGS 1.2L', 'Petrol', 'Automatic', 36, 100000) ON CONFLICT DO NOTHING;
INSERT INTO plans (id, variant_id, plan_name, duration_months, max_kms) VALUES ('8f41f52a-d96e-49b6-8a2f-726e449c408e', 'ca2094c2-cdc6-4f62-bb59-8bd8b5fa3117', '12 Months / 20,000 Kms', 12, 20000) ON CONFLICT DO NOTHING;
INSERT INTO tiers (plan_id, min_days, max_days, price_inr, is_active) VALUES ('8f41f52a-d96e-49b6-8a2f-726e449c408e', 0, 30, 8413.4, TRUE) ON CONFLICT DO NOTHING;
INSERT INTO tiers (plan_id, min_days, max_days, price_inr, is_active) VALUES ('8f41f52a-d96e-49b6-8a2f-726e449c408e', 31, 365, 9676.0, TRUE) ON CONFLICT DO NOTHING;
INSERT INTO tiers (plan_id, min_days, max_days, price_inr, is_active) VALUES ('8f41f52a-d96e-49b6-8a2f-726e449c408e', 366, 730, 10938.6, TRUE) ON CONFLICT DO NOTHING;
INSERT INTO tiers (plan_id, min_days, max_days, price_inr, is_active) VALUES ('8f41f52a-d96e-49b6-8a2f-726e449c408e', 731, 1095, 12201.2, TRUE) ON CONFLICT DO NOTHING;
INSERT INTO plans (id, variant_id, plan_name, duration_months, max_kms) VALUES ('46e19b2d-7f64-4b8b-8e2a-8d4bb03a171a', 'ca2094c2-cdc6-4f62-bb59-8bd8b5fa3117', '24 Months / 40,000 Kms', 24, 40000) ON CONFLICT DO NOTHING;
INSERT INTO tiers (plan_id, min_days, max_days, price_inr, is_active) VALUES ('46e19b2d-7f64-4b8b-8e2a-8d4bb03a171a', 0, 30, 9711.4, TRUE) ON CONFLICT DO NOTHING;
INSERT INTO tiers (plan_id, min_days, max_days, price_inr, is_active) VALUES ('46e19b2d-7f64-4b8b-8e2a-8d4bb03a171a', 31, 365, 11174.6, TRUE) ON CONFLICT DO NOTHING;
INSERT INTO tiers (plan_id, min_days, max_days, price_inr, is_active) VALUES ('46e19b2d-7f64-4b8b-8e2a-8d4bb03a171a', 366, 730, 12626.0, TRUE) ON CONFLICT DO NOTHING;
INSERT INTO tiers (plan_id, min_days, max_days, price_inr, is_active) VALUES ('46e19b2d-7f64-4b8b-8e2a-8d4bb03a171a', 731, 1095, 14089.2, TRUE) ON CONFLICT DO NOTHING;
INSERT INTO plans (id, variant_id, plan_name, duration_months, max_kms) VALUES ('9d6333d0-dbe4-4e3f-834a-bcae865fda80', 'ca2094c2-cdc6-4f62-bb59-8bd8b5fa3117', '36 Months / 60,000 Kms', 36, 60000) ON CONFLICT DO NOTHING;
INSERT INTO tiers (plan_id, min_days, max_days, price_inr, is_active) VALUES ('9d6333d0-dbe4-4e3f-834a-bcae865fda80', 0, 30, 10301.4, TRUE) ON CONFLICT DO NOTHING;
INSERT INTO tiers (plan_id, min_days, max_days, price_inr, is_active) VALUES ('9d6333d0-dbe4-4e3f-834a-bcae865fda80', 31, 365, 11847.2, TRUE) ON CONFLICT DO NOTHING;
INSERT INTO tiers (plan_id, min_days, max_days, price_inr, is_active) VALUES ('9d6333d0-dbe4-4e3f-834a-bcae865fda80', 366, 730, 13393.0, TRUE) ON CONFLICT DO NOTHING;
INSERT INTO tiers (plan_id, min_days, max_days, price_inr, is_active) VALUES ('9d6333d0-dbe4-4e3f-834a-bcae865fda80', 731, 1095, 14938.8, TRUE) ON CONFLICT DO NOTHING;
INSERT INTO variants (id, model_id, name, fuel, transmission, oem_warranty_months, oem_warranty_kms) VALUES ('a12930dc-e195-41f0-ad5a-daa679a687b9', 'd4ba1065-95e7-4bf2-a0b7-0efa8387ddcd', 'WAGONR VXI(O) 1.2L', 'Petrol', 'Manual', 36, 100000) ON CONFLICT DO NOTHING;
INSERT INTO plans (id, variant_id, plan_name, duration_months, max_kms) VALUES ('914f902c-fd29-4d0c-b4a2-57c58d8dd726', 'a12930dc-e195-41f0-ad5a-daa679a687b9', '12 Months / 20,000 Kms', 12, 20000) ON CONFLICT DO NOTHING;
INSERT INTO tiers (plan_id, min_days, max_days, price_inr, is_active) VALUES ('914f902c-fd29-4d0c-b4a2-57c58d8dd726', 0, 30, 7705.4, TRUE) ON CONFLICT DO NOTHING;
INSERT INTO tiers (plan_id, min_days, max_days, price_inr, is_active) VALUES ('914f902c-fd29-4d0c-b4a2-57c58d8dd726', 31, 365, 8861.8, TRUE) ON CONFLICT DO NOTHING;
INSERT INTO tiers (plan_id, min_days, max_days, price_inr, is_active) VALUES ('914f902c-fd29-4d0c-b4a2-57c58d8dd726', 366, 730, 10018.2, TRUE) ON CONFLICT DO NOTHING;
INSERT INTO tiers (plan_id, min_days, max_days, price_inr, is_active) VALUES ('914f902c-fd29-4d0c-b4a2-57c58d8dd726', 731, 1095, 11174.6, TRUE) ON CONFLICT DO NOTHING;
INSERT INTO plans (id, variant_id, plan_name, duration_months, max_kms) VALUES ('7bbd8155-1831-4d54-9c2d-3e7c48a9b3c1', 'a12930dc-e195-41f0-ad5a-daa679a687b9', '24 Months / 40,000 Kms', 24, 40000) ON CONFLICT DO NOTHING;
INSERT INTO tiers (plan_id, min_days, max_days, price_inr, is_active) VALUES ('7bbd8155-1831-4d54-9c2d-3e7c48a9b3c1', 0, 30, 9003.4, TRUE) ON CONFLICT DO NOTHING;
INSERT INTO tiers (plan_id, min_days, max_days, price_inr, is_active) VALUES ('7bbd8155-1831-4d54-9c2d-3e7c48a9b3c1', 31, 365, 10360.4, TRUE) ON CONFLICT DO NOTHING;
INSERT INTO tiers (plan_id, min_days, max_days, price_inr, is_active) VALUES ('7bbd8155-1831-4d54-9c2d-3e7c48a9b3c1', 366, 730, 11705.6, TRUE) ON CONFLICT DO NOTHING;
INSERT INTO tiers (plan_id, min_days, max_days, price_inr, is_active) VALUES ('7bbd8155-1831-4d54-9c2d-3e7c48a9b3c1', 731, 1095, 13062.6, TRUE) ON CONFLICT DO NOTHING;
INSERT INTO plans (id, variant_id, plan_name, duration_months, max_kms) VALUES ('6ea3f1c1-4071-4fed-84b1-368421976aa8', 'a12930dc-e195-41f0-ad5a-daa679a687b9', '36 Months / 60,000 Kms', 36, 60000) ON CONFLICT DO NOTHING;
INSERT INTO tiers (plan_id, min_days, max_days, price_inr, is_active) VALUES ('6ea3f1c1-4071-4fed-84b1-368421976aa8', 0, 30, 9593.4, TRUE) ON CONFLICT DO NOTHING;
INSERT INTO tiers (plan_id, min_days, max_days, price_inr, is_active) VALUES ('6ea3f1c1-4071-4fed-84b1-368421976aa8', 31, 365, 11033.0, TRUE) ON CONFLICT DO NOTHING;
INSERT INTO tiers (plan_id, min_days, max_days, price_inr, is_active) VALUES ('6ea3f1c1-4071-4fed-84b1-368421976aa8', 366, 730, 12472.6, TRUE) ON CONFLICT DO NOTHING;
INSERT INTO tiers (plan_id, min_days, max_days, price_inr, is_active) VALUES ('6ea3f1c1-4071-4fed-84b1-368421976aa8', 731, 1095, 13912.2, TRUE) ON CONFLICT DO NOTHING;
INSERT INTO variants (id, model_id, name, fuel, transmission, oem_warranty_months, oem_warranty_kms) VALUES ('4a9dfdaa-3b83-476b-a619-1f1666b810d6', 'd4ba1065-95e7-4bf2-a0b7-0efa8387ddcd', 'WAGONR VXI(O) AGS 1.2L', 'Petrol', 'Automatic', 36, 100000) ON CONFLICT DO NOTHING;
INSERT INTO plans (id, variant_id, plan_name, duration_months, max_kms) VALUES ('e893ddad-38b5-4e81-8e49-e1e7b5c61a20', '4a9dfdaa-3b83-476b-a619-1f1666b810d6', '12 Months / 20,000 Kms', 12, 20000) ON CONFLICT DO NOTHING;
INSERT INTO tiers (plan_id, min_days, max_days, price_inr, is_active) VALUES ('e893ddad-38b5-4e81-8e49-e1e7b5c61a20', 0, 30, 8531.4, TRUE) ON CONFLICT DO NOTHING;
INSERT INTO tiers (plan_id, min_days, max_days, price_inr, is_active) VALUES ('e893ddad-38b5-4e81-8e49-e1e7b5c61a20', 31, 365, 9817.6, TRUE) ON CONFLICT DO NOTHING;
INSERT INTO tiers (plan_id, min_days, max_days, price_inr, is_active) VALUES ('e893ddad-38b5-4e81-8e49-e1e7b5c61a20', 366, 730, 11092.0, TRUE) ON CONFLICT DO NOTHING;
INSERT INTO tiers (plan_id, min_days, max_days, price_inr, is_active) VALUES ('e893ddad-38b5-4e81-8e49-e1e7b5c61a20', 731, 1095, 12378.2, TRUE) ON CONFLICT DO NOTHING;
INSERT INTO plans (id, variant_id, plan_name, duration_months, max_kms) VALUES ('e8c2fc82-d289-4d66-b6c4-9c46e3b2eaa9', '4a9dfdaa-3b83-476b-a619-1f1666b810d6', '24 Months / 40,000 Kms', 24, 40000) ON CONFLICT DO NOTHING;
INSERT INTO tiers (plan_id, min_days, max_days, price_inr, is_active) VALUES ('e8c2fc82-d289-4d66-b6c4-9c46e3b2eaa9', 0, 30, 9829.4, TRUE) ON CONFLICT DO NOTHING;
INSERT INTO tiers (plan_id, min_days, max_days, price_inr, is_active) VALUES ('e8c2fc82-d289-4d66-b6c4-9c46e3b2eaa9', 31, 365, 11304.4, TRUE) ON CONFLICT DO NOTHING;
INSERT INTO tiers (plan_id, min_days, max_days, price_inr, is_active) VALUES ('e8c2fc82-d289-4d66-b6c4-9c46e3b2eaa9', 366, 730, 12779.4, TRUE) ON CONFLICT DO NOTHING;
INSERT INTO tiers (plan_id, min_days, max_days, price_inr, is_active) VALUES ('e8c2fc82-d289-4d66-b6c4-9c46e3b2eaa9', 731, 1095, 14254.4, TRUE) ON CONFLICT DO NOTHING;
INSERT INTO plans (id, variant_id, plan_name, duration_months, max_kms) VALUES ('75dc56c5-ca68-4282-9989-20fa2b68c05c', '4a9dfdaa-3b83-476b-a619-1f1666b810d6', '36 Months / 60,000 Kms', 36, 60000) ON CONFLICT DO NOTHING;
INSERT INTO tiers (plan_id, min_days, max_days, price_inr, is_active) VALUES ('75dc56c5-ca68-4282-9989-20fa2b68c05c', 0, 30, 10419.4, TRUE) ON CONFLICT DO NOTHING;
INSERT INTO tiers (plan_id, min_days, max_days, price_inr, is_active) VALUES ('75dc56c5-ca68-4282-9989-20fa2b68c05c', 31, 365, 11988.8, TRUE) ON CONFLICT DO NOTHING;
INSERT INTO tiers (plan_id, min_days, max_days, price_inr, is_active) VALUES ('75dc56c5-ca68-4282-9989-20fa2b68c05c', 366, 730, 13546.4, TRUE) ON CONFLICT DO NOTHING;
INSERT INTO tiers (plan_id, min_days, max_days, price_inr, is_active) VALUES ('75dc56c5-ca68-4282-9989-20fa2b68c05c', 731, 1095, 15115.8, TRUE) ON CONFLICT DO NOTHING;
INSERT INTO variants (id, model_id, name, fuel, transmission, oem_warranty_months, oem_warranty_kms) VALUES ('4d818500-d454-4e52-92b3-da75a41d6d16', 'd4ba1065-95e7-4bf2-a0b7-0efa8387ddcd', 'WAGONR ZXI 1.2L', 'Petrol', 'Manual', 36, 100000) ON CONFLICT DO NOTHING;
INSERT INTO plans (id, variant_id, plan_name, duration_months, max_kms) VALUES ('2cca68f6-ffcc-4649-9d76-be366da2cf23', '4d818500-d454-4e52-92b3-da75a41d6d16', '12 Months / 20,000 Kms', 12, 20000) ON CONFLICT DO NOTHING;
INSERT INTO tiers (plan_id, min_days, max_days, price_inr, is_active) VALUES ('2cca68f6-ffcc-4649-9d76-be366da2cf23', 0, 30, 8165.6, TRUE) ON CONFLICT DO NOTHING;
INSERT INTO tiers (plan_id, min_days, max_days, price_inr, is_active) VALUES ('2cca68f6-ffcc-4649-9d76-be366da2cf23', 31, 365, 9392.8, TRUE) ON CONFLICT DO NOTHING;
INSERT INTO tiers (plan_id, min_days, max_days, price_inr, is_active) VALUES ('2cca68f6-ffcc-4649-9d76-be366da2cf23', 366, 730, 10620.0, TRUE) ON CONFLICT DO NOTHING;
INSERT INTO tiers (plan_id, min_days, max_days, price_inr, is_active) VALUES ('2cca68f6-ffcc-4649-9d76-be366da2cf23', 731, 1095, 11847.2, TRUE) ON CONFLICT DO NOTHING;
INSERT INTO plans (id, variant_id, plan_name, duration_months, max_kms) VALUES ('e25388ec-5b46-495f-aef5-9bbe74712268', '4d818500-d454-4e52-92b3-da75a41d6d16', '24 Months / 40,000 Kms', 24, 40000) ON CONFLICT DO NOTHING;
INSERT INTO tiers (plan_id, min_days, max_days, price_inr, is_active) VALUES ('e25388ec-5b46-495f-aef5-9bbe74712268', 0, 30, 9463.6, TRUE) ON CONFLICT DO NOTHING;
INSERT INTO tiers (plan_id, min_days, max_days, price_inr, is_active) VALUES ('e25388ec-5b46-495f-aef5-9bbe74712268', 31, 365, 10891.4, TRUE) ON CONFLICT DO NOTHING;
INSERT INTO tiers (plan_id, min_days, max_days, price_inr, is_active) VALUES ('e25388ec-5b46-495f-aef5-9bbe74712268', 366, 730, 12307.4, TRUE) ON CONFLICT DO NOTHING;
INSERT INTO tiers (plan_id, min_days, max_days, price_inr, is_active) VALUES ('e25388ec-5b46-495f-aef5-9bbe74712268', 731, 1095, 13723.4, TRUE) ON CONFLICT DO NOTHING;
INSERT INTO plans (id, variant_id, plan_name, duration_months, max_kms) VALUES ('dad5cb30-3ed6-4a71-ac39-7ae3710cf9ca', '4d818500-d454-4e52-92b3-da75a41d6d16', '36 Months / 60,000 Kms', 36, 60000) ON CONFLICT DO NOTHING;
INSERT INTO tiers (plan_id, min_days, max_days, price_inr, is_active) VALUES ('dad5cb30-3ed6-4a71-ac39-7ae3710cf9ca', 0, 30, 10053.6, TRUE) ON CONFLICT DO NOTHING;
INSERT INTO tiers (plan_id, min_days, max_days, price_inr, is_active) VALUES ('dad5cb30-3ed6-4a71-ac39-7ae3710cf9ca', 31, 365, 11564.0, TRUE) ON CONFLICT DO NOTHING;
INSERT INTO tiers (plan_id, min_days, max_days, price_inr, is_active) VALUES ('dad5cb30-3ed6-4a71-ac39-7ae3710cf9ca', 366, 730, 13074.4, TRUE) ON CONFLICT DO NOTHING;
INSERT INTO tiers (plan_id, min_days, max_days, price_inr, is_active) VALUES ('dad5cb30-3ed6-4a71-ac39-7ae3710cf9ca', 731, 1095, 14584.8, TRUE) ON CONFLICT DO NOTHING;
INSERT INTO variants (id, model_id, name, fuel, transmission, oem_warranty_months, oem_warranty_kms) VALUES ('75540248-1b12-4598-b220-7730fe7d979b', 'd4ba1065-95e7-4bf2-a0b7-0efa8387ddcd', 'WAGONR ZXI AGS 1.2L', 'Petrol', 'Automatic', 36, 100000) ON CONFLICT DO NOTHING;
INSERT INTO plans (id, variant_id, plan_name, duration_months, max_kms) VALUES ('aa4b24a3-5833-4861-8a1e-290393382ee5', '75540248-1b12-4598-b220-7730fe7d979b', '12 Months / 20,000 Kms', 12, 20000) ON CONFLICT DO NOTHING;
INSERT INTO tiers (plan_id, min_days, max_days, price_inr, is_active) VALUES ('aa4b24a3-5833-4861-8a1e-290393382ee5', 0, 30, 8991.6, TRUE) ON CONFLICT DO NOTHING;
INSERT INTO tiers (plan_id, min_days, max_days, price_inr, is_active) VALUES ('aa4b24a3-5833-4861-8a1e-290393382ee5', 31, 365, 10348.6, TRUE) ON CONFLICT DO NOTHING;
INSERT INTO tiers (plan_id, min_days, max_days, price_inr, is_active) VALUES ('aa4b24a3-5833-4861-8a1e-290393382ee5', 366, 730, 11693.8, TRUE) ON CONFLICT DO NOTHING;
INSERT INTO tiers (plan_id, min_days, max_days, price_inr, is_active) VALUES ('aa4b24a3-5833-4861-8a1e-290393382ee5', 731, 1095, 13039.0, TRUE) ON CONFLICT DO NOTHING;
INSERT INTO plans (id, variant_id, plan_name, duration_months, max_kms) VALUES ('561023ae-d1e6-4980-9b42-8bc8b28adaf2', '75540248-1b12-4598-b220-7730fe7d979b', '24 Months / 40,000 Kms', 24, 40000) ON CONFLICT DO NOTHING;
INSERT INTO tiers (plan_id, min_days, max_days, price_inr, is_active) VALUES ('561023ae-d1e6-4980-9b42-8bc8b28adaf2', 0, 30, 10289.6, TRUE) ON CONFLICT DO NOTHING;
INSERT INTO tiers (plan_id, min_days, max_days, price_inr, is_active) VALUES ('561023ae-d1e6-4980-9b42-8bc8b28adaf2', 31, 365, 11835.4, TRUE) ON CONFLICT DO NOTHING;
INSERT INTO tiers (plan_id, min_days, max_days, price_inr, is_active) VALUES ('561023ae-d1e6-4980-9b42-8bc8b28adaf2', 366, 730, 13381.2, TRUE) ON CONFLICT DO NOTHING;
INSERT INTO tiers (plan_id, min_days, max_days, price_inr, is_active) VALUES ('561023ae-d1e6-4980-9b42-8bc8b28adaf2', 731, 1095, 14927.0, TRUE) ON CONFLICT DO NOTHING;
INSERT INTO plans (id, variant_id, plan_name, duration_months, max_kms) VALUES ('6dee0324-fd94-497a-aa07-a59dea6b8361', '75540248-1b12-4598-b220-7730fe7d979b', '36 Months / 60,000 Kms', 36, 60000) ON CONFLICT DO NOTHING;
INSERT INTO tiers (plan_id, min_days, max_days, price_inr, is_active) VALUES ('6dee0324-fd94-497a-aa07-a59dea6b8361', 0, 30, 10879.6, TRUE) ON CONFLICT DO NOTHING;
INSERT INTO tiers (plan_id, min_days, max_days, price_inr, is_active) VALUES ('6dee0324-fd94-497a-aa07-a59dea6b8361', 31, 365, 12519.8, TRUE) ON CONFLICT DO NOTHING;
INSERT INTO tiers (plan_id, min_days, max_days, price_inr, is_active) VALUES ('6dee0324-fd94-497a-aa07-a59dea6b8361', 366, 730, 14148.2, TRUE) ON CONFLICT DO NOTHING;
INSERT INTO tiers (plan_id, min_days, max_days, price_inr, is_active) VALUES ('6dee0324-fd94-497a-aa07-a59dea6b8361', 731, 1095, 15776.6, TRUE) ON CONFLICT DO NOTHING;
INSERT INTO models (id, brand_id, name) VALUES ('3cf360ab-9e16-4bc1-a36c-a7e3b172aca4', 'b1e782a2-c0d1-4b20-ae57-becb98f3ab90', 'WagonR TOUR') ON CONFLICT DO NOTHING;
INSERT INTO variants (id, model_id, name, fuel, transmission, oem_warranty_months, oem_warranty_kms) VALUES ('166629a4-d04b-425c-9b30-57d91c944ab1', '3cf360ab-9e16-4bc1-a36c-a7e3b172aca4', 'MARUTI TOUR H3 1L ISS 5MT', 'Hybrid', 'Manual', 36, 100000) ON CONFLICT DO NOTHING;
INSERT INTO plans (id, variant_id, plan_name, duration_months, max_kms) VALUES ('7fbb6d01-a09e-4eca-989e-c8864e0e60f0', '166629a4-d04b-425c-9b30-57d91c944ab1', '12 Months / 20,000 Kms', 12, 20000) ON CONFLICT DO NOTHING;
INSERT INTO tiers (plan_id, min_days, max_days, price_inr, is_active) VALUES ('7fbb6d01-a09e-4eca-989e-c8864e0e60f0', 0, 30, 7233.4, TRUE) ON CONFLICT DO NOTHING;
INSERT INTO tiers (plan_id, min_days, max_days, price_inr, is_active) VALUES ('7fbb6d01-a09e-4eca-989e-c8864e0e60f0', 31, 365, 8319.0, TRUE) ON CONFLICT DO NOTHING;
INSERT INTO tiers (plan_id, min_days, max_days, price_inr, is_active) VALUES ('7fbb6d01-a09e-4eca-989e-c8864e0e60f0', 366, 730, 9404.6, TRUE) ON CONFLICT DO NOTHING;
INSERT INTO tiers (plan_id, min_days, max_days, price_inr, is_active) VALUES ('7fbb6d01-a09e-4eca-989e-c8864e0e60f0', 731, 1095, 10490.2, TRUE) ON CONFLICT DO NOTHING;
INSERT INTO plans (id, variant_id, plan_name, duration_months, max_kms) VALUES ('2c87d04d-ed8b-4aa5-a0d1-4eb152cfb493', '166629a4-d04b-425c-9b30-57d91c944ab1', '24 Months / 40,000 Kms', 24, 40000) ON CONFLICT DO NOTHING;
INSERT INTO tiers (plan_id, min_days, max_days, price_inr, is_active) VALUES ('2c87d04d-ed8b-4aa5-a0d1-4eb152cfb493', 0, 30, 8531.4, TRUE) ON CONFLICT DO NOTHING;
INSERT INTO tiers (plan_id, min_days, max_days, price_inr, is_active) VALUES ('2c87d04d-ed8b-4aa5-a0d1-4eb152cfb493', 31, 365, 9817.6, TRUE) ON CONFLICT DO NOTHING;
INSERT INTO tiers (plan_id, min_days, max_days, price_inr, is_active) VALUES ('2c87d04d-ed8b-4aa5-a0d1-4eb152cfb493', 366, 730, 11092.0, TRUE) ON CONFLICT DO NOTHING;
INSERT INTO tiers (plan_id, min_days, max_days, price_inr, is_active) VALUES ('2c87d04d-ed8b-4aa5-a0d1-4eb152cfb493', 731, 1095, 12378.2, TRUE) ON CONFLICT DO NOTHING;
INSERT INTO plans (id, variant_id, plan_name, duration_months, max_kms) VALUES ('d9e95f0d-dc44-4b7e-b625-54ac3efcd5e9', '166629a4-d04b-425c-9b30-57d91c944ab1', '36 Months / 60,000 Kms', 36, 60000) ON CONFLICT DO NOTHING;
INSERT INTO tiers (plan_id, min_days, max_days, price_inr, is_active) VALUES ('d9e95f0d-dc44-4b7e-b625-54ac3efcd5e9', 0, 30, 9121.4, TRUE) ON CONFLICT DO NOTHING;
INSERT INTO tiers (plan_id, min_days, max_days, price_inr, is_active) VALUES ('d9e95f0d-dc44-4b7e-b625-54ac3efcd5e9', 31, 365, 10490.2, TRUE) ON CONFLICT DO NOTHING;
INSERT INTO tiers (plan_id, min_days, max_days, price_inr, is_active) VALUES ('d9e95f0d-dc44-4b7e-b625-54ac3efcd5e9', 366, 730, 11859.0, TRUE) ON CONFLICT DO NOTHING;
INSERT INTO tiers (plan_id, min_days, max_days, price_inr, is_active) VALUES ('d9e95f0d-dc44-4b7e-b625-54ac3efcd5e9', 731, 1095, 13227.8, TRUE) ON CONFLICT DO NOTHING;
INSERT INTO variants (id, model_id, name, fuel, transmission, oem_warranty_months, oem_warranty_kms) VALUES ('84b15d26-1589-4ba8-b1ea-653c7c20bd4c', '3cf360ab-9e16-4bc1-a36c-a7e3b172aca4', 'MARUTI TOUR H3 CNG 1L 5MT', 'CNG', 'Manual', 36, 100000) ON CONFLICT DO NOTHING;
INSERT INTO plans (id, variant_id, plan_name, duration_months, max_kms) VALUES ('cca5dd71-f7bc-4a72-9bac-4f3954f1aa24', '84b15d26-1589-4ba8-b1ea-653c7c20bd4c', '12 Months / 20,000 Kms', 12, 20000) ON CONFLICT DO NOTHING;
INSERT INTO tiers (plan_id, min_days, max_days, price_inr, is_active) VALUES ('cca5dd71-f7bc-4a72-9bac-4f3954f1aa24', 0, 30, 8720.2, TRUE) ON CONFLICT DO NOTHING;
INSERT INTO tiers (plan_id, min_days, max_days, price_inr, is_active) VALUES ('cca5dd71-f7bc-4a72-9bac-4f3954f1aa24', 31, 365, 10030.0, TRUE) ON CONFLICT DO NOTHING;
INSERT INTO tiers (plan_id, min_days, max_days, price_inr, is_active) VALUES ('cca5dd71-f7bc-4a72-9bac-4f3954f1aa24', 366, 730, 11339.8, TRUE) ON CONFLICT DO NOTHING;
INSERT INTO tiers (plan_id, min_days, max_days, price_inr, is_active) VALUES ('cca5dd71-f7bc-4a72-9bac-4f3954f1aa24', 731, 1095, 12649.6, TRUE) ON CONFLICT DO NOTHING;
INSERT INTO plans (id, variant_id, plan_name, duration_months, max_kms) VALUES ('714e090e-f51e-48ec-a775-5dc9e3962b5d', '84b15d26-1589-4ba8-b1ea-653c7c20bd4c', '24 Months / 40,000 Kms', 24, 40000) ON CONFLICT DO NOTHING;
INSERT INTO tiers (plan_id, min_days, max_days, price_inr, is_active) VALUES ('714e090e-f51e-48ec-a775-5dc9e3962b5d', 0, 30, 10018.2, TRUE) ON CONFLICT DO NOTHING;
INSERT INTO tiers (plan_id, min_days, max_days, price_inr, is_active) VALUES ('714e090e-f51e-48ec-a775-5dc9e3962b5d', 31, 365, 11528.6, TRUE) ON CONFLICT DO NOTHING;
INSERT INTO tiers (plan_id, min_days, max_days, price_inr, is_active) VALUES ('714e090e-f51e-48ec-a775-5dc9e3962b5d', 366, 730, 13027.2, TRUE) ON CONFLICT DO NOTHING;
INSERT INTO tiers (plan_id, min_days, max_days, price_inr, is_active) VALUES ('714e090e-f51e-48ec-a775-5dc9e3962b5d', 731, 1095, 14537.6, TRUE) ON CONFLICT DO NOTHING;
INSERT INTO plans (id, variant_id, plan_name, duration_months, max_kms) VALUES ('f74e4f67-1808-46cb-8aa4-6d12901e7207', '84b15d26-1589-4ba8-b1ea-653c7c20bd4c', '36 Months / 60,000 Kms', 36, 60000) ON CONFLICT DO NOTHING;
INSERT INTO tiers (plan_id, min_days, max_days, price_inr, is_active) VALUES ('f74e4f67-1808-46cb-8aa4-6d12901e7207', 0, 30, 10608.2, TRUE) ON CONFLICT DO NOTHING;
INSERT INTO tiers (plan_id, min_days, max_days, price_inr, is_active) VALUES ('f74e4f67-1808-46cb-8aa4-6d12901e7207', 31, 365, 12201.2, TRUE) ON CONFLICT DO NOTHING;
INSERT INTO tiers (plan_id, min_days, max_days, price_inr, is_active) VALUES ('f74e4f67-1808-46cb-8aa4-6d12901e7207', 366, 730, 13794.2, TRUE) ON CONFLICT DO NOTHING;
INSERT INTO tiers (plan_id, min_days, max_days, price_inr, is_active) VALUES ('f74e4f67-1808-46cb-8aa4-6d12901e7207', 731, 1095, 15387.2, TRUE) ON CONFLICT DO NOTHING;
INSERT INTO models (id, brand_id, name) VALUES ('195faee4-315b-4c37-a627-1861abe91c5f', 'b1e782a2-c0d1-4b20-ae57-becb98f3ab90', 'XL6') ON CONFLICT DO NOTHING;
INSERT INTO variants (id, model_id, name, fuel, transmission, oem_warranty_months, oem_warranty_kms) VALUES ('a71f3968-6741-470d-addd-26b5ceba1b8c', '195faee4-315b-4c37-a627-1861abe91c5f', 'MARUTI XL6 SMART HYBRID ZETA 1.5L 5MT', 'Hybrid', 'Manual', 36, 100000) ON CONFLICT DO NOTHING;
INSERT INTO plans (id, variant_id, plan_name, duration_months, max_kms) VALUES ('a0669f4e-f875-4939-b05a-e8d1f7a3d85a', 'a71f3968-6741-470d-addd-26b5ceba1b8c', '12 Months / 20,000 Kms', 12, 20000) ON CONFLICT DO NOTHING;
INSERT INTO tiers (plan_id, min_days, max_days, price_inr, is_active) VALUES ('a0669f4e-f875-4939-b05a-e8d1f7a3d85a', 0, 30, 18596.8, TRUE) ON CONFLICT DO NOTHING;
INSERT INTO tiers (plan_id, min_days, max_days, price_inr, is_active) VALUES ('a0669f4e-f875-4939-b05a-e8d1f7a3d85a', 31, 365, 21393.4, TRUE) ON CONFLICT DO NOTHING;
INSERT INTO tiers (plan_id, min_days, max_days, price_inr, is_active) VALUES ('a0669f4e-f875-4939-b05a-e8d1f7a3d85a', 366, 730, 24178.2, TRUE) ON CONFLICT DO NOTHING;
INSERT INTO tiers (plan_id, min_days, max_days, price_inr, is_active) VALUES ('a0669f4e-f875-4939-b05a-e8d1f7a3d85a', 731, 1095, 26974.8, TRUE) ON CONFLICT DO NOTHING;
INSERT INTO plans (id, variant_id, plan_name, duration_months, max_kms) VALUES ('e8a93614-1adf-46fd-a2cc-68c38400cf5f', 'a71f3968-6741-470d-addd-26b5ceba1b8c', '24 Months / 40,000 Kms', 24, 40000) ON CONFLICT DO NOTHING;
INSERT INTO tiers (plan_id, min_days, max_days, price_inr, is_active) VALUES ('e8a93614-1adf-46fd-a2cc-68c38400cf5f', 0, 30, 20484.8, TRUE) ON CONFLICT DO NOTHING;
INSERT INTO tiers (plan_id, min_days, max_days, price_inr, is_active) VALUES ('e8a93614-1adf-46fd-a2cc-68c38400cf5f', 31, 365, 23564.6, TRUE) ON CONFLICT DO NOTHING;
INSERT INTO tiers (plan_id, min_days, max_days, price_inr, is_active) VALUES ('e8a93614-1adf-46fd-a2cc-68c38400cf5f', 366, 730, 26632.6, TRUE) ON CONFLICT DO NOTHING;
INSERT INTO tiers (plan_id, min_days, max_days, price_inr, is_active) VALUES ('e8a93614-1adf-46fd-a2cc-68c38400cf5f', 731, 1095, 29712.4, TRUE) ON CONFLICT DO NOTHING;
INSERT INTO plans (id, variant_id, plan_name, duration_months, max_kms) VALUES ('2dfd2294-14a9-4ea0-a11d-9660341e7276', 'a71f3968-6741-470d-addd-26b5ceba1b8c', '36 Months / 60,000 Kms', 36, 60000) ON CONFLICT DO NOTHING;
INSERT INTO tiers (plan_id, min_days, max_days, price_inr, is_active) VALUES ('2dfd2294-14a9-4ea0-a11d-9660341e7276', 0, 30, 22372.8, TRUE) ON CONFLICT DO NOTHING;
INSERT INTO tiers (plan_id, min_days, max_days, price_inr, is_active) VALUES ('2dfd2294-14a9-4ea0-a11d-9660341e7276', 31, 365, 25735.8, TRUE) ON CONFLICT DO NOTHING;
INSERT INTO tiers (plan_id, min_days, max_days, price_inr, is_active) VALUES ('2dfd2294-14a9-4ea0-a11d-9660341e7276', 366, 730, 29087.0, TRUE) ON CONFLICT DO NOTHING;
INSERT INTO tiers (plan_id, min_days, max_days, price_inr, is_active) VALUES ('2dfd2294-14a9-4ea0-a11d-9660341e7276', 731, 1095, 32450.0, TRUE) ON CONFLICT DO NOTHING;
INSERT INTO variants (id, model_id, name, fuel, transmission, oem_warranty_months, oem_warranty_kms) VALUES ('184d7746-3018-4f8c-bf3c-e9826d539464', '195faee4-315b-4c37-a627-1861abe91c5f', 'MARUTI XL6 ZETA CNG 1.5L 5MT', 'CNG', 'Manual', 36, 100000) ON CONFLICT DO NOTHING;
INSERT INTO plans (id, variant_id, plan_name, duration_months, max_kms) VALUES ('d1775f56-0dbb-43b9-b8a4-5998072199c2', '184d7746-3018-4f8c-bf3c-e9826d539464', '12 Months / 20,000 Kms', 12, 20000) ON CONFLICT DO NOTHING;
INSERT INTO tiers (plan_id, min_days, max_days, price_inr, is_active) VALUES ('d1775f56-0dbb-43b9-b8a4-5998072199c2', 0, 30, 20437.6, TRUE) ON CONFLICT DO NOTHING;
INSERT INTO tiers (plan_id, min_days, max_days, price_inr, is_active) VALUES ('d1775f56-0dbb-43b9-b8a4-5998072199c2', 31, 365, 23505.6, TRUE) ON CONFLICT DO NOTHING;
INSERT INTO tiers (plan_id, min_days, max_days, price_inr, is_active) VALUES ('d1775f56-0dbb-43b9-b8a4-5998072199c2', 366, 730, 26573.6, TRUE) ON CONFLICT DO NOTHING;
INSERT INTO tiers (plan_id, min_days, max_days, price_inr, is_active) VALUES ('d1775f56-0dbb-43b9-b8a4-5998072199c2', 731, 1095, 29641.6, TRUE) ON CONFLICT DO NOTHING;
INSERT INTO plans (id, variant_id, plan_name, duration_months, max_kms) VALUES ('730b851d-d8cf-403d-8ebe-be1629584b66', '184d7746-3018-4f8c-bf3c-e9826d539464', '24 Months / 40,000 Kms', 24, 40000) ON CONFLICT DO NOTHING;
INSERT INTO tiers (plan_id, min_days, max_days, price_inr, is_active) VALUES ('730b851d-d8cf-403d-8ebe-be1629584b66', 0, 30, 22325.6, TRUE) ON CONFLICT DO NOTHING;
INSERT INTO tiers (plan_id, min_days, max_days, price_inr, is_active) VALUES ('730b851d-d8cf-403d-8ebe-be1629584b66', 31, 365, 25676.8, TRUE) ON CONFLICT DO NOTHING;
INSERT INTO tiers (plan_id, min_days, max_days, price_inr, is_active) VALUES ('730b851d-d8cf-403d-8ebe-be1629584b66', 366, 730, 29028.0, TRUE) ON CONFLICT DO NOTHING;
INSERT INTO tiers (plan_id, min_days, max_days, price_inr, is_active) VALUES ('730b851d-d8cf-403d-8ebe-be1629584b66', 731, 1095, 32379.2, TRUE) ON CONFLICT DO NOTHING;
INSERT INTO plans (id, variant_id, plan_name, duration_months, max_kms) VALUES ('91bafbce-b508-40d3-8ad8-4d1df1cde48e', '184d7746-3018-4f8c-bf3c-e9826d539464', '36 Months / 60,000 Kms', 36, 60000) ON CONFLICT DO NOTHING;
INSERT INTO tiers (plan_id, min_days, max_days, price_inr, is_active) VALUES ('91bafbce-b508-40d3-8ad8-4d1df1cde48e', 0, 30, 24213.6, TRUE) ON CONFLICT DO NOTHING;
INSERT INTO tiers (plan_id, min_days, max_days, price_inr, is_active) VALUES ('91bafbce-b508-40d3-8ad8-4d1df1cde48e', 31, 365, 27848.0, TRUE) ON CONFLICT DO NOTHING;
INSERT INTO tiers (plan_id, min_days, max_days, price_inr, is_active) VALUES ('91bafbce-b508-40d3-8ad8-4d1df1cde48e', 366, 730, 31482.4, TRUE) ON CONFLICT DO NOTHING;
INSERT INTO tiers (plan_id, min_days, max_days, price_inr, is_active) VALUES ('91bafbce-b508-40d3-8ad8-4d1df1cde48e', 731, 1095, 35116.8, TRUE) ON CONFLICT DO NOTHING;
INSERT INTO variants (id, model_id, name, fuel, transmission, oem_warranty_months, oem_warranty_kms) VALUES ('b1b19236-d281-46da-a873-57e87a375919', '195faee4-315b-4c37-a627-1861abe91c5f', 'MARUTI XL6 SMART HYBRID ALPHA 1.5L 5MT', 'Hybrid', 'Manual', 36, 100000) ON CONFLICT DO NOTHING;
INSERT INTO plans (id, variant_id, plan_name, duration_months, max_kms) VALUES ('b2c8d20d-5a99-4ba5-8fa6-e25af6fe6ed2', 'b1b19236-d281-46da-a873-57e87a375919', '12 Months / 20,000 Kms', 12, 20000) ON CONFLICT DO NOTHING;
INSERT INTO tiers (plan_id, min_days, max_days, price_inr, is_active) VALUES ('b2c8d20d-5a99-4ba5-8fa6-e25af6fe6ed2', 0, 30, 20532.0, TRUE) ON CONFLICT DO NOTHING;
INSERT INTO tiers (plan_id, min_days, max_days, price_inr, is_active) VALUES ('b2c8d20d-5a99-4ba5-8fa6-e25af6fe6ed2', 31, 365, 23611.8, TRUE) ON CONFLICT DO NOTHING;
INSERT INTO tiers (plan_id, min_days, max_days, price_inr, is_active) VALUES ('b2c8d20d-5a99-4ba5-8fa6-e25af6fe6ed2', 366, 730, 26691.6, TRUE) ON CONFLICT DO NOTHING;
INSERT INTO tiers (plan_id, min_days, max_days, price_inr, is_active) VALUES ('b2c8d20d-5a99-4ba5-8fa6-e25af6fe6ed2', 731, 1095, 29771.4, TRUE) ON CONFLICT DO NOTHING;
INSERT INTO plans (id, variant_id, plan_name, duration_months, max_kms) VALUES ('579a1a42-f9db-48bb-91f2-ac12d816e55c', 'b1b19236-d281-46da-a873-57e87a375919', '24 Months / 40,000 Kms', 24, 40000) ON CONFLICT DO NOTHING;
INSERT INTO tiers (plan_id, min_days, max_days, price_inr, is_active) VALUES ('579a1a42-f9db-48bb-91f2-ac12d816e55c', 0, 30, 22420.0, TRUE) ON CONFLICT DO NOTHING;
INSERT INTO tiers (plan_id, min_days, max_days, price_inr, is_active) VALUES ('579a1a42-f9db-48bb-91f2-ac12d816e55c', 31, 365, 25783.0, TRUE) ON CONFLICT DO NOTHING;
INSERT INTO tiers (plan_id, min_days, max_days, price_inr, is_active) VALUES ('579a1a42-f9db-48bb-91f2-ac12d816e55c', 366, 730, 29146.0, TRUE) ON CONFLICT DO NOTHING;
INSERT INTO tiers (plan_id, min_days, max_days, price_inr, is_active) VALUES ('579a1a42-f9db-48bb-91f2-ac12d816e55c', 731, 1095, 32509.0, TRUE) ON CONFLICT DO NOTHING;
INSERT INTO plans (id, variant_id, plan_name, duration_months, max_kms) VALUES ('3777f0d6-bd96-4093-b9aa-2317a1d03341', 'b1b19236-d281-46da-a873-57e87a375919', '36 Months / 60,000 Kms', 36, 60000) ON CONFLICT DO NOTHING;
INSERT INTO tiers (plan_id, min_days, max_days, price_inr, is_active) VALUES ('3777f0d6-bd96-4093-b9aa-2317a1d03341', 0, 30, 24308.0, TRUE) ON CONFLICT DO NOTHING;
INSERT INTO tiers (plan_id, min_days, max_days, price_inr, is_active) VALUES ('3777f0d6-bd96-4093-b9aa-2317a1d03341', 31, 365, 27954.2, TRUE) ON CONFLICT DO NOTHING;
INSERT INTO tiers (plan_id, min_days, max_days, price_inr, is_active) VALUES ('3777f0d6-bd96-4093-b9aa-2317a1d03341', 366, 730, 31600.4, TRUE) ON CONFLICT DO NOTHING;
INSERT INTO tiers (plan_id, min_days, max_days, price_inr, is_active) VALUES ('3777f0d6-bd96-4093-b9aa-2317a1d03341', 731, 1095, 35246.6, TRUE) ON CONFLICT DO NOTHING;
INSERT INTO variants (id, model_id, name, fuel, transmission, oem_warranty_months, oem_warranty_kms) VALUES ('e5871f5f-daab-48a0-847c-f764ba908ffd', '195faee4-315b-4c37-a627-1861abe91c5f', 'MARUTI XL6 SMART HYBRID ZETA 1.5L 6AT', 'Hybrid', 'Automatic', 36, 100000) ON CONFLICT DO NOTHING;
INSERT INTO plans (id, variant_id, plan_name, duration_months, max_kms) VALUES ('f759fc8d-0656-4af2-9995-10e8b63ff815', 'e5871f5f-daab-48a0-847c-f764ba908ffd', '12 Months / 20,000 Kms', 12, 20000) ON CONFLICT DO NOTHING;
INSERT INTO tiers (plan_id, min_days, max_days, price_inr, is_active) VALUES ('f759fc8d-0656-4af2-9995-10e8b63ff815', 0, 30, 21405.2, TRUE) ON CONFLICT DO NOTHING;
INSERT INTO tiers (plan_id, min_days, max_days, price_inr, is_active) VALUES ('f759fc8d-0656-4af2-9995-10e8b63ff815', 31, 365, 24626.6, TRUE) ON CONFLICT DO NOTHING;
INSERT INTO tiers (plan_id, min_days, max_days, price_inr, is_active) VALUES ('f759fc8d-0656-4af2-9995-10e8b63ff815', 366, 730, 27836.2, TRUE) ON CONFLICT DO NOTHING;
INSERT INTO tiers (plan_id, min_days, max_days, price_inr, is_active) VALUES ('f759fc8d-0656-4af2-9995-10e8b63ff815', 731, 1095, 31045.8, TRUE) ON CONFLICT DO NOTHING;
INSERT INTO plans (id, variant_id, plan_name, duration_months, max_kms) VALUES ('480ec386-2711-4494-b63b-3f0852747577', 'e5871f5f-daab-48a0-847c-f764ba908ffd', '24 Months / 40,000 Kms', 24, 40000) ON CONFLICT DO NOTHING;
INSERT INTO tiers (plan_id, min_days, max_days, price_inr, is_active) VALUES ('480ec386-2711-4494-b63b-3f0852747577', 0, 30, 23293.2, TRUE) ON CONFLICT DO NOTHING;
INSERT INTO tiers (plan_id, min_days, max_days, price_inr, is_active) VALUES ('480ec386-2711-4494-b63b-3f0852747577', 31, 365, 26797.8, TRUE) ON CONFLICT DO NOTHING;
INSERT INTO tiers (plan_id, min_days, max_days, price_inr, is_active) VALUES ('480ec386-2711-4494-b63b-3f0852747577', 366, 730, 30290.6, TRUE) ON CONFLICT DO NOTHING;
INSERT INTO tiers (plan_id, min_days, max_days, price_inr, is_active) VALUES ('480ec386-2711-4494-b63b-3f0852747577', 731, 1095, 33783.4, TRUE) ON CONFLICT DO NOTHING;
INSERT INTO plans (id, variant_id, plan_name, duration_months, max_kms) VALUES ('dad3b1ea-c33c-46ba-a807-70ecaa439618', 'e5871f5f-daab-48a0-847c-f764ba908ffd', '36 Months / 60,000 Kms', 36, 60000) ON CONFLICT DO NOTHING;
INSERT INTO tiers (plan_id, min_days, max_days, price_inr, is_active) VALUES ('dad3b1ea-c33c-46ba-a807-70ecaa439618', 0, 30, 25181.2, TRUE) ON CONFLICT DO NOTHING;
INSERT INTO tiers (plan_id, min_days, max_days, price_inr, is_active) VALUES ('dad3b1ea-c33c-46ba-a807-70ecaa439618', 31, 365, 28969.0, TRUE) ON CONFLICT DO NOTHING;
INSERT INTO tiers (plan_id, min_days, max_days, price_inr, is_active) VALUES ('dad3b1ea-c33c-46ba-a807-70ecaa439618', 366, 730, 32745.0, TRUE) ON CONFLICT DO NOTHING;
INSERT INTO tiers (plan_id, min_days, max_days, price_inr, is_active) VALUES ('dad3b1ea-c33c-46ba-a807-70ecaa439618', 731, 1095, 36521.0, TRUE) ON CONFLICT DO NOTHING;
INSERT INTO variants (id, model_id, name, fuel, transmission, oem_warranty_months, oem_warranty_kms) VALUES ('f100470f-4ff8-4fad-9b0f-9442824d571c', '195faee4-315b-4c37-a627-1861abe91c5f', 'MARUTI XL6 SMART HYBRID ALPHA+ 1.5L 5MT', 'Hybrid', 'Manual', 36, 100000) ON CONFLICT DO NOTHING;
INSERT INTO plans (id, variant_id, plan_name, duration_months, max_kms) VALUES ('b32d80ad-aee8-48f8-b366-3bbc3417cce0', 'f100470f-4ff8-4fad-9b0f-9442824d571c', '12 Months / 20,000 Kms', 12, 20000) ON CONFLICT DO NOTHING;
INSERT INTO tiers (plan_id, min_days, max_days, price_inr, is_active) VALUES ('b32d80ad-aee8-48f8-b366-3bbc3417cce0', 0, 30, 22007.0, TRUE) ON CONFLICT DO NOTHING;
INSERT INTO tiers (plan_id, min_days, max_days, price_inr, is_active) VALUES ('b32d80ad-aee8-48f8-b366-3bbc3417cce0', 31, 365, 25311.0, TRUE) ON CONFLICT DO NOTHING;
INSERT INTO tiers (plan_id, min_days, max_days, price_inr, is_active) VALUES ('b32d80ad-aee8-48f8-b366-3bbc3417cce0', 366, 730, 28615.0, TRUE) ON CONFLICT DO NOTHING;
INSERT INTO tiers (plan_id, min_days, max_days, price_inr, is_active) VALUES ('b32d80ad-aee8-48f8-b366-3bbc3417cce0', 731, 1095, 31919.0, TRUE) ON CONFLICT DO NOTHING;
INSERT INTO plans (id, variant_id, plan_name, duration_months, max_kms) VALUES ('c2394b75-44fa-43b8-bd0a-1c485cb2d8ee', 'f100470f-4ff8-4fad-9b0f-9442824d571c', '24 Months / 40,000 Kms', 24, 40000) ON CONFLICT DO NOTHING;
INSERT INTO tiers (plan_id, min_days, max_days, price_inr, is_active) VALUES ('c2394b75-44fa-43b8-bd0a-1c485cb2d8ee', 0, 30, 23895.0, TRUE) ON CONFLICT DO NOTHING;
INSERT INTO tiers (plan_id, min_days, max_days, price_inr, is_active) VALUES ('c2394b75-44fa-43b8-bd0a-1c485cb2d8ee', 31, 365, 27482.2, TRUE) ON CONFLICT DO NOTHING;
INSERT INTO tiers (plan_id, min_days, max_days, price_inr, is_active) VALUES ('c2394b75-44fa-43b8-bd0a-1c485cb2d8ee', 366, 730, 31069.4, TRUE) ON CONFLICT DO NOTHING;
INSERT INTO tiers (plan_id, min_days, max_days, price_inr, is_active) VALUES ('c2394b75-44fa-43b8-bd0a-1c485cb2d8ee', 731, 1095, 34656.6, TRUE) ON CONFLICT DO NOTHING;
INSERT INTO plans (id, variant_id, plan_name, duration_months, max_kms) VALUES ('dbcb2150-59b2-466d-b93d-2c6d8f64c343', 'f100470f-4ff8-4fad-9b0f-9442824d571c', '36 Months / 60,000 Kms', 36, 60000) ON CONFLICT DO NOTHING;
INSERT INTO tiers (plan_id, min_days, max_days, price_inr, is_active) VALUES ('dbcb2150-59b2-466d-b93d-2c6d8f64c343', 0, 30, 25783.0, TRUE) ON CONFLICT DO NOTHING;
INSERT INTO tiers (plan_id, min_days, max_days, price_inr, is_active) VALUES ('dbcb2150-59b2-466d-b93d-2c6d8f64c343', 31, 365, 29653.4, TRUE) ON CONFLICT DO NOTHING;
INSERT INTO tiers (plan_id, min_days, max_days, price_inr, is_active) VALUES ('dbcb2150-59b2-466d-b93d-2c6d8f64c343', 366, 730, 33523.8, TRUE) ON CONFLICT DO NOTHING;
INSERT INTO tiers (plan_id, min_days, max_days, price_inr, is_active) VALUES ('dbcb2150-59b2-466d-b93d-2c6d8f64c343', 731, 1095, 37394.2, TRUE) ON CONFLICT DO NOTHING;
INSERT INTO variants (id, model_id, name, fuel, transmission, oem_warranty_months, oem_warranty_kms) VALUES ('394e8ff3-7f5f-4f80-be3e-42e6a7701442', '195faee4-315b-4c37-a627-1861abe91c5f', 'MARUTI XL6 SMART HYBRID ZETA', 'Hybrid', 'Manual', 36, 100000) ON CONFLICT DO NOTHING;
INSERT INTO plans (id, variant_id, plan_name, duration_months, max_kms) VALUES ('b561adcd-3dfc-4351-943f-f8b8f71a69a1', '394e8ff3-7f5f-4f80-be3e-42e6a7701442', '12 Months / 20,000 Kms', 12, 20000) ON CONFLICT DO NOTHING;
INSERT INTO tiers (plan_id, min_days, max_days, price_inr, is_active) VALUES ('b561adcd-3dfc-4351-943f-f8b8f71a69a1', 0, 30, 15847.4, TRUE) ON CONFLICT DO NOTHING;
INSERT INTO tiers (plan_id, min_days, max_days, price_inr, is_active) VALUES ('b561adcd-3dfc-4351-943f-f8b8f71a69a1', 31, 365, 18231.0, TRUE) ON CONFLICT DO NOTHING;
INSERT INTO tiers (plan_id, min_days, max_days, price_inr, is_active) VALUES ('b561adcd-3dfc-4351-943f-f8b8f71a69a1', 366, 730, 20602.8, TRUE) ON CONFLICT DO NOTHING;
INSERT INTO tiers (plan_id, min_days, max_days, price_inr, is_active) VALUES ('b561adcd-3dfc-4351-943f-f8b8f71a69a1', 731, 1095, 22986.4, TRUE) ON CONFLICT DO NOTHING;
INSERT INTO plans (id, variant_id, plan_name, duration_months, max_kms) VALUES ('566322c5-f059-4734-9aa7-e41ec2d2bf91', '394e8ff3-7f5f-4f80-be3e-42e6a7701442', '24 Months / 40,000 Kms', 24, 40000) ON CONFLICT DO NOTHING;
INSERT INTO tiers (plan_id, min_days, max_days, price_inr, is_active) VALUES ('566322c5-f059-4734-9aa7-e41ec2d2bf91', 0, 30, 17735.4, TRUE) ON CONFLICT DO NOTHING;
INSERT INTO tiers (plan_id, min_days, max_days, price_inr, is_active) VALUES ('566322c5-f059-4734-9aa7-e41ec2d2bf91', 31, 365, 20402.2, TRUE) ON CONFLICT DO NOTHING;
INSERT INTO tiers (plan_id, min_days, max_days, price_inr, is_active) VALUES ('566322c5-f059-4734-9aa7-e41ec2d2bf91', 366, 730, 23057.2, TRUE) ON CONFLICT DO NOTHING;
INSERT INTO tiers (plan_id, min_days, max_days, price_inr, is_active) VALUES ('566322c5-f059-4734-9aa7-e41ec2d2bf91', 731, 1095, 25724.0, TRUE) ON CONFLICT DO NOTHING;
INSERT INTO plans (id, variant_id, plan_name, duration_months, max_kms) VALUES ('4d055be6-63d1-4e39-b970-10e25b55a191', '394e8ff3-7f5f-4f80-be3e-42e6a7701442', '36 Months / 60,000 Kms', 36, 60000) ON CONFLICT DO NOTHING;
INSERT INTO tiers (plan_id, min_days, max_days, price_inr, is_active) VALUES ('4d055be6-63d1-4e39-b970-10e25b55a191', 0, 30, 19623.4, TRUE) ON CONFLICT DO NOTHING;
INSERT INTO tiers (plan_id, min_days, max_days, price_inr, is_active) VALUES ('4d055be6-63d1-4e39-b970-10e25b55a191', 31, 365, 22573.4, TRUE) ON CONFLICT DO NOTHING;
INSERT INTO tiers (plan_id, min_days, max_days, price_inr, is_active) VALUES ('4d055be6-63d1-4e39-b970-10e25b55a191', 366, 730, 25511.6, TRUE) ON CONFLICT DO NOTHING;
INSERT INTO tiers (plan_id, min_days, max_days, price_inr, is_active) VALUES ('4d055be6-63d1-4e39-b970-10e25b55a191', 731, 1095, 28461.6, TRUE) ON CONFLICT DO NOTHING;
INSERT INTO variants (id, model_id, name, fuel, transmission, oem_warranty_months, oem_warranty_kms) VALUES ('b6edeaff-441e-4cd2-9abd-0bb8d13de2ef', '195faee4-315b-4c37-a627-1861abe91c5f', 'MARUTI XL6 SMART HYBRID ALPHA', 'Hybrid', 'Manual', 36, 100000) ON CONFLICT DO NOTHING;
INSERT INTO plans (id, variant_id, plan_name, duration_months, max_kms) VALUES ('ecbb6233-ad46-48ae-9f30-adc9389681c3', 'b6edeaff-441e-4cd2-9abd-0bb8d13de2ef', '12 Months / 20,000 Kms', 12, 20000) ON CONFLICT DO NOTHING;
INSERT INTO tiers (plan_id, min_days, max_days, price_inr, is_active) VALUES ('ecbb6233-ad46-48ae-9f30-adc9389681c3', 0, 30, 17169.0, TRUE) ON CONFLICT DO NOTHING;
INSERT INTO tiers (plan_id, min_days, max_days, price_inr, is_active) VALUES ('ecbb6233-ad46-48ae-9f30-adc9389681c3', 31, 365, 19753.2, TRUE) ON CONFLICT DO NOTHING;
INSERT INTO tiers (plan_id, min_days, max_days, price_inr, is_active) VALUES ('ecbb6233-ad46-48ae-9f30-adc9389681c3', 366, 730, 22325.6, TRUE) ON CONFLICT DO NOTHING;
INSERT INTO tiers (plan_id, min_days, max_days, price_inr, is_active) VALUES ('ecbb6233-ad46-48ae-9f30-adc9389681c3', 731, 1095, 24898.0, TRUE) ON CONFLICT DO NOTHING;
INSERT INTO plans (id, variant_id, plan_name, duration_months, max_kms) VALUES ('89a22aaa-1070-4ead-a5c1-686c55a63e36', 'b6edeaff-441e-4cd2-9abd-0bb8d13de2ef', '24 Months / 40,000 Kms', 24, 40000) ON CONFLICT DO NOTHING;
INSERT INTO tiers (plan_id, min_days, max_days, price_inr, is_active) VALUES ('89a22aaa-1070-4ead-a5c1-686c55a63e36', 0, 30, 19057.0, TRUE) ON CONFLICT DO NOTHING;
INSERT INTO tiers (plan_id, min_days, max_days, price_inr, is_active) VALUES ('89a22aaa-1070-4ead-a5c1-686c55a63e36', 31, 365, 21924.4, TRUE) ON CONFLICT DO NOTHING;
INSERT INTO tiers (plan_id, min_days, max_days, price_inr, is_active) VALUES ('89a22aaa-1070-4ead-a5c1-686c55a63e36', 366, 730, 24780.0, TRUE) ON CONFLICT DO NOTHING;
INSERT INTO tiers (plan_id, min_days, max_days, price_inr, is_active) VALUES ('89a22aaa-1070-4ead-a5c1-686c55a63e36', 731, 1095, 27635.6, TRUE) ON CONFLICT DO NOTHING;
INSERT INTO plans (id, variant_id, plan_name, duration_months, max_kms) VALUES ('4894e0ea-044a-4cce-b874-a48de2cae856', 'b6edeaff-441e-4cd2-9abd-0bb8d13de2ef', '36 Months / 60,000 Kms', 36, 60000) ON CONFLICT DO NOTHING;
INSERT INTO tiers (plan_id, min_days, max_days, price_inr, is_active) VALUES ('4894e0ea-044a-4cce-b874-a48de2cae856', 0, 30, 20945.0, TRUE) ON CONFLICT DO NOTHING;
INSERT INTO tiers (plan_id, min_days, max_days, price_inr, is_active) VALUES ('4894e0ea-044a-4cce-b874-a48de2cae856', 31, 365, 24095.6, TRUE) ON CONFLICT DO NOTHING;
INSERT INTO tiers (plan_id, min_days, max_days, price_inr, is_active) VALUES ('4894e0ea-044a-4cce-b874-a48de2cae856', 366, 730, 27234.4, TRUE) ON CONFLICT DO NOTHING;
INSERT INTO tiers (plan_id, min_days, max_days, price_inr, is_active) VALUES ('4894e0ea-044a-4cce-b874-a48de2cae856', 731, 1095, 30373.2, TRUE) ON CONFLICT DO NOTHING;
INSERT INTO variants (id, model_id, name, fuel, transmission, oem_warranty_months, oem_warranty_kms) VALUES ('598755c1-044e-4f9c-9bcf-eb1a083e84e2', '195faee4-315b-4c37-a627-1861abe91c5f', 'MARUTI XL6 SMART HYBRID AUTOMATIC ZETA', 'Hybrid', 'Automatic', 36, 100000) ON CONFLICT DO NOTHING;
INSERT INTO plans (id, variant_id, plan_name, duration_months, max_kms) VALUES ('a85404ec-5079-4d9b-9f7b-ea21225974bb', '598755c1-044e-4f9c-9bcf-eb1a083e84e2', '12 Months / 20,000 Kms', 12, 20000) ON CONFLICT DO NOTHING;
INSERT INTO tiers (plan_id, min_days, max_days, price_inr, is_active) VALUES ('a85404ec-5079-4d9b-9f7b-ea21225974bb', 0, 30, 18172.0, TRUE) ON CONFLICT DO NOTHING;
INSERT INTO tiers (plan_id, min_days, max_days, price_inr, is_active) VALUES ('a85404ec-5079-4d9b-9f7b-ea21225974bb', 31, 365, 20897.8, TRUE) ON CONFLICT DO NOTHING;
INSERT INTO tiers (plan_id, min_days, max_days, price_inr, is_active) VALUES ('a85404ec-5079-4d9b-9f7b-ea21225974bb', 366, 730, 23623.6, TRUE) ON CONFLICT DO NOTHING;
INSERT INTO tiers (plan_id, min_days, max_days, price_inr, is_active) VALUES ('a85404ec-5079-4d9b-9f7b-ea21225974bb', 731, 1095, 26349.4, TRUE) ON CONFLICT DO NOTHING;
INSERT INTO plans (id, variant_id, plan_name, duration_months, max_kms) VALUES ('7593dea6-4cca-4a0c-9f56-e91d6873d9d0', '598755c1-044e-4f9c-9bcf-eb1a083e84e2', '24 Months / 40,000 Kms', 24, 40000) ON CONFLICT DO NOTHING;
INSERT INTO tiers (plan_id, min_days, max_days, price_inr, is_active) VALUES ('7593dea6-4cca-4a0c-9f56-e91d6873d9d0', 0, 30, 20060.0, TRUE) ON CONFLICT DO NOTHING;
INSERT INTO tiers (plan_id, min_days, max_days, price_inr, is_active) VALUES ('7593dea6-4cca-4a0c-9f56-e91d6873d9d0', 31, 365, 23069.0, TRUE) ON CONFLICT DO NOTHING;
INSERT INTO tiers (plan_id, min_days, max_days, price_inr, is_active) VALUES ('7593dea6-4cca-4a0c-9f56-e91d6873d9d0', 366, 730, 26078.0, TRUE) ON CONFLICT DO NOTHING;
INSERT INTO tiers (plan_id, min_days, max_days, price_inr, is_active) VALUES ('7593dea6-4cca-4a0c-9f56-e91d6873d9d0', 731, 1095, 29087.0, TRUE) ON CONFLICT DO NOTHING;
INSERT INTO plans (id, variant_id, plan_name, duration_months, max_kms) VALUES ('be7e6213-4aba-455d-b3db-36bd00643623', '598755c1-044e-4f9c-9bcf-eb1a083e84e2', '36 Months / 60,000 Kms', 36, 60000) ON CONFLICT DO NOTHING;
INSERT INTO tiers (plan_id, min_days, max_days, price_inr, is_active) VALUES ('be7e6213-4aba-455d-b3db-36bd00643623', 0, 30, 21948.0, TRUE) ON CONFLICT DO NOTHING;
INSERT INTO tiers (plan_id, min_days, max_days, price_inr, is_active) VALUES ('be7e6213-4aba-455d-b3db-36bd00643623', 31, 365, 25240.2, TRUE) ON CONFLICT DO NOTHING;
INSERT INTO tiers (plan_id, min_days, max_days, price_inr, is_active) VALUES ('be7e6213-4aba-455d-b3db-36bd00643623', 366, 730, 28532.4, TRUE) ON CONFLICT DO NOTHING;
INSERT INTO tiers (plan_id, min_days, max_days, price_inr, is_active) VALUES ('be7e6213-4aba-455d-b3db-36bd00643623', 731, 1095, 31824.6, TRUE) ON CONFLICT DO NOTHING;
INSERT INTO variants (id, model_id, name, fuel, transmission, oem_warranty_months, oem_warranty_kms) VALUES ('3d59e33f-f3db-4888-b51b-a57d7083c1de', '195faee4-315b-4c37-a627-1861abe91c5f', 'MARUTI XL6 SMART HYBRID AUTOMATIC ALPHA', 'Hybrid', 'Automatic', 36, 100000) ON CONFLICT DO NOTHING;
INSERT INTO plans (id, variant_id, plan_name, duration_months, max_kms) VALUES ('e94034a4-ed65-45cc-8d85-ec90cd16107b', '3d59e33f-f3db-4888-b51b-a57d7083c1de', '12 Months / 20,000 Kms', 12, 20000) ON CONFLICT DO NOTHING;
INSERT INTO tiers (plan_id, min_days, max_days, price_inr, is_active) VALUES ('e94034a4-ed65-45cc-8d85-ec90cd16107b', 0, 30, 19493.6, TRUE) ON CONFLICT DO NOTHING;
INSERT INTO tiers (plan_id, min_days, max_days, price_inr, is_active) VALUES ('e94034a4-ed65-45cc-8d85-ec90cd16107b', 31, 365, 22420.0, TRUE) ON CONFLICT DO NOTHING;
INSERT INTO tiers (plan_id, min_days, max_days, price_inr, is_active) VALUES ('e94034a4-ed65-45cc-8d85-ec90cd16107b', 366, 730, 25346.4, TRUE) ON CONFLICT DO NOTHING;
INSERT INTO tiers (plan_id, min_days, max_days, price_inr, is_active) VALUES ('e94034a4-ed65-45cc-8d85-ec90cd16107b', 731, 1095, 28272.8, TRUE) ON CONFLICT DO NOTHING;
INSERT INTO plans (id, variant_id, plan_name, duration_months, max_kms) VALUES ('6ed5c7ca-ea99-4828-baad-5f0b750dd013', '3d59e33f-f3db-4888-b51b-a57d7083c1de', '24 Months / 40,000 Kms', 24, 40000) ON CONFLICT DO NOTHING;
INSERT INTO tiers (plan_id, min_days, max_days, price_inr, is_active) VALUES ('6ed5c7ca-ea99-4828-baad-5f0b750dd013', 0, 30, 21381.6, TRUE) ON CONFLICT DO NOTHING;
INSERT INTO tiers (plan_id, min_days, max_days, price_inr, is_active) VALUES ('6ed5c7ca-ea99-4828-baad-5f0b750dd013', 31, 365, 24591.2, TRUE) ON CONFLICT DO NOTHING;
INSERT INTO tiers (plan_id, min_days, max_days, price_inr, is_active) VALUES ('6ed5c7ca-ea99-4828-baad-5f0b750dd013', 366, 730, 27800.8, TRUE) ON CONFLICT DO NOTHING;
INSERT INTO tiers (plan_id, min_days, max_days, price_inr, is_active) VALUES ('6ed5c7ca-ea99-4828-baad-5f0b750dd013', 731, 1095, 31010.4, TRUE) ON CONFLICT DO NOTHING;
INSERT INTO plans (id, variant_id, plan_name, duration_months, max_kms) VALUES ('6a5fa438-a8bb-4163-b672-dc49ccc065fe', '3d59e33f-f3db-4888-b51b-a57d7083c1de', '36 Months / 60,000 Kms', 36, 60000) ON CONFLICT DO NOTHING;
INSERT INTO tiers (plan_id, min_days, max_days, price_inr, is_active) VALUES ('6a5fa438-a8bb-4163-b672-dc49ccc065fe', 0, 30, 23269.6, TRUE) ON CONFLICT DO NOTHING;
INSERT INTO tiers (plan_id, min_days, max_days, price_inr, is_active) VALUES ('6a5fa438-a8bb-4163-b672-dc49ccc065fe', 31, 365, 26762.4, TRUE) ON CONFLICT DO NOTHING;
INSERT INTO tiers (plan_id, min_days, max_days, price_inr, is_active) VALUES ('6a5fa438-a8bb-4163-b672-dc49ccc065fe', 366, 730, 30255.2, TRUE) ON CONFLICT DO NOTHING;
INSERT INTO tiers (plan_id, min_days, max_days, price_inr, is_active) VALUES ('6a5fa438-a8bb-4163-b672-dc49ccc065fe', 731, 1095, 33748.0, TRUE) ON CONFLICT DO NOTHING;
INSERT INTO variants (id, model_id, name, fuel, transmission, oem_warranty_months, oem_warranty_kms) VALUES ('d46b551d-830b-4bbb-abb9-003bd655b239', '195faee4-315b-4c37-a627-1861abe91c5f', 'MARUTI XL6 SMART HYBRID ALPHA 1.5L 6AT', 'Hybrid', 'Automatic', 36, 100000) ON CONFLICT DO NOTHING;
INSERT INTO plans (id, variant_id, plan_name, duration_months, max_kms) VALUES ('15336da6-f7d2-4e1c-847b-81f71e8a2ad9', 'd46b551d-830b-4bbb-abb9-003bd655b239', '12 Months / 20,000 Kms', 12, 20000) ON CONFLICT DO NOTHING;
INSERT INTO tiers (plan_id, min_days, max_days, price_inr, is_active) VALUES ('15336da6-f7d2-4e1c-847b-81f71e8a2ad9', 0, 30, 23340.4, TRUE) ON CONFLICT DO NOTHING;
INSERT INTO tiers (plan_id, min_days, max_days, price_inr, is_active) VALUES ('15336da6-f7d2-4e1c-847b-81f71e8a2ad9', 31, 365, 26845.0, TRUE) ON CONFLICT DO NOTHING;
INSERT INTO tiers (plan_id, min_days, max_days, price_inr, is_active) VALUES ('15336da6-f7d2-4e1c-847b-81f71e8a2ad9', 366, 730, 30349.6, TRUE) ON CONFLICT DO NOTHING;
INSERT INTO tiers (plan_id, min_days, max_days, price_inr, is_active) VALUES ('15336da6-f7d2-4e1c-847b-81f71e8a2ad9', 731, 1095, 33854.2, TRUE) ON CONFLICT DO NOTHING;
INSERT INTO plans (id, variant_id, plan_name, duration_months, max_kms) VALUES ('6b005f1f-3048-4793-acaf-2bd1ad704a79', 'd46b551d-830b-4bbb-abb9-003bd655b239', '24 Months / 40,000 Kms', 24, 40000) ON CONFLICT DO NOTHING;
INSERT INTO tiers (plan_id, min_days, max_days, price_inr, is_active) VALUES ('6b005f1f-3048-4793-acaf-2bd1ad704a79', 0, 30, 25228.4, TRUE) ON CONFLICT DO NOTHING;
INSERT INTO tiers (plan_id, min_days, max_days, price_inr, is_active) VALUES ('6b005f1f-3048-4793-acaf-2bd1ad704a79', 31, 365, 29016.2, TRUE) ON CONFLICT DO NOTHING;
INSERT INTO tiers (plan_id, min_days, max_days, price_inr, is_active) VALUES ('6b005f1f-3048-4793-acaf-2bd1ad704a79', 366, 730, 32804.0, TRUE) ON CONFLICT DO NOTHING;
INSERT INTO tiers (plan_id, min_days, max_days, price_inr, is_active) VALUES ('6b005f1f-3048-4793-acaf-2bd1ad704a79', 731, 1095, 36591.8, TRUE) ON CONFLICT DO NOTHING;
INSERT INTO plans (id, variant_id, plan_name, duration_months, max_kms) VALUES ('6af25e8c-c3c6-4b54-8b1a-7b5447b77dfa', 'd46b551d-830b-4bbb-abb9-003bd655b239', '36 Months / 60,000 Kms', 36, 60000) ON CONFLICT DO NOTHING;
INSERT INTO tiers (plan_id, min_days, max_days, price_inr, is_active) VALUES ('6af25e8c-c3c6-4b54-8b1a-7b5447b77dfa', 0, 30, 27116.4, TRUE) ON CONFLICT DO NOTHING;
INSERT INTO tiers (plan_id, min_days, max_days, price_inr, is_active) VALUES ('6af25e8c-c3c6-4b54-8b1a-7b5447b77dfa', 31, 365, 31187.4, TRUE) ON CONFLICT DO NOTHING;
INSERT INTO tiers (plan_id, min_days, max_days, price_inr, is_active) VALUES ('6af25e8c-c3c6-4b54-8b1a-7b5447b77dfa', 366, 730, 35258.4, TRUE) ON CONFLICT DO NOTHING;
INSERT INTO tiers (plan_id, min_days, max_days, price_inr, is_active) VALUES ('6af25e8c-c3c6-4b54-8b1a-7b5447b77dfa', 731, 1095, 39329.4, TRUE) ON CONFLICT DO NOTHING;
INSERT INTO variants (id, model_id, name, fuel, transmission, oem_warranty_months, oem_warranty_kms) VALUES ('22cee90a-ffa5-43e5-9eba-b5d65762e743', '195faee4-315b-4c37-a627-1861abe91c5f', 'MARUTI XL6 SMART HYBRID ALPHA+ 1.5L 6AT', 'Hybrid', 'Automatic', 36, 100000) ON CONFLICT DO NOTHING;
INSERT INTO plans (id, variant_id, plan_name, duration_months, max_kms) VALUES ('39d3a1f8-97a2-42a0-89a2-35e1e786be41', '22cee90a-ffa5-43e5-9eba-b5d65762e743', '12 Months / 20,000 Kms', 12, 20000) ON CONFLICT DO NOTHING;
INSERT INTO tiers (plan_id, min_days, max_days, price_inr, is_active) VALUES ('39d3a1f8-97a2-42a0-89a2-35e1e786be41', 0, 30, 24815.4, TRUE) ON CONFLICT DO NOTHING;
INSERT INTO tiers (plan_id, min_days, max_days, price_inr, is_active) VALUES ('39d3a1f8-97a2-42a0-89a2-35e1e786be41', 31, 365, 28544.2, TRUE) ON CONFLICT DO NOTHING;
INSERT INTO tiers (plan_id, min_days, max_days, price_inr, is_active) VALUES ('39d3a1f8-97a2-42a0-89a2-35e1e786be41', 366, 730, 32261.2, TRUE) ON CONFLICT DO NOTHING;
INSERT INTO tiers (plan_id, min_days, max_days, price_inr, is_active) VALUES ('39d3a1f8-97a2-42a0-89a2-35e1e786be41', 731, 1095, 35990.0, TRUE) ON CONFLICT DO NOTHING;
INSERT INTO plans (id, variant_id, plan_name, duration_months, max_kms) VALUES ('bc6ff5fa-2420-41ea-b040-86711b533e51', '22cee90a-ffa5-43e5-9eba-b5d65762e743', '24 Months / 40,000 Kms', 24, 40000) ON CONFLICT DO NOTHING;
INSERT INTO tiers (plan_id, min_days, max_days, price_inr, is_active) VALUES ('bc6ff5fa-2420-41ea-b040-86711b533e51', 0, 30, 26703.4, TRUE) ON CONFLICT DO NOTHING;
INSERT INTO tiers (plan_id, min_days, max_days, price_inr, is_active) VALUES ('bc6ff5fa-2420-41ea-b040-86711b533e51', 31, 365, 30715.4, TRUE) ON CONFLICT DO NOTHING;
INSERT INTO tiers (plan_id, min_days, max_days, price_inr, is_active) VALUES ('bc6ff5fa-2420-41ea-b040-86711b533e51', 366, 730, 34715.6, TRUE) ON CONFLICT DO NOTHING;
INSERT INTO tiers (plan_id, min_days, max_days, price_inr, is_active) VALUES ('bc6ff5fa-2420-41ea-b040-86711b533e51', 731, 1095, 38727.6, TRUE) ON CONFLICT DO NOTHING;
INSERT INTO plans (id, variant_id, plan_name, duration_months, max_kms) VALUES ('99cebf17-f703-439a-bfb2-77e861fa699d', '22cee90a-ffa5-43e5-9eba-b5d65762e743', '36 Months / 60,000 Kms', 36, 60000) ON CONFLICT DO NOTHING;
INSERT INTO tiers (plan_id, min_days, max_days, price_inr, is_active) VALUES ('99cebf17-f703-439a-bfb2-77e861fa699d', 0, 30, 28591.4, TRUE) ON CONFLICT DO NOTHING;
INSERT INTO tiers (plan_id, min_days, max_days, price_inr, is_active) VALUES ('99cebf17-f703-439a-bfb2-77e861fa699d', 31, 365, 32886.6, TRUE) ON CONFLICT DO NOTHING;
INSERT INTO tiers (plan_id, min_days, max_days, price_inr, is_active) VALUES ('99cebf17-f703-439a-bfb2-77e861fa699d', 366, 730, 37170.0, TRUE) ON CONFLICT DO NOTHING;
INSERT INTO tiers (plan_id, min_days, max_days, price_inr, is_active) VALUES ('99cebf17-f703-439a-bfb2-77e861fa699d', 731, 1095, 41465.2, TRUE) ON CONFLICT DO NOTHING;
INSERT INTO models (id, brand_id, name) VALUES ('b599aae5-f3ab-4c28-b6fc-b291efc0411f', 'b1e782a2-c0d1-4b20-ae57-becb98f3ab90', 'S-CROSS') ON CONFLICT DO NOTHING;
INSERT INTO variants (id, model_id, name, fuel, transmission, oem_warranty_months, oem_warranty_kms) VALUES ('907dce05-c300-44bb-90e6-9a4a5c88393c', 'b599aae5-f3ab-4c28-b6fc-b291efc0411f', 'NEW S-CROSS SIGMA', 'Petrol', 'Manual', 36, 100000) ON CONFLICT DO NOTHING;
INSERT INTO plans (id, variant_id, plan_name, duration_months, max_kms) VALUES ('f30736ca-9d24-4241-ae84-87d5fa5e5bb3', '907dce05-c300-44bb-90e6-9a4a5c88393c', '24 Months / 40,000 Kms', 24, 40000) ON CONFLICT DO NOTHING;
INSERT INTO tiers (plan_id, min_days, max_days, price_inr, is_active) VALUES ('f30736ca-9d24-4241-ae84-87d5fa5e5bb3', 0, 30, 15174.8, TRUE) ON CONFLICT DO NOTHING;
INSERT INTO tiers (plan_id, min_days, max_days, price_inr, is_active) VALUES ('f30736ca-9d24-4241-ae84-87d5fa5e5bb3', 31, 365, 17452.2, TRUE) ON CONFLICT DO NOTHING;
INSERT INTO tiers (plan_id, min_days, max_days, price_inr, is_active) VALUES ('f30736ca-9d24-4241-ae84-87d5fa5e5bb3', 366, 730, 19729.6, TRUE) ON CONFLICT DO NOTHING;
INSERT INTO variants (id, model_id, name, fuel, transmission, oem_warranty_months, oem_warranty_kms) VALUES ('168c505f-1325-43d9-93df-02aac9606575', 'b599aae5-f3ab-4c28-b6fc-b291efc0411f', 'NEW S-CROSS DELTA', 'Petrol', 'Manual', 36, 100000) ON CONFLICT DO NOTHING;
INSERT INTO plans (id, variant_id, plan_name, duration_months, max_kms) VALUES ('c5454993-fce7-4770-bdbd-79fbb5f3f97c', '168c505f-1325-43d9-93df-02aac9606575', '24 Months / 40,000 Kms', 24, 40000) ON CONFLICT DO NOTHING;
INSERT INTO tiers (plan_id, min_days, max_days, price_inr, is_active) VALUES ('c5454993-fce7-4770-bdbd-79fbb5f3f97c', 0, 30, 17405.0, TRUE) ON CONFLICT DO NOTHING;
INSERT INTO tiers (plan_id, min_days, max_days, price_inr, is_active) VALUES ('c5454993-fce7-4770-bdbd-79fbb5f3f97c', 31, 365, 20024.6, TRUE) ON CONFLICT DO NOTHING;
INSERT INTO tiers (plan_id, min_days, max_days, price_inr, is_active) VALUES ('c5454993-fce7-4770-bdbd-79fbb5f3f97c', 366, 730, 22632.4, TRUE) ON CONFLICT DO NOTHING;
INSERT INTO variants (id, model_id, name, fuel, transmission, oem_warranty_months, oem_warranty_kms) VALUES ('e2bf60b7-a111-4d80-a8dc-1d041c2158e4', 'b599aae5-f3ab-4c28-b6fc-b291efc0411f', 'NEW S-CROSS ZETA', 'Petrol', 'Manual', 36, 100000) ON CONFLICT DO NOTHING;
INSERT INTO plans (id, variant_id, plan_name, duration_months, max_kms) VALUES ('333e84b2-1df2-49d6-a372-40d46aa4a1e1', 'e2bf60b7-a111-4d80-a8dc-1d041c2158e4', '24 Months / 40,000 Kms', 24, 40000) ON CONFLICT DO NOTHING;
INSERT INTO tiers (plan_id, min_days, max_days, price_inr, is_active) VALUES ('333e84b2-1df2-49d6-a372-40d46aa4a1e1', 0, 30, 18431.6, TRUE) ON CONFLICT DO NOTHING;
INSERT INTO tiers (plan_id, min_days, max_days, price_inr, is_active) VALUES ('333e84b2-1df2-49d6-a372-40d46aa4a1e1', 31, 365, 21204.6, TRUE) ON CONFLICT DO NOTHING;
INSERT INTO tiers (plan_id, min_days, max_days, price_inr, is_active) VALUES ('333e84b2-1df2-49d6-a372-40d46aa4a1e1', 366, 730, 23965.8, TRUE) ON CONFLICT DO NOTHING;
INSERT INTO variants (id, model_id, name, fuel, transmission, oem_warranty_months, oem_warranty_kms) VALUES ('4a5805c9-8c91-44cd-857f-b5d7309ba865', 'b599aae5-f3ab-4c28-b6fc-b291efc0411f', 'NEW S-CROSS ALPHA', 'Petrol', 'Manual', 36, 100000) ON CONFLICT DO NOTHING;
INSERT INTO plans (id, variant_id, plan_name, duration_months, max_kms) VALUES ('b639f691-887d-4929-8d83-d72da176281f', '4a5805c9-8c91-44cd-857f-b5d7309ba865', '24 Months / 40,000 Kms', 24, 40000) ON CONFLICT DO NOTHING;
INSERT INTO tiers (plan_id, min_days, max_days, price_inr, is_active) VALUES ('b639f691-887d-4929-8d83-d72da176281f', 0, 30, 20425.8, TRUE) ON CONFLICT DO NOTHING;
INSERT INTO tiers (plan_id, min_days, max_days, price_inr, is_active) VALUES ('b639f691-887d-4929-8d83-d72da176281f', 31, 365, 23493.8, TRUE) ON CONFLICT DO NOTHING;
INSERT INTO tiers (plan_id, min_days, max_days, price_inr, is_active) VALUES ('b639f691-887d-4929-8d83-d72da176281f', 366, 730, 26561.8, TRUE) ON CONFLICT DO NOTHING;
INSERT INTO variants (id, model_id, name, fuel, transmission, oem_warranty_months, oem_warranty_kms) VALUES ('48456a77-bf57-40b8-a3be-4a0f2b178d95', 'b599aae5-f3ab-4c28-b6fc-b291efc0411f', 'S-CROSS SIGMA 1.5L 5MT', 'Petrol', 'Manual', 36, 100000) ON CONFLICT DO NOTHING;
INSERT INTO plans (id, variant_id, plan_name, duration_months, max_kms) VALUES ('22b12835-a390-4f1e-828e-852ff58166f5', '48456a77-bf57-40b8-a3be-4a0f2b178d95', '24 Months / 40,000 Kms', 24, 40000) ON CONFLICT DO NOTHING;
INSERT INTO tiers (plan_id, min_days, max_days, price_inr, is_active) VALUES ('22b12835-a390-4f1e-828e-852ff58166f5', 0, 30, 13322.2, TRUE) ON CONFLICT DO NOTHING;
INSERT INTO tiers (plan_id, min_days, max_days, price_inr, is_active) VALUES ('22b12835-a390-4f1e-828e-852ff58166f5', 31, 365, 15328.2, TRUE) ON CONFLICT DO NOTHING;
INSERT INTO tiers (plan_id, min_days, max_days, price_inr, is_active) VALUES ('22b12835-a390-4f1e-828e-852ff58166f5', 366, 730, 17322.4, TRUE) ON CONFLICT DO NOTHING;
INSERT INTO plans (id, variant_id, plan_name, duration_months, max_kms) VALUES ('502c24ce-3cce-41ea-bd75-9a13ebe025e3', '48456a77-bf57-40b8-a3be-4a0f2b178d95', '36 Months / 60,000 Kms', 36, 60000) ON CONFLICT DO NOTHING;
INSERT INTO tiers (plan_id, min_days, max_days, price_inr, is_active) VALUES ('502c24ce-3cce-41ea-bd75-9a13ebe025e3', 0, 30, 15210.2, TRUE) ON CONFLICT DO NOTHING;
INSERT INTO tiers (plan_id, min_days, max_days, price_inr, is_active) VALUES ('502c24ce-3cce-41ea-bd75-9a13ebe025e3', 31, 365, 17499.4, TRUE) ON CONFLICT DO NOTHING;
INSERT INTO tiers (plan_id, min_days, max_days, price_inr, is_active) VALUES ('502c24ce-3cce-41ea-bd75-9a13ebe025e3', 366, 730, 19776.8, TRUE) ON CONFLICT DO NOTHING;
INSERT INTO variants (id, model_id, name, fuel, transmission, oem_warranty_months, oem_warranty_kms) VALUES ('a10ae252-558c-4153-9bae-97cdc11d1dfb', 'b599aae5-f3ab-4c28-b6fc-b291efc0411f', 'S-CROSS DELTA 1.5L 5MT', 'Petrol', 'Manual', 36, 100000) ON CONFLICT DO NOTHING;
INSERT INTO plans (id, variant_id, plan_name, duration_months, max_kms) VALUES ('e9142af0-c949-45a3-9512-d600a08458d0', 'a10ae252-558c-4153-9bae-97cdc11d1dfb', '24 Months / 40,000 Kms', 24, 40000) ON CONFLICT DO NOTHING;
INSERT INTO tiers (plan_id, min_days, max_days, price_inr, is_active) VALUES ('e9142af0-c949-45a3-9512-d600a08458d0', 0, 30, 15198.4, TRUE) ON CONFLICT DO NOTHING;
INSERT INTO tiers (plan_id, min_days, max_days, price_inr, is_active) VALUES ('e9142af0-c949-45a3-9512-d600a08458d0', 31, 365, 17487.6, TRUE) ON CONFLICT DO NOTHING;
INSERT INTO tiers (plan_id, min_days, max_days, price_inr, is_active) VALUES ('e9142af0-c949-45a3-9512-d600a08458d0', 366, 730, 19765.0, TRUE) ON CONFLICT DO NOTHING;
INSERT INTO plans (id, variant_id, plan_name, duration_months, max_kms) VALUES ('988c885b-8d12-41a0-8d90-80b0004b3612', 'a10ae252-558c-4153-9bae-97cdc11d1dfb', '36 Months / 60,000 Kms', 36, 60000) ON CONFLICT DO NOTHING;
INSERT INTO tiers (plan_id, min_days, max_days, price_inr, is_active) VALUES ('988c885b-8d12-41a0-8d90-80b0004b3612', 0, 30, 17086.4, TRUE) ON CONFLICT DO NOTHING;
INSERT INTO tiers (plan_id, min_days, max_days, price_inr, is_active) VALUES ('988c885b-8d12-41a0-8d90-80b0004b3612', 31, 365, 19658.8, TRUE) ON CONFLICT DO NOTHING;
INSERT INTO tiers (plan_id, min_days, max_days, price_inr, is_active) VALUES ('988c885b-8d12-41a0-8d90-80b0004b3612', 366, 730, 22219.4, TRUE) ON CONFLICT DO NOTHING;
INSERT INTO variants (id, model_id, name, fuel, transmission, oem_warranty_months, oem_warranty_kms) VALUES ('da812ec6-3fc5-4766-999d-570ddc3a322b', 'b599aae5-f3ab-4c28-b6fc-b291efc0411f', 'S-CROSS ZETA 1.5L 5MT', 'Petrol', 'Manual', 36, 100000) ON CONFLICT DO NOTHING;
INSERT INTO plans (id, variant_id, plan_name, duration_months, max_kms) VALUES ('3f3c660f-54f8-4bf0-8f07-32bfccdc332d', 'da812ec6-3fc5-4766-999d-570ddc3a322b', '24 Months / 40,000 Kms', 24, 40000) ON CONFLICT DO NOTHING;
INSERT INTO tiers (plan_id, min_days, max_days, price_inr, is_active) VALUES ('3f3c660f-54f8-4bf0-8f07-32bfccdc332d', 0, 30, 15351.8, TRUE) ON CONFLICT DO NOTHING;
INSERT INTO tiers (plan_id, min_days, max_days, price_inr, is_active) VALUES ('3f3c660f-54f8-4bf0-8f07-32bfccdc332d', 31, 365, 17664.6, TRUE) ON CONFLICT DO NOTHING;
INSERT INTO tiers (plan_id, min_days, max_days, price_inr, is_active) VALUES ('3f3c660f-54f8-4bf0-8f07-32bfccdc332d', 366, 730, 19965.6, TRUE) ON CONFLICT DO NOTHING;
INSERT INTO plans (id, variant_id, plan_name, duration_months, max_kms) VALUES ('fa8df291-4695-46da-be37-865fa85cd478', 'da812ec6-3fc5-4766-999d-570ddc3a322b', '36 Months / 60,000 Kms', 36, 60000) ON CONFLICT DO NOTHING;
INSERT INTO tiers (plan_id, min_days, max_days, price_inr, is_active) VALUES ('fa8df291-4695-46da-be37-865fa85cd478', 0, 30, 17239.8, TRUE) ON CONFLICT DO NOTHING;
INSERT INTO tiers (plan_id, min_days, max_days, price_inr, is_active) VALUES ('fa8df291-4695-46da-be37-865fa85cd478', 31, 365, 19835.8, TRUE) ON CONFLICT DO NOTHING;
INSERT INTO tiers (plan_id, min_days, max_days, price_inr, is_active) VALUES ('fa8df291-4695-46da-be37-865fa85cd478', 366, 730, 22420.0, TRUE) ON CONFLICT DO NOTHING;
INSERT INTO variants (id, model_id, name, fuel, transmission, oem_warranty_months, oem_warranty_kms) VALUES ('88efc676-2111-430e-878b-674254ac0acd', 'b599aae5-f3ab-4c28-b6fc-b291efc0411f', 'S-CROSS ALPHA 1.5L 5MT', 'Petrol', 'Manual', 36, 100000) ON CONFLICT DO NOTHING;
INSERT INTO plans (id, variant_id, plan_name, duration_months, max_kms) VALUES ('fb58715e-d705-4902-b59a-5973d2ed36ee', '88efc676-2111-430e-878b-674254ac0acd', '24 Months / 40,000 Kms', 24, 40000) ON CONFLICT DO NOTHING;
INSERT INTO tiers (plan_id, min_days, max_days, price_inr, is_active) VALUES ('fb58715e-d705-4902-b59a-5973d2ed36ee', 0, 30, 18030.4, TRUE) ON CONFLICT DO NOTHING;
INSERT INTO tiers (plan_id, min_days, max_days, price_inr, is_active) VALUES ('fb58715e-d705-4902-b59a-5973d2ed36ee', 31, 365, 20744.4, TRUE) ON CONFLICT DO NOTHING;
INSERT INTO tiers (plan_id, min_days, max_days, price_inr, is_active) VALUES ('fb58715e-d705-4902-b59a-5973d2ed36ee', 366, 730, 23446.6, TRUE) ON CONFLICT DO NOTHING;
INSERT INTO plans (id, variant_id, plan_name, duration_months, max_kms) VALUES ('dad6e200-fc1f-4ea0-9ab1-eadfd974137e', '88efc676-2111-430e-878b-674254ac0acd', '36 Months / 60,000 Kms', 36, 60000) ON CONFLICT DO NOTHING;
INSERT INTO tiers (plan_id, min_days, max_days, price_inr, is_active) VALUES ('dad6e200-fc1f-4ea0-9ab1-eadfd974137e', 0, 30, 19918.4, TRUE) ON CONFLICT DO NOTHING;
INSERT INTO tiers (plan_id, min_days, max_days, price_inr, is_active) VALUES ('dad6e200-fc1f-4ea0-9ab1-eadfd974137e', 31, 365, 22915.6, TRUE) ON CONFLICT DO NOTHING;
INSERT INTO tiers (plan_id, min_days, max_days, price_inr, is_active) VALUES ('dad6e200-fc1f-4ea0-9ab1-eadfd974137e', 366, 730, 25901.0, TRUE) ON CONFLICT DO NOTHING;
INSERT INTO variants (id, model_id, name, fuel, transmission, oem_warranty_months, oem_warranty_kms) VALUES ('0f970718-1568-48ee-94c2-e143afdcc121', 'b599aae5-f3ab-4c28-b6fc-b291efc0411f', 'S-CROSS DELTA 1.5L AT', 'Petrol', 'Automatic', 36, 100000) ON CONFLICT DO NOTHING;
INSERT INTO plans (id, variant_id, plan_name, duration_months, max_kms) VALUES ('7efaa1b1-cf21-4d31-a521-5caee09a9cac', '0f970718-1568-48ee-94c2-e143afdcc121', '24 Months / 40,000 Kms', 24, 40000) ON CONFLICT DO NOTHING;
INSERT INTO tiers (plan_id, min_days, max_days, price_inr, is_active) VALUES ('7efaa1b1-cf21-4d31-a521-5caee09a9cac', 0, 30, 17228.0, TRUE) ON CONFLICT DO NOTHING;
INSERT INTO tiers (plan_id, min_days, max_days, price_inr, is_active) VALUES ('7efaa1b1-cf21-4d31-a521-5caee09a9cac', 31, 365, 19812.2, TRUE) ON CONFLICT DO NOTHING;
INSERT INTO tiers (plan_id, min_days, max_days, price_inr, is_active) VALUES ('7efaa1b1-cf21-4d31-a521-5caee09a9cac', 366, 730, 22396.4, TRUE) ON CONFLICT DO NOTHING;
INSERT INTO plans (id, variant_id, plan_name, duration_months, max_kms) VALUES ('534e5629-ecdd-4698-a596-e0598f5f59dc', '0f970718-1568-48ee-94c2-e143afdcc121', '36 Months / 60,000 Kms', 36, 60000) ON CONFLICT DO NOTHING;
INSERT INTO tiers (plan_id, min_days, max_days, price_inr, is_active) VALUES ('534e5629-ecdd-4698-a596-e0598f5f59dc', 0, 30, 19116.0, TRUE) ON CONFLICT DO NOTHING;
INSERT INTO tiers (plan_id, min_days, max_days, price_inr, is_active) VALUES ('534e5629-ecdd-4698-a596-e0598f5f59dc', 31, 365, 21983.4, TRUE) ON CONFLICT DO NOTHING;
INSERT INTO tiers (plan_id, min_days, max_days, price_inr, is_active) VALUES ('534e5629-ecdd-4698-a596-e0598f5f59dc', 366, 730, 24850.8, TRUE) ON CONFLICT DO NOTHING;
INSERT INTO variants (id, model_id, name, fuel, transmission, oem_warranty_months, oem_warranty_kms) VALUES ('132e6eee-d965-4293-8730-61e3163c0ab0', 'b599aae5-f3ab-4c28-b6fc-b291efc0411f', 'S-CROSS ZETA 1.5L AT', 'Petrol', 'Automatic', 36, 100000) ON CONFLICT DO NOTHING;
INSERT INTO plans (id, variant_id, plan_name, duration_months, max_kms) VALUES ('ad444a6e-fc09-4d30-ae61-822bcc32ac94', '132e6eee-d965-4293-8730-61e3163c0ab0', '24 Months / 40,000 Kms', 24, 40000) ON CONFLICT DO NOTHING;
INSERT INTO tiers (plan_id, min_days, max_days, price_inr, is_active) VALUES ('ad444a6e-fc09-4d30-ae61-822bcc32ac94', 0, 30, 17381.4, TRUE) ON CONFLICT DO NOTHING;
INSERT INTO tiers (plan_id, min_days, max_days, price_inr, is_active) VALUES ('ad444a6e-fc09-4d30-ae61-822bcc32ac94', 31, 365, 19989.2, TRUE) ON CONFLICT DO NOTHING;
INSERT INTO tiers (plan_id, min_days, max_days, price_inr, is_active) VALUES ('ad444a6e-fc09-4d30-ae61-822bcc32ac94', 366, 730, 22597.0, TRUE) ON CONFLICT DO NOTHING;
INSERT INTO plans (id, variant_id, plan_name, duration_months, max_kms) VALUES ('7d415cc1-0a5b-470e-b2f2-bc91e7c82d3f', '132e6eee-d965-4293-8730-61e3163c0ab0', '36 Months / 60,000 Kms', 36, 60000) ON CONFLICT DO NOTHING;
INSERT INTO tiers (plan_id, min_days, max_days, price_inr, is_active) VALUES ('7d415cc1-0a5b-470e-b2f2-bc91e7c82d3f', 0, 30, 19269.4, TRUE) ON CONFLICT DO NOTHING;
INSERT INTO tiers (plan_id, min_days, max_days, price_inr, is_active) VALUES ('7d415cc1-0a5b-470e-b2f2-bc91e7c82d3f', 31, 365, 22160.4, TRUE) ON CONFLICT DO NOTHING;
INSERT INTO tiers (plan_id, min_days, max_days, price_inr, is_active) VALUES ('7d415cc1-0a5b-470e-b2f2-bc91e7c82d3f', 366, 730, 25051.4, TRUE) ON CONFLICT DO NOTHING;
INSERT INTO variants (id, model_id, name, fuel, transmission, oem_warranty_months, oem_warranty_kms) VALUES ('c2e963ec-5920-4b47-bf6f-63e4224e7b23', 'b599aae5-f3ab-4c28-b6fc-b291efc0411f', 'S-CROSS ALPHA 1.5L AT', 'Petrol', 'Automatic', 36, 100000) ON CONFLICT DO NOTHING;
INSERT INTO plans (id, variant_id, plan_name, duration_months, max_kms) VALUES ('60426fe2-4560-498b-8471-5abff7f1aa9d', 'c2e963ec-5920-4b47-bf6f-63e4224e7b23', '24 Months / 40,000 Kms', 24, 40000) ON CONFLICT DO NOTHING;
INSERT INTO tiers (plan_id, min_days, max_days, price_inr, is_active) VALUES ('60426fe2-4560-498b-8471-5abff7f1aa9d', 0, 30, 20071.8, TRUE) ON CONFLICT DO NOTHING;
INSERT INTO tiers (plan_id, min_days, max_days, price_inr, is_active) VALUES ('60426fe2-4560-498b-8471-5abff7f1aa9d', 31, 365, 23092.6, TRUE) ON CONFLICT DO NOTHING;
INSERT INTO tiers (plan_id, min_days, max_days, price_inr, is_active) VALUES ('60426fe2-4560-498b-8471-5abff7f1aa9d', 366, 730, 26101.6, TRUE) ON CONFLICT DO NOTHING;
INSERT INTO plans (id, variant_id, plan_name, duration_months, max_kms) VALUES ('7f754cc5-94ae-462a-b103-6afdad21bfea', 'c2e963ec-5920-4b47-bf6f-63e4224e7b23', '36 Months / 60,000 Kms', 36, 60000) ON CONFLICT DO NOTHING;
INSERT INTO tiers (plan_id, min_days, max_days, price_inr, is_active) VALUES ('7f754cc5-94ae-462a-b103-6afdad21bfea', 0, 30, 21959.8, TRUE) ON CONFLICT DO NOTHING;
INSERT INTO tiers (plan_id, min_days, max_days, price_inr, is_active) VALUES ('7f754cc5-94ae-462a-b103-6afdad21bfea', 31, 365, 25263.8, TRUE) ON CONFLICT DO NOTHING;
INSERT INTO tiers (plan_id, min_days, max_days, price_inr, is_active) VALUES ('7f754cc5-94ae-462a-b103-6afdad21bfea', 366, 730, 28556.0, TRUE) ON CONFLICT DO NOTHING;
INSERT INTO brands (id, name) VALUES ('78b92e97-24e3-4713-b0ba-8d1ac43789f7', 'Mahindra') ON CONFLICT DO NOTHING;
INSERT INTO models (id, brand_id, name) VALUES ('99356704-aaef-42a9-97b6-d1c5ddf4f2bf', '78b92e97-24e3-4713-b0ba-8d1ac43789f7', 'Thar  ROXX') ON CONFLICT DO NOTHING;
INSERT INTO variants (id, model_id, name, fuel, transmission, oem_warranty_months, oem_warranty_kms) VALUES ('494a1bdf-54f0-4303-9bd2-c719e6391148', '99356704-aaef-42a9-97b6-d1c5ddf4f2bf', 'Thar  ROXX Petrol Manual', 'Petrol', 'Manual', 36, 100000) ON CONFLICT DO NOTHING;
INSERT INTO plans (id, variant_id, plan_name, duration_months, max_kms) VALUES ('84e5f32d-9497-49e7-9868-97ee41f8ad82', '494a1bdf-54f0-4303-9bd2-c719e6391148', '4th Year / 120,000 Kms', 12, 120000) ON CONFLICT DO NOTHING;
INSERT INTO tiers (plan_id, min_days, max_days, price_inr, is_active) VALUES ('84e5f32d-9497-49e7-9868-97ee41f8ad82', 0, 60, 18999.0, TRUE) ON CONFLICT DO NOTHING;
INSERT INTO tiers (plan_id, min_days, max_days, price_inr, is_active) VALUES ('84e5f32d-9497-49e7-9868-97ee41f8ad82', 61, 730, 19999.0, TRUE) ON CONFLICT DO NOTHING;
INSERT INTO tiers (plan_id, min_days, max_days, price_inr, is_active) VALUES ('84e5f32d-9497-49e7-9868-97ee41f8ad82', 731, 1095, 20999.0, TRUE) ON CONFLICT DO NOTHING;
INSERT INTO plans (id, variant_id, plan_name, duration_months, max_kms) VALUES ('955ef0e8-0e2c-4f9e-a983-4c22e4fe0082', '494a1bdf-54f0-4303-9bd2-c719e6391148', '4th & 5th Year / 150,000 Kms', 24, 150000) ON CONFLICT DO NOTHING;
INSERT INTO tiers (plan_id, min_days, max_days, price_inr, is_active) VALUES ('955ef0e8-0e2c-4f9e-a983-4c22e4fe0082', 0, 60, 32999.0, TRUE) ON CONFLICT DO NOTHING;
INSERT INTO tiers (plan_id, min_days, max_days, price_inr, is_active) VALUES ('955ef0e8-0e2c-4f9e-a983-4c22e4fe0082', 61, 730, 34999.0, TRUE) ON CONFLICT DO NOTHING;
INSERT INTO tiers (plan_id, min_days, max_days, price_inr, is_active) VALUES ('955ef0e8-0e2c-4f9e-a983-4c22e4fe0082', 731, 1095, 36999.0, TRUE) ON CONFLICT DO NOTHING;
INSERT INTO variants (id, model_id, name, fuel, transmission, oem_warranty_months, oem_warranty_kms) VALUES ('02ce61e5-a4d3-466d-84fb-d0cb80b8f166', '99356704-aaef-42a9-97b6-d1c5ddf4f2bf', 'Thar  ROXX Diesel N/A', 'Diesel', 'N/A', 36, 100000) ON CONFLICT DO NOTHING;
INSERT INTO plans (id, variant_id, plan_name, duration_months, max_kms) VALUES ('ac686429-9a55-41f1-9033-9344fd70c156', '02ce61e5-a4d3-466d-84fb-d0cb80b8f166', '4th Year / 120,000 Kms', 12, 120000) ON CONFLICT DO NOTHING;
INSERT INTO tiers (plan_id, min_days, max_days, price_inr, is_active) VALUES ('ac686429-9a55-41f1-9033-9344fd70c156', 0, 60, 19999.0, TRUE) ON CONFLICT DO NOTHING;
INSERT INTO tiers (plan_id, min_days, max_days, price_inr, is_active) VALUES ('ac686429-9a55-41f1-9033-9344fd70c156', 61, 730, 20999.0, TRUE) ON CONFLICT DO NOTHING;
INSERT INTO tiers (plan_id, min_days, max_days, price_inr, is_active) VALUES ('ac686429-9a55-41f1-9033-9344fd70c156', 731, 1095, 21999.0, TRUE) ON CONFLICT DO NOTHING;
INSERT INTO plans (id, variant_id, plan_name, duration_months, max_kms) VALUES ('a6b790d9-3e9b-431b-9558-93fd19513274', '02ce61e5-a4d3-466d-84fb-d0cb80b8f166', '4th & 5th Year / 150,000 Kms', 24, 150000) ON CONFLICT DO NOTHING;
INSERT INTO tiers (plan_id, min_days, max_days, price_inr, is_active) VALUES ('a6b790d9-3e9b-431b-9558-93fd19513274', 0, 60, 33999.0, TRUE) ON CONFLICT DO NOTHING;
INSERT INTO tiers (plan_id, min_days, max_days, price_inr, is_active) VALUES ('a6b790d9-3e9b-431b-9558-93fd19513274', 61, 730, 35999.0, TRUE) ON CONFLICT DO NOTHING;
INSERT INTO tiers (plan_id, min_days, max_days, price_inr, is_active) VALUES ('a6b790d9-3e9b-431b-9558-93fd19513274', 731, 1095, 37999.0, TRUE) ON CONFLICT DO NOTHING;
INSERT INTO variants (id, model_id, name, fuel, transmission, oem_warranty_months, oem_warranty_kms) VALUES ('0a0150fd-eb95-4955-9e40-a2243a9fbc75', '99356704-aaef-42a9-97b6-d1c5ddf4f2bf', 'Thar  ROXX Petrol Automatic', 'Petrol', 'Automatic', 36, 100000) ON CONFLICT DO NOTHING;
INSERT INTO plans (id, variant_id, plan_name, duration_months, max_kms) VALUES ('d87220e5-9464-49f1-8937-10b278aa04b9', '0a0150fd-eb95-4955-9e40-a2243a9fbc75', '4th Year / 120,000 Kms', 12, 120000) ON CONFLICT DO NOTHING;
INSERT INTO tiers (plan_id, min_days, max_days, price_inr, is_active) VALUES ('d87220e5-9464-49f1-8937-10b278aa04b9', 0, 60, 22999.0, TRUE) ON CONFLICT DO NOTHING;
INSERT INTO tiers (plan_id, min_days, max_days, price_inr, is_active) VALUES ('d87220e5-9464-49f1-8937-10b278aa04b9', 61, 730, 23999.0, TRUE) ON CONFLICT DO NOTHING;
INSERT INTO tiers (plan_id, min_days, max_days, price_inr, is_active) VALUES ('d87220e5-9464-49f1-8937-10b278aa04b9', 731, 1095, 24999.0, TRUE) ON CONFLICT DO NOTHING;
INSERT INTO plans (id, variant_id, plan_name, duration_months, max_kms) VALUES ('c0457bfe-26c8-46ef-b629-4d7a4988a3cc', '0a0150fd-eb95-4955-9e40-a2243a9fbc75', '4th & 5th Year / 150,000 Kms', 24, 150000) ON CONFLICT DO NOTHING;
INSERT INTO tiers (plan_id, min_days, max_days, price_inr, is_active) VALUES ('c0457bfe-26c8-46ef-b629-4d7a4988a3cc', 0, 60, 34999.0, TRUE) ON CONFLICT DO NOTHING;
INSERT INTO tiers (plan_id, min_days, max_days, price_inr, is_active) VALUES ('c0457bfe-26c8-46ef-b629-4d7a4988a3cc', 61, 730, 35999.0, TRUE) ON CONFLICT DO NOTHING;
INSERT INTO tiers (plan_id, min_days, max_days, price_inr, is_active) VALUES ('c0457bfe-26c8-46ef-b629-4d7a4988a3cc', 731, 1095, 36999.0, TRUE) ON CONFLICT DO NOTHING;
INSERT INTO plans (id, variant_id, plan_name, duration_months, max_kms) VALUES ('0b9bce6c-64ba-4321-a16e-e89edffb5c6e', '02ce61e5-a4d3-466d-84fb-d0cb80b8f166', '4th Year / 120,000 Kms', 12, 120000) ON CONFLICT DO NOTHING;
INSERT INTO tiers (plan_id, min_days, max_days, price_inr, is_active) VALUES ('0b9bce6c-64ba-4321-a16e-e89edffb5c6e', 0, 60, 23999.0, TRUE) ON CONFLICT DO NOTHING;
INSERT INTO tiers (plan_id, min_days, max_days, price_inr, is_active) VALUES ('0b9bce6c-64ba-4321-a16e-e89edffb5c6e', 61, 730, 24999.0, TRUE) ON CONFLICT DO NOTHING;
INSERT INTO tiers (plan_id, min_days, max_days, price_inr, is_active) VALUES ('0b9bce6c-64ba-4321-a16e-e89edffb5c6e', 731, 1095, 25999.0, TRUE) ON CONFLICT DO NOTHING;
INSERT INTO plans (id, variant_id, plan_name, duration_months, max_kms) VALUES ('7b3821bb-5436-40be-b7dd-141b8bfcdde3', '02ce61e5-a4d3-466d-84fb-d0cb80b8f166', '4th & 5th Year / 150,000 Kms', 24, 150000) ON CONFLICT DO NOTHING;
INSERT INTO tiers (plan_id, min_days, max_days, price_inr, is_active) VALUES ('7b3821bb-5436-40be-b7dd-141b8bfcdde3', 0, 60, 35999.0, TRUE) ON CONFLICT DO NOTHING;
INSERT INTO tiers (plan_id, min_days, max_days, price_inr, is_active) VALUES ('7b3821bb-5436-40be-b7dd-141b8bfcdde3', 61, 730, 36999.0, TRUE) ON CONFLICT DO NOTHING;
INSERT INTO tiers (plan_id, min_days, max_days, price_inr, is_active) VALUES ('7b3821bb-5436-40be-b7dd-141b8bfcdde3', 731, 1095, 37999.0, TRUE) ON CONFLICT DO NOTHING;
INSERT INTO models (id, brand_id, name) VALUES ('91cedbdc-aab3-4608-a16a-c8c321bc8276', '78b92e97-24e3-4713-b0ba-8d1ac43789f7', 'XUV3XO') ON CONFLICT DO NOTHING;
INSERT INTO variants (id, model_id, name, fuel, transmission, oem_warranty_months, oem_warranty_kms) VALUES ('d4ec1cb8-43f7-4048-9b59-7300ad0c5250', '91cedbdc-aab3-4608-a16a-c8c321bc8276', 'XUV3XO Petrol/Diesel All', 'Petrol/Diesel', 'All', 36, 100000) ON CONFLICT DO NOTHING;
INSERT INTO plans (id, variant_id, plan_name, duration_months, max_kms) VALUES ('bbc89d70-255f-4fd4-aa3e-af12d8b5e84a', 'd4ec1cb8-43f7-4048-9b59-7300ad0c5250', '4th Year / 120,000 Kms', 12, 120000) ON CONFLICT DO NOTHING;
INSERT INTO tiers (plan_id, min_days, max_days, price_inr, is_active) VALUES ('bbc89d70-255f-4fd4-aa3e-af12d8b5e84a', 0, 60, 15000.0, TRUE) ON CONFLICT DO NOTHING;
INSERT INTO tiers (plan_id, min_days, max_days, price_inr, is_active) VALUES ('bbc89d70-255f-4fd4-aa3e-af12d8b5e84a', 61, 730, 15295.0, TRUE) ON CONFLICT DO NOTHING;
INSERT INTO tiers (plan_id, min_days, max_days, price_inr, is_active) VALUES ('bbc89d70-255f-4fd4-aa3e-af12d8b5e84a', 731, 1095, 15590.0, TRUE) ON CONFLICT DO NOTHING;
INSERT INTO plans (id, variant_id, plan_name, duration_months, max_kms) VALUES ('3356b819-5dcf-47be-b78f-632828eff9e0', 'd4ec1cb8-43f7-4048-9b59-7300ad0c5250', '4th & 5th Year / 150,000 Kms', 24, 150000) ON CONFLICT DO NOTHING;
INSERT INTO tiers (plan_id, min_days, max_days, price_inr, is_active) VALUES ('3356b819-5dcf-47be-b78f-632828eff9e0', 0, 60, 22750.0, TRUE) ON CONFLICT DO NOTHING;
INSERT INTO tiers (plan_id, min_days, max_days, price_inr, is_active) VALUES ('3356b819-5dcf-47be-b78f-632828eff9e0', 61, 730, 23045.0, TRUE) ON CONFLICT DO NOTHING;
INSERT INTO tiers (plan_id, min_days, max_days, price_inr, is_active) VALUES ('3356b819-5dcf-47be-b78f-632828eff9e0', 731, 1095, 23340.0, TRUE) ON CONFLICT DO NOTHING;
INSERT INTO models (id, brand_id, name) VALUES ('be1ec91a-4b04-4685-8341-900b279c7180', '78b92e97-24e3-4713-b0ba-8d1ac43789f7', 'Thar  3 Door  (New)') ON CONFLICT DO NOTHING;
INSERT INTO variants (id, model_id, name, fuel, transmission, oem_warranty_months, oem_warranty_kms) VALUES ('85e5bed4-ec28-46a0-a468-cfd58599f9e0', 'be1ec91a-4b04-4685-8341-900b279c7180', 'Thar  3 Door  (New) Petrol All', 'Petrol', 'All', 36, 100000) ON CONFLICT DO NOTHING;
INSERT INTO plans (id, variant_id, plan_name, duration_months, max_kms) VALUES ('96f5c29e-fee6-4826-86f0-442aa89d55b1', '85e5bed4-ec28-46a0-a468-cfd58599f9e0', '4th Year / 120,000 Kms', 12, 120000) ON CONFLICT DO NOTHING;
INSERT INTO tiers (plan_id, min_days, max_days, price_inr, is_active) VALUES ('96f5c29e-fee6-4826-86f0-442aa89d55b1', 0, 60, 16999.0, TRUE) ON CONFLICT DO NOTHING;
INSERT INTO tiers (plan_id, min_days, max_days, price_inr, is_active) VALUES ('96f5c29e-fee6-4826-86f0-442aa89d55b1', 61, 730, 17999.0, TRUE) ON CONFLICT DO NOTHING;
INSERT INTO tiers (plan_id, min_days, max_days, price_inr, is_active) VALUES ('96f5c29e-fee6-4826-86f0-442aa89d55b1', 731, 1095, 18999.0, TRUE) ON CONFLICT DO NOTHING;
INSERT INTO plans (id, variant_id, plan_name, duration_months, max_kms) VALUES ('21cf40ed-2fa7-46be-9832-cbd9c65426b4', '85e5bed4-ec28-46a0-a468-cfd58599f9e0', '4th & 5th Year / 150,000 Kms', 24, 150000) ON CONFLICT DO NOTHING;
INSERT INTO tiers (plan_id, min_days, max_days, price_inr, is_active) VALUES ('21cf40ed-2fa7-46be-9832-cbd9c65426b4', 0, 60, 31999.0, TRUE) ON CONFLICT DO NOTHING;
INSERT INTO tiers (plan_id, min_days, max_days, price_inr, is_active) VALUES ('21cf40ed-2fa7-46be-9832-cbd9c65426b4', 61, 730, 32999.0, TRUE) ON CONFLICT DO NOTHING;
INSERT INTO tiers (plan_id, min_days, max_days, price_inr, is_active) VALUES ('21cf40ed-2fa7-46be-9832-cbd9c65426b4', 731, 1095, 33999.0, TRUE) ON CONFLICT DO NOTHING;
INSERT INTO variants (id, model_id, name, fuel, transmission, oem_warranty_months, oem_warranty_kms) VALUES ('d038d6b4-ae4c-4a7f-a7f4-7205aa1ec4f7', 'be1ec91a-4b04-4685-8341-900b279c7180', 'Thar  3 Door  (New) Diesel N/A', 'Diesel', 'N/A', 36, 100000) ON CONFLICT DO NOTHING;
INSERT INTO plans (id, variant_id, plan_name, duration_months, max_kms) VALUES ('91e7ed91-be7a-4618-9ece-13d960e05a5f', 'd038d6b4-ae4c-4a7f-a7f4-7205aa1ec4f7', '4th Year / 120,000 Kms', 12, 120000) ON CONFLICT DO NOTHING;
INSERT INTO tiers (plan_id, min_days, max_days, price_inr, is_active) VALUES ('91e7ed91-be7a-4618-9ece-13d960e05a5f', 0, 60, 17999.0, TRUE) ON CONFLICT DO NOTHING;
INSERT INTO tiers (plan_id, min_days, max_days, price_inr, is_active) VALUES ('91e7ed91-be7a-4618-9ece-13d960e05a5f', 61, 730, 18999.0, TRUE) ON CONFLICT DO NOTHING;
INSERT INTO tiers (plan_id, min_days, max_days, price_inr, is_active) VALUES ('91e7ed91-be7a-4618-9ece-13d960e05a5f', 731, 1095, 19999.0, TRUE) ON CONFLICT DO NOTHING;
INSERT INTO plans (id, variant_id, plan_name, duration_months, max_kms) VALUES ('53975615-3ef6-45d3-8960-38484257e0d1', 'd038d6b4-ae4c-4a7f-a7f4-7205aa1ec4f7', '4th & 5th Year / 150,000 Kms', 24, 150000) ON CONFLICT DO NOTHING;
INSERT INTO tiers (plan_id, min_days, max_days, price_inr, is_active) VALUES ('53975615-3ef6-45d3-8960-38484257e0d1', 0, 60, 32999.0, TRUE) ON CONFLICT DO NOTHING;
INSERT INTO tiers (plan_id, min_days, max_days, price_inr, is_active) VALUES ('53975615-3ef6-45d3-8960-38484257e0d1', 61, 730, 33999.0, TRUE) ON CONFLICT DO NOTHING;
INSERT INTO tiers (plan_id, min_days, max_days, price_inr, is_active) VALUES ('53975615-3ef6-45d3-8960-38484257e0d1', 731, 1095, 34999.0, TRUE) ON CONFLICT DO NOTHING;
INSERT INTO models (id, brand_id, name) VALUES ('433dc34e-07e0-4009-b884-29303eb4a533', '78b92e97-24e3-4713-b0ba-8d1ac43789f7', 'XUV400') ON CONFLICT DO NOTHING;
INSERT INTO variants (id, model_id, name, fuel, transmission, oem_warranty_months, oem_warranty_kms) VALUES ('11db3e45-9f79-4d3e-abea-abd5c15afac8', '433dc34e-07e0-4009-b884-29303eb4a533', 'XUV400 N/A All', 'N/A', 'All', 36, 100000) ON CONFLICT DO NOTHING;
INSERT INTO plans (id, variant_id, plan_name, duration_months, max_kms) VALUES ('3f325df4-5a68-4b22-a086-cb9c11508bc1', '11db3e45-9f79-4d3e-abea-abd5c15afac8', '4th Year / 120,000 Kms', 12, 120000) ON CONFLICT DO NOTHING;
INSERT INTO tiers (plan_id, min_days, max_days, price_inr, is_active) VALUES ('3f325df4-5a68-4b22-a086-cb9c11508bc1', 0, 60, 22499.0, TRUE) ON CONFLICT DO NOTHING;
INSERT INTO tiers (plan_id, min_days, max_days, price_inr, is_active) VALUES ('3f325df4-5a68-4b22-a086-cb9c11508bc1', 61, 730, 23299.0, TRUE) ON CONFLICT DO NOTHING;
INSERT INTO tiers (plan_id, min_days, max_days, price_inr, is_active) VALUES ('3f325df4-5a68-4b22-a086-cb9c11508bc1', 731, 1095, 24000.0, TRUE) ON CONFLICT DO NOTHING;
INSERT INTO plans (id, variant_id, plan_name, duration_months, max_kms) VALUES ('a8b53c16-3393-4b13-ba3c-f139ec04c59a', '11db3e45-9f79-4d3e-abea-abd5c15afac8', '4th & 5th Year / 150,000 Kms', 24, 150000) ON CONFLICT DO NOTHING;
INSERT INTO tiers (plan_id, min_days, max_days, price_inr, is_active) VALUES ('a8b53c16-3393-4b13-ba3c-f139ec04c59a', 0, 60, 32499.0, TRUE) ON CONFLICT DO NOTHING;
INSERT INTO tiers (plan_id, min_days, max_days, price_inr, is_active) VALUES ('a8b53c16-3393-4b13-ba3c-f139ec04c59a', 61, 730, 33599.0, TRUE) ON CONFLICT DO NOTHING;
INSERT INTO tiers (plan_id, min_days, max_days, price_inr, is_active) VALUES ('a8b53c16-3393-4b13-ba3c-f139ec04c59a', 731, 1095, 34199.0, TRUE) ON CONFLICT DO NOTHING;
INSERT INTO models (id, brand_id, name) VALUES ('004fd4fc-23d7-4a9b-ac81-ada4b895382e', '78b92e97-24e3-4713-b0ba-8d1ac43789f7', 'XUV700') ON CONFLICT DO NOTHING;
INSERT INTO variants (id, model_id, name, fuel, transmission, oem_warranty_months, oem_warranty_kms) VALUES ('abb46e80-1371-4a38-8cd8-d697bb154b88', '004fd4fc-23d7-4a9b-ac81-ada4b895382e', 'XUV700 Petrol Manual', 'Petrol', 'Manual', 36, 100000) ON CONFLICT DO NOTHING;
INSERT INTO plans (id, variant_id, plan_name, duration_months, max_kms) VALUES ('f55f83d0-cc13-4f55-849c-09c8458ac62b', 'abb46e80-1371-4a38-8cd8-d697bb154b88', '4th Year / 120,000 Kms', 12, 120000) ON CONFLICT DO NOTHING;
INSERT INTO tiers (plan_id, min_days, max_days, price_inr, is_active) VALUES ('f55f83d0-cc13-4f55-849c-09c8458ac62b', 0, 60, 20999.0, TRUE) ON CONFLICT DO NOTHING;
INSERT INTO tiers (plan_id, min_days, max_days, price_inr, is_active) VALUES ('f55f83d0-cc13-4f55-849c-09c8458ac62b', 61, 730, 21999.0, TRUE) ON CONFLICT DO NOTHING;
INSERT INTO tiers (plan_id, min_days, max_days, price_inr, is_active) VALUES ('f55f83d0-cc13-4f55-849c-09c8458ac62b', 731, 1095, 22999.0, TRUE) ON CONFLICT DO NOTHING;
INSERT INTO plans (id, variant_id, plan_name, duration_months, max_kms) VALUES ('c0e2c16e-7796-4889-b0b7-b6f55d0cc331', 'abb46e80-1371-4a38-8cd8-d697bb154b88', '4th & 5th Year / 150,000 Kms', 24, 150000) ON CONFLICT DO NOTHING;
INSERT INTO tiers (plan_id, min_days, max_days, price_inr, is_active) VALUES ('c0e2c16e-7796-4889-b0b7-b6f55d0cc331', 0, 60, 37999.0, TRUE) ON CONFLICT DO NOTHING;
INSERT INTO tiers (plan_id, min_days, max_days, price_inr, is_active) VALUES ('c0e2c16e-7796-4889-b0b7-b6f55d0cc331', 61, 730, 38999.0, TRUE) ON CONFLICT DO NOTHING;
INSERT INTO tiers (plan_id, min_days, max_days, price_inr, is_active) VALUES ('c0e2c16e-7796-4889-b0b7-b6f55d0cc331', 731, 1095, 39999.0, TRUE) ON CONFLICT DO NOTHING;
INSERT INTO variants (id, model_id, name, fuel, transmission, oem_warranty_months, oem_warranty_kms) VALUES ('0ee52fbd-c104-431d-af29-bcc3a9595983', '004fd4fc-23d7-4a9b-ac81-ada4b895382e', 'XUV700 Diesel N/A', 'Diesel', 'N/A', 36, 100000) ON CONFLICT DO NOTHING;
INSERT INTO plans (id, variant_id, plan_name, duration_months, max_kms) VALUES ('4bb0db5b-ab76-45e9-8826-fc9e113ab2e9', '0ee52fbd-c104-431d-af29-bcc3a9595983', '4th Year / 120,000 Kms', 12, 120000) ON CONFLICT DO NOTHING;
INSERT INTO tiers (plan_id, min_days, max_days, price_inr, is_active) VALUES ('4bb0db5b-ab76-45e9-8826-fc9e113ab2e9', 0, 60, 21999.0, TRUE) ON CONFLICT DO NOTHING;
INSERT INTO tiers (plan_id, min_days, max_days, price_inr, is_active) VALUES ('4bb0db5b-ab76-45e9-8826-fc9e113ab2e9', 61, 730, 22999.0, TRUE) ON CONFLICT DO NOTHING;
INSERT INTO tiers (plan_id, min_days, max_days, price_inr, is_active) VALUES ('4bb0db5b-ab76-45e9-8826-fc9e113ab2e9', 731, 1095, 23999.0, TRUE) ON CONFLICT DO NOTHING;
INSERT INTO plans (id, variant_id, plan_name, duration_months, max_kms) VALUES ('ef76973b-3f6f-4038-a122-59af927e29db', '0ee52fbd-c104-431d-af29-bcc3a9595983', '4th & 5th Year / 150,000 Kms', 24, 150000) ON CONFLICT DO NOTHING;
INSERT INTO tiers (plan_id, min_days, max_days, price_inr, is_active) VALUES ('ef76973b-3f6f-4038-a122-59af927e29db', 0, 60, 39999.0, TRUE) ON CONFLICT DO NOTHING;
INSERT INTO tiers (plan_id, min_days, max_days, price_inr, is_active) VALUES ('ef76973b-3f6f-4038-a122-59af927e29db', 61, 730, 40999.0, TRUE) ON CONFLICT DO NOTHING;
INSERT INTO tiers (plan_id, min_days, max_days, price_inr, is_active) VALUES ('ef76973b-3f6f-4038-a122-59af927e29db', 731, 1095, 41999.0, TRUE) ON CONFLICT DO NOTHING;
INSERT INTO variants (id, model_id, name, fuel, transmission, oem_warranty_months, oem_warranty_kms) VALUES ('62a641a2-7167-4cb3-ac29-8ccd6c0e8513', '004fd4fc-23d7-4a9b-ac81-ada4b895382e', 'XUV700 Petrol Automatic', 'Petrol', 'Automatic', 36, 100000) ON CONFLICT DO NOTHING;
INSERT INTO plans (id, variant_id, plan_name, duration_months, max_kms) VALUES ('af816c13-af98-4b52-826a-bcb7cdd64e4d', '62a641a2-7167-4cb3-ac29-8ccd6c0e8513', '4th Year / 120,000 Kms', 12, 120000) ON CONFLICT DO NOTHING;
INSERT INTO tiers (plan_id, min_days, max_days, price_inr, is_active) VALUES ('af816c13-af98-4b52-826a-bcb7cdd64e4d', 0, 60, 24999.0, TRUE) ON CONFLICT DO NOTHING;
INSERT INTO tiers (plan_id, min_days, max_days, price_inr, is_active) VALUES ('af816c13-af98-4b52-826a-bcb7cdd64e4d', 61, 730, 25999.0, TRUE) ON CONFLICT DO NOTHING;
INSERT INTO tiers (plan_id, min_days, max_days, price_inr, is_active) VALUES ('af816c13-af98-4b52-826a-bcb7cdd64e4d', 731, 1095, 26999.0, TRUE) ON CONFLICT DO NOTHING;
INSERT INTO plans (id, variant_id, plan_name, duration_months, max_kms) VALUES ('1497c743-f733-4d1d-9188-d568678c25f9', '62a641a2-7167-4cb3-ac29-8ccd6c0e8513', '4th & 5th Year / 150,000 Kms', 24, 150000) ON CONFLICT DO NOTHING;
INSERT INTO tiers (plan_id, min_days, max_days, price_inr, is_active) VALUES ('1497c743-f733-4d1d-9188-d568678c25f9', 0, 60, 45999.0, TRUE) ON CONFLICT DO NOTHING;
INSERT INTO tiers (plan_id, min_days, max_days, price_inr, is_active) VALUES ('1497c743-f733-4d1d-9188-d568678c25f9', 61, 730, 46999.0, TRUE) ON CONFLICT DO NOTHING;
INSERT INTO tiers (plan_id, min_days, max_days, price_inr, is_active) VALUES ('1497c743-f733-4d1d-9188-d568678c25f9', 731, 1095, 47999.0, TRUE) ON CONFLICT DO NOTHING;
INSERT INTO plans (id, variant_id, plan_name, duration_months, max_kms) VALUES ('a1ee1ef0-db94-47e7-9e1b-2b658ea4b3b5', '0ee52fbd-c104-431d-af29-bcc3a9595983', '4th Year / 120,000 Kms', 12, 120000) ON CONFLICT DO NOTHING;
INSERT INTO tiers (plan_id, min_days, max_days, price_inr, is_active) VALUES ('a1ee1ef0-db94-47e7-9e1b-2b658ea4b3b5', 0, 60, 24999.0, TRUE) ON CONFLICT DO NOTHING;
INSERT INTO tiers (plan_id, min_days, max_days, price_inr, is_active) VALUES ('a1ee1ef0-db94-47e7-9e1b-2b658ea4b3b5', 61, 730, 25999.0, TRUE) ON CONFLICT DO NOTHING;
INSERT INTO tiers (plan_id, min_days, max_days, price_inr, is_active) VALUES ('a1ee1ef0-db94-47e7-9e1b-2b658ea4b3b5', 731, 1095, 26999.0, TRUE) ON CONFLICT DO NOTHING;
INSERT INTO plans (id, variant_id, plan_name, duration_months, max_kms) VALUES ('76752104-f495-4129-8440-8246d699077b', '0ee52fbd-c104-431d-af29-bcc3a9595983', '4th & 5th Year / 150,000 Kms', 24, 150000) ON CONFLICT DO NOTHING;
INSERT INTO tiers (plan_id, min_days, max_days, price_inr, is_active) VALUES ('76752104-f495-4129-8440-8246d699077b', 0, 60, 47999.0, TRUE) ON CONFLICT DO NOTHING;
INSERT INTO tiers (plan_id, min_days, max_days, price_inr, is_active) VALUES ('76752104-f495-4129-8440-8246d699077b', 61, 730, 48999.0, TRUE) ON CONFLICT DO NOTHING;
INSERT INTO tiers (plan_id, min_days, max_days, price_inr, is_active) VALUES ('76752104-f495-4129-8440-8246d699077b', 731, 1095, 49999.0, TRUE) ON CONFLICT DO NOTHING;
INSERT INTO models (id, brand_id, name) VALUES ('132f1d4e-735d-4c20-bf47-0e46e1ea4695', '78b92e97-24e3-4713-b0ba-8d1ac43789f7', 'Scorpio-N') ON CONFLICT DO NOTHING;
INSERT INTO variants (id, model_id, name, fuel, transmission, oem_warranty_months, oem_warranty_kms) VALUES ('c78734fb-8405-4847-bc84-8a76b4c7b8f5', '132f1d4e-735d-4c20-bf47-0e46e1ea4695', 'Scorpio-N Petrol Manual', 'Petrol', 'Manual', 36, 100000) ON CONFLICT DO NOTHING;
INSERT INTO plans (id, variant_id, plan_name, duration_months, max_kms) VALUES ('0ff73711-920a-4f02-8f87-9bfbd6ced593', 'c78734fb-8405-4847-bc84-8a76b4c7b8f5', '4th Year / 120,000 Kms', 12, 120000) ON CONFLICT DO NOTHING;
INSERT INTO tiers (plan_id, min_days, max_days, price_inr, is_active) VALUES ('0ff73711-920a-4f02-8f87-9bfbd6ced593', 0, 60, 19999.0, TRUE) ON CONFLICT DO NOTHING;
INSERT INTO tiers (plan_id, min_days, max_days, price_inr, is_active) VALUES ('0ff73711-920a-4f02-8f87-9bfbd6ced593', 61, 730, 20999.0, TRUE) ON CONFLICT DO NOTHING;
INSERT INTO tiers (plan_id, min_days, max_days, price_inr, is_active) VALUES ('0ff73711-920a-4f02-8f87-9bfbd6ced593', 731, 1095, 21999.0, TRUE) ON CONFLICT DO NOTHING;
INSERT INTO plans (id, variant_id, plan_name, duration_months, max_kms) VALUES ('acd9ca7f-228f-4814-bcf2-c97fd435bf9d', 'c78734fb-8405-4847-bc84-8a76b4c7b8f5', '4th & 5th Year / 150,000 Kms', 24, 150000) ON CONFLICT DO NOTHING;
INSERT INTO tiers (plan_id, min_days, max_days, price_inr, is_active) VALUES ('acd9ca7f-228f-4814-bcf2-c97fd435bf9d', 0, 60, 35999.0, TRUE) ON CONFLICT DO NOTHING;
INSERT INTO tiers (plan_id, min_days, max_days, price_inr, is_active) VALUES ('acd9ca7f-228f-4814-bcf2-c97fd435bf9d', 61, 730, 36999.0, TRUE) ON CONFLICT DO NOTHING;
INSERT INTO tiers (plan_id, min_days, max_days, price_inr, is_active) VALUES ('acd9ca7f-228f-4814-bcf2-c97fd435bf9d', 731, 1095, 37999.0, TRUE) ON CONFLICT DO NOTHING;
INSERT INTO variants (id, model_id, name, fuel, transmission, oem_warranty_months, oem_warranty_kms) VALUES ('f932a264-dbb5-46c3-9e78-42d4e89d88c9', '132f1d4e-735d-4c20-bf47-0e46e1ea4695', 'Scorpio-N Diesel N/A', 'Diesel', 'N/A', 36, 100000) ON CONFLICT DO NOTHING;
INSERT INTO plans (id, variant_id, plan_name, duration_months, max_kms) VALUES ('71baad06-434a-443f-ad50-6e3fb78beb82', 'f932a264-dbb5-46c3-9e78-42d4e89d88c9', '4th Year / 120,000 Kms', 12, 120000) ON CONFLICT DO NOTHING;
INSERT INTO tiers (plan_id, min_days, max_days, price_inr, is_active) VALUES ('71baad06-434a-443f-ad50-6e3fb78beb82', 0, 60, 20999.0, TRUE) ON CONFLICT DO NOTHING;
INSERT INTO tiers (plan_id, min_days, max_days, price_inr, is_active) VALUES ('71baad06-434a-443f-ad50-6e3fb78beb82', 61, 730, 21999.0, TRUE) ON CONFLICT DO NOTHING;
INSERT INTO tiers (plan_id, min_days, max_days, price_inr, is_active) VALUES ('71baad06-434a-443f-ad50-6e3fb78beb82', 731, 1095, 22999.0, TRUE) ON CONFLICT DO NOTHING;
INSERT INTO plans (id, variant_id, plan_name, duration_months, max_kms) VALUES ('a3bda479-89a4-4c7d-b6a6-f63331379470', 'f932a264-dbb5-46c3-9e78-42d4e89d88c9', '4th & 5th Year / 150,000 Kms', 24, 150000) ON CONFLICT DO NOTHING;
INSERT INTO tiers (plan_id, min_days, max_days, price_inr, is_active) VALUES ('a3bda479-89a4-4c7d-b6a6-f63331379470', 0, 60, 39999.0, TRUE) ON CONFLICT DO NOTHING;
INSERT INTO tiers (plan_id, min_days, max_days, price_inr, is_active) VALUES ('a3bda479-89a4-4c7d-b6a6-f63331379470', 61, 730, 40999.0, TRUE) ON CONFLICT DO NOTHING;
INSERT INTO tiers (plan_id, min_days, max_days, price_inr, is_active) VALUES ('a3bda479-89a4-4c7d-b6a6-f63331379470', 731, 1095, 41999.0, TRUE) ON CONFLICT DO NOTHING;
INSERT INTO variants (id, model_id, name, fuel, transmission, oem_warranty_months, oem_warranty_kms) VALUES ('b9b66303-451a-4b5e-b5c0-b09f846fe1a2', '132f1d4e-735d-4c20-bf47-0e46e1ea4695', 'Scorpio-N Petrol Automatic', 'Petrol', 'Automatic', 36, 100000) ON CONFLICT DO NOTHING;
INSERT INTO plans (id, variant_id, plan_name, duration_months, max_kms) VALUES ('2db01cde-42f3-4ea8-957d-3f34defc595d', 'b9b66303-451a-4b5e-b5c0-b09f846fe1a2', '4th Year / 120,000 Kms', 12, 120000) ON CONFLICT DO NOTHING;
INSERT INTO tiers (plan_id, min_days, max_days, price_inr, is_active) VALUES ('2db01cde-42f3-4ea8-957d-3f34defc595d', 0, 60, 23999.0, TRUE) ON CONFLICT DO NOTHING;
INSERT INTO tiers (plan_id, min_days, max_days, price_inr, is_active) VALUES ('2db01cde-42f3-4ea8-957d-3f34defc595d', 61, 730, 24999.0, TRUE) ON CONFLICT DO NOTHING;
INSERT INTO tiers (plan_id, min_days, max_days, price_inr, is_active) VALUES ('2db01cde-42f3-4ea8-957d-3f34defc595d', 731, 1095, 25999.0, TRUE) ON CONFLICT DO NOTHING;
INSERT INTO plans (id, variant_id, plan_name, duration_months, max_kms) VALUES ('fbebb83e-43a5-469b-9a38-b6acd6fbb098', 'b9b66303-451a-4b5e-b5c0-b09f846fe1a2', '4th & 5th Year / 150,000 Kms', 24, 150000) ON CONFLICT DO NOTHING;
INSERT INTO tiers (plan_id, min_days, max_days, price_inr, is_active) VALUES ('fbebb83e-43a5-469b-9a38-b6acd6fbb098', 0, 60, 41999.0, TRUE) ON CONFLICT DO NOTHING;
INSERT INTO tiers (plan_id, min_days, max_days, price_inr, is_active) VALUES ('fbebb83e-43a5-469b-9a38-b6acd6fbb098', 61, 730, 42999.0, TRUE) ON CONFLICT DO NOTHING;
INSERT INTO tiers (plan_id, min_days, max_days, price_inr, is_active) VALUES ('fbebb83e-43a5-469b-9a38-b6acd6fbb098', 731, 1095, 43999.0, TRUE) ON CONFLICT DO NOTHING;
INSERT INTO plans (id, variant_id, plan_name, duration_months, max_kms) VALUES ('6273adbb-0448-4d86-b335-a6b1a9b4de24', 'f932a264-dbb5-46c3-9e78-42d4e89d88c9', '4th Year / 120,000 Kms', 12, 120000) ON CONFLICT DO NOTHING;
INSERT INTO tiers (plan_id, min_days, max_days, price_inr, is_active) VALUES ('6273adbb-0448-4d86-b335-a6b1a9b4de24', 0, 60, 24999.0, TRUE) ON CONFLICT DO NOTHING;
INSERT INTO tiers (plan_id, min_days, max_days, price_inr, is_active) VALUES ('6273adbb-0448-4d86-b335-a6b1a9b4de24', 61, 730, 25999.0, TRUE) ON CONFLICT DO NOTHING;
INSERT INTO tiers (plan_id, min_days, max_days, price_inr, is_active) VALUES ('6273adbb-0448-4d86-b335-a6b1a9b4de24', 731, 1095, 26999.0, TRUE) ON CONFLICT DO NOTHING;
INSERT INTO plans (id, variant_id, plan_name, duration_months, max_kms) VALUES ('452fb022-ff25-40ff-a477-14ce3460e8c5', 'f932a264-dbb5-46c3-9e78-42d4e89d88c9', '4th & 5th Year / 150,000 Kms', 24, 150000) ON CONFLICT DO NOTHING;
INSERT INTO tiers (plan_id, min_days, max_days, price_inr, is_active) VALUES ('452fb022-ff25-40ff-a477-14ce3460e8c5', 0, 60, 49999.0, TRUE) ON CONFLICT DO NOTHING;
INSERT INTO tiers (plan_id, min_days, max_days, price_inr, is_active) VALUES ('452fb022-ff25-40ff-a477-14ce3460e8c5', 61, 730, 50999.0, TRUE) ON CONFLICT DO NOTHING;
INSERT INTO tiers (plan_id, min_days, max_days, price_inr, is_active) VALUES ('452fb022-ff25-40ff-a477-14ce3460e8c5', 731, 1095, 51999.0, TRUE) ON CONFLICT DO NOTHING;
INSERT INTO models (id, brand_id, name) VALUES ('e833c8a8-49f2-4b80-bfbe-a8d8920a8745', '78b92e97-24e3-4713-b0ba-8d1ac43789f7', 'Scorpio Classic') ON CONFLICT DO NOTHING;
INSERT INTO variants (id, model_id, name, fuel, transmission, oem_warranty_months, oem_warranty_kms) VALUES ('54a54ab5-4e4e-4e0f-9ce0-973e9aeb7027', 'e833c8a8-49f2-4b80-bfbe-a8d8920a8745', 'Scorpio Classic Diesel All', 'Diesel', 'All', 36, 100000) ON CONFLICT DO NOTHING;
INSERT INTO plans (id, variant_id, plan_name, duration_months, max_kms) VALUES ('78b2a02f-736f-478b-b16c-af3e901cd7c9', '54a54ab5-4e4e-4e0f-9ce0-973e9aeb7027', '4th Year / 120,000 Kms', 12, 120000) ON CONFLICT DO NOTHING;
INSERT INTO tiers (plan_id, min_days, max_days, price_inr, is_active) VALUES ('78b2a02f-736f-478b-b16c-af3e901cd7c9', 0, 60, 17999.0, TRUE) ON CONFLICT DO NOTHING;
INSERT INTO tiers (plan_id, min_days, max_days, price_inr, is_active) VALUES ('78b2a02f-736f-478b-b16c-af3e901cd7c9', 61, 730, 18999.0, TRUE) ON CONFLICT DO NOTHING;
INSERT INTO tiers (plan_id, min_days, max_days, price_inr, is_active) VALUES ('78b2a02f-736f-478b-b16c-af3e901cd7c9', 731, 1095, 19999.0, TRUE) ON CONFLICT DO NOTHING;
INSERT INTO plans (id, variant_id, plan_name, duration_months, max_kms) VALUES ('72a269a1-c506-46ff-a84b-718e5e3257b9', '54a54ab5-4e4e-4e0f-9ce0-973e9aeb7027', '4th & 5th Year / 150,000 Kms', 24, 150000) ON CONFLICT DO NOTHING;
INSERT INTO tiers (plan_id, min_days, max_days, price_inr, is_active) VALUES ('72a269a1-c506-46ff-a84b-718e5e3257b9', 0, 60, 32999.0, TRUE) ON CONFLICT DO NOTHING;
INSERT INTO tiers (plan_id, min_days, max_days, price_inr, is_active) VALUES ('72a269a1-c506-46ff-a84b-718e5e3257b9', 61, 730, 33999.0, TRUE) ON CONFLICT DO NOTHING;
INSERT INTO tiers (plan_id, min_days, max_days, price_inr, is_active) VALUES ('72a269a1-c506-46ff-a84b-718e5e3257b9', 731, 1095, 34999.0, TRUE) ON CONFLICT DO NOTHING;
INSERT INTO models (id, brand_id, name) VALUES ('bee7bb71-d405-4cea-b4d3-b5858680eb18', '78b92e97-24e3-4713-b0ba-8d1ac43789f7', 'Bolero Neo  Plus') ON CONFLICT DO NOTHING;
INSERT INTO variants (id, model_id, name, fuel, transmission, oem_warranty_months, oem_warranty_kms) VALUES ('51c5bd54-166b-42d4-b9d6-be6fb312860d', 'bee7bb71-d405-4cea-b4d3-b5858680eb18', 'Bolero Neo  Plus Diesel All', 'Diesel', 'All', 36, 100000) ON CONFLICT DO NOTHING;
INSERT INTO plans (id, variant_id, plan_name, duration_months, max_kms) VALUES ('8b8dadf0-50ab-4dbb-aab4-fbc4686050bb', '51c5bd54-166b-42d4-b9d6-be6fb312860d', '4th Year / 120,000 Kms', 12, 120000) ON CONFLICT DO NOTHING;
INSERT INTO tiers (plan_id, min_days, max_days, price_inr, is_active) VALUES ('8b8dadf0-50ab-4dbb-aab4-fbc4686050bb', 0, 60, 10999.0, TRUE) ON CONFLICT DO NOTHING;
INSERT INTO tiers (plan_id, min_days, max_days, price_inr, is_active) VALUES ('8b8dadf0-50ab-4dbb-aab4-fbc4686050bb', 61, 730, 11999.0, TRUE) ON CONFLICT DO NOTHING;
INSERT INTO tiers (plan_id, min_days, max_days, price_inr, is_active) VALUES ('8b8dadf0-50ab-4dbb-aab4-fbc4686050bb', 731, 1095, 12999.0, TRUE) ON CONFLICT DO NOTHING;
INSERT INTO plans (id, variant_id, plan_name, duration_months, max_kms) VALUES ('c286a5ad-040d-4e6f-b547-818a21754d83', '51c5bd54-166b-42d4-b9d6-be6fb312860d', '4th & 5th Year / 150,000 Kms', 24, 150000) ON CONFLICT DO NOTHING;
INSERT INTO tiers (plan_id, min_days, max_days, price_inr, is_active) VALUES ('c286a5ad-040d-4e6f-b547-818a21754d83', 0, 60, 19999.0, TRUE) ON CONFLICT DO NOTHING;
INSERT INTO tiers (plan_id, min_days, max_days, price_inr, is_active) VALUES ('c286a5ad-040d-4e6f-b547-818a21754d83', 61, 730, 20999.0, TRUE) ON CONFLICT DO NOTHING;
INSERT INTO tiers (plan_id, min_days, max_days, price_inr, is_active) VALUES ('c286a5ad-040d-4e6f-b547-818a21754d83', 731, 1095, 21999.0, TRUE) ON CONFLICT DO NOTHING;
INSERT INTO models (id, brand_id, name) VALUES ('9aac1c6b-2732-4234-921d-ff71c4d272cc', '78b92e97-24e3-4713-b0ba-8d1ac43789f7', 'Bolero  Neo') ON CONFLICT DO NOTHING;
INSERT INTO variants (id, model_id, name, fuel, transmission, oem_warranty_months, oem_warranty_kms) VALUES ('84dfef7f-2dda-4418-a53a-a5ca2aebd543', '9aac1c6b-2732-4234-921d-ff71c4d272cc', 'Bolero  Neo Diesel All', 'Diesel', 'All', 36, 100000) ON CONFLICT DO NOTHING;
INSERT INTO plans (id, variant_id, plan_name, duration_months, max_kms) VALUES ('6a4b41ac-2d27-4824-9423-4c0650864496', '84dfef7f-2dda-4418-a53a-a5ca2aebd543', '4th Year / 120,000 Kms', 12, 120000) ON CONFLICT DO NOTHING;
INSERT INTO tiers (plan_id, min_days, max_days, price_inr, is_active) VALUES ('6a4b41ac-2d27-4824-9423-4c0650864496', 0, 60, 9999.0, TRUE) ON CONFLICT DO NOTHING;
INSERT INTO tiers (plan_id, min_days, max_days, price_inr, is_active) VALUES ('6a4b41ac-2d27-4824-9423-4c0650864496', 61, 730, 10999.0, TRUE) ON CONFLICT DO NOTHING;
INSERT INTO tiers (plan_id, min_days, max_days, price_inr, is_active) VALUES ('6a4b41ac-2d27-4824-9423-4c0650864496', 731, 1095, 11999.0, TRUE) ON CONFLICT DO NOTHING;
INSERT INTO plans (id, variant_id, plan_name, duration_months, max_kms) VALUES ('9f0e19d6-e812-433c-933b-29cf7c2f8c96', '84dfef7f-2dda-4418-a53a-a5ca2aebd543', '4th & 5th Year / 150,000 Kms', 24, 150000) ON CONFLICT DO NOTHING;
INSERT INTO tiers (plan_id, min_days, max_days, price_inr, is_active) VALUES ('9f0e19d6-e812-433c-933b-29cf7c2f8c96', 0, 60, 18999.0, TRUE) ON CONFLICT DO NOTHING;
INSERT INTO tiers (plan_id, min_days, max_days, price_inr, is_active) VALUES ('9f0e19d6-e812-433c-933b-29cf7c2f8c96', 61, 730, 19999.0, TRUE) ON CONFLICT DO NOTHING;
INSERT INTO tiers (plan_id, min_days, max_days, price_inr, is_active) VALUES ('9f0e19d6-e812-433c-933b-29cf7c2f8c96', 731, 1095, 20999.0, TRUE) ON CONFLICT DO NOTHING;
INSERT INTO models (id, brand_id, name) VALUES ('40f78468-030e-4b16-b382-44aa5dadbd88', '78b92e97-24e3-4713-b0ba-8d1ac43789f7', 'Bolero') ON CONFLICT DO NOTHING;
INSERT INTO variants (id, model_id, name, fuel, transmission, oem_warranty_months, oem_warranty_kms) VALUES ('bbd90145-7c8c-4e93-b972-47af3e2ee7e5', '40f78468-030e-4b16-b382-44aa5dadbd88', 'Bolero Diesel All', 'Diesel', 'All', 36, 100000) ON CONFLICT DO NOTHING;
INSERT INTO plans (id, variant_id, plan_name, duration_months, max_kms) VALUES ('790461e1-3174-4773-a38c-41593967de70', 'bbd90145-7c8c-4e93-b972-47af3e2ee7e5', '4th Year / 120,000 Kms', 12, 120000) ON CONFLICT DO NOTHING;
INSERT INTO tiers (plan_id, min_days, max_days, price_inr, is_active) VALUES ('790461e1-3174-4773-a38c-41593967de70', 0, 60, 8999.0, TRUE) ON CONFLICT DO NOTHING;
INSERT INTO tiers (plan_id, min_days, max_days, price_inr, is_active) VALUES ('790461e1-3174-4773-a38c-41593967de70', 61, 730, 9999.0, TRUE) ON CONFLICT DO NOTHING;
INSERT INTO tiers (plan_id, min_days, max_days, price_inr, is_active) VALUES ('790461e1-3174-4773-a38c-41593967de70', 731, 1095, 10999.0, TRUE) ON CONFLICT DO NOTHING;
INSERT INTO plans (id, variant_id, plan_name, duration_months, max_kms) VALUES ('c1efb8ab-cbee-4a6d-8b7f-c2c8ed6bcecf', 'bbd90145-7c8c-4e93-b972-47af3e2ee7e5', '4th & 5th Year / 150,000 Kms', 24, 150000) ON CONFLICT DO NOTHING;
INSERT INTO tiers (plan_id, min_days, max_days, price_inr, is_active) VALUES ('c1efb8ab-cbee-4a6d-8b7f-c2c8ed6bcecf', 0, 60, 16999.0, TRUE) ON CONFLICT DO NOTHING;
INSERT INTO tiers (plan_id, min_days, max_days, price_inr, is_active) VALUES ('c1efb8ab-cbee-4a6d-8b7f-c2c8ed6bcecf', 61, 730, 17999.0, TRUE) ON CONFLICT DO NOTHING;
INSERT INTO tiers (plan_id, min_days, max_days, price_inr, is_active) VALUES ('c1efb8ab-cbee-4a6d-8b7f-c2c8ed6bcecf', 731, 1095, 18999.0, TRUE) ON CONFLICT DO NOTHING;
INSERT INTO brands (id, name) VALUES ('420eb926-242f-442a-b7a4-59eafd3da930', 'Citroen') ON CONFLICT DO NOTHING;
INSERT INTO models (id, brand_id, name) VALUES ('86f76c5b-2d58-47ce-99dc-98896560722b', '420eb926-242f-442a-b7a4-59eafd3da930', 'EC3') ON CONFLICT DO NOTHING;
INSERT INTO variants (id, model_id, name, fuel, transmission, oem_warranty_months, oem_warranty_kms) VALUES ('f4068d0a-26fb-43ea-a45a-eba58d3c0ee1', '86f76c5b-2d58-47ce-99dc-98896560722b', 'Live', 'EV', 'N/A', 36, 125000) ON CONFLICT DO NOTHING;
INSERT INTO plans (id, variant_id, plan_name, duration_months, max_kms) VALUES ('91c306bb-2781-4b50-a785-c346fc5c1627', 'f4068d0a-26fb-43ea-a45a-eba58d3c0ee1', '4th YR / 125K km', 12, NULL) ON CONFLICT DO NOTHING;
INSERT INTO tiers (plan_id, min_days, max_days, price_inr, is_active) VALUES ('91c306bb-2781-4b50-a785-c346fc5c1627', 0, 60, 17110.0, TRUE) ON CONFLICT DO NOTHING;
INSERT INTO tiers (plan_id, min_days, max_days, price_inr, is_active) VALUES ('91c306bb-2781-4b50-a785-c346fc5c1627', 61, 365, 18526.0, TRUE) ON CONFLICT DO NOTHING;
INSERT INTO tiers (plan_id, min_days, max_days, price_inr, is_active) VALUES ('91c306bb-2781-4b50-a785-c346fc5c1627', 366, 730, 20532.0, TRUE) ON CONFLICT DO NOTHING;
INSERT INTO tiers (plan_id, min_days, max_days, price_inr, is_active) VALUES ('91c306bb-2781-4b50-a785-c346fc5c1627', 731, 1095, 21948.0, TRUE) ON CONFLICT DO NOTHING;
INSERT INTO tiers (plan_id, min_days, max_days, price_inr, is_active) VALUES ('91c306bb-2781-4b50-a785-c346fc5c1627', 0, 60, 26550.0, TRUE) ON CONFLICT DO NOTHING;
INSERT INTO tiers (plan_id, min_days, max_days, price_inr, is_active) VALUES ('91c306bb-2781-4b50-a785-c346fc5c1627', 61, 365, 28674.0, TRUE) ON CONFLICT DO NOTHING;
INSERT INTO tiers (plan_id, min_days, max_days, price_inr, is_active) VALUES ('91c306bb-2781-4b50-a785-c346fc5c1627', 366, 730, 31860.0, TRUE) ON CONFLICT DO NOTHING;
INSERT INTO tiers (plan_id, min_days, max_days, price_inr, is_active) VALUES ('91c306bb-2781-4b50-a785-c346fc5c1627', 731, 1095, 33984.0, TRUE) ON CONFLICT DO NOTHING;
INSERT INTO variants (id, model_id, name, fuel, transmission, oem_warranty_months, oem_warranty_kms) VALUES ('e8adf128-aed1-463e-af97-b9c15bb66cd2', '86f76c5b-2d58-47ce-99dc-98896560722b', 'Feel', 'EV', 'N/A', 36, 125000) ON CONFLICT DO NOTHING;
INSERT INTO plans (id, variant_id, plan_name, duration_months, max_kms) VALUES ('c872d4d6-a290-4339-81b2-3e0a4cf74c2f', 'e8adf128-aed1-463e-af97-b9c15bb66cd2', '4th YR / 125K km', 12, NULL) ON CONFLICT DO NOTHING;
INSERT INTO tiers (plan_id, min_days, max_days, price_inr, is_active) VALUES ('c872d4d6-a290-4339-81b2-3e0a4cf74c2f', 0, 60, 18526.0, TRUE) ON CONFLICT DO NOTHING;
INSERT INTO tiers (plan_id, min_days, max_days, price_inr, is_active) VALUES ('c872d4d6-a290-4339-81b2-3e0a4cf74c2f', 61, 365, 19942.0, TRUE) ON CONFLICT DO NOTHING;
INSERT INTO tiers (plan_id, min_days, max_days, price_inr, is_active) VALUES ('c872d4d6-a290-4339-81b2-3e0a4cf74c2f', 366, 730, 21948.0, TRUE) ON CONFLICT DO NOTHING;
INSERT INTO tiers (plan_id, min_days, max_days, price_inr, is_active) VALUES ('c872d4d6-a290-4339-81b2-3e0a4cf74c2f', 731, 1095, 23364.0, TRUE) ON CONFLICT DO NOTHING;
INSERT INTO tiers (plan_id, min_days, max_days, price_inr, is_active) VALUES ('c872d4d6-a290-4339-81b2-3e0a4cf74c2f', 0, 60, 28674.0, TRUE) ON CONFLICT DO NOTHING;
INSERT INTO tiers (plan_id, min_days, max_days, price_inr, is_active) VALUES ('c872d4d6-a290-4339-81b2-3e0a4cf74c2f', 61, 365, 30798.0, TRUE) ON CONFLICT DO NOTHING;
INSERT INTO tiers (plan_id, min_days, max_days, price_inr, is_active) VALUES ('c872d4d6-a290-4339-81b2-3e0a4cf74c2f', 366, 730, 33984.0, TRUE) ON CONFLICT DO NOTHING;
INSERT INTO tiers (plan_id, min_days, max_days, price_inr, is_active) VALUES ('c872d4d6-a290-4339-81b2-3e0a4cf74c2f', 731, 1095, 36226.0, TRUE) ON CONFLICT DO NOTHING;
INSERT INTO models (id, brand_id, name) VALUES ('7b62ca2c-5586-4e8c-9fa3-9892b5bf0828', '420eb926-242f-442a-b7a4-59eafd3da930', 'C3') ON CONFLICT DO NOTHING;
INSERT INTO variants (id, model_id, name, fuel, transmission, oem_warranty_months, oem_warranty_kms) VALUES ('c0188fc5-e978-458d-9274-6d2dce64e00b', '7b62ca2c-5586-4e8c-9fa3-9892b5bf0828', 'Shine', 'Petrol', 'N/A', 24, 40000) ON CONFLICT DO NOTHING;
INSERT INTO models (id, brand_id, name) VALUES ('557e14c5-ec2d-47c3-a510-553be245c982', '420eb926-242f-442a-b7a4-59eafd3da930', 'C3 Aircross MT') ON CONFLICT DO NOTHING;
INSERT INTO variants (id, model_id, name, fuel, transmission, oem_warranty_months, oem_warranty_kms) VALUES ('76d0aaa8-9612-4b48-adea-123e7c2f1415', '557e14c5-ec2d-47c3-a510-553be245c982', 'MAX', 'Petrol', 'N/A', 24, 40000) ON CONFLICT DO NOTHING;
INSERT INTO models (id, brand_id, name) VALUES ('152b5112-54aa-46f8-b2c6-972b6332a188', '420eb926-242f-442a-b7a4-59eafd3da930', 'C3 Aircross AT') ON CONFLICT DO NOTHING;
INSERT INTO variants (id, model_id, name, fuel, transmission, oem_warranty_months, oem_warranty_kms) VALUES ('3566a8f4-cf0b-4e45-95e9-009861e6e979', '152b5112-54aa-46f8-b2c6-972b6332a188', 'PLUS', 'Petrol', 'N/A', 24, 40000) ON CONFLICT DO NOTHING;
INSERT INTO variants (id, model_id, name, fuel, transmission, oem_warranty_months, oem_warranty_kms) VALUES ('2c4cc040-2ff5-4dc1-bd6c-679c07052a92', '152b5112-54aa-46f8-b2c6-972b6332a188', 'MAX', 'Petrol', 'N/A', 24, 40000) ON CONFLICT DO NOTHING;
INSERT INTO brands (id, name) VALUES ('cf38356b-764f-46f3-b41a-9c13a9da29e1', 'Toyota') ON CONFLICT DO NOTHING;
INSERT INTO models (id, brand_id, name) VALUES ('71b2a8f0-caee-4656-8bae-f22a4cf0105b', 'cf38356b-764f-46f3-b41a-9c13a9da29e1', 'Innova Crysta') ON CONFLICT DO NOTHING;
INSERT INTO variants (id, model_id, name, fuel, transmission, oem_warranty_months, oem_warranty_kms) VALUES ('788b37b6-50c8-400a-9d3e-bbbf338e1278', '71b2a8f0-caee-4656-8bae-f22a4cf0105b', 'Innova Crysta Diesel Manual', 'Diesel', 'Manual', 36, 100000) ON CONFLICT DO NOTHING;
INSERT INTO plans (id, variant_id, plan_name, duration_months, max_kms) VALUES ('de6ab9fe-3224-4b08-af87-c3935175e0c6', '788b37b6-50c8-400a-9d3e-bbbf338e1278', '4th Year / 100,000 Kms', 12, 100000) ON CONFLICT DO NOTHING;
INSERT INTO tiers (plan_id, min_days, max_days, price_inr, is_active) VALUES ('de6ab9fe-3224-4b08-af87-c3935175e0c6', 0, 60, 25423.1, TRUE) ON CONFLICT DO NOTHING;
INSERT INTO tiers (plan_id, min_days, max_days, price_inr, is_active) VALUES ('de6ab9fe-3224-4b08-af87-c3935175e0c6', 61, 365, 27966.0, TRUE) ON CONFLICT DO NOTHING;
INSERT INTO tiers (plan_id, min_days, max_days, price_inr, is_active) VALUES ('de6ab9fe-3224-4b08-af87-c3935175e0c6', 366, 730, 31779.76, TRUE) ON CONFLICT DO NOTHING;
INSERT INTO tiers (plan_id, min_days, max_days, price_inr, is_active) VALUES ('de6ab9fe-3224-4b08-af87-c3935175e0c6', 731, 1095, 36864.38, TRUE) ON CONFLICT DO NOTHING;
INSERT INTO plans (id, variant_id, plan_name, duration_months, max_kms) VALUES ('df24de52-6415-4653-93ee-354eafe56a54', '788b37b6-50c8-400a-9d3e-bbbf338e1278', '4th & 5th Year / 150,000 Kms', 24, 150000) ON CONFLICT DO NOTHING;
INSERT INTO tiers (plan_id, min_days, max_days, price_inr, is_active) VALUES ('df24de52-6415-4653-93ee-354eafe56a54', 0, 60, 40378.42, TRUE) ON CONFLICT DO NOTHING;
INSERT INTO tiers (plan_id, min_days, max_days, price_inr, is_active) VALUES ('df24de52-6415-4653-93ee-354eafe56a54', 61, 365, 44416.38, TRUE) ON CONFLICT DO NOTHING;
INSERT INTO tiers (plan_id, min_days, max_days, price_inr, is_active) VALUES ('df24de52-6415-4653-93ee-354eafe56a54', 366, 730, 50473.32, TRUE) ON CONFLICT DO NOTHING;
INSERT INTO tiers (plan_id, min_days, max_days, price_inr, is_active) VALUES ('df24de52-6415-4653-93ee-354eafe56a54', 731, 1095, 58549.24, TRUE) ON CONFLICT DO NOTHING;
INSERT INTO plans (id, variant_id, plan_name, duration_months, max_kms) VALUES ('8232f213-f34d-4b76-8722-289931824790', '788b37b6-50c8-400a-9d3e-bbbf338e1278', '4th & 5th Year / 200,000 Kms', 24, 200000) ON CONFLICT DO NOTHING;
INSERT INTO tiers (plan_id, min_days, max_days, price_inr, is_active) VALUES ('8232f213-f34d-4b76-8722-289931824790', 0, 60, 50846.2, TRUE) ON CONFLICT DO NOTHING;
INSERT INTO tiers (plan_id, min_days, max_days, price_inr, is_active) VALUES ('8232f213-f34d-4b76-8722-289931824790', 61, 365, 55930.82, TRUE) ON CONFLICT DO NOTHING;
INSERT INTO tiers (plan_id, min_days, max_days, price_inr, is_active) VALUES ('8232f213-f34d-4b76-8722-289931824790', 366, 730, 63558.34, TRUE) ON CONFLICT DO NOTHING;
INSERT INTO tiers (plan_id, min_days, max_days, price_inr, is_active) VALUES ('8232f213-f34d-4b76-8722-289931824790', 731, 1095, 73727.58, TRUE) ON CONFLICT DO NOTHING;
INSERT INTO variants (id, model_id, name, fuel, transmission, oem_warranty_months, oem_warranty_kms) VALUES ('68b2f8bf-d4a5-421d-95c5-76dfdf298a05', '71b2a8f0-caee-4656-8bae-f22a4cf0105b', 'Innova Crysta Diesel Automatic', 'Diesel', 'Automatic', 36, 100000) ON CONFLICT DO NOTHING;
INSERT INTO plans (id, variant_id, plan_name, duration_months, max_kms) VALUES ('8a10e12b-26eb-4e8a-a25a-d56786dca297', '68b2f8bf-d4a5-421d-95c5-76dfdf298a05', '4th Year / 100,000 Kms', 12, 100000) ON CONFLICT DO NOTHING;
INSERT INTO tiers (plan_id, min_days, max_days, price_inr, is_active) VALUES ('8a10e12b-26eb-4e8a-a25a-d56786dca297', 0, 60, 28231.5, TRUE) ON CONFLICT DO NOTHING;
INSERT INTO tiers (plan_id, min_days, max_days, price_inr, is_active) VALUES ('8a10e12b-26eb-4e8a-a25a-d56786dca297', 61, 365, 31055.24, TRUE) ON CONFLICT DO NOTHING;
INSERT INTO tiers (plan_id, min_days, max_days, price_inr, is_active) VALUES ('8a10e12b-26eb-4e8a-a25a-d56786dca297', 366, 730, 35290.26, TRUE) ON CONFLICT DO NOTHING;
INSERT INTO tiers (plan_id, min_days, max_days, price_inr, is_active) VALUES ('8a10e12b-26eb-4e8a-a25a-d56786dca297', 731, 1095, 40936.56, TRUE) ON CONFLICT DO NOTHING;
INSERT INTO plans (id, variant_id, plan_name, duration_months, max_kms) VALUES ('aaa07e3b-aff1-4514-bffe-f1bbb227f384', '68b2f8bf-d4a5-421d-95c5-76dfdf298a05', '4th & 5th Year / 150,000 Kms', 24, 150000) ON CONFLICT DO NOTHING;
INSERT INTO tiers (plan_id, min_days, max_days, price_inr, is_active) VALUES ('aaa07e3b-aff1-4514-bffe-f1bbb227f384', 0, 60, 44837.64, TRUE) ON CONFLICT DO NOTHING;
INSERT INTO tiers (plan_id, min_days, max_days, price_inr, is_active) VALUES ('aaa07e3b-aff1-4514-bffe-f1bbb227f384', 61, 365, 49321.64, TRUE) ON CONFLICT DO NOTHING;
INSERT INTO tiers (plan_id, min_days, max_days, price_inr, is_active) VALUES ('aaa07e3b-aff1-4514-bffe-f1bbb227f384', 366, 730, 56047.64, TRUE) ON CONFLICT DO NOTHING;
INSERT INTO tiers (plan_id, min_days, max_days, price_inr, is_active) VALUES ('aaa07e3b-aff1-4514-bffe-f1bbb227f384', 731, 1095, 65015.64, TRUE) ON CONFLICT DO NOTHING;
INSERT INTO plans (id, variant_id, plan_name, duration_months, max_kms) VALUES ('27e28f3a-36fa-490a-8138-40cd7a5350be', '68b2f8bf-d4a5-421d-95c5-76dfdf298a05', '4th & 5th Year / 200,000 Kms', 24, 200000) ON CONFLICT DO NOTHING;
INSERT INTO tiers (plan_id, min_days, max_days, price_inr, is_active) VALUES ('27e28f3a-36fa-490a-8138-40cd7a5350be', 0, 60, 56461.82, TRUE) ON CONFLICT DO NOTHING;
INSERT INTO tiers (plan_id, min_days, max_days, price_inr, is_active) VALUES ('27e28f3a-36fa-490a-8138-40cd7a5350be', 61, 365, 62108.12, TRUE) ON CONFLICT DO NOTHING;
INSERT INTO tiers (plan_id, min_days, max_days, price_inr, is_active) VALUES ('27e28f3a-36fa-490a-8138-40cd7a5350be', 366, 730, 70578.16, TRUE) ON CONFLICT DO NOTHING;
INSERT INTO tiers (plan_id, min_days, max_days, price_inr, is_active) VALUES ('27e28f3a-36fa-490a-8138-40cd7a5350be', 731, 1095, 81870.76, TRUE) ON CONFLICT DO NOTHING;
INSERT INTO variants (id, model_id, name, fuel, transmission, oem_warranty_months, oem_warranty_kms) VALUES ('71ee1844-1869-461b-979c-09b5fbb10c63', '71b2a8f0-caee-4656-8bae-f22a4cf0105b', 'Innova Crysta Petrol Manual', 'Petrol', 'Manual', 36, 100000) ON CONFLICT DO NOTHING;
INSERT INTO plans (id, variant_id, plan_name, duration_months, max_kms) VALUES ('e8198b05-e5f2-48af-aff9-c7a0bd4f45b5', '71ee1844-1869-461b-979c-09b5fbb10c63', '4th Year / 100,000 Kms', 12, 100000) ON CONFLICT DO NOTHING;
INSERT INTO tiers (plan_id, min_days, max_days, price_inr, is_active) VALUES ('e8198b05-e5f2-48af-aff9-c7a0bd4f45b5', 0, 60, 23362.82, TRUE) ON CONFLICT DO NOTHING;
INSERT INTO tiers (plan_id, min_days, max_days, price_inr, is_active) VALUES ('e8198b05-e5f2-48af-aff9-c7a0bd4f45b5', 61, 365, 25699.22, TRUE) ON CONFLICT DO NOTHING;
INSERT INTO tiers (plan_id, min_days, max_days, price_inr, is_active) VALUES ('e8198b05-e5f2-48af-aff9-c7a0bd4f45b5', 366, 730, 29203.82, TRUE) ON CONFLICT DO NOTHING;
INSERT INTO tiers (plan_id, min_days, max_days, price_inr, is_active) VALUES ('e8198b05-e5f2-48af-aff9-c7a0bd4f45b5', 731, 1095, 33876.62, TRUE) ON CONFLICT DO NOTHING;
INSERT INTO plans (id, variant_id, plan_name, duration_months, max_kms) VALUES ('d171c278-b071-447d-9844-2567ea1bb354', '71ee1844-1869-461b-979c-09b5fbb10c63', '4th & 5th Year / 150,000 Kms', 24, 150000) ON CONFLICT DO NOTHING;
INSERT INTO tiers (plan_id, min_days, max_days, price_inr, is_active) VALUES ('d171c278-b071-447d-9844-2567ea1bb354', 0, 60, 37105.1, TRUE) ON CONFLICT DO NOTHING;
INSERT INTO tiers (plan_id, min_days, max_days, price_inr, is_active) VALUES ('d171c278-b071-447d-9844-2567ea1bb354', 61, 365, 40816.2, TRUE) ON CONFLICT DO NOTHING;
INSERT INTO tiers (plan_id, min_days, max_days, price_inr, is_active) VALUES ('d171c278-b071-447d-9844-2567ea1bb354', 366, 730, 46382.26, TRUE) ON CONFLICT DO NOTHING;
INSERT INTO tiers (plan_id, min_days, max_days, price_inr, is_active) VALUES ('d171c278-b071-447d-9844-2567ea1bb354', 731, 1095, 53803.28, TRUE) ON CONFLICT DO NOTHING;
INSERT INTO plans (id, variant_id, plan_name, duration_months, max_kms) VALUES ('e4d4ec8c-b7a7-4836-8681-ec7471430b97', '71ee1844-1869-461b-979c-09b5fbb10c63', '4th & 5th Year / 200,000 Kms', 24, 200000) ON CONFLICT DO NOTHING;
INSERT INTO tiers (plan_id, min_days, max_days, price_inr, is_active) VALUES ('e4d4ec8c-b7a7-4836-8681-ec7471430b97', 0, 60, 46724.46, TRUE) ON CONFLICT DO NOTHING;
INSERT INTO tiers (plan_id, min_days, max_days, price_inr, is_active) VALUES ('e4d4ec8c-b7a7-4836-8681-ec7471430b97', 61, 365, 51397.26, TRUE) ON CONFLICT DO NOTHING;
INSERT INTO tiers (plan_id, min_days, max_days, price_inr, is_active) VALUES ('e4d4ec8c-b7a7-4836-8681-ec7471430b97', 366, 730, 58406.46, TRUE) ON CONFLICT DO NOTHING;
INSERT INTO tiers (plan_id, min_days, max_days, price_inr, is_active) VALUES ('e4d4ec8c-b7a7-4836-8681-ec7471430b97', 731, 1095, 67750.88, TRUE) ON CONFLICT DO NOTHING;
INSERT INTO variants (id, model_id, name, fuel, transmission, oem_warranty_months, oem_warranty_kms) VALUES ('dc2749b1-fcf0-4466-bb7d-272ae204935c', '71b2a8f0-caee-4656-8bae-f22a4cf0105b', 'Innova Crysta Petrol Automatic', 'Petrol', 'Automatic', 36, 100000) ON CONFLICT DO NOTHING;
INSERT INTO plans (id, variant_id, plan_name, duration_months, max_kms) VALUES ('50403056-5bec-45a9-a212-a74d1530ae5e', 'dc2749b1-fcf0-4466-bb7d-272ae204935c', '4th Year / 100,000 Kms', 12, 100000) ON CONFLICT DO NOTHING;
INSERT INTO tiers (plan_id, min_days, max_days, price_inr, is_active) VALUES ('50403056-5bec-45a9-a212-a74d1530ae5e', 0, 60, 24560.52, TRUE) ON CONFLICT DO NOTHING;
INSERT INTO tiers (plan_id, min_days, max_days, price_inr, is_active) VALUES ('50403056-5bec-45a9-a212-a74d1530ae5e', 61, 365, 27017.28, TRUE) ON CONFLICT DO NOTHING;
INSERT INTO tiers (plan_id, min_days, max_days, price_inr, is_active) VALUES ('50403056-5bec-45a9-a212-a74d1530ae5e', 366, 730, 30701.24, TRUE) ON CONFLICT DO NOTHING;
INSERT INTO tiers (plan_id, min_days, max_days, price_inr, is_active) VALUES ('50403056-5bec-45a9-a212-a74d1530ae5e', 731, 1095, 35613.58, TRUE) ON CONFLICT DO NOTHING;
INSERT INTO plans (id, variant_id, plan_name, duration_months, max_kms) VALUES ('9eb464b4-accb-4e6d-82ec-e0d61f4bce50', 'dc2749b1-fcf0-4466-bb7d-272ae204935c', '4th & 5th Year / 150,000 Kms', 24, 150000) ON CONFLICT DO NOTHING;
INSERT INTO tiers (plan_id, min_days, max_days, price_inr, is_active) VALUES ('9eb464b4-accb-4e6d-82ec-e0d61f4bce50', 0, 60, 39007.26, TRUE) ON CONFLICT DO NOTHING;
INSERT INTO tiers (plan_id, min_days, max_days, price_inr, is_active) VALUES ('9eb464b4-accb-4e6d-82ec-e0d61f4bce50', 61, 365, 42908.34, TRUE) ON CONFLICT DO NOTHING;
INSERT INTO tiers (plan_id, min_days, max_days, price_inr, is_active) VALUES ('9eb464b4-accb-4e6d-82ec-e0d61f4bce50', 366, 730, 48759.96, TRUE) ON CONFLICT DO NOTHING;
INSERT INTO tiers (plan_id, min_days, max_days, price_inr, is_active) VALUES ('9eb464b4-accb-4e6d-82ec-e0d61f4bce50', 731, 1095, 56560.94, TRUE) ON CONFLICT DO NOTHING;
INSERT INTO plans (id, variant_id, plan_name, duration_months, max_kms) VALUES ('63ffe85b-691e-4b57-906d-1dc6865ccee6', 'dc2749b1-fcf0-4466-bb7d-272ae204935c', '4th & 5th Year / 200,000 Kms', 24, 200000) ON CONFLICT DO NOTHING;
INSERT INTO tiers (plan_id, min_days, max_days, price_inr, is_active) VALUES ('63ffe85b-691e-4b57-906d-1dc6865ccee6', 0, 60, 49119.86, TRUE) ON CONFLICT DO NOTHING;
INSERT INTO tiers (plan_id, min_days, max_days, price_inr, is_active) VALUES ('63ffe85b-691e-4b57-906d-1dc6865ccee6', 61, 365, 54032.2, TRUE) ON CONFLICT DO NOTHING;
INSERT INTO tiers (plan_id, min_days, max_days, price_inr, is_active) VALUES ('63ffe85b-691e-4b57-906d-1dc6865ccee6', 366, 730, 61400.12, TRUE) ON CONFLICT DO NOTHING;
INSERT INTO tiers (plan_id, min_days, max_days, price_inr, is_active) VALUES ('63ffe85b-691e-4b57-906d-1dc6865ccee6', 731, 1095, 71224.8, TRUE) ON CONFLICT DO NOTHING;
INSERT INTO models (id, brand_id, name) VALUES ('4b354eaf-fe3f-49e1-9d57-cc634999265c', 'cf38356b-764f-46f3-b41a-9c13a9da29e1', 'Fortuner / Legender') ON CONFLICT DO NOTHING;
INSERT INTO variants (id, model_id, name, fuel, transmission, oem_warranty_months, oem_warranty_kms) VALUES ('a1fc1aa0-4154-49be-baf7-21349bb7f8e5', '4b354eaf-fe3f-49e1-9d57-cc634999265c', 'Fortuner / Legender Diesel N/A', 'Diesel', 'N/A', 36, 100000) ON CONFLICT DO NOTHING;
INSERT INTO plans (id, variant_id, plan_name, duration_months, max_kms) VALUES ('4178c095-b111-4245-81e7-77f30806a650', 'a1fc1aa0-4154-49be-baf7-21349bb7f8e5', '4th Year / 100,000 Kms', 12, 100000) ON CONFLICT DO NOTHING;
INSERT INTO tiers (plan_id, min_days, max_days, price_inr, is_active) VALUES ('4178c095-b111-4245-81e7-77f30806a650', 0, 60, 42239.28, TRUE) ON CONFLICT DO NOTHING;
INSERT INTO tiers (plan_id, min_days, max_days, price_inr, is_active) VALUES ('4178c095-b111-4245-81e7-77f30806a650', 61, 365, 46463.68, TRUE) ON CONFLICT DO NOTHING;
INSERT INTO tiers (plan_id, min_days, max_days, price_inr, is_active) VALUES ('4178c095-b111-4245-81e7-77f30806a650', 366, 730, 52799.1, TRUE) ON CONFLICT DO NOTHING;
INSERT INTO tiers (plan_id, min_days, max_days, price_inr, is_active) VALUES ('4178c095-b111-4245-81e7-77f30806a650', 731, 1095, 61247.9, TRUE) ON CONFLICT DO NOTHING;
INSERT INTO plans (id, variant_id, plan_name, duration_months, max_kms) VALUES ('9abcf25f-2aed-40d3-84d8-a45aff7c3ce1', 'a1fc1aa0-4154-49be-baf7-21349bb7f8e5', '4th & 5th Year / 150,000 Kms', 24, 150000) ON CONFLICT DO NOTHING;
INSERT INTO tiers (plan_id, min_days, max_days, price_inr, is_active) VALUES ('9abcf25f-2aed-40d3-84d8-a45aff7c3ce1', 0, 60, 67085.36, TRUE) ON CONFLICT DO NOTHING;
INSERT INTO tiers (plan_id, min_days, max_days, price_inr, is_active) VALUES ('9abcf25f-2aed-40d3-84d8-a45aff7c3ce1', 61, 365, 73794.84, TRUE) ON CONFLICT DO NOTHING;
INSERT INTO tiers (plan_id, min_days, max_days, price_inr, is_active) VALUES ('9abcf25f-2aed-40d3-84d8-a45aff7c3ce1', 366, 730, 83856.7, TRUE) ON CONFLICT DO NOTHING;
INSERT INTO tiers (plan_id, min_days, max_days, price_inr, is_active) VALUES ('9abcf25f-2aed-40d3-84d8-a45aff7c3ce1', 731, 1095, 97274.48, TRUE) ON CONFLICT DO NOTHING;
INSERT INTO plans (id, variant_id, plan_name, duration_months, max_kms) VALUES ('bba1684c-b8c1-4174-80db-3ea565e6fdd7', 'a1fc1aa0-4154-49be-baf7-21349bb7f8e5', '4th & 5th Year / 200,000 Kms', 24, 200000) ON CONFLICT DO NOTHING;
INSERT INTO tiers (plan_id, min_days, max_days, price_inr, is_active) VALUES ('bba1684c-b8c1-4174-80db-3ea565e6fdd7', 0, 60, 84477.38, TRUE) ON CONFLICT DO NOTHING;
INSERT INTO tiers (plan_id, min_days, max_days, price_inr, is_active) VALUES ('bba1684c-b8c1-4174-80db-3ea565e6fdd7', 61, 365, 92926.18, TRUE) ON CONFLICT DO NOTHING;
INSERT INTO tiers (plan_id, min_days, max_days, price_inr, is_active) VALUES ('bba1684c-b8c1-4174-80db-3ea565e6fdd7', 366, 730, 105597.02, TRUE) ON CONFLICT DO NOTHING;
INSERT INTO tiers (plan_id, min_days, max_days, price_inr, is_active) VALUES ('bba1684c-b8c1-4174-80db-3ea565e6fdd7', 731, 1095, 122492.26, TRUE) ON CONFLICT DO NOTHING;
INSERT INTO models (id, brand_id, name) VALUES ('01df6bad-20fe-4c28-a408-a12de0889291', 'cf38356b-764f-46f3-b41a-9c13a9da29e1', 'Fortuner') ON CONFLICT DO NOTHING;
INSERT INTO variants (id, model_id, name, fuel, transmission, oem_warranty_months, oem_warranty_kms) VALUES ('745c987b-6a46-4bee-adbf-64573455352a', '01df6bad-20fe-4c28-a408-a12de0889291', 'Fortuner Petrol N/A', 'Petrol', 'N/A', 36, 100000) ON CONFLICT DO NOTHING;
INSERT INTO plans (id, variant_id, plan_name, duration_months, max_kms) VALUES ('6a09dd91-08fb-441f-8932-dbf20bcd6b72', '745c987b-6a46-4bee-adbf-64573455352a', '4th Year / 100,000 Kms', 12, 100000) ON CONFLICT DO NOTHING;
INSERT INTO tiers (plan_id, min_days, max_days, price_inr, is_active) VALUES ('6a09dd91-08fb-441f-8932-dbf20bcd6b72', 0, 60, 38712.26, TRUE) ON CONFLICT DO NOTHING;
INSERT INTO tiers (plan_id, min_days, max_days, price_inr, is_active) VALUES ('6a09dd91-08fb-441f-8932-dbf20bcd6b72', 61, 365, 42583.84, TRUE) ON CONFLICT DO NOTHING;
INSERT INTO tiers (plan_id, min_days, max_days, price_inr, is_active) VALUES ('6a09dd91-08fb-441f-8932-dbf20bcd6b72', 366, 730, 48390.62, TRUE) ON CONFLICT DO NOTHING;
INSERT INTO tiers (plan_id, min_days, max_days, price_inr, is_active) VALUES ('6a09dd91-08fb-441f-8932-dbf20bcd6b72', 731, 1095, 56133.78, TRUE) ON CONFLICT DO NOTHING;
INSERT INTO plans (id, variant_id, plan_name, duration_months, max_kms) VALUES ('73c3f4bd-16f7-4a70-b5ba-9460e0f927cd', '745c987b-6a46-4bee-adbf-64573455352a', '4th & 5th Year / 150,000 Kms', 24, 150000) ON CONFLICT DO NOTHING;
INSERT INTO tiers (plan_id, min_days, max_days, price_inr, is_active) VALUES ('73c3f4bd-16f7-4a70-b5ba-9460e0f927cd', 0, 60, 61483.9, TRUE) ON CONFLICT DO NOTHING;
INSERT INTO tiers (plan_id, min_days, max_days, price_inr, is_active) VALUES ('73c3f4bd-16f7-4a70-b5ba-9460e0f927cd', 61, 365, 67632.88, TRUE) ON CONFLICT DO NOTHING;
INSERT INTO tiers (plan_id, min_days, max_days, price_inr, is_active) VALUES ('73c3f4bd-16f7-4a70-b5ba-9460e0f927cd', 366, 730, 76855.76, TRUE) ON CONFLICT DO NOTHING;
INSERT INTO tiers (plan_id, min_days, max_days, price_inr, is_active) VALUES ('73c3f4bd-16f7-4a70-b5ba-9460e0f927cd', 731, 1095, 89152.54, TRUE) ON CONFLICT DO NOTHING;
INSERT INTO plans (id, variant_id, plan_name, duration_months, max_kms) VALUES ('6d579bbe-7d94-4670-8c40-d98650650952', '745c987b-6a46-4bee-adbf-64573455352a', '4th & 5th Year / 200,000 Kms', 24, 200000) ON CONFLICT DO NOTHING;
INSERT INTO tiers (plan_id, min_days, max_days, price_inr, is_active) VALUES ('6d579bbe-7d94-4670-8c40-d98650650952', 0, 60, 77424.52, TRUE) ON CONFLICT DO NOTHING;
INSERT INTO tiers (plan_id, min_days, max_days, price_inr, is_active) VALUES ('6d579bbe-7d94-4670-8c40-d98650650952', 61, 365, 85167.68, TRUE) ON CONFLICT DO NOTHING;
INSERT INTO tiers (plan_id, min_days, max_days, price_inr, is_active) VALUES ('6d579bbe-7d94-4670-8c40-d98650650952', 366, 730, 96781.24, TRUE) ON CONFLICT DO NOTHING;
INSERT INTO tiers (plan_id, min_days, max_days, price_inr, is_active) VALUES ('6d579bbe-7d94-4670-8c40-d98650650952', 731, 1095, 112266.38, TRUE) ON CONFLICT DO NOTHING;
INSERT INTO models (id, brand_id, name) VALUES ('db1b4c23-3892-4646-a4e7-dc03c4365c70', 'cf38356b-764f-46f3-b41a-9c13a9da29e1', 'Camry') ON CONFLICT DO NOTHING;
INSERT INTO variants (id, model_id, name, fuel, transmission, oem_warranty_months, oem_warranty_kms) VALUES ('39a81372-64e5-45b8-b4e3-f7b9ee2f02a8', 'db1b4c23-3892-4646-a4e7-dc03c4365c70', 'Camry Hybrid N/A', 'Hybrid', 'N/A', 36, 100000) ON CONFLICT DO NOTHING;
INSERT INTO plans (id, variant_id, plan_name, duration_months, max_kms) VALUES ('b3946d6b-295d-4d45-ab35-c872edc3deaf', '39a81372-64e5-45b8-b4e3-f7b9ee2f02a8', '4th Year / 100,000 Kms', 12, 100000) ON CONFLICT DO NOTHING;
INSERT INTO tiers (plan_id, min_days, max_days, price_inr, is_active) VALUES ('b3946d6b-295d-4d45-ab35-c872edc3deaf', 0, 60, 44595.74, TRUE) ON CONFLICT DO NOTHING;
INSERT INTO tiers (plan_id, min_days, max_days, price_inr, is_active) VALUES ('b3946d6b-295d-4d45-ab35-c872edc3deaf', 61, 365, 49056.14, TRUE) ON CONFLICT DO NOTHING;
INSERT INTO tiers (plan_id, min_days, max_days, price_inr, is_active) VALUES ('b3946d6b-295d-4d45-ab35-c872edc3deaf', 366, 730, 55745.56, TRUE) ON CONFLICT DO NOTHING;
INSERT INTO tiers (plan_id, min_days, max_days, price_inr, is_active) VALUES ('b3946d6b-295d-4d45-ab35-c872edc3deaf', 731, 1095, 64664.0, TRUE) ON CONFLICT DO NOTHING;
INSERT INTO plans (id, variant_id, plan_name, duration_months, max_kms) VALUES ('3d9b909f-fba4-4c9c-9395-5100219bfe74', '39a81372-64e5-45b8-b4e3-f7b9ee2f02a8', '4th & 5th Year / 150,000 Kms', 24, 150000) ON CONFLICT DO NOTHING;
INSERT INTO tiers (plan_id, min_days, max_days, price_inr, is_active) VALUES ('3d9b909f-fba4-4c9c-9395-5100219bfe74', 0, 60, 70828.32, TRUE) ON CONFLICT DO NOTHING;
INSERT INTO tiers (plan_id, min_days, max_days, price_inr, is_active) VALUES ('3d9b909f-fba4-4c9c-9395-5100219bfe74', 61, 365, 77911.86, TRUE) ON CONFLICT DO NOTHING;
INSERT INTO tiers (plan_id, min_days, max_days, price_inr, is_active) VALUES ('3d9b909f-fba4-4c9c-9395-5100219bfe74', 366, 730, 88535.4, TRUE) ON CONFLICT DO NOTHING;
INSERT INTO tiers (plan_id, min_days, max_days, price_inr, is_active) VALUES ('3d9b909f-fba4-4c9c-9395-5100219bfe74', 731, 1095, 102701.3, TRUE) ON CONFLICT DO NOTHING;
INSERT INTO plans (id, variant_id, plan_name, duration_months, max_kms) VALUES ('1029031d-7d17-4bea-bae1-455d7e62d506', '39a81372-64e5-45b8-b4e3-f7b9ee2f02a8', '4th & 5th Year / 200,000 Kms', 24, 200000) ON CONFLICT DO NOTHING;
INSERT INTO tiers (plan_id, min_days, max_days, price_inr, is_active) VALUES ('1029031d-7d17-4bea-bae1-455d7e62d506', 0, 60, 89191.48, TRUE) ON CONFLICT DO NOTHING;
INSERT INTO tiers (plan_id, min_days, max_days, price_inr, is_active) VALUES ('1029031d-7d17-4bea-bae1-455d7e62d506', 61, 365, 98111.1, TRUE) ON CONFLICT DO NOTHING;
INSERT INTO tiers (plan_id, min_days, max_days, price_inr, is_active) VALUES ('1029031d-7d17-4bea-bae1-455d7e62d506', 366, 730, 111489.94, TRUE) ON CONFLICT DO NOTHING;
INSERT INTO tiers (plan_id, min_days, max_days, price_inr, is_active) VALUES ('1029031d-7d17-4bea-bae1-455d7e62d506', 731, 1095, 129328.0, TRUE) ON CONFLICT DO NOTHING;
INSERT INTO models (id, brand_id, name) VALUES ('5b15f1c0-809a-4b30-8602-df4e5f837815', 'cf38356b-764f-46f3-b41a-9c13a9da29e1', 'Glanza') ON CONFLICT DO NOTHING;
INSERT INTO variants (id, model_id, name, fuel, transmission, oem_warranty_months, oem_warranty_kms) VALUES ('922d10ac-096e-461b-a405-d39a56e080ac', '5b15f1c0-809a-4b30-8602-df4e5f837815', 'Glanza Petrol Manual', 'Petrol', 'Manual', 36, 100000) ON CONFLICT DO NOTHING;
INSERT INTO plans (id, variant_id, plan_name, duration_months, max_kms) VALUES ('d837bcdf-aa5b-4ea9-a0c4-077e80235da4', '922d10ac-096e-461b-a405-d39a56e080ac', '4th Year / 100,000 Kms', 12, 100000) ON CONFLICT DO NOTHING;
INSERT INTO tiers (plan_id, min_days, max_days, price_inr, is_active) VALUES ('d837bcdf-aa5b-4ea9-a0c4-077e80235da4', 0, 60, 11132.12, TRUE) ON CONFLICT DO NOTHING;
INSERT INTO tiers (plan_id, min_days, max_days, price_inr, is_active) VALUES ('d837bcdf-aa5b-4ea9-a0c4-077e80235da4', 61, 365, 12246.04, TRUE) ON CONFLICT DO NOTHING;
INSERT INTO tiers (plan_id, min_days, max_days, price_inr, is_active) VALUES ('d837bcdf-aa5b-4ea9-a0c4-077e80235da4', 366, 730, 13915.74, TRUE) ON CONFLICT DO NOTHING;
INSERT INTO tiers (plan_id, min_days, max_days, price_inr, is_active) VALUES ('d837bcdf-aa5b-4ea9-a0c4-077e80235da4', 731, 1095, 16142.4, TRUE) ON CONFLICT DO NOTHING;
INSERT INTO plans (id, variant_id, plan_name, duration_months, max_kms) VALUES ('638b3c6e-36b0-4e74-9be5-9e1551654c26', '922d10ac-096e-461b-a405-d39a56e080ac', '4th & 5th Year / 150,000 Kms', 24, 150000) ON CONFLICT DO NOTHING;
INSERT INTO tiers (plan_id, min_days, max_days, price_inr, is_active) VALUES ('638b3c6e-36b0-4e74-9be5-9e1551654c26', 0, 60, 17679.94, TRUE) ON CONFLICT DO NOTHING;
INSERT INTO tiers (plan_id, min_days, max_days, price_inr, is_active) VALUES ('638b3c6e-36b0-4e74-9be5-9e1551654c26', 61, 365, 19448.76, TRUE) ON CONFLICT DO NOTHING;
INSERT INTO tiers (plan_id, min_days, max_days, price_inr, is_active) VALUES ('638b3c6e-36b0-4e74-9be5-9e1551654c26', 366, 730, 22100.22, TRUE) ON CONFLICT DO NOTHING;
INSERT INTO tiers (plan_id, min_days, max_days, price_inr, is_active) VALUES ('638b3c6e-36b0-4e74-9be5-9e1551654c26', 731, 1095, 25636.68, TRUE) ON CONFLICT DO NOTHING;
INSERT INTO plans (id, variant_id, plan_name, duration_months, max_kms) VALUES ('7843a178-1e2b-47cd-b0d5-ec3860d1b1a0', '922d10ac-096e-461b-a405-d39a56e080ac', '4th & 5th Year / 200,000 Kms', 24, 200000) ON CONFLICT DO NOTHING;
INSERT INTO tiers (plan_id, min_days, max_days, price_inr, is_active) VALUES ('7843a178-1e2b-47cd-b0d5-ec3860d1b1a0', 0, 60, 22263.06, TRUE) ON CONFLICT DO NOTHING;
INSERT INTO tiers (plan_id, min_days, max_days, price_inr, is_active) VALUES ('7843a178-1e2b-47cd-b0d5-ec3860d1b1a0', 61, 365, 24489.72, TRUE) ON CONFLICT DO NOTHING;
INSERT INTO tiers (plan_id, min_days, max_days, price_inr, is_active) VALUES ('7843a178-1e2b-47cd-b0d5-ec3860d1b1a0', 366, 730, 27829.12, TRUE) ON CONFLICT DO NOTHING;
INSERT INTO tiers (plan_id, min_days, max_days, price_inr, is_active) VALUES ('7843a178-1e2b-47cd-b0d5-ec3860d1b1a0', 731, 1095, 32282.44, TRUE) ON CONFLICT DO NOTHING;
INSERT INTO variants (id, model_id, name, fuel, transmission, oem_warranty_months, oem_warranty_kms) VALUES ('118fd811-d309-47d8-bf85-f102560dc2a6', '5b15f1c0-809a-4b30-8602-df4e5f837815', 'Glanza Petrol AMT', 'Petrol', 'AMT', 36, 100000) ON CONFLICT DO NOTHING;
INSERT INTO plans (id, variant_id, plan_name, duration_months, max_kms) VALUES ('45bfc11e-8470-4e41-877d-a37ffdb66305', '118fd811-d309-47d8-bf85-f102560dc2a6', '4th Year / 100,000 Kms', 12, 100000) ON CONFLICT DO NOTHING;
INSERT INTO tiers (plan_id, min_days, max_days, price_inr, is_active) VALUES ('45bfc11e-8470-4e41-877d-a37ffdb66305', 0, 60, 11783.48, TRUE) ON CONFLICT DO NOTHING;
INSERT INTO tiers (plan_id, min_days, max_days, price_inr, is_active) VALUES ('45bfc11e-8470-4e41-877d-a37ffdb66305', 61, 365, 12962.3, TRUE) ON CONFLICT DO NOTHING;
INSERT INTO tiers (plan_id, min_days, max_days, price_inr, is_active) VALUES ('45bfc11e-8470-4e41-877d-a37ffdb66305', 366, 730, 14729.94, TRUE) ON CONFLICT DO NOTHING;
INSERT INTO tiers (plan_id, min_days, max_days, price_inr, is_active) VALUES ('45bfc11e-8470-4e41-877d-a37ffdb66305', 731, 1095, 17086.4, TRUE) ON CONFLICT DO NOTHING;
INSERT INTO plans (id, variant_id, plan_name, duration_months, max_kms) VALUES ('6e776c27-39eb-45a1-9e72-a62dd3ee5dde', '118fd811-d309-47d8-bf85-f102560dc2a6', '4th & 5th Year / 150,000 Kms', 24, 150000) ON CONFLICT DO NOTHING;
INSERT INTO tiers (plan_id, min_days, max_days, price_inr, is_active) VALUES ('6e776c27-39eb-45a1-9e72-a62dd3ee5dde', 0, 60, 18714.8, TRUE) ON CONFLICT DO NOTHING;
INSERT INTO tiers (plan_id, min_days, max_days, price_inr, is_active) VALUES ('6e776c27-39eb-45a1-9e72-a62dd3ee5dde', 61, 365, 20586.28, TRUE) ON CONFLICT DO NOTHING;
INSERT INTO tiers (plan_id, min_days, max_days, price_inr, is_active) VALUES ('6e776c27-39eb-45a1-9e72-a62dd3ee5dde', 366, 730, 23393.5, TRUE) ON CONFLICT DO NOTHING;
INSERT INTO tiers (plan_id, min_days, max_days, price_inr, is_active) VALUES ('6e776c27-39eb-45a1-9e72-a62dd3ee5dde', 731, 1095, 27136.46, TRUE) ON CONFLICT DO NOTHING;
INSERT INTO plans (id, variant_id, plan_name, duration_months, max_kms) VALUES ('3fdcb302-5ea7-40da-b75e-5a3e34e84003', '118fd811-d309-47d8-bf85-f102560dc2a6', '4th & 5th Year / 200,000 Kms', 24, 200000) ON CONFLICT DO NOTHING;
INSERT INTO tiers (plan_id, min_days, max_days, price_inr, is_active) VALUES ('3fdcb302-5ea7-40da-b75e-5a3e34e84003', 0, 60, 23566.96, TRUE) ON CONFLICT DO NOTHING;
INSERT INTO tiers (plan_id, min_days, max_days, price_inr, is_active) VALUES ('3fdcb302-5ea7-40da-b75e-5a3e34e84003', 61, 365, 25924.6, TRUE) ON CONFLICT DO NOTHING;
INSERT INTO tiers (plan_id, min_days, max_days, price_inr, is_active) VALUES ('3fdcb302-5ea7-40da-b75e-5a3e34e84003', 366, 730, 29458.7, TRUE) ON CONFLICT DO NOTHING;
INSERT INTO tiers (plan_id, min_days, max_days, price_inr, is_active) VALUES ('3fdcb302-5ea7-40da-b75e-5a3e34e84003', 731, 1095, 34172.8, TRUE) ON CONFLICT DO NOTHING;
INSERT INTO variants (id, model_id, name, fuel, transmission, oem_warranty_months, oem_warranty_kms) VALUES ('eb602ae8-0e9b-4c09-ac44-5808bfc92407', '5b15f1c0-809a-4b30-8602-df4e5f837815', 'Glanza CNG Manual', 'CNG', 'Manual', 36, 100000) ON CONFLICT DO NOTHING;
INSERT INTO plans (id, variant_id, plan_name, duration_months, max_kms) VALUES ('ee43345e-4877-4925-befb-2e0d418103d3', 'eb602ae8-0e9b-4c09-ac44-5808bfc92407', '4th Year / 100,000 Kms', 12, 100000) ON CONFLICT DO NOTHING;
INSERT INTO tiers (plan_id, min_days, max_days, price_inr, is_active) VALUES ('ee43345e-4877-4925-befb-2e0d418103d3', 0, 60, 12183.5, TRUE) ON CONFLICT DO NOTHING;
INSERT INTO tiers (plan_id, min_days, max_days, price_inr, is_active) VALUES ('ee43345e-4877-4925-befb-2e0d418103d3', 61, 365, 13402.44, TRUE) ON CONFLICT DO NOTHING;
INSERT INTO tiers (plan_id, min_days, max_days, price_inr, is_active) VALUES ('ee43345e-4877-4925-befb-2e0d418103d3', 366, 730, 15230.26, TRUE) ON CONFLICT DO NOTHING;
INSERT INTO tiers (plan_id, min_days, max_days, price_inr, is_active) VALUES ('ee43345e-4877-4925-befb-2e0d418103d3', 731, 1095, 17666.96, TRUE) ON CONFLICT DO NOTHING;
INSERT INTO plans (id, variant_id, plan_name, duration_months, max_kms) VALUES ('8d7451cc-32b7-4a11-bd30-d0b0f5bdfcf8', 'eb602ae8-0e9b-4c09-ac44-5808bfc92407', '4th & 5th Year / 150,000 Kms', 24, 150000) ON CONFLICT DO NOTHING;
INSERT INTO tiers (plan_id, min_days, max_days, price_inr, is_active) VALUES ('8d7451cc-32b7-4a11-bd30-d0b0f5bdfcf8', 0, 60, 19350.82, TRUE) ON CONFLICT DO NOTHING;
INSERT INTO tiers (plan_id, min_days, max_days, price_inr, is_active) VALUES ('8d7451cc-32b7-4a11-bd30-d0b0f5bdfcf8', 61, 365, 21286.02, TRUE) ON CONFLICT DO NOTHING;
INSERT INTO tiers (plan_id, min_days, max_days, price_inr, is_active) VALUES ('8d7451cc-32b7-4a11-bd30-d0b0f5bdfcf8', 366, 730, 24188.82, TRUE) ON CONFLICT DO NOTHING;
INSERT INTO tiers (plan_id, min_days, max_days, price_inr, is_active) VALUES ('8d7451cc-32b7-4a11-bd30-d0b0f5bdfcf8', 731, 1095, 28059.22, TRUE) ON CONFLICT DO NOTHING;
INSERT INTO plans (id, variant_id, plan_name, duration_months, max_kms) VALUES ('3b154051-dd68-41d2-b4bf-3e6bbf583778', 'eb602ae8-0e9b-4c09-ac44-5808bfc92407', '4th & 5th Year / 200,000 Kms', 24, 200000) ON CONFLICT DO NOTHING;
INSERT INTO tiers (plan_id, min_days, max_days, price_inr, is_active) VALUES ('3b154051-dd68-41d2-b4bf-3e6bbf583778', 0, 60, 24367.0, TRUE) ON CONFLICT DO NOTHING;
INSERT INTO tiers (plan_id, min_days, max_days, price_inr, is_active) VALUES ('3b154051-dd68-41d2-b4bf-3e6bbf583778', 61, 365, 26803.7, TRUE) ON CONFLICT DO NOTHING;
INSERT INTO tiers (plan_id, min_days, max_days, price_inr, is_active) VALUES ('3b154051-dd68-41d2-b4bf-3e6bbf583778', 366, 730, 30459.34, TRUE) ON CONFLICT DO NOTHING;
INSERT INTO tiers (plan_id, min_days, max_days, price_inr, is_active) VALUES ('3b154051-dd68-41d2-b4bf-3e6bbf583778', 731, 1095, 35332.74, TRUE) ON CONFLICT DO NOTHING;
INSERT INTO models (id, brand_id, name) VALUES ('a15b3fea-922a-43f5-879e-fa0a96f7dc3b', 'cf38356b-764f-46f3-b41a-9c13a9da29e1', 'Urban Cruiser') ON CONFLICT DO NOTHING;
INSERT INTO variants (id, model_id, name, fuel, transmission, oem_warranty_months, oem_warranty_kms) VALUES ('349acb42-aaa2-4833-8d76-821774df3235', 'a15b3fea-922a-43f5-879e-fa0a96f7dc3b', 'Urban Cruiser Petrol Manual', 'Petrol', 'Manual', 36, 100000) ON CONFLICT DO NOTHING;
INSERT INTO plans (id, variant_id, plan_name, duration_months, max_kms) VALUES ('e1b7905b-4623-4454-9832-2dd4bb0c3e13', '349acb42-aaa2-4833-8d76-821774df3235', '4th Year / 100,000 Kms', 12, 100000) ON CONFLICT DO NOTHING;
INSERT INTO tiers (plan_id, min_days, max_days, price_inr, is_active) VALUES ('e1b7905b-4623-4454-9832-2dd4bb0c3e13', 0, 60, 10732.1, TRUE) ON CONFLICT DO NOTHING;
INSERT INTO tiers (plan_id, min_days, max_days, price_inr, is_active) VALUES ('e1b7905b-4623-4454-9832-2dd4bb0c3e13', 61, 365, 11805.9, TRUE) ON CONFLICT DO NOTHING;
INSERT INTO tiers (plan_id, min_days, max_days, price_inr, is_active) VALUES ('e1b7905b-4623-4454-9832-2dd4bb0c3e13', 366, 730, 13415.42, TRUE) ON CONFLICT DO NOTHING;
INSERT INTO tiers (plan_id, min_days, max_days, price_inr, is_active) VALUES ('e1b7905b-4623-4454-9832-2dd4bb0c3e13', 731, 1095, 15561.84, TRUE) ON CONFLICT DO NOTHING;
INSERT INTO plans (id, variant_id, plan_name, duration_months, max_kms) VALUES ('3efa4d63-4882-4aaf-a88f-8c7655090459', '349acb42-aaa2-4833-8d76-821774df3235', '4th & 5th Year / 150,000 Kms', 24, 150000) ON CONFLICT DO NOTHING;
INSERT INTO tiers (plan_id, min_days, max_days, price_inr, is_active) VALUES ('3efa4d63-4882-4aaf-a88f-8c7655090459', 0, 60, 17043.92, TRUE) ON CONFLICT DO NOTHING;
INSERT INTO tiers (plan_id, min_days, max_days, price_inr, is_active) VALUES ('3efa4d63-4882-4aaf-a88f-8c7655090459', 61, 365, 18749.02, TRUE) ON CONFLICT DO NOTHING;
INSERT INTO tiers (plan_id, min_days, max_days, price_inr, is_active) VALUES ('3efa4d63-4882-4aaf-a88f-8c7655090459', 366, 730, 21304.9, TRUE) ON CONFLICT DO NOTHING;
INSERT INTO tiers (plan_id, min_days, max_days, price_inr, is_active) VALUES ('3efa4d63-4882-4aaf-a88f-8c7655090459', 731, 1095, 24713.92, TRUE) ON CONFLICT DO NOTHING;
INSERT INTO plans (id, variant_id, plan_name, duration_months, max_kms) VALUES ('4459fb75-f618-47a4-9cf2-094e0dec763e', '349acb42-aaa2-4833-8d76-821774df3235', '4th & 5th Year / 200,000 Kms', 24, 200000) ON CONFLICT DO NOTHING;
INSERT INTO tiers (plan_id, min_days, max_days, price_inr, is_active) VALUES ('4459fb75-f618-47a4-9cf2-094e0dec763e', 0, 60, 21463.02, TRUE) ON CONFLICT DO NOTHING;
INSERT INTO tiers (plan_id, min_days, max_days, price_inr, is_active) VALUES ('4459fb75-f618-47a4-9cf2-094e0dec763e', 61, 365, 23609.44, TRUE) ON CONFLICT DO NOTHING;
INSERT INTO tiers (plan_id, min_days, max_days, price_inr, is_active) VALUES ('4459fb75-f618-47a4-9cf2-094e0dec763e', 366, 730, 26829.66, TRUE) ON CONFLICT DO NOTHING;
INSERT INTO tiers (plan_id, min_days, max_days, price_inr, is_active) VALUES ('4459fb75-f618-47a4-9cf2-094e0dec763e', 731, 1095, 31122.5, TRUE) ON CONFLICT DO NOTHING;
INSERT INTO variants (id, model_id, name, fuel, transmission, oem_warranty_months, oem_warranty_kms) VALUES ('86724ac5-62c9-4689-bb28-2a2b577fe6a0', 'a15b3fea-922a-43f5-879e-fa0a96f7dc3b', 'Urban Cruiser Petrol Automatic', 'Petrol', 'Automatic', 36, 100000) ON CONFLICT DO NOTHING;
INSERT INTO plans (id, variant_id, plan_name, duration_months, max_kms) VALUES ('fbf06952-a89a-4a53-bb0a-83ae5380cb43', '86724ac5-62c9-4689-bb28-2a2b577fe6a0', '4th Year / 100,000 Kms', 12, 100000) ON CONFLICT DO NOTHING;
INSERT INTO tiers (plan_id, min_days, max_days, price_inr, is_active) VALUES ('fbf06952-a89a-4a53-bb0a-83ae5380cb43', 0, 60, 12590.6, TRUE) ON CONFLICT DO NOTHING;
INSERT INTO tiers (plan_id, min_days, max_days, price_inr, is_active) VALUES ('fbf06952-a89a-4a53-bb0a-83ae5380cb43', 61, 365, 13849.66, TRUE) ON CONFLICT DO NOTHING;
INSERT INTO tiers (plan_id, min_days, max_days, price_inr, is_active) VALUES ('fbf06952-a89a-4a53-bb0a-83ae5380cb43', 366, 730, 15738.84, TRUE) ON CONFLICT DO NOTHING;
INSERT INTO tiers (plan_id, min_days, max_days, price_inr, is_active) VALUES ('fbf06952-a89a-4a53-bb0a-83ae5380cb43', 731, 1095, 18256.96, TRUE) ON CONFLICT DO NOTHING;
INSERT INTO plans (id, variant_id, plan_name, duration_months, max_kms) VALUES ('91ab37de-1d99-4b72-ba56-beb5f22b8d9a', '86724ac5-62c9-4689-bb28-2a2b577fe6a0', '4th & 5th Year / 150,000 Kms', 24, 150000) ON CONFLICT DO NOTHING;
INSERT INTO tiers (plan_id, min_days, max_days, price_inr, is_active) VALUES ('91ab37de-1d99-4b72-ba56-beb5f22b8d9a', 0, 60, 19996.28, TRUE) ON CONFLICT DO NOTHING;
INSERT INTO tiers (plan_id, min_days, max_days, price_inr, is_active) VALUES ('91ab37de-1d99-4b72-ba56-beb5f22b8d9a', 61, 365, 21996.38, TRUE) ON CONFLICT DO NOTHING;
INSERT INTO tiers (plan_id, min_days, max_days, price_inr, is_active) VALUES ('91ab37de-1d99-4b72-ba56-beb5f22b8d9a', 366, 730, 24995.94, TRUE) ON CONFLICT DO NOTHING;
INSERT INTO tiers (plan_id, min_days, max_days, price_inr, is_active) VALUES ('91ab37de-1d99-4b72-ba56-beb5f22b8d9a', 731, 1095, 28994.96, TRUE) ON CONFLICT DO NOTHING;
INSERT INTO plans (id, variant_id, plan_name, duration_months, max_kms) VALUES ('e8a8029f-e848-4fb7-be24-9d88b6d6c747', '86724ac5-62c9-4689-bb28-2a2b577fe6a0', '4th & 5th Year / 200,000 Kms', 24, 200000) ON CONFLICT DO NOTHING;
INSERT INTO tiers (plan_id, min_days, max_days, price_inr, is_active) VALUES ('e8a8029f-e848-4fb7-be24-9d88b6d6c747', 0, 60, 25180.02, TRUE) ON CONFLICT DO NOTHING;
INSERT INTO tiers (plan_id, min_days, max_days, price_inr, is_active) VALUES ('e8a8029f-e848-4fb7-be24-9d88b6d6c747', 61, 365, 27698.14, TRUE) ON CONFLICT DO NOTHING;
INSERT INTO tiers (plan_id, min_days, max_days, price_inr, is_active) VALUES ('e8a8029f-e848-4fb7-be24-9d88b6d6c747', 366, 730, 31475.32, TRUE) ON CONFLICT DO NOTHING;
INSERT INTO tiers (plan_id, min_days, max_days, price_inr, is_active) VALUES ('e8a8029f-e848-4fb7-be24-9d88b6d6c747', 731, 1095, 36511.56, TRUE) ON CONFLICT DO NOTHING;
INSERT INTO models (id, brand_id, name) VALUES ('3f03316b-c5e3-4806-ab56-96214597b1e9', 'cf38356b-764f-46f3-b41a-9c13a9da29e1', 'Hilux') ON CONFLICT DO NOTHING;
INSERT INTO variants (id, model_id, name, fuel, transmission, oem_warranty_months, oem_warranty_kms) VALUES ('0e467bb8-a38e-4cda-a6d8-270a235275d3', '3f03316b-c5e3-4806-ab56-96214597b1e9', 'Hilux Diesel Manual', 'Diesel', 'Manual', 36, 100000) ON CONFLICT DO NOTHING;
INSERT INTO plans (id, variant_id, plan_name, duration_months, max_kms) VALUES ('5211299e-ef97-4dd0-a2e4-f1a93ce7c49d', '0e467bb8-a38e-4cda-a6d8-270a235275d3', '4th Year / 100,000 Kms', 12, 100000) ON CONFLICT DO NOTHING;
INSERT INTO tiers (plan_id, min_days, max_days, price_inr, is_active) VALUES ('5211299e-ef97-4dd0-a2e4-f1a93ce7c49d', 0, 60, 40668.7, TRUE) ON CONFLICT DO NOTHING;
INSERT INTO tiers (plan_id, min_days, max_days, price_inr, is_active) VALUES ('5211299e-ef97-4dd0-a2e4-f1a93ce7c49d', 61, 365, 44736.16, TRUE) ON CONFLICT DO NOTHING;
INSERT INTO tiers (plan_id, min_days, max_days, price_inr, is_active) VALUES ('5211299e-ef97-4dd0-a2e4-f1a93ce7c49d', 366, 730, 50836.76, TRUE) ON CONFLICT DO NOTHING;
INSERT INTO tiers (plan_id, min_days, max_days, price_inr, is_active) VALUES ('5211299e-ef97-4dd0-a2e4-f1a93ce7c49d', 731, 1095, 58970.5, TRUE) ON CONFLICT DO NOTHING;
INSERT INTO plans (id, variant_id, plan_name, duration_months, max_kms) VALUES ('a1d0955f-4c38-4770-a671-fee021c8eb40', '0e467bb8-a38e-4cda-a6d8-270a235275d3', '4th & 5th Year / 150,000 Kms', 24, 150000) ON CONFLICT DO NOTHING;
INSERT INTO tiers (plan_id, min_days, max_days, price_inr, is_active) VALUES ('a1d0955f-4c38-4770-a671-fee021c8eb40', 0, 60, 64590.84, TRUE) ON CONFLICT DO NOTHING;
INSERT INTO tiers (plan_id, min_days, max_days, price_inr, is_active) VALUES ('a1d0955f-4c38-4770-a671-fee021c8eb40', 61, 365, 71050.16, TRUE) ON CONFLICT DO NOTHING;
INSERT INTO tiers (plan_id, min_days, max_days, price_inr, is_active) VALUES ('a1d0955f-4c38-4770-a671-fee021c8eb40', 366, 730, 80739.14, TRUE) ON CONFLICT DO NOTHING;
INSERT INTO tiers (plan_id, min_days, max_days, price_inr, is_active) VALUES ('a1d0955f-4c38-4770-a671-fee021c8eb40', 731, 1095, 93657.78, TRUE) ON CONFLICT DO NOTHING;
INSERT INTO plans (id, variant_id, plan_name, duration_months, max_kms) VALUES ('3af31697-56aa-4902-b252-10b67b5ccc18', '0e467bb8-a38e-4cda-a6d8-270a235275d3', '4th & 5th Year / 200,000 Kms', 24, 200000) ON CONFLICT DO NOTHING;
INSERT INTO tiers (plan_id, min_days, max_days, price_inr, is_active) VALUES ('3af31697-56aa-4902-b252-10b67b5ccc18', 0, 60, 81336.22, TRUE) ON CONFLICT DO NOTHING;
INSERT INTO tiers (plan_id, min_days, max_days, price_inr, is_active) VALUES ('3af31697-56aa-4902-b252-10b67b5ccc18', 61, 365, 89469.96, TRUE) ON CONFLICT DO NOTHING;
INSERT INTO tiers (plan_id, min_days, max_days, price_inr, is_active) VALUES ('3af31697-56aa-4902-b252-10b67b5ccc18', 366, 730, 101671.16, TRUE) ON CONFLICT DO NOTHING;
INSERT INTO tiers (plan_id, min_days, max_days, price_inr, is_active) VALUES ('3af31697-56aa-4902-b252-10b67b5ccc18', 731, 1095, 117938.64, TRUE) ON CONFLICT DO NOTHING;
INSERT INTO variants (id, model_id, name, fuel, transmission, oem_warranty_months, oem_warranty_kms) VALUES ('e7555827-3d53-4b89-83f9-2d818322a1a8', '3f03316b-c5e3-4806-ab56-96214597b1e9', 'Hilux Diesel Automatic', 'Diesel', 'Automatic', 36, 100000) ON CONFLICT DO NOTHING;
INSERT INTO plans (id, variant_id, plan_name, duration_months, max_kms) VALUES ('feb6048e-a29f-446c-957a-45dd3109cc58', 'e7555827-3d53-4b89-83f9-2d818322a1a8', '4th Year / 100,000 Kms', 12, 100000) ON CONFLICT DO NOTHING;
INSERT INTO tiers (plan_id, min_days, max_days, price_inr, is_active) VALUES ('feb6048e-a29f-446c-957a-45dd3109cc58', 0, 60, 41489.98, TRUE) ON CONFLICT DO NOTHING;
INSERT INTO tiers (plan_id, min_days, max_days, price_inr, is_active) VALUES ('feb6048e-a29f-446c-957a-45dd3109cc58', 61, 365, 45640.04, TRUE) ON CONFLICT DO NOTHING;
INSERT INTO tiers (plan_id, min_days, max_days, price_inr, is_active) VALUES ('feb6048e-a29f-446c-957a-45dd3109cc58', 366, 730, 51863.36, TRUE) ON CONFLICT DO NOTHING;
INSERT INTO tiers (plan_id, min_days, max_days, price_inr, is_active) VALUES ('feb6048e-a29f-446c-957a-45dd3109cc58', 731, 1095, 60161.12, TRUE) ON CONFLICT DO NOTHING;
INSERT INTO plans (id, variant_id, plan_name, duration_months, max_kms) VALUES ('69aac43f-d38f-40ce-bc63-9a740d4c6e07', 'e7555827-3d53-4b89-83f9-2d818322a1a8', '4th & 5th Year / 150,000 Kms', 24, 150000) ON CONFLICT DO NOTHING;
INSERT INTO tiers (plan_id, min_days, max_days, price_inr, is_active) VALUES ('69aac43f-d38f-40ce-bc63-9a740d4c6e07', 0, 60, 65894.74, TRUE) ON CONFLICT DO NOTHING;
INSERT INTO tiers (plan_id, min_days, max_days, price_inr, is_active) VALUES ('69aac43f-d38f-40ce-bc63-9a740d4c6e07', 61, 365, 72485.04, TRUE) ON CONFLICT DO NOTHING;
INSERT INTO tiers (plan_id, min_days, max_days, price_inr, is_active) VALUES ('69aac43f-d38f-40ce-bc63-9a740d4c6e07', 366, 730, 82368.72, TRUE) ON CONFLICT DO NOTHING;
INSERT INTO tiers (plan_id, min_days, max_days, price_inr, is_active) VALUES ('69aac43f-d38f-40ce-bc63-9a740d4c6e07', 731, 1095, 95548.14, TRUE) ON CONFLICT DO NOTHING;
INSERT INTO plans (id, variant_id, plan_name, duration_months, max_kms) VALUES ('ae7db30e-32bc-4d7e-a4be-23b9f10f8088', 'e7555827-3d53-4b89-83f9-2d818322a1a8', '4th & 5th Year / 200,000 Kms', 24, 200000) ON CONFLICT DO NOTHING;
INSERT INTO tiers (plan_id, min_days, max_days, price_inr, is_active) VALUES ('ae7db30e-32bc-4d7e-a4be-23b9f10f8088', 0, 60, 82978.78, TRUE) ON CONFLICT DO NOTHING;
INSERT INTO tiers (plan_id, min_days, max_days, price_inr, is_active) VALUES ('ae7db30e-32bc-4d7e-a4be-23b9f10f8088', 61, 365, 91277.72, TRUE) ON CONFLICT DO NOTHING;
INSERT INTO tiers (plan_id, min_days, max_days, price_inr, is_active) VALUES ('ae7db30e-32bc-4d7e-a4be-23b9f10f8088', 366, 730, 103724.36, TRUE) ON CONFLICT DO NOTHING;
INSERT INTO tiers (plan_id, min_days, max_days, price_inr, is_active) VALUES ('ae7db30e-32bc-4d7e-a4be-23b9f10f8088', 731, 1095, 120319.88, TRUE) ON CONFLICT DO NOTHING;
INSERT INTO models (id, brand_id, name) VALUES ('cca73bfc-dbf1-4b5a-a392-31aca3e1a7b3', 'cf38356b-764f-46f3-b41a-9c13a9da29e1', 'URBAN CRUISER HYRYDER') ON CONFLICT DO NOTHING;
INSERT INTO variants (id, model_id, name, fuel, transmission, oem_warranty_months, oem_warranty_kms) VALUES ('32fe84a3-a160-4724-a204-76ecb6b6e27c', 'cca73bfc-dbf1-4b5a-a392-31aca3e1a7b3', 'URBAN CRUISER HYRYDER Petrol Manual', 'Petrol', 'Manual', 36, 100000) ON CONFLICT DO NOTHING;
INSERT INTO plans (id, variant_id, plan_name, duration_months, max_kms) VALUES ('7d16fc03-1ad9-4446-a3ce-c85545ca89e1', '32fe84a3-a160-4724-a204-76ecb6b6e27c', '4th Year / 100,000 Kms', 12, 100000) ON CONFLICT DO NOTHING;
INSERT INTO tiers (plan_id, min_days, max_days, price_inr, is_active) VALUES ('7d16fc03-1ad9-4446-a3ce-c85545ca89e1', 0, 60, 16010.24, TRUE) ON CONFLICT DO NOTHING;
INSERT INTO tiers (plan_id, min_days, max_days, price_inr, is_active) VALUES ('7d16fc03-1ad9-4446-a3ce-c85545ca89e1', 61, 365, 17611.5, TRUE) ON CONFLICT DO NOTHING;
INSERT INTO tiers (plan_id, min_days, max_days, price_inr, is_active) VALUES ('7d16fc03-1ad9-4446-a3ce-c85545ca89e1', 366, 730, 20012.8, TRUE) ON CONFLICT DO NOTHING;
INSERT INTO tiers (plan_id, min_days, max_days, price_inr, is_active) VALUES ('7d16fc03-1ad9-4446-a3ce-c85545ca89e1', 731, 1095, 23215.32, TRUE) ON CONFLICT DO NOTHING;
INSERT INTO plans (id, variant_id, plan_name, duration_months, max_kms) VALUES ('66d80d88-95a9-4b32-ba8f-e8ccb7cb1c71', '32fe84a3-a160-4724-a204-76ecb6b6e27c', '4th & 5th Year / 150,000 Kms', 24, 150000) ON CONFLICT DO NOTHING;
INSERT INTO tiers (plan_id, min_days, max_days, price_inr, is_active) VALUES ('66d80d88-95a9-4b32-ba8f-e8ccb7cb1c71', 0, 60, 25427.82, TRUE) ON CONFLICT DO NOTHING;
INSERT INTO tiers (plan_id, min_days, max_days, price_inr, is_active) VALUES ('66d80d88-95a9-4b32-ba8f-e8ccb7cb1c71', 61, 365, 27970.72, TRUE) ON CONFLICT DO NOTHING;
INSERT INTO tiers (plan_id, min_days, max_days, price_inr, is_active) VALUES ('66d80d88-95a9-4b32-ba8f-e8ccb7cb1c71', 366, 730, 31785.66, TRUE) ON CONFLICT DO NOTHING;
INSERT INTO tiers (plan_id, min_days, max_days, price_inr, is_active) VALUES ('66d80d88-95a9-4b32-ba8f-e8ccb7cb1c71', 731, 1095, 36871.46, TRUE) ON CONFLICT DO NOTHING;
INSERT INTO plans (id, variant_id, plan_name, duration_months, max_kms) VALUES ('ef71980f-9acb-4e91-b998-85bdd8083f76', '32fe84a3-a160-4724-a204-76ecb6b6e27c', '4th & 5th Year / 200,000 Kms', 24, 200000) ON CONFLICT DO NOTHING;
INSERT INTO tiers (plan_id, min_days, max_days, price_inr, is_active) VALUES ('ef71980f-9acb-4e91-b998-85bdd8083f76', 0, 60, 32020.48, TRUE) ON CONFLICT DO NOTHING;
INSERT INTO tiers (plan_id, min_days, max_days, price_inr, is_active) VALUES ('ef71980f-9acb-4e91-b998-85bdd8083f76', 61, 365, 35223.0, TRUE) ON CONFLICT DO NOTHING;
INSERT INTO tiers (plan_id, min_days, max_days, price_inr, is_active) VALUES ('ef71980f-9acb-4e91-b998-85bdd8083f76', 366, 730, 40025.6, TRUE) ON CONFLICT DO NOTHING;
INSERT INTO tiers (plan_id, min_days, max_days, price_inr, is_active) VALUES ('ef71980f-9acb-4e91-b998-85bdd8083f76', 731, 1095, 46430.64, TRUE) ON CONFLICT DO NOTHING;
INSERT INTO variants (id, model_id, name, fuel, transmission, oem_warranty_months, oem_warranty_kms) VALUES ('683a2c3b-fe61-4f70-b81f-daad0b06d4a7', 'cca73bfc-dbf1-4b5a-a392-31aca3e1a7b3', 'URBAN CRUISER HYRYDER Petrol Automatic', 'Petrol', 'Automatic', 36, 100000) ON CONFLICT DO NOTHING;
INSERT INTO plans (id, variant_id, plan_name, duration_months, max_kms) VALUES ('7c3a968b-12df-408f-abe9-57bd19963e59', '683a2c3b-fe61-4f70-b81f-daad0b06d4a7', '4th Year / 100,000 Kms', 12, 100000) ON CONFLICT DO NOTHING;
INSERT INTO tiers (plan_id, min_days, max_days, price_inr, is_active) VALUES ('7c3a968b-12df-408f-abe9-57bd19963e59', 0, 60, 16282.82, TRUE) ON CONFLICT DO NOTHING;
INSERT INTO tiers (plan_id, min_days, max_days, price_inr, is_active) VALUES ('7c3a968b-12df-408f-abe9-57bd19963e59', 61, 365, 17911.22, TRUE) ON CONFLICT DO NOTHING;
INSERT INTO tiers (plan_id, min_days, max_days, price_inr, is_active) VALUES ('7c3a968b-12df-408f-abe9-57bd19963e59', 366, 730, 20353.82, TRUE) ON CONFLICT DO NOTHING;
INSERT INTO tiers (plan_id, min_days, max_days, price_inr, is_active) VALUES ('7c3a968b-12df-408f-abe9-57bd19963e59', 731, 1095, 23610.62, TRUE) ON CONFLICT DO NOTHING;
INSERT INTO plans (id, variant_id, plan_name, duration_months, max_kms) VALUES ('56c9f00a-e36b-407a-98d4-7710a82f1ff3', '683a2c3b-fe61-4f70-b81f-daad0b06d4a7', '4th & 5th Year / 150,000 Kms', 24, 150000) ON CONFLICT DO NOTHING;
INSERT INTO tiers (plan_id, min_days, max_days, price_inr, is_active) VALUES ('56c9f00a-e36b-407a-98d4-7710a82f1ff3', 0, 60, 25860.88, TRUE) ON CONFLICT DO NOTHING;
INSERT INTO tiers (plan_id, min_days, max_days, price_inr, is_active) VALUES ('56c9f00a-e36b-407a-98d4-7710a82f1ff3', 61, 365, 28447.44, TRUE) ON CONFLICT DO NOTHING;
INSERT INTO tiers (plan_id, min_days, max_days, price_inr, is_active) VALUES ('56c9f00a-e36b-407a-98d4-7710a82f1ff3', 366, 730, 32326.1, TRUE) ON CONFLICT DO NOTHING;
INSERT INTO tiers (plan_id, min_days, max_days, price_inr, is_active) VALUES ('56c9f00a-e36b-407a-98d4-7710a82f1ff3', 731, 1095, 37499.22, TRUE) ON CONFLICT DO NOTHING;
INSERT INTO plans (id, variant_id, plan_name, duration_months, max_kms) VALUES ('5e8b6c81-d2d0-408c-8495-24e4007b06f1', '683a2c3b-fe61-4f70-b81f-daad0b06d4a7', '4th & 5th Year / 200,000 Kms', 24, 200000) ON CONFLICT DO NOTHING;
INSERT INTO tiers (plan_id, min_days, max_days, price_inr, is_active) VALUES ('5e8b6c81-d2d0-408c-8495-24e4007b06f1', 0, 60, 32565.64, TRUE) ON CONFLICT DO NOTHING;
INSERT INTO tiers (plan_id, min_days, max_days, price_inr, is_active) VALUES ('5e8b6c81-d2d0-408c-8495-24e4007b06f1', 61, 365, 35822.44, TRUE) ON CONFLICT DO NOTHING;
INSERT INTO tiers (plan_id, min_days, max_days, price_inr, is_active) VALUES ('5e8b6c81-d2d0-408c-8495-24e4007b06f1', 366, 730, 40707.64, TRUE) ON CONFLICT DO NOTHING;
INSERT INTO tiers (plan_id, min_days, max_days, price_inr, is_active) VALUES ('5e8b6c81-d2d0-408c-8495-24e4007b06f1', 731, 1095, 47221.24, TRUE) ON CONFLICT DO NOTHING;
INSERT INTO variants (id, model_id, name, fuel, transmission, oem_warranty_months, oem_warranty_kms) VALUES ('ad1cf127-94d2-484b-bfd5-af98f67dfe5c', 'cca73bfc-dbf1-4b5a-a392-31aca3e1a7b3', 'URBAN CRUISER HYRYDER Hybrid N/A', 'Hybrid', 'N/A', 36, 100000) ON CONFLICT DO NOTHING;
INSERT INTO plans (id, variant_id, plan_name, duration_months, max_kms) VALUES ('6bc1c55f-b6b1-4b5c-8b1a-d6c6497edb8e', 'ad1cf127-94d2-484b-bfd5-af98f67dfe5c', '4th Year / 100,000 Kms', 12, 100000) ON CONFLICT DO NOTHING;
INSERT INTO tiers (plan_id, min_days, max_days, price_inr, is_active) VALUES ('6bc1c55f-b6b1-4b5c-8b1a-d6c6497edb8e', 0, 60, 20153.22, TRUE) ON CONFLICT DO NOTHING;
INSERT INTO tiers (plan_id, min_days, max_days, price_inr, is_active) VALUES ('6bc1c55f-b6b1-4b5c-8b1a-d6c6497edb8e', 61, 365, 22168.66, TRUE) ON CONFLICT DO NOTHING;
INSERT INTO tiers (plan_id, min_days, max_days, price_inr, is_active) VALUES ('6bc1c55f-b6b1-4b5c-8b1a-d6c6497edb8e', 366, 730, 25191.82, TRUE) ON CONFLICT DO NOTHING;
INSERT INTO tiers (plan_id, min_days, max_days, price_inr, is_active) VALUES ('6bc1c55f-b6b1-4b5c-8b1a-d6c6497edb8e', 731, 1095, 29222.7, TRUE) ON CONFLICT DO NOTHING;
INSERT INTO plans (id, variant_id, plan_name, duration_months, max_kms) VALUES ('e5bdaf34-b0ea-4aea-a940-f70d969b6ae1', 'ad1cf127-94d2-484b-bfd5-af98f67dfe5c', '4th & 5th Year / 150,000 Kms', 24, 150000) ON CONFLICT DO NOTHING;
INSERT INTO tiers (plan_id, min_days, max_days, price_inr, is_active) VALUES ('e5bdaf34-b0ea-4aea-a940-f70d969b6ae1', 0, 60, 32007.5, TRUE) ON CONFLICT DO NOTHING;
INSERT INTO tiers (plan_id, min_days, max_days, price_inr, is_active) VALUES ('e5bdaf34-b0ea-4aea-a940-f70d969b6ae1', 61, 365, 35208.84, TRUE) ON CONFLICT DO NOTHING;
INSERT INTO tiers (plan_id, min_days, max_days, price_inr, is_active) VALUES ('e5bdaf34-b0ea-4aea-a940-f70d969b6ae1', 366, 730, 40010.26, TRUE) ON CONFLICT DO NOTHING;
INSERT INTO tiers (plan_id, min_days, max_days, price_inr, is_active) VALUES ('e5bdaf34-b0ea-4aea-a940-f70d969b6ae1', 731, 1095, 46411.76, TRUE) ON CONFLICT DO NOTHING;
INSERT INTO plans (id, variant_id, plan_name, duration_months, max_kms) VALUES ('1b6dd941-87e2-4718-99fb-824d3dc92ff9', 'ad1cf127-94d2-484b-bfd5-af98f67dfe5c', '4th & 5th Year / 200,000 Kms', 24, 200000) ON CONFLICT DO NOTHING;
INSERT INTO tiers (plan_id, min_days, max_days, price_inr, is_active) VALUES ('1b6dd941-87e2-4718-99fb-824d3dc92ff9', 0, 60, 40305.26, TRUE) ON CONFLICT DO NOTHING;
INSERT INTO tiers (plan_id, min_days, max_days, price_inr, is_active) VALUES ('1b6dd941-87e2-4718-99fb-824d3dc92ff9', 61, 365, 44336.14, TRUE) ON CONFLICT DO NOTHING;
INSERT INTO tiers (plan_id, min_days, max_days, price_inr, is_active) VALUES ('1b6dd941-87e2-4718-99fb-824d3dc92ff9', 366, 730, 50382.46, TRUE) ON CONFLICT DO NOTHING;
INSERT INTO tiers (plan_id, min_days, max_days, price_inr, is_active) VALUES ('1b6dd941-87e2-4718-99fb-824d3dc92ff9', 731, 1095, 58443.04, TRUE) ON CONFLICT DO NOTHING;
INSERT INTO variants (id, model_id, name, fuel, transmission, oem_warranty_months, oem_warranty_kms) VALUES ('cde81a2b-d8a0-4644-99af-5219480f14a3', 'cca73bfc-dbf1-4b5a-a392-31aca3e1a7b3', 'URBAN CRUISER HYRYDER CNG N/A', 'CNG', 'N/A', 36, 100000) ON CONFLICT DO NOTHING;
INSERT INTO plans (id, variant_id, plan_name, duration_months, max_kms) VALUES ('e456e02d-d268-4312-a8c5-6931e55ed735', 'cde81a2b-d8a0-4644-99af-5219480f14a3', '4th Year / 100,000 Kms', 12, 100000) ON CONFLICT DO NOTHING;
INSERT INTO tiers (plan_id, min_days, max_days, price_inr, is_active) VALUES ('e456e02d-d268-4312-a8c5-6931e55ed735', 0, 60, 15560.66, TRUE) ON CONFLICT DO NOTHING;
INSERT INTO tiers (plan_id, min_days, max_days, price_inr, is_active) VALUES ('e456e02d-d268-4312-a8c5-6931e55ed735', 61, 365, 17117.08, TRUE) ON CONFLICT DO NOTHING;
INSERT INTO tiers (plan_id, min_days, max_days, price_inr, is_active) VALUES ('e456e02d-d268-4312-a8c5-6931e55ed735', 366, 730, 19451.12, TRUE) ON CONFLICT DO NOTHING;
INSERT INTO tiers (plan_id, min_days, max_days, price_inr, is_active) VALUES ('e456e02d-d268-4312-a8c5-6931e55ed735', 731, 1095, 22563.96, TRUE) ON CONFLICT DO NOTHING;
INSERT INTO plans (id, variant_id, plan_name, duration_months, max_kms) VALUES ('6da13c1c-9c5d-444c-832a-98d7b384dfc9', 'cde81a2b-d8a0-4644-99af-5219480f14a3', '4th & 5th Year / 150,000 Kms', 24, 150000) ON CONFLICT DO NOTHING;
INSERT INTO tiers (plan_id, min_days, max_days, price_inr, is_active) VALUES ('6da13c1c-9c5d-444c-832a-98d7b384dfc9', 0, 60, 24713.92, TRUE) ON CONFLICT DO NOTHING;
INSERT INTO tiers (plan_id, min_days, max_days, price_inr, is_active) VALUES ('6da13c1c-9c5d-444c-832a-98d7b384dfc9', 61, 365, 27186.02, TRUE) ON CONFLICT DO NOTHING;
INSERT INTO tiers (plan_id, min_days, max_days, price_inr, is_active) VALUES ('6da13c1c-9c5d-444c-832a-98d7b384dfc9', 366, 730, 30892.4, TRUE) ON CONFLICT DO NOTHING;
INSERT INTO tiers (plan_id, min_days, max_days, price_inr, is_active) VALUES ('6da13c1c-9c5d-444c-832a-98d7b384dfc9', 731, 1095, 35835.42, TRUE) ON CONFLICT DO NOTHING;
INSERT INTO plans (id, variant_id, plan_name, duration_months, max_kms) VALUES ('4cc99163-c3c9-48da-8300-d30bae5f900d', 'cde81a2b-d8a0-4644-99af-5219480f14a3', '4th & 5th Year / 200,000 Kms', 24, 200000) ON CONFLICT DO NOTHING;
INSERT INTO tiers (plan_id, min_days, max_days, price_inr, is_active) VALUES ('4cc99163-c3c9-48da-8300-d30bae5f900d', 0, 60, 31121.32, TRUE) ON CONFLICT DO NOTHING;
INSERT INTO tiers (plan_id, min_days, max_days, price_inr, is_active) VALUES ('4cc99163-c3c9-48da-8300-d30bae5f900d', 61, 365, 34234.16, TRUE) ON CONFLICT DO NOTHING;
INSERT INTO tiers (plan_id, min_days, max_days, price_inr, is_active) VALUES ('4cc99163-c3c9-48da-8300-d30bae5f900d', 366, 730, 38902.24, TRUE) ON CONFLICT DO NOTHING;
INSERT INTO tiers (plan_id, min_days, max_days, price_inr, is_active) VALUES ('4cc99163-c3c9-48da-8300-d30bae5f900d', 731, 1095, 45126.74, TRUE) ON CONFLICT DO NOTHING;
INSERT INTO models (id, brand_id, name) VALUES ('43ed4f9f-9eaf-48d6-b584-3061e4959275', 'cf38356b-764f-46f3-b41a-9c13a9da29e1', 'Vellfire') ON CONFLICT DO NOTHING;
INSERT INTO variants (id, model_id, name, fuel, transmission, oem_warranty_months, oem_warranty_kms) VALUES ('df451df0-fd02-4a53-8f07-1e62cf202ac5', '43ed4f9f-9eaf-48d6-b584-3061e4959275', 'Vellfire Hybrid N/A', 'Hybrid', 'N/A', 36, 100000) ON CONFLICT DO NOTHING;
INSERT INTO plans (id, variant_id, plan_name, duration_months, max_kms) VALUES ('4b07ee87-1c4d-489d-83c8-a3ad7431709f', 'df451df0-fd02-4a53-8f07-1e62cf202ac5', '4th & 5th Year / 150,000 Kms', 24, 150000) ON CONFLICT DO NOTHING;
INSERT INTO tiers (plan_id, min_days, max_days, price_inr, is_active) VALUES ('4b07ee87-1c4d-489d-83c8-a3ad7431709f', 0, 60, 207237.5, TRUE) ON CONFLICT DO NOTHING;
INSERT INTO tiers (plan_id, min_days, max_days, price_inr, is_active) VALUES ('4b07ee87-1c4d-489d-83c8-a3ad7431709f', 61, 365, 227961.84, TRUE) ON CONFLICT DO NOTHING;
INSERT INTO tiers (plan_id, min_days, max_days, price_inr, is_active) VALUES ('4b07ee87-1c4d-489d-83c8-a3ad7431709f', 366, 730, 259047.76, TRUE) ON CONFLICT DO NOTHING;
INSERT INTO tiers (plan_id, min_days, max_days, price_inr, is_active) VALUES ('4b07ee87-1c4d-489d-83c8-a3ad7431709f', 731, 1095, 300495.26, TRUE) ON CONFLICT DO NOTHING;
INSERT INTO models (id, brand_id, name) VALUES ('144500b8-878d-4c7f-9d2c-52d75c1755fe', 'cf38356b-764f-46f3-b41a-9c13a9da29e1', 'New Vellfire') ON CONFLICT DO NOTHING;
INSERT INTO variants (id, model_id, name, fuel, transmission, oem_warranty_months, oem_warranty_kms) VALUES ('917a0de7-4ae5-4e5e-8288-5b5135974ab9', '144500b8-878d-4c7f-9d2c-52d75c1755fe', 'New Vellfire Hybrid N/A', 'Hybrid', 'N/A', 36, 100000) ON CONFLICT DO NOTHING;
INSERT INTO plans (id, variant_id, plan_name, duration_months, max_kms) VALUES ('6223f820-3151-4f67-a214-c1932c5fbba5', '917a0de7-4ae5-4e5e-8288-5b5135974ab9', '4th & 5th Year / 150,000 Kms', 24, 150000) ON CONFLICT DO NOTHING;
INSERT INTO tiers (plan_id, min_days, max_days, price_inr, is_active) VALUES ('6223f820-3151-4f67-a214-c1932c5fbba5', 0, 60, 278026.88, TRUE) ON CONFLICT DO NOTHING;
INSERT INTO tiers (plan_id, min_days, max_days, price_inr, is_active) VALUES ('6223f820-3151-4f67-a214-c1932c5fbba5', 61, 365, 305830.04, TRUE) ON CONFLICT DO NOTHING;
INSERT INTO tiers (plan_id, min_days, max_days, price_inr, is_active) VALUES ('6223f820-3151-4f67-a214-c1932c5fbba5', 366, 730, 347533.6, TRUE) ON CONFLICT DO NOTHING;
INSERT INTO tiers (plan_id, min_days, max_days, price_inr, is_active) VALUES ('6223f820-3151-4f67-a214-c1932c5fbba5', 731, 1095, 403139.92, TRUE) ON CONFLICT DO NOTHING;
INSERT INTO models (id, brand_id, name) VALUES ('61d72d7b-a66d-4c08-887e-5b48560f8d84', 'cf38356b-764f-46f3-b41a-9c13a9da29e1', 'Innova Hycross') ON CONFLICT DO NOTHING;
INSERT INTO variants (id, model_id, name, fuel, transmission, oem_warranty_months, oem_warranty_kms) VALUES ('e7302691-7cf8-44fe-bb32-683183732add', '61d72d7b-a66d-4c08-887e-5b48560f8d84', 'Innova Hycross Petrol N/A', 'Petrol', 'N/A', 36, 100000) ON CONFLICT DO NOTHING;
INSERT INTO plans (id, variant_id, plan_name, duration_months, max_kms) VALUES ('2586b09c-3ba3-481f-8ea4-4b885d5b4a77', 'e7302691-7cf8-44fe-bb32-683183732add', '4th Year / 100,000 Kms', 12, 100000) ON CONFLICT DO NOTHING;
INSERT INTO tiers (plan_id, min_days, max_days, price_inr, is_active) VALUES ('2586b09c-3ba3-481f-8ea4-4b885d5b4a77', 0, 60, 25355.84, TRUE) ON CONFLICT DO NOTHING;
INSERT INTO tiers (plan_id, min_days, max_days, price_inr, is_active) VALUES ('2586b09c-3ba3-481f-8ea4-4b885d5b4a77', 61, 365, 27891.66, TRUE) ON CONFLICT DO NOTHING;
INSERT INTO tiers (plan_id, min_days, max_days, price_inr, is_active) VALUES ('2586b09c-3ba3-481f-8ea4-4b885d5b4a77', 366, 730, 31694.8, TRUE) ON CONFLICT DO NOTHING;
INSERT INTO tiers (plan_id, min_days, max_days, price_inr, is_active) VALUES ('2586b09c-3ba3-481f-8ea4-4b885d5b4a77', 731, 1095, 36766.44, TRUE) ON CONFLICT DO NOTHING;
INSERT INTO plans (id, variant_id, plan_name, duration_months, max_kms) VALUES ('0fa751d8-da90-446a-8308-37982b33830d', 'e7302691-7cf8-44fe-bb32-683183732add', '4th & 5th Year / 150,000 Kms', 24, 150000) ON CONFLICT DO NOTHING;
INSERT INTO tiers (plan_id, min_days, max_days, price_inr, is_active) VALUES ('0fa751d8-da90-446a-8308-37982b33830d', 0, 60, 40271.04, TRUE) ON CONFLICT DO NOTHING;
INSERT INTO tiers (plan_id, min_days, max_days, price_inr, is_active) VALUES ('0fa751d8-da90-446a-8308-37982b33830d', 61, 365, 44298.38, TRUE) ON CONFLICT DO NOTHING;
INSERT INTO tiers (plan_id, min_days, max_days, price_inr, is_active) VALUES ('0fa751d8-da90-446a-8308-37982b33830d', 366, 730, 50338.8, TRUE) ON CONFLICT DO NOTHING;
INSERT INTO tiers (plan_id, min_days, max_days, price_inr, is_active) VALUES ('0fa751d8-da90-446a-8308-37982b33830d', 731, 1095, 58393.48, TRUE) ON CONFLICT DO NOTHING;
INSERT INTO plans (id, variant_id, plan_name, duration_months, max_kms) VALUES ('6a1d8448-1780-4f46-82d4-03376f6bfccc', 'e7302691-7cf8-44fe-bb32-683183732add', '4th & 5th Year / 200,000 Kms', 24, 200000) ON CONFLICT DO NOTHING;
INSERT INTO tiers (plan_id, min_days, max_days, price_inr, is_active) VALUES ('6a1d8448-1780-4f46-82d4-03376f6bfccc', 0, 60, 50711.68, TRUE) ON CONFLICT DO NOTHING;
INSERT INTO tiers (plan_id, min_days, max_days, price_inr, is_active) VALUES ('6a1d8448-1780-4f46-82d4-03376f6bfccc', 61, 365, 55783.32, TRUE) ON CONFLICT DO NOTHING;
INSERT INTO tiers (plan_id, min_days, max_days, price_inr, is_active) VALUES ('6a1d8448-1780-4f46-82d4-03376f6bfccc', 366, 730, 63389.6, TRUE) ON CONFLICT DO NOTHING;
INSERT INTO tiers (plan_id, min_days, max_days, price_inr, is_active) VALUES ('6a1d8448-1780-4f46-82d4-03376f6bfccc', 731, 1095, 73532.88, TRUE) ON CONFLICT DO NOTHING;
INSERT INTO variants (id, model_id, name, fuel, transmission, oem_warranty_months, oem_warranty_kms) VALUES ('3dc32e9a-952b-4aec-99c2-83cf496b05dc', '61d72d7b-a66d-4c08-887e-5b48560f8d84', 'Innova Hycross Hybrid N/A', 'Hybrid', 'N/A', 36, 100000) ON CONFLICT DO NOTHING;
INSERT INTO plans (id, variant_id, plan_name, duration_months, max_kms) VALUES ('c6257322-942b-4c38-ad3d-597cf2f85bbd', '3dc32e9a-952b-4aec-99c2-83cf496b05dc', '4th Year / 100,000 Kms', 12, 100000) ON CONFLICT DO NOTHING;
INSERT INTO tiers (plan_id, min_days, max_days, price_inr, is_active) VALUES ('c6257322-942b-4c38-ad3d-597cf2f85bbd', 0, 60, 37452.02, TRUE) ON CONFLICT DO NOTHING;
INSERT INTO tiers (plan_id, min_days, max_days, price_inr, is_active) VALUES ('c6257322-942b-4c38-ad3d-597cf2f85bbd', 61, 365, 41197.34, TRUE) ON CONFLICT DO NOTHING;
INSERT INTO tiers (plan_id, min_days, max_days, price_inr, is_active) VALUES ('c6257322-942b-4c38-ad3d-597cf2f85bbd', 366, 730, 46815.32, TRUE) ON CONFLICT DO NOTHING;
INSERT INTO tiers (plan_id, min_days, max_days, price_inr, is_active) VALUES ('c6257322-942b-4c38-ad3d-597cf2f85bbd', 731, 1095, 54305.96, TRUE) ON CONFLICT DO NOTHING;
INSERT INTO plans (id, variant_id, plan_name, duration_months, max_kms) VALUES ('9630742e-6bbb-46ca-99dc-1abf43c60bf2', '3dc32e9a-952b-4aec-99c2-83cf496b05dc', '4th & 5th Year / 150,000 Kms', 24, 150000) ON CONFLICT DO NOTHING;
INSERT INTO tiers (plan_id, min_days, max_days, price_inr, is_active) VALUES ('9630742e-6bbb-46ca-99dc-1abf43c60bf2', 0, 60, 59481.44, TRUE) ON CONFLICT DO NOTHING;
INSERT INTO tiers (plan_id, min_days, max_days, price_inr, is_active) VALUES ('9630742e-6bbb-46ca-99dc-1abf43c60bf2', 61, 365, 65429.82, TRUE) ON CONFLICT DO NOTHING;
INSERT INTO tiers (plan_id, min_days, max_days, price_inr, is_active) VALUES ('9630742e-6bbb-46ca-99dc-1abf43c60bf2', 366, 730, 74351.8, TRUE) ON CONFLICT DO NOTHING;
INSERT INTO tiers (plan_id, min_days, max_days, price_inr, is_active) VALUES ('9630742e-6bbb-46ca-99dc-1abf43c60bf2', 731, 1095, 86248.56, TRUE) ON CONFLICT DO NOTHING;
INSERT INTO plans (id, variant_id, plan_name, duration_months, max_kms) VALUES ('96229831-ac9a-4eb4-903f-77d90859e49f', '3dc32e9a-952b-4aec-99c2-83cf496b05dc', '4th & 5th Year / 200,000 Kms', 24, 200000) ON CONFLICT DO NOTHING;
INSERT INTO tiers (plan_id, min_days, max_days, price_inr, is_active) VALUES ('96229831-ac9a-4eb4-903f-77d90859e49f', 0, 60, 74902.86, TRUE) ON CONFLICT DO NOTHING;
INSERT INTO tiers (plan_id, min_days, max_days, price_inr, is_active) VALUES ('96229831-ac9a-4eb4-903f-77d90859e49f', 61, 365, 82393.5, TRUE) ON CONFLICT DO NOTHING;
INSERT INTO tiers (plan_id, min_days, max_days, price_inr, is_active) VALUES ('96229831-ac9a-4eb4-903f-77d90859e49f', 366, 730, 93629.46, TRUE) ON CONFLICT DO NOTHING;
INSERT INTO tiers (plan_id, min_days, max_days, price_inr, is_active) VALUES ('96229831-ac9a-4eb4-903f-77d90859e49f', 731, 1095, 108609.56, TRUE) ON CONFLICT DO NOTHING;
INSERT INTO models (id, brand_id, name) VALUES ('f1cbf20a-68da-4a6b-88f5-2b68dcfdf1d9', 'cf38356b-764f-46f3-b41a-9c13a9da29e1', 'LandCruiser300') ON CONFLICT DO NOTHING;
INSERT INTO variants (id, model_id, name, fuel, transmission, oem_warranty_months, oem_warranty_kms) VALUES ('e3b9fa69-168a-4d38-bbcb-53a216576b71', 'f1cbf20a-68da-4a6b-88f5-2b68dcfdf1d9', 'LandCruiser300 Diesel N/A', 'Diesel', 'N/A', 36, 100000) ON CONFLICT DO NOTHING;
INSERT INTO plans (id, variant_id, plan_name, duration_months, max_kms) VALUES ('bcdbfeb1-40b1-4754-bfd6-43a59a622082', 'e3b9fa69-168a-4d38-bbcb-53a216576b71', '4th & 5th Year / 150,000 Kms', 24, 150000) ON CONFLICT DO NOTHING;
INSERT INTO tiers (plan_id, min_days, max_days, price_inr, is_active) VALUES ('bcdbfeb1-40b1-4754-bfd6-43a59a622082', 0, 60, 450748.2, TRUE) ON CONFLICT DO NOTHING;
INSERT INTO tiers (plan_id, min_days, max_days, price_inr, is_active) VALUES ('bcdbfeb1-40b1-4754-bfd6-43a59a622082', 61, 365, 495823.02, TRUE) ON CONFLICT DO NOTHING;
INSERT INTO tiers (plan_id, min_days, max_days, price_inr, is_active) VALUES ('bcdbfeb1-40b1-4754-bfd6-43a59a622082', 366, 730, 563435.84, TRUE) ON CONFLICT DO NOTHING;
INSERT INTO tiers (plan_id, min_days, max_days, price_inr, is_active) VALUES ('bcdbfeb1-40b1-4754-bfd6-43a59a622082', 731, 1095, 653585.48, TRUE) ON CONFLICT DO NOTHING;
INSERT INTO models (id, brand_id, name) VALUES ('483a8473-06bb-4630-b42a-cd5e7303d5a2', 'cf38356b-764f-46f3-b41a-9c13a9da29e1', 'Rumion') ON CONFLICT DO NOTHING;
INSERT INTO variants (id, model_id, name, fuel, transmission, oem_warranty_months, oem_warranty_kms) VALUES ('260bf5f6-b40c-44d4-a507-ef3348688ca6', '483a8473-06bb-4630-b42a-cd5e7303d5a2', 'Rumion Petrol N/A', 'Petrol', 'N/A', 36, 100000) ON CONFLICT DO NOTHING;
INSERT INTO plans (id, variant_id, plan_name, duration_months, max_kms) VALUES ('21f842e0-8972-483d-860f-e21240154a2c', '260bf5f6-b40c-44d4-a507-ef3348688ca6', '4th Year / 100,000 Kms', 12, 100000) ON CONFLICT DO NOTHING;
INSERT INTO tiers (plan_id, min_days, max_days, price_inr, is_active) VALUES ('21f842e0-8972-483d-860f-e21240154a2c', 0, 60, 15782.5, TRUE) ON CONFLICT DO NOTHING;
INSERT INTO tiers (plan_id, min_days, max_days, price_inr, is_active) VALUES ('21f842e0-8972-483d-860f-e21240154a2c', 61, 365, 17361.34, TRUE) ON CONFLICT DO NOTHING;
INSERT INTO tiers (plan_id, min_days, max_days, price_inr, is_active) VALUES ('21f842e0-8972-483d-860f-e21240154a2c', 366, 730, 19728.42, TRUE) ON CONFLICT DO NOTHING;
INSERT INTO tiers (plan_id, min_days, max_days, price_inr, is_active) VALUES ('21f842e0-8972-483d-860f-e21240154a2c', 731, 1095, 22884.92, TRUE) ON CONFLICT DO NOTHING;
INSERT INTO plans (id, variant_id, plan_name, duration_months, max_kms) VALUES ('0a851b44-3d6b-47ab-ba1c-f7274204919d', '260bf5f6-b40c-44d4-a507-ef3348688ca6', '4th & 5th Year / 150,000 Kms', 24, 150000) ON CONFLICT DO NOTHING;
INSERT INTO tiers (plan_id, min_days, max_days, price_inr, is_active) VALUES ('0a851b44-3d6b-47ab-ba1c-f7274204919d', 0, 60, 25066.74, TRUE) ON CONFLICT DO NOTHING;
INSERT INTO tiers (plan_id, min_days, max_days, price_inr, is_active) VALUES ('0a851b44-3d6b-47ab-ba1c-f7274204919d', 61, 365, 27574.24, TRUE) ON CONFLICT DO NOTHING;
INSERT INTO tiers (plan_id, min_days, max_days, price_inr, is_active) VALUES ('0a851b44-3d6b-47ab-ba1c-f7274204919d', 366, 730, 31333.72, TRUE) ON CONFLICT DO NOTHING;
INSERT INTO tiers (plan_id, min_days, max_days, price_inr, is_active) VALUES ('0a851b44-3d6b-47ab-ba1c-f7274204919d', 731, 1095, 36347.54, TRUE) ON CONFLICT DO NOTHING;
INSERT INTO plans (id, variant_id, plan_name, duration_months, max_kms) VALUES ('c7ee448b-82b9-458e-832b-127217d7b6ef', '260bf5f6-b40c-44d4-a507-ef3348688ca6', '4th & 5th Year / 200,000 Kms', 24, 200000) ON CONFLICT DO NOTHING;
INSERT INTO tiers (plan_id, min_days, max_days, price_inr, is_active) VALUES ('c7ee448b-82b9-458e-832b-127217d7b6ef', 0, 60, 31565.0, TRUE) ON CONFLICT DO NOTHING;
INSERT INTO tiers (plan_id, min_days, max_days, price_inr, is_active) VALUES ('c7ee448b-82b9-458e-832b-127217d7b6ef', 61, 365, 34721.5, TRUE) ON CONFLICT DO NOTHING;
INSERT INTO tiers (plan_id, min_days, max_days, price_inr, is_active) VALUES ('c7ee448b-82b9-458e-832b-127217d7b6ef', 366, 730, 39456.84, TRUE) ON CONFLICT DO NOTHING;
INSERT INTO tiers (plan_id, min_days, max_days, price_inr, is_active) VALUES ('c7ee448b-82b9-458e-832b-127217d7b6ef', 731, 1095, 45769.84, TRUE) ON CONFLICT DO NOTHING;
INSERT INTO variants (id, model_id, name, fuel, transmission, oem_warranty_months, oem_warranty_kms) VALUES ('2c14f0a6-14e8-4300-a283-6c35d1acb8bb', '483a8473-06bb-4630-b42a-cd5e7303d5a2', 'Rumion CNG N/A', 'CNG', 'N/A', 36, 100000) ON CONFLICT DO NOTHING;
INSERT INTO plans (id, variant_id, plan_name, duration_months, max_kms) VALUES ('580f7098-2a76-41d6-87a0-a953797ea357', '2c14f0a6-14e8-4300-a283-6c35d1acb8bb', '4th Year / 100,000 Kms', 12, 100000) ON CONFLICT DO NOTHING;
INSERT INTO tiers (plan_id, min_days, max_days, price_inr, is_active) VALUES ('580f7098-2a76-41d6-87a0-a953797ea357', 0, 60, 15292.8, TRUE) ON CONFLICT DO NOTHING;
INSERT INTO tiers (plan_id, min_days, max_days, price_inr, is_active) VALUES ('580f7098-2a76-41d6-87a0-a953797ea357', 61, 365, 16822.08, TRUE) ON CONFLICT DO NOTHING;
INSERT INTO tiers (plan_id, min_days, max_days, price_inr, is_active) VALUES ('580f7098-2a76-41d6-87a0-a953797ea357', 366, 730, 19116.0, TRUE) ON CONFLICT DO NOTHING;
INSERT INTO tiers (plan_id, min_days, max_days, price_inr, is_active) VALUES ('580f7098-2a76-41d6-87a0-a953797ea357', 731, 1095, 22174.56, TRUE) ON CONFLICT DO NOTHING;
INSERT INTO plans (id, variant_id, plan_name, duration_months, max_kms) VALUES ('16db8132-64ae-4663-afdc-53ba0f17e55c', '2c14f0a6-14e8-4300-a283-6c35d1acb8bb', '4th & 5th Year / 150,000 Kms', 24, 150000) ON CONFLICT DO NOTHING;
INSERT INTO tiers (plan_id, min_days, max_days, price_inr, is_active) VALUES ('16db8132-64ae-4663-afdc-53ba0f17e55c', 0, 60, 24289.12, TRUE) ON CONFLICT DO NOTHING;
INSERT INTO tiers (plan_id, min_days, max_days, price_inr, is_active) VALUES ('16db8132-64ae-4663-afdc-53ba0f17e55c', 61, 365, 26718.74, TRUE) ON CONFLICT DO NOTHING;
INSERT INTO tiers (plan_id, min_days, max_days, price_inr, is_active) VALUES ('16db8132-64ae-4663-afdc-53ba0f17e55c', 366, 730, 30361.4, TRUE) ON CONFLICT DO NOTHING;
INSERT INTO tiers (plan_id, min_days, max_days, price_inr, is_active) VALUES ('16db8132-64ae-4663-afdc-53ba0f17e55c', 731, 1095, 35219.46, TRUE) ON CONFLICT DO NOTHING;
INSERT INTO plans (id, variant_id, plan_name, duration_months, max_kms) VALUES ('e36578df-8a73-41ca-b70c-a97992a60847', '2c14f0a6-14e8-4300-a283-6c35d1acb8bb', '4th & 5th Year / 200,000 Kms', 24, 200000) ON CONFLICT DO NOTHING;
INSERT INTO tiers (plan_id, min_days, max_days, price_inr, is_active) VALUES ('e36578df-8a73-41ca-b70c-a97992a60847', 0, 60, 30585.6, TRUE) ON CONFLICT DO NOTHING;
INSERT INTO tiers (plan_id, min_days, max_days, price_inr, is_active) VALUES ('e36578df-8a73-41ca-b70c-a97992a60847', 61, 365, 33644.16, TRUE) ON CONFLICT DO NOTHING;
INSERT INTO tiers (plan_id, min_days, max_days, price_inr, is_active) VALUES ('e36578df-8a73-41ca-b70c-a97992a60847', 366, 730, 38232.0, TRUE) ON CONFLICT DO NOTHING;
INSERT INTO tiers (plan_id, min_days, max_days, price_inr, is_active) VALUES ('e36578df-8a73-41ca-b70c-a97992a60847', 731, 1095, 44349.12, TRUE) ON CONFLICT DO NOTHING;
INSERT INTO models (id, brand_id, name) VALUES ('070ceabd-91d7-465a-801b-6eddd4c84504', 'cf38356b-764f-46f3-b41a-9c13a9da29e1', 'Urban Cruiser Taisor') ON CONFLICT DO NOTHING;
INSERT INTO variants (id, model_id, name, fuel, transmission, oem_warranty_months, oem_warranty_kms) VALUES ('cb320d35-70a5-4498-b780-d0d1112288ec', '070ceabd-91d7-465a-801b-6eddd4c84504', 'Urban Cruiser Taisor Petrol Manual', 'Petrol', 'Manual', 36, 100000) ON CONFLICT DO NOTHING;
INSERT INTO plans (id, variant_id, plan_name, duration_months, max_kms) VALUES ('7c14020c-03a6-4aee-b803-74578bbf27d1', 'cb320d35-70a5-4498-b780-d0d1112288ec', '4th Year / 100,000 Kms', 12, 100000) ON CONFLICT DO NOTHING;
INSERT INTO tiers (plan_id, min_days, max_days, price_inr, is_active) VALUES ('7c14020c-03a6-4aee-b803-74578bbf27d1', 0, 60, 10959.84, TRUE) ON CONFLICT DO NOTHING;
INSERT INTO tiers (plan_id, min_days, max_days, price_inr, is_active) VALUES ('7c14020c-03a6-4aee-b803-74578bbf27d1', 61, 365, 12056.06, TRUE) ON CONFLICT DO NOTHING;
INSERT INTO tiers (plan_id, min_days, max_days, price_inr, is_active) VALUES ('7c14020c-03a6-4aee-b803-74578bbf27d1', 366, 730, 13699.8, TRUE) ON CONFLICT DO NOTHING;
INSERT INTO tiers (plan_id, min_days, max_days, price_inr, is_active) VALUES ('7c14020c-03a6-4aee-b803-74578bbf27d1', 731, 1095, 15892.24, TRUE) ON CONFLICT DO NOTHING;
INSERT INTO plans (id, variant_id, plan_name, duration_months, max_kms) VALUES ('66b10a2f-d2b4-47f8-bca0-adc2d930ad9d', 'cb320d35-70a5-4498-b780-d0d1112288ec', '4th & 5th Year / 150,000 Kms', 24, 150000) ON CONFLICT DO NOTHING;
INSERT INTO tiers (plan_id, min_days, max_days, price_inr, is_active) VALUES ('66b10a2f-d2b4-47f8-bca0-adc2d930ad9d', 0, 60, 17406.18, TRUE) ON CONFLICT DO NOTHING;
INSERT INTO tiers (plan_id, min_days, max_days, price_inr, is_active) VALUES ('66b10a2f-d2b4-47f8-bca0-adc2d930ad9d', 61, 365, 19147.86, TRUE) ON CONFLICT DO NOTHING;
INSERT INTO tiers (plan_id, min_days, max_days, price_inr, is_active) VALUES ('66b10a2f-d2b4-47f8-bca0-adc2d930ad9d', 366, 730, 21758.02, TRUE) ON CONFLICT DO NOTHING;
INSERT INTO tiers (plan_id, min_days, max_days, price_inr, is_active) VALUES ('66b10a2f-d2b4-47f8-bca0-adc2d930ad9d', 731, 1095, 25239.02, TRUE) ON CONFLICT DO NOTHING;
INSERT INTO plans (id, variant_id, plan_name, duration_months, max_kms) VALUES ('d7f324a3-639c-40bc-9fb3-c696a8120b1d', 'cb320d35-70a5-4498-b780-d0d1112288ec', '4th & 5th Year / 200,000 Kms', 24, 200000) ON CONFLICT DO NOTHING;
INSERT INTO tiers (plan_id, min_days, max_days, price_inr, is_active) VALUES ('d7f324a3-639c-40bc-9fb3-c696a8120b1d', 0, 60, 21918.5, TRUE) ON CONFLICT DO NOTHING;
INSERT INTO tiers (plan_id, min_days, max_days, price_inr, is_active) VALUES ('d7f324a3-639c-40bc-9fb3-c696a8120b1d', 61, 365, 24110.94, TRUE) ON CONFLICT DO NOTHING;
INSERT INTO tiers (plan_id, min_days, max_days, price_inr, is_active) VALUES ('d7f324a3-639c-40bc-9fb3-c696a8120b1d', 366, 730, 27398.42, TRUE) ON CONFLICT DO NOTHING;
INSERT INTO tiers (plan_id, min_days, max_days, price_inr, is_active) VALUES ('d7f324a3-639c-40bc-9fb3-c696a8120b1d', 731, 1095, 31782.12, TRUE) ON CONFLICT DO NOTHING;
INSERT INTO variants (id, model_id, name, fuel, transmission, oem_warranty_months, oem_warranty_kms) VALUES ('abcb6ec7-aafe-4e7d-9912-82343d8443b2', '070ceabd-91d7-465a-801b-6eddd4c84504', 'Urban Cruiser Taisor Petrol Automatic', 'Petrol', 'Automatic', 36, 100000) ON CONFLICT DO NOTHING;
INSERT INTO plans (id, variant_id, plan_name, duration_months, max_kms) VALUES ('cda8bdcf-d424-44cb-adfd-33ba9c284b7f', 'abcb6ec7-aafe-4e7d-9912-82343d8443b2', '4th Year / 100,000 Kms', 12, 100000) ON CONFLICT DO NOTHING;
INSERT INTO tiers (plan_id, min_days, max_days, price_inr, is_active) VALUES ('cda8bdcf-d424-44cb-adfd-33ba9c284b7f', 0, 60, 11634.8, TRUE) ON CONFLICT DO NOTHING;
INSERT INTO tiers (plan_id, min_days, max_days, price_inr, is_active) VALUES ('cda8bdcf-d424-44cb-adfd-33ba9c284b7f', 61, 365, 12798.28, TRUE) ON CONFLICT DO NOTHING;
INSERT INTO tiers (plan_id, min_days, max_days, price_inr, is_active) VALUES ('cda8bdcf-d424-44cb-adfd-33ba9c284b7f', 366, 730, 14543.5, TRUE) ON CONFLICT DO NOTHING;
INSERT INTO tiers (plan_id, min_days, max_days, price_inr, is_active) VALUES ('cda8bdcf-d424-44cb-adfd-33ba9c284b7f', 731, 1095, 16870.46, TRUE) ON CONFLICT DO NOTHING;
INSERT INTO plans (id, variant_id, plan_name, duration_months, max_kms) VALUES ('fc4336d7-2902-4290-a430-e2c871c53ccb', 'abcb6ec7-aafe-4e7d-9912-82343d8443b2', '4th & 5th Year / 150,000 Kms', 24, 150000) ON CONFLICT DO NOTHING;
INSERT INTO tiers (plan_id, min_days, max_days, price_inr, is_active) VALUES ('fc4336d7-2902-4290-a430-e2c871c53ccb', 0, 60, 18478.8, TRUE) ON CONFLICT DO NOTHING;
INSERT INTO tiers (plan_id, min_days, max_days, price_inr, is_active) VALUES ('fc4336d7-2902-4290-a430-e2c871c53ccb', 61, 365, 20326.68, TRUE) ON CONFLICT DO NOTHING;
INSERT INTO tiers (plan_id, min_days, max_days, price_inr, is_active) VALUES ('fc4336d7-2902-4290-a430-e2c871c53ccb', 366, 730, 23098.5, TRUE) ON CONFLICT DO NOTHING;
INSERT INTO tiers (plan_id, min_days, max_days, price_inr, is_active) VALUES ('fc4336d7-2902-4290-a430-e2c871c53ccb', 731, 1095, 26794.26, TRUE) ON CONFLICT DO NOTHING;
INSERT INTO plans (id, variant_id, plan_name, duration_months, max_kms) VALUES ('a32bb84c-3ba3-4cc8-9a6e-017a4581edc4', 'abcb6ec7-aafe-4e7d-9912-82343d8443b2', '4th & 5th Year / 200,000 Kms', 24, 200000) ON CONFLICT DO NOTHING;
INSERT INTO tiers (plan_id, min_days, max_days, price_inr, is_active) VALUES ('a32bb84c-3ba3-4cc8-9a6e-017a4581edc4', 0, 60, 23269.6, TRUE) ON CONFLICT DO NOTHING;
INSERT INTO tiers (plan_id, min_days, max_days, price_inr, is_active) VALUES ('a32bb84c-3ba3-4cc8-9a6e-017a4581edc4', 61, 365, 25596.56, TRUE) ON CONFLICT DO NOTHING;
INSERT INTO tiers (plan_id, min_days, max_days, price_inr, is_active) VALUES ('a32bb84c-3ba3-4cc8-9a6e-017a4581edc4', 366, 730, 29087.0, TRUE) ON CONFLICT DO NOTHING;
INSERT INTO tiers (plan_id, min_days, max_days, price_inr, is_active) VALUES ('a32bb84c-3ba3-4cc8-9a6e-017a4581edc4', 731, 1095, 33740.92, TRUE) ON CONFLICT DO NOTHING;
INSERT INTO variants (id, model_id, name, fuel, transmission, oem_warranty_months, oem_warranty_kms) VALUES ('80d05b10-5cce-4082-9097-cfeb239f457a', '070ceabd-91d7-465a-801b-6eddd4c84504', 'Urban Cruiser Taisor CNG N/A', 'CNG', 'N/A', 36, 100000) ON CONFLICT DO NOTHING;
INSERT INTO plans (id, variant_id, plan_name, duration_months, max_kms) VALUES ('7ab0f4c6-83bd-4c57-b9a6-d896b5aa4135', '80d05b10-5cce-4082-9097-cfeb239f457a', '4th Year / 100,000 Kms', 12, 100000) ON CONFLICT DO NOTHING;
INSERT INTO tiers (plan_id, min_days, max_days, price_inr, is_active) VALUES ('7ab0f4c6-83bd-4c57-b9a6-d896b5aa4135', 0, 60, 11113.24, TRUE) ON CONFLICT DO NOTHING;
INSERT INTO tiers (plan_id, min_days, max_days, price_inr, is_active) VALUES ('7ab0f4c6-83bd-4c57-b9a6-d896b5aa4135', 61, 365, 12224.8, TRUE) ON CONFLICT DO NOTHING;
INSERT INTO tiers (plan_id, min_days, max_days, price_inr, is_active) VALUES ('7ab0f4c6-83bd-4c57-b9a6-d896b5aa4135', 366, 730, 13892.14, TRUE) ON CONFLICT DO NOTHING;
INSERT INTO tiers (plan_id, min_days, max_days, price_inr, is_active) VALUES ('7ab0f4c6-83bd-4c57-b9a6-d896b5aa4135', 731, 1095, 16115.26, TRUE) ON CONFLICT DO NOTHING;
INSERT INTO plans (id, variant_id, plan_name, duration_months, max_kms) VALUES ('8ceff402-8ea6-4b42-9aa3-a4d0dc02c912', '80d05b10-5cce-4082-9097-cfeb239f457a', '4th & 5th Year / 150,000 Kms', 24, 150000) ON CONFLICT DO NOTHING;
INSERT INTO tiers (plan_id, min_days, max_days, price_inr, is_active) VALUES ('8ceff402-8ea6-4b42-9aa3-a4d0dc02c912', 0, 60, 17649.26, TRUE) ON CONFLICT DO NOTHING;
INSERT INTO tiers (plan_id, min_days, max_days, price_inr, is_active) VALUES ('8ceff402-8ea6-4b42-9aa3-a4d0dc02c912', 61, 365, 19414.54, TRUE) ON CONFLICT DO NOTHING;
INSERT INTO tiers (plan_id, min_days, max_days, price_inr, is_active) VALUES ('8ceff402-8ea6-4b42-9aa3-a4d0dc02c912', 366, 730, 22062.46, TRUE) ON CONFLICT DO NOTHING;
INSERT INTO tiers (plan_id, min_days, max_days, price_inr, is_active) VALUES ('8ceff402-8ea6-4b42-9aa3-a4d0dc02c912', 731, 1095, 25591.84, TRUE) ON CONFLICT DO NOTHING;
INSERT INTO plans (id, variant_id, plan_name, duration_months, max_kms) VALUES ('09ece3b0-0658-4987-a0b1-768929010efa', '80d05b10-5cce-4082-9097-cfeb239f457a', '4th & 5th Year / 200,000 Kms', 24, 200000) ON CONFLICT DO NOTHING;
INSERT INTO tiers (plan_id, min_days, max_days, price_inr, is_active) VALUES ('09ece3b0-0658-4987-a0b1-768929010efa', 0, 60, 22225.3, TRUE) ON CONFLICT DO NOTHING;
INSERT INTO tiers (plan_id, min_days, max_days, price_inr, is_active) VALUES ('09ece3b0-0658-4987-a0b1-768929010efa', 61, 365, 24448.42, TRUE) ON CONFLICT DO NOTHING;
INSERT INTO tiers (plan_id, min_days, max_days, price_inr, is_active) VALUES ('09ece3b0-0658-4987-a0b1-768929010efa', 366, 730, 27781.92, TRUE) ON CONFLICT DO NOTHING;
INSERT INTO tiers (plan_id, min_days, max_days, price_inr, is_active) VALUES ('09ece3b0-0658-4987-a0b1-768929010efa', 731, 1095, 32226.98, TRUE) ON CONFLICT DO NOTHING;
INSERT INTO models (id, brand_id, name) VALUES ('979dc354-1019-489f-8c18-f680fa70f43c', 'cf38356b-764f-46f3-b41a-9c13a9da29e1', 'Urban Cruiser Taisor Turbo') ON CONFLICT DO NOTHING;
INSERT INTO variants (id, model_id, name, fuel, transmission, oem_warranty_months, oem_warranty_kms) VALUES ('9b2b0d94-f06a-4f78-83cd-dc0a33876bfe', '979dc354-1019-489f-8c18-f680fa70f43c', 'Urban Cruiser Taisor Turbo Petrol Manual', 'Petrol', 'Manual', 36, 100000) ON CONFLICT DO NOTHING;
INSERT INTO plans (id, variant_id, plan_name, duration_months, max_kms) VALUES ('f72d8ab8-8e3c-4216-89ed-738d16441fd8', '9b2b0d94-f06a-4f78-83cd-dc0a33876bfe', '4th Year / 100,000 Kms', 12, 100000) ON CONFLICT DO NOTHING;
INSERT INTO tiers (plan_id, min_days, max_days, price_inr, is_active) VALUES ('f72d8ab8-8e3c-4216-89ed-738d16441fd8', 0, 60, 13459.08, TRUE) ON CONFLICT DO NOTHING;
INSERT INTO tiers (plan_id, min_days, max_days, price_inr, is_active) VALUES ('f72d8ab8-8e3c-4216-89ed-738d16441fd8', 61, 365, 14805.46, TRUE) ON CONFLICT DO NOTHING;
INSERT INTO tiers (plan_id, min_days, max_days, price_inr, is_active) VALUES ('f72d8ab8-8e3c-4216-89ed-738d16441fd8', 366, 730, 16824.44, TRUE) ON CONFLICT DO NOTHING;
INSERT INTO tiers (plan_id, min_days, max_days, price_inr, is_active) VALUES ('f72d8ab8-8e3c-4216-89ed-738d16441fd8', 731, 1095, 19516.02, TRUE) ON CONFLICT DO NOTHING;
INSERT INTO plans (id, variant_id, plan_name, duration_months, max_kms) VALUES ('7242df54-936f-4fab-a3a1-092ed429ee00', '9b2b0d94-f06a-4f78-83cd-dc0a33876bfe', '4th & 5th Year / 150,000 Kms', 24, 150000) ON CONFLICT DO NOTHING;
INSERT INTO tiers (plan_id, min_days, max_days, price_inr, is_active) VALUES ('7242df54-936f-4fab-a3a1-092ed429ee00', 0, 60, 21375.7, TRUE) ON CONFLICT DO NOTHING;
INSERT INTO tiers (plan_id, min_days, max_days, price_inr, is_active) VALUES ('7242df54-936f-4fab-a3a1-092ed429ee00', 61, 365, 23513.86, TRUE) ON CONFLICT DO NOTHING;
INSERT INTO tiers (plan_id, min_days, max_days, price_inr, is_active) VALUES ('7242df54-936f-4fab-a3a1-092ed429ee00', 366, 730, 26719.92, TRUE) ON CONFLICT DO NOTHING;
INSERT INTO tiers (plan_id, min_days, max_days, price_inr, is_active) VALUES ('7242df54-936f-4fab-a3a1-092ed429ee00', 731, 1095, 30995.06, TRUE) ON CONFLICT DO NOTHING;
INSERT INTO plans (id, variant_id, plan_name, duration_months, max_kms) VALUES ('a6ac4ace-552f-44fe-977e-ed0ed4408995', '9b2b0d94-f06a-4f78-83cd-dc0a33876bfe', '4th & 5th Year / 200,000 Kms', 24, 200000) ON CONFLICT DO NOTHING;
INSERT INTO tiers (plan_id, min_days, max_days, price_inr, is_active) VALUES ('a6ac4ace-552f-44fe-977e-ed0ed4408995', 0, 60, 26916.98, TRUE) ON CONFLICT DO NOTHING;
INSERT INTO tiers (plan_id, min_days, max_days, price_inr, is_active) VALUES ('a6ac4ace-552f-44fe-977e-ed0ed4408995', 61, 365, 29609.74, TRUE) ON CONFLICT DO NOTHING;
INSERT INTO tiers (plan_id, min_days, max_days, price_inr, is_active) VALUES ('a6ac4ace-552f-44fe-977e-ed0ed4408995', 366, 730, 33646.52, TRUE) ON CONFLICT DO NOTHING;
INSERT INTO tiers (plan_id, min_days, max_days, price_inr, is_active) VALUES ('a6ac4ace-552f-44fe-977e-ed0ed4408995', 731, 1095, 39029.68, TRUE) ON CONFLICT DO NOTHING;
INSERT INTO variants (id, model_id, name, fuel, transmission, oem_warranty_months, oem_warranty_kms) VALUES ('deb0e427-7568-4b48-a1c2-ea54122d2ed4', '979dc354-1019-489f-8c18-f680fa70f43c', 'Urban Cruiser Taisor Turbo Petrol Automatic', 'Petrol', 'Automatic', 36, 100000) ON CONFLICT DO NOTHING;
INSERT INTO plans (id, variant_id, plan_name, duration_months, max_kms) VALUES ('f482328a-0177-44d8-b8be-48d887d5fbc6', 'deb0e427-7568-4b48-a1c2-ea54122d2ed4', '4th Year / 100,000 Kms', 12, 100000) ON CONFLICT DO NOTHING;
INSERT INTO tiers (plan_id, min_days, max_days, price_inr, is_active) VALUES ('f482328a-0177-44d8-b8be-48d887d5fbc6', 0, 60, 15243.24, TRUE) ON CONFLICT DO NOTHING;
INSERT INTO tiers (plan_id, min_days, max_days, price_inr, is_active) VALUES ('f482328a-0177-44d8-b8be-48d887d5fbc6', 61, 365, 16767.8, TRUE) ON CONFLICT DO NOTHING;
INSERT INTO tiers (plan_id, min_days, max_days, price_inr, is_active) VALUES ('f482328a-0177-44d8-b8be-48d887d5fbc6', 366, 730, 19054.64, TRUE) ON CONFLICT DO NOTHING;
INSERT INTO tiers (plan_id, min_days, max_days, price_inr, is_active) VALUES ('f482328a-0177-44d8-b8be-48d887d5fbc6', 731, 1095, 22103.76, TRUE) ON CONFLICT DO NOTHING;
INSERT INTO plans (id, variant_id, plan_name, duration_months, max_kms) VALUES ('f560e0c2-85b8-42c1-8ae5-b782b979db77', 'deb0e427-7568-4b48-a1c2-ea54122d2ed4', '4th & 5th Year / 150,000 Kms', 24, 150000) ON CONFLICT DO NOTHING;
INSERT INTO tiers (plan_id, min_days, max_days, price_inr, is_active) VALUES ('f560e0c2-85b8-42c1-8ae5-b782b979db77', 0, 60, 24208.88, TRUE) ON CONFLICT DO NOTHING;
INSERT INTO tiers (plan_id, min_days, max_days, price_inr, is_active) VALUES ('f560e0c2-85b8-42c1-8ae5-b782b979db77', 61, 365, 26630.24, TRUE) ON CONFLICT DO NOTHING;
INSERT INTO tiers (plan_id, min_days, max_days, price_inr, is_active) VALUES ('f560e0c2-85b8-42c1-8ae5-b782b979db77', 366, 730, 30261.1, TRUE) ON CONFLICT DO NOTHING;
INSERT INTO tiers (plan_id, min_days, max_days, price_inr, is_active) VALUES ('f560e0c2-85b8-42c1-8ae5-b782b979db77', 731, 1095, 35103.82, TRUE) ON CONFLICT DO NOTHING;
INSERT INTO plans (id, variant_id, plan_name, duration_months, max_kms) VALUES ('396e6336-ca99-4c7b-baee-bf8de6849e0d', 'deb0e427-7568-4b48-a1c2-ea54122d2ed4', '4th & 5th Year / 200,000 Kms', 24, 200000) ON CONFLICT DO NOTHING;
INSERT INTO tiers (plan_id, min_days, max_days, price_inr, is_active) VALUES ('396e6336-ca99-4c7b-baee-bf8de6849e0d', 0, 60, 30485.3, TRUE) ON CONFLICT DO NOTHING;
INSERT INTO tiers (plan_id, min_days, max_days, price_inr, is_active) VALUES ('396e6336-ca99-4c7b-baee-bf8de6849e0d', 61, 365, 33534.42, TRUE) ON CONFLICT DO NOTHING;
INSERT INTO tiers (plan_id, min_days, max_days, price_inr, is_active) VALUES ('396e6336-ca99-4c7b-baee-bf8de6849e0d', 366, 730, 38106.92, TRUE) ON CONFLICT DO NOTHING;
INSERT INTO tiers (plan_id, min_days, max_days, price_inr, is_active) VALUES ('396e6336-ca99-4c7b-baee-bf8de6849e0d', 731, 1095, 44203.98, TRUE) ON CONFLICT DO NOTHING;
INSERT INTO brands (id, name) VALUES ('62658e95-712a-45b9-886b-51e05053eaa2', 'MG') ON CONFLICT DO NOTHING;
INSERT INTO models (id, brand_id, name) VALUES ('62f81207-f389-4ab7-8aeb-724899bcacbd', '62658e95-712a-45b9-886b-51e05053eaa2', 'Hector') ON CONFLICT DO NOTHING;
INSERT INTO variants (id, model_id, name, fuel, transmission, oem_warranty_months, oem_warranty_kms) VALUES ('7be53ab9-c5fd-4df9-a3c4-a80600e919db', '62f81207-f389-4ab7-8aeb-724899bcacbd', 'Hector Diesel', 'Diesel', 'N/A', 36, NULL) ON CONFLICT DO NOTHING;
INSERT INTO plans (id, variant_id, plan_name, duration_months, max_kms) VALUES ('a9ac3db7-b71e-4fe3-8c64-d82d6f5535a9', '7be53ab9-c5fd-4df9-a3c4-a80600e919db', '12 Months / 100,000 Kms', 12, 100000) ON CONFLICT DO NOTHING;
INSERT INTO tiers (plan_id, min_days, max_days, price_inr, is_active) VALUES ('a9ac3db7-b71e-4fe3-8c64-d82d6f5535a9', 0, 30, 18000.0, TRUE) ON CONFLICT DO NOTHING;
INSERT INTO tiers (plan_id, min_days, max_days, price_inr, is_active) VALUES ('a9ac3db7-b71e-4fe3-8c64-d82d6f5535a9', 31, 180, 19800.0, TRUE) ON CONFLICT DO NOTHING;
INSERT INTO tiers (plan_id, min_days, max_days, price_inr, is_active) VALUES ('a9ac3db7-b71e-4fe3-8c64-d82d6f5535a9', 181, 365, 20700.0, TRUE) ON CONFLICT DO NOTHING;
INSERT INTO tiers (plan_id, min_days, max_days, price_inr, is_active) VALUES ('a9ac3db7-b71e-4fe3-8c64-d82d6f5535a9', 366, 1095, 21800.0, TRUE) ON CONFLICT DO NOTHING;
INSERT INTO plans (id, variant_id, plan_name, duration_months, max_kms) VALUES ('38981050-f362-429d-a704-1a1d1dc66e85', '7be53ab9-c5fd-4df9-a3c4-a80600e919db', '24 Months / 100,000 Kms', 24, 100000) ON CONFLICT DO NOTHING;
INSERT INTO tiers (plan_id, min_days, max_days, price_inr, is_active) VALUES ('38981050-f362-429d-a704-1a1d1dc66e85', 0, 30, 34000.0, TRUE) ON CONFLICT DO NOTHING;
INSERT INTO tiers (plan_id, min_days, max_days, price_inr, is_active) VALUES ('38981050-f362-429d-a704-1a1d1dc66e85', 31, 180, 37400.0, TRUE) ON CONFLICT DO NOTHING;
INSERT INTO tiers (plan_id, min_days, max_days, price_inr, is_active) VALUES ('38981050-f362-429d-a704-1a1d1dc66e85', 181, 365, 39100.0, TRUE) ON CONFLICT DO NOTHING;
INSERT INTO tiers (plan_id, min_days, max_days, price_inr, is_active) VALUES ('38981050-f362-429d-a704-1a1d1dc66e85', 366, 1095, 41100.0, TRUE) ON CONFLICT DO NOTHING;
INSERT INTO plans (id, variant_id, plan_name, duration_months, max_kms) VALUES ('d994bce1-f477-4fd3-a079-66c714bafcca', '7be53ab9-c5fd-4df9-a3c4-a80600e919db', '12 Months / Unlimited Kms', 12, NULL) ON CONFLICT DO NOTHING;
INSERT INTO tiers (plan_id, min_days, max_days, price_inr, is_active) VALUES ('d994bce1-f477-4fd3-a079-66c714bafcca', 0, 30, 22000.0, TRUE) ON CONFLICT DO NOTHING;
INSERT INTO tiers (plan_id, min_days, max_days, price_inr, is_active) VALUES ('d994bce1-f477-4fd3-a079-66c714bafcca', 31, 180, 24200.0, TRUE) ON CONFLICT DO NOTHING;
INSERT INTO tiers (plan_id, min_days, max_days, price_inr, is_active) VALUES ('d994bce1-f477-4fd3-a079-66c714bafcca', 181, 365, 25300.0, TRUE) ON CONFLICT DO NOTHING;
INSERT INTO tiers (plan_id, min_days, max_days, price_inr, is_active) VALUES ('d994bce1-f477-4fd3-a079-66c714bafcca', 366, 1095, 26600.0, TRUE) ON CONFLICT DO NOTHING;
INSERT INTO plans (id, variant_id, plan_name, duration_months, max_kms) VALUES ('ef6b8bec-f679-444c-b75e-be592797c67d', '7be53ab9-c5fd-4df9-a3c4-a80600e919db', '24 Months / Unlimited Kms', 24, NULL) ON CONFLICT DO NOTHING;
INSERT INTO tiers (plan_id, min_days, max_days, price_inr, is_active) VALUES ('ef6b8bec-f679-444c-b75e-be592797c67d', 0, 30, 38000.0, TRUE) ON CONFLICT DO NOTHING;
INSERT INTO tiers (plan_id, min_days, max_days, price_inr, is_active) VALUES ('ef6b8bec-f679-444c-b75e-be592797c67d', 31, 180, 41800.0, TRUE) ON CONFLICT DO NOTHING;
INSERT INTO tiers (plan_id, min_days, max_days, price_inr, is_active) VALUES ('ef6b8bec-f679-444c-b75e-be592797c67d', 181, 365, 43700.0, TRUE) ON CONFLICT DO NOTHING;
INSERT INTO tiers (plan_id, min_days, max_days, price_inr, is_active) VALUES ('ef6b8bec-f679-444c-b75e-be592797c67d', 366, 1095, 45900.0, TRUE) ON CONFLICT DO NOTHING;
INSERT INTO variants (id, model_id, name, fuel, transmission, oem_warranty_months, oem_warranty_kms) VALUES ('f329503a-c1bb-4e51-bda0-e611e30d20c1', '62f81207-f389-4ab7-8aeb-724899bcacbd', 'Hector Petrol', 'Petrol', 'N/A', 36, NULL) ON CONFLICT DO NOTHING;
INSERT INTO plans (id, variant_id, plan_name, duration_months, max_kms) VALUES ('7644de7a-f029-47df-a3eb-64e5cdd068db', 'f329503a-c1bb-4e51-bda0-e611e30d20c1', '12 Months / 100,000 Kms', 12, 100000) ON CONFLICT DO NOTHING;
INSERT INTO tiers (plan_id, min_days, max_days, price_inr, is_active) VALUES ('7644de7a-f029-47df-a3eb-64e5cdd068db', 0, 30, 17000.0, TRUE) ON CONFLICT DO NOTHING;
INSERT INTO tiers (plan_id, min_days, max_days, price_inr, is_active) VALUES ('7644de7a-f029-47df-a3eb-64e5cdd068db', 31, 180, 18700.0, TRUE) ON CONFLICT DO NOTHING;
INSERT INTO tiers (plan_id, min_days, max_days, price_inr, is_active) VALUES ('7644de7a-f029-47df-a3eb-64e5cdd068db', 181, 365, 19600.0, TRUE) ON CONFLICT DO NOTHING;
INSERT INTO tiers (plan_id, min_days, max_days, price_inr, is_active) VALUES ('7644de7a-f029-47df-a3eb-64e5cdd068db', 366, 1095, 20600.0, TRUE) ON CONFLICT DO NOTHING;
INSERT INTO plans (id, variant_id, plan_name, duration_months, max_kms) VALUES ('2a778873-9dfc-40ed-9ff7-9bfec27254f1', 'f329503a-c1bb-4e51-bda0-e611e30d20c1', '24 Months / 100,000 Kms', 24, 100000) ON CONFLICT DO NOTHING;
INSERT INTO tiers (plan_id, min_days, max_days, price_inr, is_active) VALUES ('2a778873-9dfc-40ed-9ff7-9bfec27254f1', 0, 30, 30000.0, TRUE) ON CONFLICT DO NOTHING;
INSERT INTO tiers (plan_id, min_days, max_days, price_inr, is_active) VALUES ('2a778873-9dfc-40ed-9ff7-9bfec27254f1', 31, 180, 33000.0, TRUE) ON CONFLICT DO NOTHING;
INSERT INTO tiers (plan_id, min_days, max_days, price_inr, is_active) VALUES ('2a778873-9dfc-40ed-9ff7-9bfec27254f1', 181, 365, 34500.0, TRUE) ON CONFLICT DO NOTHING;
INSERT INTO tiers (plan_id, min_days, max_days, price_inr, is_active) VALUES ('2a778873-9dfc-40ed-9ff7-9bfec27254f1', 366, 1095, 36300.0, TRUE) ON CONFLICT DO NOTHING;
INSERT INTO plans (id, variant_id, plan_name, duration_months, max_kms) VALUES ('f9740ef9-d325-45d6-96e4-b00beb002bd6', 'f329503a-c1bb-4e51-bda0-e611e30d20c1', '12 Months / Unlimited Kms', 12, NULL) ON CONFLICT DO NOTHING;
INSERT INTO tiers (plan_id, min_days, max_days, price_inr, is_active) VALUES ('f9740ef9-d325-45d6-96e4-b00beb002bd6', 0, 30, 21000.0, TRUE) ON CONFLICT DO NOTHING;
INSERT INTO tiers (plan_id, min_days, max_days, price_inr, is_active) VALUES ('f9740ef9-d325-45d6-96e4-b00beb002bd6', 31, 180, 23100.0, TRUE) ON CONFLICT DO NOTHING;
INSERT INTO tiers (plan_id, min_days, max_days, price_inr, is_active) VALUES ('f9740ef9-d325-45d6-96e4-b00beb002bd6', 181, 365, 24200.0, TRUE) ON CONFLICT DO NOTHING;
INSERT INTO tiers (plan_id, min_days, max_days, price_inr, is_active) VALUES ('f9740ef9-d325-45d6-96e4-b00beb002bd6', 366, 1095, 25500.0, TRUE) ON CONFLICT DO NOTHING;
INSERT INTO plans (id, variant_id, plan_name, duration_months, max_kms) VALUES ('e808232b-9392-4eaf-957e-fb89f3c3b60c', 'f329503a-c1bb-4e51-bda0-e611e30d20c1', '24 Months / Unlimited Kms', 24, NULL) ON CONFLICT DO NOTHING;
INSERT INTO tiers (plan_id, min_days, max_days, price_inr, is_active) VALUES ('e808232b-9392-4eaf-957e-fb89f3c3b60c', 0, 30, 34000.0, TRUE) ON CONFLICT DO NOTHING;
INSERT INTO tiers (plan_id, min_days, max_days, price_inr, is_active) VALUES ('e808232b-9392-4eaf-957e-fb89f3c3b60c', 31, 180, 37400.0, TRUE) ON CONFLICT DO NOTHING;
INSERT INTO tiers (plan_id, min_days, max_days, price_inr, is_active) VALUES ('e808232b-9392-4eaf-957e-fb89f3c3b60c', 181, 365, 39100.0, TRUE) ON CONFLICT DO NOTHING;
INSERT INTO tiers (plan_id, min_days, max_days, price_inr, is_active) VALUES ('e808232b-9392-4eaf-957e-fb89f3c3b60c', 366, 1095, 41100.0, TRUE) ON CONFLICT DO NOTHING;
INSERT INTO models (id, brand_id, name) VALUES ('2a8a56ab-8aa6-4d6f-b2ea-02426ef7cb22', '62658e95-712a-45b9-886b-51e05053eaa2', 'Astor-Manual/CVT') ON CONFLICT DO NOTHING;
INSERT INTO variants (id, model_id, name, fuel, transmission, oem_warranty_months, oem_warranty_kms) VALUES ('0182f003-234f-4a67-8f3e-8b64b0066cd5', '2a8a56ab-8aa6-4d6f-b2ea-02426ef7cb22', 'Astor-Manual/CVT Petrol', 'Petrol', 'N/A', 36, NULL) ON CONFLICT DO NOTHING;
INSERT INTO plans (id, variant_id, plan_name, duration_months, max_kms) VALUES ('798d0b90-5edc-4a9b-969b-a51c3a387b5e', '0182f003-234f-4a67-8f3e-8b64b0066cd5', '12 Months / 100,000 Kms', 12, 100000) ON CONFLICT DO NOTHING;
INSERT INTO tiers (plan_id, min_days, max_days, price_inr, is_active) VALUES ('798d0b90-5edc-4a9b-969b-a51c3a387b5e', 0, 30, 13000.0, TRUE) ON CONFLICT DO NOTHING;
INSERT INTO tiers (plan_id, min_days, max_days, price_inr, is_active) VALUES ('798d0b90-5edc-4a9b-969b-a51c3a387b5e', 31, 180, 14300.0, TRUE) ON CONFLICT DO NOTHING;
INSERT INTO tiers (plan_id, min_days, max_days, price_inr, is_active) VALUES ('798d0b90-5edc-4a9b-969b-a51c3a387b5e', 181, 365, 15000.0, TRUE) ON CONFLICT DO NOTHING;
INSERT INTO tiers (plan_id, min_days, max_days, price_inr, is_active) VALUES ('798d0b90-5edc-4a9b-969b-a51c3a387b5e', 366, 1095, 15800.0, TRUE) ON CONFLICT DO NOTHING;
INSERT INTO plans (id, variant_id, plan_name, duration_months, max_kms) VALUES ('cbc787c4-9bf7-4f88-a70b-f6a092ee6d30', '0182f003-234f-4a67-8f3e-8b64b0066cd5', '24 Months / 100,000 Kms', 24, 100000) ON CONFLICT DO NOTHING;
INSERT INTO tiers (plan_id, min_days, max_days, price_inr, is_active) VALUES ('cbc787c4-9bf7-4f88-a70b-f6a092ee6d30', 0, 30, 18500.0, TRUE) ON CONFLICT DO NOTHING;
INSERT INTO tiers (plan_id, min_days, max_days, price_inr, is_active) VALUES ('cbc787c4-9bf7-4f88-a70b-f6a092ee6d30', 31, 180, 20400.0, TRUE) ON CONFLICT DO NOTHING;
INSERT INTO tiers (plan_id, min_days, max_days, price_inr, is_active) VALUES ('cbc787c4-9bf7-4f88-a70b-f6a092ee6d30', 181, 365, 21300.0, TRUE) ON CONFLICT DO NOTHING;
INSERT INTO tiers (plan_id, min_days, max_days, price_inr, is_active) VALUES ('cbc787c4-9bf7-4f88-a70b-f6a092ee6d30', 366, 1095, 22400.0, TRUE) ON CONFLICT DO NOTHING;
INSERT INTO plans (id, variant_id, plan_name, duration_months, max_kms) VALUES ('7352ac9c-d53b-48f9-a439-3217ba64bac3', '0182f003-234f-4a67-8f3e-8b64b0066cd5', '12 Months / Unlimited Kms', 12, NULL) ON CONFLICT DO NOTHING;
INSERT INTO tiers (plan_id, min_days, max_days, price_inr, is_active) VALUES ('7352ac9c-d53b-48f9-a439-3217ba64bac3', 0, 30, 17000.0, TRUE) ON CONFLICT DO NOTHING;
INSERT INTO tiers (plan_id, min_days, max_days, price_inr, is_active) VALUES ('7352ac9c-d53b-48f9-a439-3217ba64bac3', 31, 180, 18700.0, TRUE) ON CONFLICT DO NOTHING;
INSERT INTO tiers (plan_id, min_days, max_days, price_inr, is_active) VALUES ('7352ac9c-d53b-48f9-a439-3217ba64bac3', 181, 365, 19600.0, TRUE) ON CONFLICT DO NOTHING;
INSERT INTO tiers (plan_id, min_days, max_days, price_inr, is_active) VALUES ('7352ac9c-d53b-48f9-a439-3217ba64bac3', 366, 1095, 20600.0, TRUE) ON CONFLICT DO NOTHING;
INSERT INTO plans (id, variant_id, plan_name, duration_months, max_kms) VALUES ('b2c44640-04de-4d2f-8ab4-aef175ea5490', '0182f003-234f-4a67-8f3e-8b64b0066cd5', '24 Months / Unlimited Kms', 24, NULL) ON CONFLICT DO NOTHING;
INSERT INTO tiers (plan_id, min_days, max_days, price_inr, is_active) VALUES ('b2c44640-04de-4d2f-8ab4-aef175ea5490', 0, 30, 22500.0, TRUE) ON CONFLICT DO NOTHING;
INSERT INTO tiers (plan_id, min_days, max_days, price_inr, is_active) VALUES ('b2c44640-04de-4d2f-8ab4-aef175ea5490', 31, 180, 24800.0, TRUE) ON CONFLICT DO NOTHING;
INSERT INTO tiers (plan_id, min_days, max_days, price_inr, is_active) VALUES ('b2c44640-04de-4d2f-8ab4-aef175ea5490', 181, 365, 25900.0, TRUE) ON CONFLICT DO NOTHING;
INSERT INTO tiers (plan_id, min_days, max_days, price_inr, is_active) VALUES ('b2c44640-04de-4d2f-8ab4-aef175ea5490', 366, 1095, 27200.0, TRUE) ON CONFLICT DO NOTHING;
INSERT INTO models (id, brand_id, name) VALUES ('fa27d519-d3da-4614-8568-c417cfc35d25', '62658e95-712a-45b9-886b-51e05053eaa2', 'Astor-Automatic') ON CONFLICT DO NOTHING;
INSERT INTO variants (id, model_id, name, fuel, transmission, oem_warranty_months, oem_warranty_kms) VALUES ('c705ceae-5f4d-4a92-8f91-547f88e89475', 'fa27d519-d3da-4614-8568-c417cfc35d25', 'Astor-Automatic Petrol', 'Petrol', 'N/A', 36, NULL) ON CONFLICT DO NOTHING;
INSERT INTO plans (id, variant_id, plan_name, duration_months, max_kms) VALUES ('eb786ff9-5549-4da1-b5ce-5dce88f99507', 'c705ceae-5f4d-4a92-8f91-547f88e89475', '12 Months / 100,000 Kms', 12, 100000) ON CONFLICT DO NOTHING;
INSERT INTO tiers (plan_id, min_days, max_days, price_inr, is_active) VALUES ('eb786ff9-5549-4da1-b5ce-5dce88f99507', 0, 30, 14000.0, TRUE) ON CONFLICT DO NOTHING;
INSERT INTO tiers (plan_id, min_days, max_days, price_inr, is_active) VALUES ('eb786ff9-5549-4da1-b5ce-5dce88f99507', 31, 180, 15400.0, TRUE) ON CONFLICT DO NOTHING;
INSERT INTO tiers (plan_id, min_days, max_days, price_inr, is_active) VALUES ('eb786ff9-5549-4da1-b5ce-5dce88f99507', 181, 365, 16100.0, TRUE) ON CONFLICT DO NOTHING;
INSERT INTO tiers (plan_id, min_days, max_days, price_inr, is_active) VALUES ('eb786ff9-5549-4da1-b5ce-5dce88f99507', 366, 1095, 17000.0, TRUE) ON CONFLICT DO NOTHING;
INSERT INTO plans (id, variant_id, plan_name, duration_months, max_kms) VALUES ('96c842ea-66fc-4f22-aa6c-2ddbc82efd03', 'c705ceae-5f4d-4a92-8f91-547f88e89475', '24 Months / 100,000 Kms', 24, 100000) ON CONFLICT DO NOTHING;
INSERT INTO tiers (plan_id, min_days, max_days, price_inr, is_active) VALUES ('96c842ea-66fc-4f22-aa6c-2ddbc82efd03', 0, 30, 19000.0, TRUE) ON CONFLICT DO NOTHING;
INSERT INTO tiers (plan_id, min_days, max_days, price_inr, is_active) VALUES ('96c842ea-66fc-4f22-aa6c-2ddbc82efd03', 31, 180, 20900.0, TRUE) ON CONFLICT DO NOTHING;
INSERT INTO tiers (plan_id, min_days, max_days, price_inr, is_active) VALUES ('96c842ea-66fc-4f22-aa6c-2ddbc82efd03', 181, 365, 21900.0, TRUE) ON CONFLICT DO NOTHING;
INSERT INTO tiers (plan_id, min_days, max_days, price_inr, is_active) VALUES ('96c842ea-66fc-4f22-aa6c-2ddbc82efd03', 366, 1095, 23000.0, TRUE) ON CONFLICT DO NOTHING;
INSERT INTO plans (id, variant_id, plan_name, duration_months, max_kms) VALUES ('839cadd7-b9db-48bc-9234-c55e0999c631', 'c705ceae-5f4d-4a92-8f91-547f88e89475', '12 Months / Unlimited Kms', 12, NULL) ON CONFLICT DO NOTHING;
INSERT INTO tiers (plan_id, min_days, max_days, price_inr, is_active) VALUES ('839cadd7-b9db-48bc-9234-c55e0999c631', 0, 30, 18000.0, TRUE) ON CONFLICT DO NOTHING;
INSERT INTO tiers (plan_id, min_days, max_days, price_inr, is_active) VALUES ('839cadd7-b9db-48bc-9234-c55e0999c631', 31, 180, 19800.0, TRUE) ON CONFLICT DO NOTHING;
INSERT INTO tiers (plan_id, min_days, max_days, price_inr, is_active) VALUES ('839cadd7-b9db-48bc-9234-c55e0999c631', 181, 365, 20700.0, TRUE) ON CONFLICT DO NOTHING;
INSERT INTO tiers (plan_id, min_days, max_days, price_inr, is_active) VALUES ('839cadd7-b9db-48bc-9234-c55e0999c631', 366, 1095, 21800.0, TRUE) ON CONFLICT DO NOTHING;
INSERT INTO plans (id, variant_id, plan_name, duration_months, max_kms) VALUES ('205e47df-e92b-49d0-a33d-41ad7d51eb4c', 'c705ceae-5f4d-4a92-8f91-547f88e89475', '24 Months / Unlimited Kms', 24, NULL) ON CONFLICT DO NOTHING;
INSERT INTO tiers (plan_id, min_days, max_days, price_inr, is_active) VALUES ('205e47df-e92b-49d0-a33d-41ad7d51eb4c', 0, 30, 22500.0, TRUE) ON CONFLICT DO NOTHING;
INSERT INTO tiers (plan_id, min_days, max_days, price_inr, is_active) VALUES ('205e47df-e92b-49d0-a33d-41ad7d51eb4c', 31, 180, 24800.0, TRUE) ON CONFLICT DO NOTHING;
INSERT INTO tiers (plan_id, min_days, max_days, price_inr, is_active) VALUES ('205e47df-e92b-49d0-a33d-41ad7d51eb4c', 181, 365, 25900.0, TRUE) ON CONFLICT DO NOTHING;
INSERT INTO tiers (plan_id, min_days, max_days, price_inr, is_active) VALUES ('205e47df-e92b-49d0-a33d-41ad7d51eb4c', 366, 1095, 27200.0, TRUE) ON CONFLICT DO NOTHING;
INSERT INTO models (id, brand_id, name) VALUES ('d7ae9ee2-e458-4dda-93c6-5fef6660ad6d', '62658e95-712a-45b9-886b-51e05053eaa2', 'Gloster') ON CONFLICT DO NOTHING;
INSERT INTO variants (id, model_id, name, fuel, transmission, oem_warranty_months, oem_warranty_kms) VALUES ('ca5fd9a7-d492-449f-9fb4-e167d709a23c', 'd7ae9ee2-e458-4dda-93c6-5fef6660ad6d', 'Gloster Diesel', 'Diesel', 'N/A', 36, NULL) ON CONFLICT DO NOTHING;
INSERT INTO plans (id, variant_id, plan_name, duration_months, max_kms) VALUES ('a2bc22b8-e6f6-49fe-8305-f157f787491b', 'ca5fd9a7-d492-449f-9fb4-e167d709a23c', '12 Months / 100,000 Kms', 12, 100000) ON CONFLICT DO NOTHING;
INSERT INTO tiers (plan_id, min_days, max_days, price_inr, is_active) VALUES ('a2bc22b8-e6f6-49fe-8305-f157f787491b', 0, 30, 42000.0, TRUE) ON CONFLICT DO NOTHING;
INSERT INTO tiers (plan_id, min_days, max_days, price_inr, is_active) VALUES ('a2bc22b8-e6f6-49fe-8305-f157f787491b', 31, 180, 46200.0, TRUE) ON CONFLICT DO NOTHING;
INSERT INTO tiers (plan_id, min_days, max_days, price_inr, is_active) VALUES ('a2bc22b8-e6f6-49fe-8305-f157f787491b', 181, 365, 48300.0, TRUE) ON CONFLICT DO NOTHING;
INSERT INTO tiers (plan_id, min_days, max_days, price_inr, is_active) VALUES ('a2bc22b8-e6f6-49fe-8305-f157f787491b', 366, 1095, 50800.0, TRUE) ON CONFLICT DO NOTHING;
INSERT INTO plans (id, variant_id, plan_name, duration_months, max_kms) VALUES ('53069f3e-a285-4ac9-a1e4-be9105cf1e66', 'ca5fd9a7-d492-449f-9fb4-e167d709a23c', '24 Months / 100,000 Kms', 24, 100000) ON CONFLICT DO NOTHING;
INSERT INTO tiers (plan_id, min_days, max_days, price_inr, is_active) VALUES ('53069f3e-a285-4ac9-a1e4-be9105cf1e66', 0, 30, 81000.0, TRUE) ON CONFLICT DO NOTHING;
INSERT INTO tiers (plan_id, min_days, max_days, price_inr, is_active) VALUES ('53069f3e-a285-4ac9-a1e4-be9105cf1e66', 31, 180, 89100.0, TRUE) ON CONFLICT DO NOTHING;
INSERT INTO tiers (plan_id, min_days, max_days, price_inr, is_active) VALUES ('53069f3e-a285-4ac9-a1e4-be9105cf1e66', 181, 365, 93200.0, TRUE) ON CONFLICT DO NOTHING;
INSERT INTO tiers (plan_id, min_days, max_days, price_inr, is_active) VALUES ('53069f3e-a285-4ac9-a1e4-be9105cf1e66', 366, 1095, 97900.0, TRUE) ON CONFLICT DO NOTHING;
INSERT INTO models (id, brand_id, name) VALUES ('b4517881-e21c-4982-94fa-5dd9ee71fcc2', '62658e95-712a-45b9-886b-51e05053eaa2', 'Comet EV') ON CONFLICT DO NOTHING;
INSERT INTO variants (id, model_id, name, fuel, transmission, oem_warranty_months, oem_warranty_kms) VALUES ('a9d7d695-7a6a-48bc-ab12-0d302d743a8f', 'b4517881-e21c-4982-94fa-5dd9ee71fcc2', 'Comet EV EV', 'EV', 'N/A', 36, 100000) ON CONFLICT DO NOTHING;
INSERT INTO plans (id, variant_id, plan_name, duration_months, max_kms) VALUES ('1026d34a-61df-46f0-b0df-f4b849106d68', 'a9d7d695-7a6a-48bc-ab12-0d302d743a8f', '12 Months / 100,000 Kms', 12, 100000) ON CONFLICT DO NOTHING;
INSERT INTO tiers (plan_id, min_days, max_days, price_inr, is_active) VALUES ('1026d34a-61df-46f0-b0df-f4b849106d68', 0, 30, 17000.0, TRUE) ON CONFLICT DO NOTHING;
INSERT INTO tiers (plan_id, min_days, max_days, price_inr, is_active) VALUES ('1026d34a-61df-46f0-b0df-f4b849106d68', 31, 180, 18700.0, TRUE) ON CONFLICT DO NOTHING;
INSERT INTO tiers (plan_id, min_days, max_days, price_inr, is_active) VALUES ('1026d34a-61df-46f0-b0df-f4b849106d68', 181, 365, 19600.0, TRUE) ON CONFLICT DO NOTHING;
INSERT INTO tiers (plan_id, min_days, max_days, price_inr, is_active) VALUES ('1026d34a-61df-46f0-b0df-f4b849106d68', 366, 1095, 20600.0, TRUE) ON CONFLICT DO NOTHING;
INSERT INTO plans (id, variant_id, plan_name, duration_months, max_kms) VALUES ('e378e38a-abc5-445f-a1a4-5d2b280ed398', 'a9d7d695-7a6a-48bc-ab12-0d302d743a8f', '24 Months / 100,000 Kms', 24, 100000) ON CONFLICT DO NOTHING;
INSERT INTO tiers (plan_id, min_days, max_days, price_inr, is_active) VALUES ('e378e38a-abc5-445f-a1a4-5d2b280ed398', 0, 30, 33000.0, TRUE) ON CONFLICT DO NOTHING;
INSERT INTO tiers (plan_id, min_days, max_days, price_inr, is_active) VALUES ('e378e38a-abc5-445f-a1a4-5d2b280ed398', 31, 180, 36300.0, TRUE) ON CONFLICT DO NOTHING;
INSERT INTO tiers (plan_id, min_days, max_days, price_inr, is_active) VALUES ('e378e38a-abc5-445f-a1a4-5d2b280ed398', 181, 365, 38000.0, TRUE) ON CONFLICT DO NOTHING;
INSERT INTO tiers (plan_id, min_days, max_days, price_inr, is_active) VALUES ('e378e38a-abc5-445f-a1a4-5d2b280ed398', 366, 1095, 39900.0, TRUE) ON CONFLICT DO NOTHING;
INSERT INTO plans (id, variant_id, plan_name, duration_months, max_kms) VALUES ('3733c583-1bf9-414a-9f1b-74db85c2c4c1', 'a9d7d695-7a6a-48bc-ab12-0d302d743a8f', '12 Months / Unlimited Kms', 12, NULL) ON CONFLICT DO NOTHING;
INSERT INTO tiers (plan_id, min_days, max_days, price_inr, is_active) VALUES ('3733c583-1bf9-414a-9f1b-74db85c2c4c1', 0, 30, 19000.0, TRUE) ON CONFLICT DO NOTHING;
INSERT INTO tiers (plan_id, min_days, max_days, price_inr, is_active) VALUES ('3733c583-1bf9-414a-9f1b-74db85c2c4c1', 31, 180, 20900.0, TRUE) ON CONFLICT DO NOTHING;
INSERT INTO tiers (plan_id, min_days, max_days, price_inr, is_active) VALUES ('3733c583-1bf9-414a-9f1b-74db85c2c4c1', 181, 365, 21900.0, TRUE) ON CONFLICT DO NOTHING;
INSERT INTO tiers (plan_id, min_days, max_days, price_inr, is_active) VALUES ('3733c583-1bf9-414a-9f1b-74db85c2c4c1', 366, 1095, 23000.0, TRUE) ON CONFLICT DO NOTHING;
INSERT INTO plans (id, variant_id, plan_name, duration_months, max_kms) VALUES ('622323a6-32bc-47c5-a4f3-b961e90b2fd2', 'a9d7d695-7a6a-48bc-ab12-0d302d743a8f', '24 Months / Unlimited Kms', 24, NULL) ON CONFLICT DO NOTHING;
INSERT INTO tiers (plan_id, min_days, max_days, price_inr, is_active) VALUES ('622323a6-32bc-47c5-a4f3-b961e90b2fd2', 0, 30, 36000.0, TRUE) ON CONFLICT DO NOTHING;
INSERT INTO tiers (plan_id, min_days, max_days, price_inr, is_active) VALUES ('622323a6-32bc-47c5-a4f3-b961e90b2fd2', 31, 180, 39600.0, TRUE) ON CONFLICT DO NOTHING;
INSERT INTO tiers (plan_id, min_days, max_days, price_inr, is_active) VALUES ('622323a6-32bc-47c5-a4f3-b961e90b2fd2', 181, 365, 41400.0, TRUE) ON CONFLICT DO NOTHING;
INSERT INTO tiers (plan_id, min_days, max_days, price_inr, is_active) VALUES ('622323a6-32bc-47c5-a4f3-b961e90b2fd2', 366, 1095, 43500.0, TRUE) ON CONFLICT DO NOTHING;
INSERT INTO models (id, brand_id, name) VALUES ('c431fdbb-c680-4f95-93dd-52ca153e603c', '62658e95-712a-45b9-886b-51e05053eaa2', 'ZSEV') ON CONFLICT DO NOTHING;
INSERT INTO variants (id, model_id, name, fuel, transmission, oem_warranty_months, oem_warranty_kms) VALUES ('b7bc101f-a2db-4aad-9255-4003d05d05a9', 'c431fdbb-c680-4f95-93dd-52ca153e603c', 'ZSEV EV', 'EV', 'N/A', 36, 100000) ON CONFLICT DO NOTHING;
INSERT INTO plans (id, variant_id, plan_name, duration_months, max_kms) VALUES ('bf82c36a-3ea5-41b6-923e-60bd3372db90', 'b7bc101f-a2db-4aad-9255-4003d05d05a9', '12 Months / 100,000 Kms', 12, 100000) ON CONFLICT DO NOTHING;
INSERT INTO tiers (plan_id, min_days, max_days, price_inr, is_active) VALUES ('bf82c36a-3ea5-41b6-923e-60bd3372db90', 0, 30, 26000.0, TRUE) ON CONFLICT DO NOTHING;
INSERT INTO tiers (plan_id, min_days, max_days, price_inr, is_active) VALUES ('bf82c36a-3ea5-41b6-923e-60bd3372db90', 31, 180, 28600.0, TRUE) ON CONFLICT DO NOTHING;
INSERT INTO tiers (plan_id, min_days, max_days, price_inr, is_active) VALUES ('bf82c36a-3ea5-41b6-923e-60bd3372db90', 181, 365, 29900.0, TRUE) ON CONFLICT DO NOTHING;
INSERT INTO tiers (plan_id, min_days, max_days, price_inr, is_active) VALUES ('bf82c36a-3ea5-41b6-923e-60bd3372db90', 366, 1095, 31400.0, TRUE) ON CONFLICT DO NOTHING;
INSERT INTO plans (id, variant_id, plan_name, duration_months, max_kms) VALUES ('f7f4dd4d-270b-42ce-8022-1a753939f014', 'b7bc101f-a2db-4aad-9255-4003d05d05a9', '24 Months / 100,000 Kms', 24, 100000) ON CONFLICT DO NOTHING;
INSERT INTO tiers (plan_id, min_days, max_days, price_inr, is_active) VALUES ('f7f4dd4d-270b-42ce-8022-1a753939f014', 0, 30, 46500.0, TRUE) ON CONFLICT DO NOTHING;
INSERT INTO tiers (plan_id, min_days, max_days, price_inr, is_active) VALUES ('f7f4dd4d-270b-42ce-8022-1a753939f014', 31, 180, 51200.0, TRUE) ON CONFLICT DO NOTHING;
INSERT INTO tiers (plan_id, min_days, max_days, price_inr, is_active) VALUES ('f7f4dd4d-270b-42ce-8022-1a753939f014', 181, 365, 53500.0, TRUE) ON CONFLICT DO NOTHING;
INSERT INTO tiers (plan_id, min_days, max_days, price_inr, is_active) VALUES ('f7f4dd4d-270b-42ce-8022-1a753939f014', 366, 1095, 56200.0, TRUE) ON CONFLICT DO NOTHING;
INSERT INTO brands (id, name) VALUES ('3c1b7e13-47d8-411b-966b-1cfc4e04a1be', 'Volkswagen') ON CONFLICT DO NOTHING;
INSERT INTO models (id, brand_id, name) VALUES ('0c84a019-fe89-4e59-a43a-2b2b3aaf527f', '3c1b7e13-47d8-411b-966b-1cfc4e04a1be', 'Polo') ON CONFLICT DO NOTHING;
INSERT INTO variants (id, model_id, name, fuel, transmission, oem_warranty_months, oem_warranty_kms) VALUES ('474d1a00-4e0e-4e82-8069-ebbfe07d0404', '0c84a019-fe89-4e59-a43a-2b2b3aaf527f', 'Polo Petrol', 'Petrol', 'N/A', 48, 100000) ON CONFLICT DO NOTHING;
INSERT INTO plans (id, variant_id, plan_name, duration_months, max_kms) VALUES ('9991767b-53b0-45bb-969f-3d3fb3fa91f2', '474d1a00-4e0e-4e82-8069-ebbfe07d0404', '5th Year / 100,000 Kms', 12, 100000) ON CONFLICT DO NOTHING;
INSERT INTO tiers (plan_id, min_days, max_days, price_inr, is_active) VALUES ('9991767b-53b0-45bb-969f-3d3fb3fa91f2', 0, 365, 11499.0, TRUE) ON CONFLICT DO NOTHING;
INSERT INTO tiers (plan_id, min_days, max_days, price_inr, is_active) VALUES ('9991767b-53b0-45bb-969f-3d3fb3fa91f2', 366, 1430, 13999.0, TRUE) ON CONFLICT DO NOTHING;
INSERT INTO plans (id, variant_id, plan_name, duration_months, max_kms) VALUES ('38344567-ec1a-4e8d-8400-fab3fabaa348', '474d1a00-4e0e-4e82-8069-ebbfe07d0404', '5th & 6th Year / 150,000 Kms', 24, 150000) ON CONFLICT DO NOTHING;
INSERT INTO tiers (plan_id, min_days, max_days, price_inr, is_active) VALUES ('38344567-ec1a-4e8d-8400-fab3fabaa348', 0, 365, 20699.0, TRUE) ON CONFLICT DO NOTHING;
INSERT INTO tiers (plan_id, min_days, max_days, price_inr, is_active) VALUES ('38344567-ec1a-4e8d-8400-fab3fabaa348', 366, 1430, 21999.0, TRUE) ON CONFLICT DO NOTHING;
INSERT INTO variants (id, model_id, name, fuel, transmission, oem_warranty_months, oem_warranty_kms) VALUES ('aceb8d94-1a53-4b9e-9ead-7ca01dbd36b2', '0c84a019-fe89-4e59-a43a-2b2b3aaf527f', 'Polo Diesel', 'Diesel', 'N/A', 48, 100000) ON CONFLICT DO NOTHING;
INSERT INTO plans (id, variant_id, plan_name, duration_months, max_kms) VALUES ('e6730b12-3be4-46c3-bf06-24df83de4eb4', 'aceb8d94-1a53-4b9e-9ead-7ca01dbd36b2', '5th Year / 100,000 Kms', 12, 100000) ON CONFLICT DO NOTHING;
INSERT INTO tiers (plan_id, min_days, max_days, price_inr, is_active) VALUES ('e6730b12-3be4-46c3-bf06-24df83de4eb4', 0, 365, 11499.0, TRUE) ON CONFLICT DO NOTHING;
INSERT INTO tiers (plan_id, min_days, max_days, price_inr, is_active) VALUES ('e6730b12-3be4-46c3-bf06-24df83de4eb4', 366, 1430, 13999.0, TRUE) ON CONFLICT DO NOTHING;
INSERT INTO plans (id, variant_id, plan_name, duration_months, max_kms) VALUES ('c6ec74e0-eaeb-46c4-9123-d1c7e18795af', 'aceb8d94-1a53-4b9e-9ead-7ca01dbd36b2', '5th & 6th Year / 150,000 Kms', 24, 150000) ON CONFLICT DO NOTHING;
INSERT INTO tiers (plan_id, min_days, max_days, price_inr, is_active) VALUES ('c6ec74e0-eaeb-46c4-9123-d1c7e18795af', 0, 365, 20699.0, TRUE) ON CONFLICT DO NOTHING;
INSERT INTO tiers (plan_id, min_days, max_days, price_inr, is_active) VALUES ('c6ec74e0-eaeb-46c4-9123-d1c7e18795af', 366, 1430, 21999.0, TRUE) ON CONFLICT DO NOTHING;
INSERT INTO models (id, brand_id, name) VALUES ('90585563-ae0b-4eb1-be7e-4514a775c248', '3c1b7e13-47d8-411b-966b-1cfc4e04a1be', 'Vento') ON CONFLICT DO NOTHING;
INSERT INTO variants (id, model_id, name, fuel, transmission, oem_warranty_months, oem_warranty_kms) VALUES ('c4b28522-552e-4570-b7be-4d2fd694c5eb', '90585563-ae0b-4eb1-be7e-4514a775c248', 'Vento Petrol', 'Petrol', 'N/A', 48, 100000) ON CONFLICT DO NOTHING;
INSERT INTO plans (id, variant_id, plan_name, duration_months, max_kms) VALUES ('043e9684-6850-457e-b33e-fd57da2c6143', 'c4b28522-552e-4570-b7be-4d2fd694c5eb', '5th Year / 100,000 Kms', 12, 100000) ON CONFLICT DO NOTHING;
INSERT INTO tiers (plan_id, min_days, max_days, price_inr, is_active) VALUES ('043e9684-6850-457e-b33e-fd57da2c6143', 0, 365, 11499.0, TRUE) ON CONFLICT DO NOTHING;
INSERT INTO tiers (plan_id, min_days, max_days, price_inr, is_active) VALUES ('043e9684-6850-457e-b33e-fd57da2c6143', 366, 1430, 13999.0, TRUE) ON CONFLICT DO NOTHING;
INSERT INTO plans (id, variant_id, plan_name, duration_months, max_kms) VALUES ('bef1c2a7-1598-4595-ad40-96ef5944aa45', 'c4b28522-552e-4570-b7be-4d2fd694c5eb', '5th & 6th Year / 150,000 Kms', 24, 150000) ON CONFLICT DO NOTHING;
INSERT INTO tiers (plan_id, min_days, max_days, price_inr, is_active) VALUES ('bef1c2a7-1598-4595-ad40-96ef5944aa45', 0, 365, 20699.0, TRUE) ON CONFLICT DO NOTHING;
INSERT INTO tiers (plan_id, min_days, max_days, price_inr, is_active) VALUES ('bef1c2a7-1598-4595-ad40-96ef5944aa45', 366, 1430, 21999.0, TRUE) ON CONFLICT DO NOTHING;
INSERT INTO variants (id, model_id, name, fuel, transmission, oem_warranty_months, oem_warranty_kms) VALUES ('6c068589-ed45-487d-b4c7-e9ee9ca5c4db', '90585563-ae0b-4eb1-be7e-4514a775c248', 'Vento Diesel', 'Diesel', 'N/A', 48, 100000) ON CONFLICT DO NOTHING;
INSERT INTO plans (id, variant_id, plan_name, duration_months, max_kms) VALUES ('2c5406d2-3fa3-48fd-b3f9-0c7e1e0a3d86', '6c068589-ed45-487d-b4c7-e9ee9ca5c4db', '5th Year / 100,000 Kms', 12, 100000) ON CONFLICT DO NOTHING;
INSERT INTO tiers (plan_id, min_days, max_days, price_inr, is_active) VALUES ('2c5406d2-3fa3-48fd-b3f9-0c7e1e0a3d86', 0, 365, 11499.0, TRUE) ON CONFLICT DO NOTHING;
INSERT INTO tiers (plan_id, min_days, max_days, price_inr, is_active) VALUES ('2c5406d2-3fa3-48fd-b3f9-0c7e1e0a3d86', 366, 1430, 13999.0, TRUE) ON CONFLICT DO NOTHING;
INSERT INTO plans (id, variant_id, plan_name, duration_months, max_kms) VALUES ('72ea7d46-dab7-4ac0-a96b-f42a407834b8', '6c068589-ed45-487d-b4c7-e9ee9ca5c4db', '5th & 6th Year / 150,000 Kms', 24, 150000) ON CONFLICT DO NOTHING;
INSERT INTO tiers (plan_id, min_days, max_days, price_inr, is_active) VALUES ('72ea7d46-dab7-4ac0-a96b-f42a407834b8', 0, 365, 20699.0, TRUE) ON CONFLICT DO NOTHING;
INSERT INTO tiers (plan_id, min_days, max_days, price_inr, is_active) VALUES ('72ea7d46-dab7-4ac0-a96b-f42a407834b8', 366, 1430, 21999.0, TRUE) ON CONFLICT DO NOTHING;
INSERT INTO models (id, brand_id, name) VALUES ('3d0de972-80e1-475c-96f2-de3adb7be69d', '3c1b7e13-47d8-411b-966b-1cfc4e04a1be', 'T-Roc') ON CONFLICT DO NOTHING;
INSERT INTO variants (id, model_id, name, fuel, transmission, oem_warranty_months, oem_warranty_kms) VALUES ('c0806503-47a9-46f0-9648-bbb74423cfaa', '3d0de972-80e1-475c-96f2-de3adb7be69d', 'T-Roc Petrol', 'Petrol', 'N/A', 48, 100000) ON CONFLICT DO NOTHING;
INSERT INTO plans (id, variant_id, plan_name, duration_months, max_kms) VALUES ('2f05674b-5849-44cc-816c-0a796d308829', 'c0806503-47a9-46f0-9648-bbb74423cfaa', '5th Year / 100,000 Kms', 12, 100000) ON CONFLICT DO NOTHING;
INSERT INTO tiers (plan_id, min_days, max_days, price_inr, is_active) VALUES ('2f05674b-5849-44cc-816c-0a796d308829', 0, 365, 34999.0, TRUE) ON CONFLICT DO NOTHING;
INSERT INTO tiers (plan_id, min_days, max_days, price_inr, is_active) VALUES ('2f05674b-5849-44cc-816c-0a796d308829', 366, 1430, 45499.0, TRUE) ON CONFLICT DO NOTHING;
INSERT INTO plans (id, variant_id, plan_name, duration_months, max_kms) VALUES ('44379a1e-253c-4287-8c8b-35fe68f76662', 'c0806503-47a9-46f0-9648-bbb74423cfaa', '5th & 6th Year / 150,000 Kms', 24, 150000) ON CONFLICT DO NOTHING;
INSERT INTO tiers (plan_id, min_days, max_days, price_inr, is_active) VALUES ('44379a1e-253c-4287-8c8b-35fe68f76662', 0, 365, 76299.0, TRUE) ON CONFLICT DO NOTHING;
INSERT INTO tiers (plan_id, min_days, max_days, price_inr, is_active) VALUES ('44379a1e-253c-4287-8c8b-35fe68f76662', 366, 1430, 86799.0, TRUE) ON CONFLICT DO NOTHING;
INSERT INTO models (id, brand_id, name) VALUES ('d06da57c-d764-4d4a-a6c2-d75eedf152d7', '3c1b7e13-47d8-411b-966b-1cfc4e04a1be', 'Taigun') ON CONFLICT DO NOTHING;
INSERT INTO variants (id, model_id, name, fuel, transmission, oem_warranty_months, oem_warranty_kms) VALUES ('07823af5-6f1d-4342-810e-2e781cb2a9ff', 'd06da57c-d764-4d4a-a6c2-d75eedf152d7', 'Taigun Petrol', 'Petrol', 'N/A', 48, 100000) ON CONFLICT DO NOTHING;
INSERT INTO plans (id, variant_id, plan_name, duration_months, max_kms) VALUES ('8585531a-9894-4430-b5ef-812c648a1d99', '07823af5-6f1d-4342-810e-2e781cb2a9ff', '5th Year / 100,000 Kms', 12, 100000) ON CONFLICT DO NOTHING;
INSERT INTO tiers (plan_id, min_days, max_days, price_inr, is_active) VALUES ('8585531a-9894-4430-b5ef-812c648a1d99', 0, 365, 11249.0, TRUE) ON CONFLICT DO NOTHING;
INSERT INTO tiers (plan_id, min_days, max_days, price_inr, is_active) VALUES ('8585531a-9894-4430-b5ef-812c648a1d99', 366, 1430, 13999.0, TRUE) ON CONFLICT DO NOTHING;
INSERT INTO plans (id, variant_id, plan_name, duration_months, max_kms) VALUES ('efcc8da6-1ef7-4935-a88e-17eff2d7571c', '07823af5-6f1d-4342-810e-2e781cb2a9ff', '5th & 6th Year / 150,000 Kms', 24, 150000) ON CONFLICT DO NOTHING;
INSERT INTO tiers (plan_id, min_days, max_days, price_inr, is_active) VALUES ('efcc8da6-1ef7-4935-a88e-17eff2d7571c', 0, 365, 20499.0, TRUE) ON CONFLICT DO NOTHING;
INSERT INTO tiers (plan_id, min_days, max_days, price_inr, is_active) VALUES ('efcc8da6-1ef7-4935-a88e-17eff2d7571c', 366, 1430, 21999.0, TRUE) ON CONFLICT DO NOTHING;
INSERT INTO models (id, brand_id, name) VALUES ('533507c9-849c-46bc-8272-dfdb3c7abd29', '3c1b7e13-47d8-411b-966b-1cfc4e04a1be', 'Tiguan') ON CONFLICT DO NOTHING;
INSERT INTO variants (id, model_id, name, fuel, transmission, oem_warranty_months, oem_warranty_kms) VALUES ('4b126d8c-a0e0-415a-b9d9-f0edc0b042fb', '533507c9-849c-46bc-8272-dfdb3c7abd29', 'New Petrol', 'Petrol', 'N/A', 48, 100000) ON CONFLICT DO NOTHING;
INSERT INTO plans (id, variant_id, plan_name, duration_months, max_kms) VALUES ('3fa48107-0e54-4356-bfd5-dcb52d4c21a1', '4b126d8c-a0e0-415a-b9d9-f0edc0b042fb', '5th Year / 100,000 Kms', 12, 100000) ON CONFLICT DO NOTHING;
INSERT INTO tiers (plan_id, min_days, max_days, price_inr, is_active) VALUES ('3fa48107-0e54-4356-bfd5-dcb52d4c21a1', 0, 365, 37999.0, TRUE) ON CONFLICT DO NOTHING;
INSERT INTO tiers (plan_id, min_days, max_days, price_inr, is_active) VALUES ('3fa48107-0e54-4356-bfd5-dcb52d4c21a1', 366, 1430, 40499.0, TRUE) ON CONFLICT DO NOTHING;
INSERT INTO plans (id, variant_id, plan_name, duration_months, max_kms) VALUES ('15c8d423-c85d-4594-ac99-de53a73abe5c', '4b126d8c-a0e0-415a-b9d9-f0edc0b042fb', '5th & 6th Year / 150,000 Kms', 24, 150000) ON CONFLICT DO NOTHING;
INSERT INTO tiers (plan_id, min_days, max_days, price_inr, is_active) VALUES ('15c8d423-c85d-4594-ac99-de53a73abe5c', 0, 365, 68999.0, TRUE) ON CONFLICT DO NOTHING;
INSERT INTO tiers (plan_id, min_days, max_days, price_inr, is_active) VALUES ('15c8d423-c85d-4594-ac99-de53a73abe5c', 366, 1430, 71499.0, TRUE) ON CONFLICT DO NOTHING;
INSERT INTO variants (id, model_id, name, fuel, transmission, oem_warranty_months, oem_warranty_kms) VALUES ('e6af93d7-0aa5-4076-995b-898ddbb97924', '533507c9-849c-46bc-8272-dfdb3c7abd29', 'All Space Petrol', 'Petrol', 'N/A', 48, 100000) ON CONFLICT DO NOTHING;
INSERT INTO plans (id, variant_id, plan_name, duration_months, max_kms) VALUES ('5e09159e-0d3f-4af7-aeea-50022e57f6ec', 'e6af93d7-0aa5-4076-995b-898ddbb97924', '5th Year / 100,000 Kms', 12, 100000) ON CONFLICT DO NOTHING;
INSERT INTO tiers (plan_id, min_days, max_days, price_inr, is_active) VALUES ('5e09159e-0d3f-4af7-aeea-50022e57f6ec', 0, 365, 64799.0, TRUE) ON CONFLICT DO NOTHING;
INSERT INTO tiers (plan_id, min_days, max_days, price_inr, is_active) VALUES ('5e09159e-0d3f-4af7-aeea-50022e57f6ec', 366, 1430, 67299.0, TRUE) ON CONFLICT DO NOTHING;
INSERT INTO plans (id, variant_id, plan_name, duration_months, max_kms) VALUES ('6c44a609-ec38-436a-93a4-0d7770888ee7', 'e6af93d7-0aa5-4076-995b-898ddbb97924', '5th & 6th Year / 150,000 Kms', 24, 150000) ON CONFLICT DO NOTHING;
INSERT INTO tiers (plan_id, min_days, max_days, price_inr, is_active) VALUES ('6c44a609-ec38-436a-93a4-0d7770888ee7', 0, 365, 111599.0, TRUE) ON CONFLICT DO NOTHING;
INSERT INTO tiers (plan_id, min_days, max_days, price_inr, is_active) VALUES ('6c44a609-ec38-436a-93a4-0d7770888ee7', 366, 1430, 114099.0, TRUE) ON CONFLICT DO NOTHING;
INSERT INTO variants (id, model_id, name, fuel, transmission, oem_warranty_months, oem_warranty_kms) VALUES ('5aed708a-d73d-4c79-8107-f5d5ad52ef02', '533507c9-849c-46bc-8272-dfdb3c7abd29', 'Tiguan Diesel', 'Diesel', 'N/A', 48, 100000) ON CONFLICT DO NOTHING;
INSERT INTO plans (id, variant_id, plan_name, duration_months, max_kms) VALUES ('76dc03cc-1205-4c0c-8695-51bb54a7b42f', '5aed708a-d73d-4c79-8107-f5d5ad52ef02', '5th Year / 100,000 Kms', 12, 100000) ON CONFLICT DO NOTHING;
INSERT INTO tiers (plan_id, min_days, max_days, price_inr, is_active) VALUES ('76dc03cc-1205-4c0c-8695-51bb54a7b42f', 0, 365, 50399.0, TRUE) ON CONFLICT DO NOTHING;
INSERT INTO tiers (plan_id, min_days, max_days, price_inr, is_active) VALUES ('76dc03cc-1205-4c0c-8695-51bb54a7b42f', 366, 1430, 60899.0, TRUE) ON CONFLICT DO NOTHING;
INSERT INTO plans (id, variant_id, plan_name, duration_months, max_kms) VALUES ('8226ff6f-d3d2-419e-aef3-f374299bed0d', '5aed708a-d73d-4c79-8107-f5d5ad52ef02', '5th & 6th Year / 150,000 Kms', 24, 150000) ON CONFLICT DO NOTHING;
INSERT INTO tiers (plan_id, min_days, max_days, price_inr, is_active) VALUES ('8226ff6f-d3d2-419e-aef3-f374299bed0d', 0, 365, 98599.0, TRUE) ON CONFLICT DO NOTHING;
INSERT INTO tiers (plan_id, min_days, max_days, price_inr, is_active) VALUES ('8226ff6f-d3d2-419e-aef3-f374299bed0d', 366, 1430, 109099.0, TRUE) ON CONFLICT DO NOTHING;
INSERT INTO models (id, brand_id, name) VALUES ('8a0f2db3-0d0b-4ff4-b3b6-8f98d158ff42', '3c1b7e13-47d8-411b-966b-1cfc4e04a1be', 'Virtus') ON CONFLICT DO NOTHING;
INSERT INTO variants (id, model_id, name, fuel, transmission, oem_warranty_months, oem_warranty_kms) VALUES ('c696174a-019a-43a4-91a9-6f7320b28717', '8a0f2db3-0d0b-4ff4-b3b6-8f98d158ff42', 'Virtus Petrol', 'Petrol', 'N/A', 48, 100000) ON CONFLICT DO NOTHING;
INSERT INTO plans (id, variant_id, plan_name, duration_months, max_kms) VALUES ('9b41b74e-a8fc-449e-94ee-b0994a696dd7', 'c696174a-019a-43a4-91a9-6f7320b28717', '5th Year / 100,000 Kms', 12, 100000) ON CONFLICT DO NOTHING;
INSERT INTO tiers (plan_id, min_days, max_days, price_inr, is_active) VALUES ('9b41b74e-a8fc-449e-94ee-b0994a696dd7', 0, 365, 11499.0, TRUE) ON CONFLICT DO NOTHING;
INSERT INTO tiers (plan_id, min_days, max_days, price_inr, is_active) VALUES ('9b41b74e-a8fc-449e-94ee-b0994a696dd7', 366, 1430, 13999.0, TRUE) ON CONFLICT DO NOTHING;
INSERT INTO plans (id, variant_id, plan_name, duration_months, max_kms) VALUES ('25239270-fef0-4be8-9b05-01651e1a9782', 'c696174a-019a-43a4-91a9-6f7320b28717', '5th & 6th Year / 150,000 Kms', 24, 150000) ON CONFLICT DO NOTHING;
INSERT INTO tiers (plan_id, min_days, max_days, price_inr, is_active) VALUES ('25239270-fef0-4be8-9b05-01651e1a9782', 0, 365, 20699.0, TRUE) ON CONFLICT DO NOTHING;
INSERT INTO tiers (plan_id, min_days, max_days, price_inr, is_active) VALUES ('25239270-fef0-4be8-9b05-01651e1a9782', 366, 1430, 21999.0, TRUE) ON CONFLICT DO NOTHING;
INSERT INTO models (id, brand_id, name) VALUES ('56309806-cb3a-4dbc-a2f4-bfde8e20837d', '3c1b7e13-47d8-411b-966b-1cfc4e04a1be', 'Vehicle Model') ON CONFLICT DO NOTHING;
INSERT INTO variants (id, model_id, name, fuel, transmission, oem_warranty_months, oem_warranty_kms) VALUES ('f7ed9387-e1ae-4474-ac3a-41801e040d46', '56309806-cb3a-4dbc-a2f4-bfde8e20837d', 'Variant Fuel', 'Fuel', 'Transmission', NULL, NULL) ON CONFLICT DO NOTHING;
INSERT INTO plans (id, variant_id, plan_name, duration_months, max_kms) VALUES ('d6d13392-3573-4a36-808f-1cd6a729e756', 'f7ed9387-e1ae-4474-ac3a-41801e040d46', '5th Year / 100,000 Kms', 12, 100000) ON CONFLICT DO NOTHING;
INSERT INTO tiers (plan_id, min_days, max_days, price_inr, is_active) VALUES ('d6d13392-3573-4a36-808f-1cd6a729e756', 0, 365, 365.0, TRUE) ON CONFLICT DO NOTHING;
INSERT INTO tiers (plan_id, min_days, max_days, price_inr, is_active) VALUES ('d6d13392-3573-4a36-808f-1cd6a729e756', 366, 1430, 366730.0, TRUE) ON CONFLICT DO NOTHING;
INSERT INTO plans (id, variant_id, plan_name, duration_months, max_kms) VALUES ('3522c567-5dfd-470a-b903-b70f159d88e3', 'f7ed9387-e1ae-4474-ac3a-41801e040d46', '5th & 6th Year / 150,000 Kms', 24, 150000) ON CONFLICT DO NOTHING;
INSERT INTO tiers (plan_id, min_days, max_days, price_inr, is_active) VALUES ('3522c567-5dfd-470a-b903-b70f159d88e3', 0, 365, 7311430.0, TRUE) ON CONFLICT DO NOTHING;
INSERT INTO tiers (plan_id, min_days, max_days, price_inr, is_active) VALUES ('3522c567-5dfd-470a-b903-b70f159d88e3', 366, 1430, 365.0, TRUE) ON CONFLICT DO NOTHING;
INSERT INTO models (id, brand_id, name) VALUES ('dacbdd39-7ca6-4652-8039-7e2dba8bb080', '3c1b7e13-47d8-411b-966b-1cfc4e04a1be', 'Passat') ON CONFLICT DO NOTHING;
INSERT INTO variants (id, model_id, name, fuel, transmission, oem_warranty_months, oem_warranty_kms) VALUES ('3c9511ae-1272-4501-a192-625c786542ee', 'dacbdd39-7ca6-4652-8039-7e2dba8bb080', 'Passat Diesel', 'Diesel', 'N/A', 48, 100000) ON CONFLICT DO NOTHING;
INSERT INTO plans (id, variant_id, plan_name, duration_months, max_kms) VALUES ('eb9dc8c7-ee1f-471f-80b7-c6dcb9e1abf4', '3c9511ae-1272-4501-a192-625c786542ee', '5th & 6th Year / 150,000 Kms', 24, 150000) ON CONFLICT DO NOTHING;
INSERT INTO tiers (plan_id, min_days, max_days, price_inr, is_active) VALUES ('eb9dc8c7-ee1f-471f-80b7-c6dcb9e1abf4', 0, 365, 76876.0, TRUE) ON CONFLICT DO NOTHING;
INSERT INTO models (id, brand_id, name) VALUES ('f68943de-d677-4b5a-9393-2eb80b2c39e3', '3c1b7e13-47d8-411b-966b-1cfc4e04a1be', 'Ameo') ON CONFLICT DO NOTHING;
INSERT INTO variants (id, model_id, name, fuel, transmission, oem_warranty_months, oem_warranty_kms) VALUES ('8f5f5e52-7d43-4b1f-ba7c-833358344eb8', 'f68943de-d677-4b5a-9393-2eb80b2c39e3', 'Ameo Petrol', 'Petrol', 'N/A', 48, 100000) ON CONFLICT DO NOTHING;
INSERT INTO plans (id, variant_id, plan_name, duration_months, max_kms) VALUES ('24a69842-6373-43c2-a6f5-a9b0b27ba92e', '8f5f5e52-7d43-4b1f-ba7c-833358344eb8', '5th Year / 100,000 Kms', 12, 100000) ON CONFLICT DO NOTHING;
INSERT INTO tiers (plan_id, min_days, max_days, price_inr, is_active) VALUES ('24a69842-6373-43c2-a6f5-a9b0b27ba92e', 0, 365, 15103.0, TRUE) ON CONFLICT DO NOTHING;
INSERT INTO tiers (plan_id, min_days, max_days, price_inr, is_active) VALUES ('24a69842-6373-43c2-a6f5-a9b0b27ba92e', 366, 1430, 18702.0, TRUE) ON CONFLICT DO NOTHING;
INSERT INTO plans (id, variant_id, plan_name, duration_months, max_kms) VALUES ('352ad5a3-60b9-4862-bf5b-c964e5ea272c', '8f5f5e52-7d43-4b1f-ba7c-833358344eb8', '5th & 6th Year / 150,000 Kms', 24, 150000) ON CONFLICT DO NOTHING;
INSERT INTO tiers (plan_id, min_days, max_days, price_inr, is_active) VALUES ('352ad5a3-60b9-4862-bf5b-c964e5ea272c', 0, 365, 23245.0, TRUE) ON CONFLICT DO NOTHING;
INSERT INTO tiers (plan_id, min_days, max_days, price_inr, is_active) VALUES ('352ad5a3-60b9-4862-bf5b-c964e5ea272c', 366, 1430, 26018.0, TRUE) ON CONFLICT DO NOTHING;
INSERT INTO variants (id, model_id, name, fuel, transmission, oem_warranty_months, oem_warranty_kms) VALUES ('a6e9760c-9791-4f57-986a-9fa9b4e60730', 'f68943de-d677-4b5a-9393-2eb80b2c39e3', 'Ameo Diesel', 'Diesel', 'N/A', 48, 100000) ON CONFLICT DO NOTHING;
INSERT INTO plans (id, variant_id, plan_name, duration_months, max_kms) VALUES ('1b98f5d0-3f42-4c8e-97ae-48d0655771c6', 'a6e9760c-9791-4f57-986a-9fa9b4e60730', '5th & 6th Year / 150,000 Kms', 24, 150000) ON CONFLICT DO NOTHING;
INSERT INTO tiers (plan_id, min_days, max_days, price_inr, is_active) VALUES ('1b98f5d0-3f42-4c8e-97ae-48d0655771c6', 0, 365, 27906.0, TRUE) ON CONFLICT DO NOTHING;
INSERT INTO brands (id, name) VALUES ('0eb3e7e7-439f-4d06-a61f-aefcf402110e', 'Skoda') ON CONFLICT DO NOTHING;
INSERT INTO models (id, brand_id, name) VALUES ('16f372da-c9a3-4c05-9b00-1b1272aef1c3', '0eb3e7e7-439f-4d06-a61f-aefcf402110e', 'Kushaq') ON CONFLICT DO NOTHING;
INSERT INTO variants (id, model_id, name, fuel, transmission, oem_warranty_months, oem_warranty_kms) VALUES ('50c47953-4bcf-43bb-8e9f-e9b0a46e82d8', '16f372da-c9a3-4c05-9b00-1b1272aef1c3', 'Kushaq', 'N/A', 'N/A', 48, 100000) ON CONFLICT DO NOTHING;
INSERT INTO plans (id, variant_id, plan_name, duration_months, max_kms) VALUES ('7a0c8ad1-1266-4bb3-8333-0a76e1a90230', '50c47953-4bcf-43bb-8e9f-e9b0a46e82d8', '5 Years / 125,000 Kms', 12, 125000) ON CONFLICT DO NOTHING;
INSERT INTO tiers (plan_id, min_days, max_days, price_inr, is_active) VALUES ('7a0c8ad1-1266-4bb3-8333-0a76e1a90230', 0, 365, 11249.0, TRUE) ON CONFLICT DO NOTHING;
INSERT INTO tiers (plan_id, min_days, max_days, price_inr, is_active) VALUES ('7a0c8ad1-1266-4bb3-8333-0a76e1a90230', 366, 1430, 13999.0, TRUE) ON CONFLICT DO NOTHING;
INSERT INTO plans (id, variant_id, plan_name, duration_months, max_kms) VALUES ('4195c630-971f-448d-b990-1b24e79511e9', '50c47953-4bcf-43bb-8e9f-e9b0a46e82d8', '6 Years / 150,000 Kms', 24, 150000) ON CONFLICT DO NOTHING;
INSERT INTO tiers (plan_id, min_days, max_days, price_inr, is_active) VALUES ('4195c630-971f-448d-b990-1b24e79511e9', 0, 365, 20499.0, TRUE) ON CONFLICT DO NOTHING;
INSERT INTO tiers (plan_id, min_days, max_days, price_inr, is_active) VALUES ('4195c630-971f-448d-b990-1b24e79511e9', 366, 1430, 21999.0, TRUE) ON CONFLICT DO NOTHING;
INSERT INTO models (id, brand_id, name) VALUES ('524d2c56-98a7-4a22-879b-fadf3e021a1c', '0eb3e7e7-439f-4d06-a61f-aefcf402110e', 'Slavia') ON CONFLICT DO NOTHING;
INSERT INTO variants (id, model_id, name, fuel, transmission, oem_warranty_months, oem_warranty_kms) VALUES ('43254e63-3752-4e34-88cf-e266d337b03d', '524d2c56-98a7-4a22-879b-fadf3e021a1c', 'Slavia', 'N/A', 'N/A', 48, 100000) ON CONFLICT DO NOTHING;
INSERT INTO plans (id, variant_id, plan_name, duration_months, max_kms) VALUES ('1aaa929a-b5e4-4c32-afe4-eb02f3c42a5e', '43254e63-3752-4e34-88cf-e266d337b03d', '5 Years / 125,000 Kms', 12, 125000) ON CONFLICT DO NOTHING;
INSERT INTO tiers (plan_id, min_days, max_days, price_inr, is_active) VALUES ('1aaa929a-b5e4-4c32-afe4-eb02f3c42a5e', 0, 365, 11499.0, TRUE) ON CONFLICT DO NOTHING;
INSERT INTO tiers (plan_id, min_days, max_days, price_inr, is_active) VALUES ('1aaa929a-b5e4-4c32-afe4-eb02f3c42a5e', 366, 1430, 13999.0, TRUE) ON CONFLICT DO NOTHING;
INSERT INTO plans (id, variant_id, plan_name, duration_months, max_kms) VALUES ('f2f37cdf-6bbf-4b7e-a8ba-6faf617ce650', '43254e63-3752-4e34-88cf-e266d337b03d', '6 Years / 150,000 Kms', 24, 150000) ON CONFLICT DO NOTHING;
INSERT INTO tiers (plan_id, min_days, max_days, price_inr, is_active) VALUES ('f2f37cdf-6bbf-4b7e-a8ba-6faf617ce650', 0, 365, 20699.0, TRUE) ON CONFLICT DO NOTHING;
INSERT INTO tiers (plan_id, min_days, max_days, price_inr, is_active) VALUES ('f2f37cdf-6bbf-4b7e-a8ba-6faf617ce650', 366, 1430, 21999.0, TRUE) ON CONFLICT DO NOTHING;
INSERT INTO models (id, brand_id, name) VALUES ('f1fd26ac-f977-4e33-84a0-19ebb4c66c1b', '0eb3e7e7-439f-4d06-a61f-aefcf402110e', 'Kodiaq') ON CONFLICT DO NOTHING;
INSERT INTO variants (id, model_id, name, fuel, transmission, oem_warranty_months, oem_warranty_kms) VALUES ('f0c7731e-6289-4108-9e13-2f43a2d6282e', 'f1fd26ac-f977-4e33-84a0-19ebb4c66c1b', 'Kodiaq', 'Petrol', 'N/A', 48, 100000) ON CONFLICT DO NOTHING;
INSERT INTO plans (id, variant_id, plan_name, duration_months, max_kms) VALUES ('e39e316c-0d83-44c4-9f8b-f707200b92ac', 'f0c7731e-6289-4108-9e13-2f43a2d6282e', '5 Years / 125,000 Kms', 12, 125000) ON CONFLICT DO NOTHING;
INSERT INTO tiers (plan_id, min_days, max_days, price_inr, is_active) VALUES ('e39e316c-0d83-44c4-9f8b-f707200b92ac', 0, 365, 37999.0, TRUE) ON CONFLICT DO NOTHING;
INSERT INTO tiers (plan_id, min_days, max_days, price_inr, is_active) VALUES ('e39e316c-0d83-44c4-9f8b-f707200b92ac', 366, 1430, 40499.0, TRUE) ON CONFLICT DO NOTHING;
INSERT INTO plans (id, variant_id, plan_name, duration_months, max_kms) VALUES ('2f26d54d-791c-4d4d-ae6c-49b18b070337', 'f0c7731e-6289-4108-9e13-2f43a2d6282e', '6 Years / 150,000 Kms', 24, 150000) ON CONFLICT DO NOTHING;
INSERT INTO tiers (plan_id, min_days, max_days, price_inr, is_active) VALUES ('2f26d54d-791c-4d4d-ae6c-49b18b070337', 0, 365, 68999.0, TRUE) ON CONFLICT DO NOTHING;
INSERT INTO tiers (plan_id, min_days, max_days, price_inr, is_active) VALUES ('2f26d54d-791c-4d4d-ae6c-49b18b070337', 366, 1430, 71499.0, TRUE) ON CONFLICT DO NOTHING;
INSERT INTO models (id, brand_id, name) VALUES ('464e1808-8f94-48a4-8a70-1f04a071a6a4', '0eb3e7e7-439f-4d06-a61f-aefcf402110e', 'Octavia') ON CONFLICT DO NOTHING;
INSERT INTO variants (id, model_id, name, fuel, transmission, oem_warranty_months, oem_warranty_kms) VALUES ('54cda565-d426-499f-be85-5c63fdf2d385', '464e1808-8f94-48a4-8a70-1f04a071a6a4', 'Octavia A8', 'N/A', 'N/A', 48, 100000) ON CONFLICT DO NOTHING;
INSERT INTO plans (id, variant_id, plan_name, duration_months, max_kms) VALUES ('da3cc043-bf44-4372-931b-3121e785ba0e', '54cda565-d426-499f-be85-5c63fdf2d385', '6 Years / 150,000 Kms Alt', 24, 150000) ON CONFLICT DO NOTHING;
INSERT INTO tiers (plan_id, min_days, max_days, price_inr, is_active) VALUES ('da3cc043-bf44-4372-931b-3121e785ba0e', 0, 365, 80999.0, TRUE) ON CONFLICT DO NOTHING;
INSERT INTO tiers (plan_id, min_days, max_days, price_inr, is_active) VALUES ('da3cc043-bf44-4372-931b-3121e785ba0e', 366, 1430, 83999.0, TRUE) ON CONFLICT DO NOTHING;
INSERT INTO models (id, brand_id, name) VALUES ('d6f6e229-9c37-47d7-a0a3-4f3a921fbad7', '0eb3e7e7-439f-4d06-a61f-aefcf402110e', 'Superb') ON CONFLICT DO NOTHING;
INSERT INTO variants (id, model_id, name, fuel, transmission, oem_warranty_months, oem_warranty_kms) VALUES ('72f4ad58-b491-4c66-bd71-79d8507c632e', 'd6f6e229-9c37-47d7-a0a3-4f3a921fbad7', 'Superb B8', 'N/A', 'N/A', 48, 100000) ON CONFLICT DO NOTHING;
INSERT INTO plans (id, variant_id, plan_name, duration_months, max_kms) VALUES ('6c71d113-31e8-41b5-ae3f-8b120e4aad2c', '72f4ad58-b491-4c66-bd71-79d8507c632e', '6 Years / 150,000 Kms Alt', 24, 150000) ON CONFLICT DO NOTHING;
INSERT INTO tiers (plan_id, min_days, max_days, price_inr, is_active) VALUES ('6c71d113-31e8-41b5-ae3f-8b120e4aad2c', 0, 365, 80499.0, TRUE) ON CONFLICT DO NOTHING;
INSERT INTO tiers (plan_id, min_days, max_days, price_inr, is_active) VALUES ('6c71d113-31e8-41b5-ae3f-8b120e4aad2c', 366, 1430, 83499.0, TRUE) ON CONFLICT DO NOTHING;
INSERT INTO variants (id, model_id, name, fuel, transmission, oem_warranty_months, oem_warranty_kms) VALUES ('494f46d6-50a4-4473-9854-d8c9ee006e98', '464e1808-8f94-48a4-8a70-1f04a071a6a4', 'Octavia A7', 'N/A', 'N/A', 48, 100000) ON CONFLICT DO NOTHING;
INSERT INTO plans (id, variant_id, plan_name, duration_months, max_kms) VALUES ('e72ec337-747a-47f9-8619-04cfc2ffe99b', '494f46d6-50a4-4473-9854-d8c9ee006e98', '6 Years / 150,000 Kms Alt', 24, 150000) ON CONFLICT DO NOTHING;
INSERT INTO tiers (plan_id, min_days, max_days, price_inr, is_active) VALUES ('e72ec337-747a-47f9-8619-04cfc2ffe99b', 0, 365, 64900.0, TRUE) ON CONFLICT DO NOTHING;
INSERT INTO models (id, brand_id, name) VALUES ('598a44b8-cb1f-4849-a006-325c49a13218', '0eb3e7e7-439f-4d06-a61f-aefcf402110e', 'Karoq') ON CONFLICT DO NOTHING;
INSERT INTO variants (id, model_id, name, fuel, transmission, oem_warranty_months, oem_warranty_kms) VALUES ('d3cea95d-fcea-4292-a7bd-cd04b05ef601', '598a44b8-cb1f-4849-a006-325c49a13218', 'Karoq', 'N/A', 'N/A', 48, 100000) ON CONFLICT DO NOTHING;
INSERT INTO plans (id, variant_id, plan_name, duration_months, max_kms) VALUES ('5d0ead91-f0e1-4c0a-b883-5514eb7e1cc6', 'd3cea95d-fcea-4292-a7bd-cd04b05ef601', '6 Years / 150,000 Kms Alt', 24, 150000) ON CONFLICT DO NOTHING;
INSERT INTO tiers (plan_id, min_days, max_days, price_inr, is_active) VALUES ('5d0ead91-f0e1-4c0a-b883-5514eb7e1cc6', 0, 365, 72688.0, TRUE) ON CONFLICT DO NOTHING;
INSERT INTO plans (id, variant_id, plan_name, duration_months, max_kms) VALUES ('46a0b6af-c675-4288-8c19-2bcde86be465', 'f0c7731e-6289-4108-9e13-2f43a2d6282e', '6 Years / 150,000 Kms Alt', 24, 150000) ON CONFLICT DO NOTHING;
INSERT INTO tiers (plan_id, min_days, max_days, price_inr, is_active) VALUES ('46a0b6af-c675-4288-8c19-2bcde86be465', 0, 365, 103840.0, TRUE) ON CONFLICT DO NOTHING;
INSERT INTO models (id, brand_id, name) VALUES ('d28d2af9-1e39-4629-8d65-f6e969d143fb', '0eb3e7e7-439f-4d06-a61f-aefcf402110e', 'OEM Warranty') ON CONFLICT DO NOTHING;
INSERT INTO variants (id, model_id, name, fuel, transmission, oem_warranty_months, oem_warranty_kms) VALUES ('57d56519-f335-4184-b309-68f907e31400', 'd28d2af9-1e39-4629-8d65-f6e969d143fb', 'OEM Warranty', 'N/A', 'N/A', NULL, NULL) ON CONFLICT DO NOTHING;
INSERT INTO plans (id, variant_id, plan_name, duration_months, max_kms) VALUES ('7634e9d3-e576-4781-b022-cad7b403277d', '57d56519-f335-4184-b309-68f907e31400', '5 Years / 125,000 Kms', 12, 125000) ON CONFLICT DO NOTHING;
INSERT INTO tiers (plan_id, min_days, max_days, price_inr, is_active) VALUES ('7634e9d3-e576-4781-b022-cad7b403277d', 0, 365, 4110.0, TRUE) ON CONFLICT DO NOTHING;
INSERT INTO plans (id, variant_id, plan_name, duration_months, max_kms) VALUES ('71cf6f08-6bd5-41c7-a879-482fa59e154d', '57d56519-f335-4184-b309-68f907e31400', '6 Years / 150,000 Kms', 24, 150000) ON CONFLICT DO NOTHING;
INSERT INTO tiers (plan_id, min_days, max_days, price_inr, is_active) VALUES ('71cf6f08-6bd5-41c7-a879-482fa59e154d', 0, 365, 5125.0, TRUE) ON CONFLICT DO NOTHING;
INSERT INTO plans (id, variant_id, plan_name, duration_months, max_kms) VALUES ('1d0bb501-097c-4af3-990d-24bddbb51aff', '57d56519-f335-4184-b309-68f907e31400', '6 Years / 150,000 Kms Alt', 24, 150000) ON CONFLICT DO NOTHING;
INSERT INTO tiers (plan_id, min_days, max_days, price_inr, is_active) VALUES ('1d0bb501-097c-4af3-990d-24bddbb51aff', 0, 365, 6150.0, TRUE) ON CONFLICT DO NOTHING;
INSERT INTO models (id, brand_id, name) VALUES ('cb169a14-e644-46ce-af9d-24634fb9264a', '0eb3e7e7-439f-4d06-a61f-aefcf402110e', 'Kylaq') ON CONFLICT DO NOTHING;
INSERT INTO variants (id, model_id, name, fuel, transmission, oem_warranty_months, oem_warranty_kms) VALUES ('86d4ae32-0518-4d6b-8097-79fa4dfc5488', 'cb169a14-e644-46ce-af9d-24634fb9264a', 'Kylaq 1.0L TSI', 'N/A', 'MT/AT', 36, 100000) ON CONFLICT DO NOTHING;
INSERT INTO plans (id, variant_id, plan_name, duration_months, max_kms) VALUES ('9d841c63-cd61-4c33-a48d-94e6d4db2561', '86d4ae32-0518-4d6b-8097-79fa4dfc5488', '5 Years / 125,000 Kms', 12, 125000) ON CONFLICT DO NOTHING;
INSERT INTO tiers (plan_id, min_days, max_days, price_inr, is_active) VALUES ('9d841c63-cd61-4c33-a48d-94e6d4db2561', 0, 365, 11199.0, TRUE) ON CONFLICT DO NOTHING;
INSERT INTO tiers (plan_id, min_days, max_days, price_inr, is_active) VALUES ('9d841c63-cd61-4c33-a48d-94e6d4db2561', 366, 1430, 11499.0, TRUE) ON CONFLICT DO NOTHING;
INSERT INTO plans (id, variant_id, plan_name, duration_months, max_kms) VALUES ('b3077389-b1da-4abe-a071-6b71ff7fb740', '86d4ae32-0518-4d6b-8097-79fa4dfc5488', '6 Years / 150,000 Kms', 24, 150000) ON CONFLICT DO NOTHING;
INSERT INTO tiers (plan_id, min_days, max_days, price_inr, is_active) VALUES ('b3077389-b1da-4abe-a071-6b71ff7fb740', 0, 365, 18699.0, TRUE) ON CONFLICT DO NOTHING;
INSERT INTO tiers (plan_id, min_days, max_days, price_inr, is_active) VALUES ('b3077389-b1da-4abe-a071-6b71ff7fb740', 366, 1430, 19299.0, TRUE) ON CONFLICT DO NOTHING;
INSERT INTO plans (id, variant_id, plan_name, duration_months, max_kms) VALUES ('2f96819c-6afc-47ae-bdb6-c42d25cbc41a', '86d4ae32-0518-4d6b-8097-79fa4dfc5488', '6 Years / 150,000 Kms Alt', 24, 150000) ON CONFLICT DO NOTHING;
INSERT INTO tiers (plan_id, min_days, max_days, price_inr, is_active) VALUES ('2f96819c-6afc-47ae-bdb6-c42d25cbc41a', 0, 365, 26299.0, TRUE) ON CONFLICT DO NOTHING;
INSERT INTO tiers (plan_id, min_days, max_days, price_inr, is_active) VALUES ('2f96819c-6afc-47ae-bdb6-c42d25cbc41a', 366, 1430, 27199.0, TRUE) ON CONFLICT DO NOTHING;
INSERT INTO brands (id, name) VALUES ('27c384d9-1ca5-4796-bb8c-9ba81b1394bd', 'Jeep') ON CONFLICT DO NOTHING;
INSERT INTO models (id, brand_id, name) VALUES ('be014b04-5e66-4d19-a646-9d3f8ea41549', '27c384d9-1ca5-4796-bb8c-9ba81b1394bd', 'Compass MCA') ON CONFLICT DO NOTHING;
INSERT INTO variants (id, model_id, name, fuel, transmission, oem_warranty_months, oem_warranty_kms) VALUES ('47254251-2d46-453c-b0a0-51422e3e65ad', 'be014b04-5e66-4d19-a646-9d3f8ea41549', 'Compass MCA Sports', 'N/A', 'N/A', 36, 100000) ON CONFLICT DO NOTHING;
INSERT INTO plans (id, variant_id, plan_name, duration_months, max_kms) VALUES ('963fc85f-71d6-4a54-8d76-3290b55842c7', '47254251-2d46-453c-b0a0-51422e3e65ad', '5 Year/ 100K kms', 24, 100000) ON CONFLICT DO NOTHING;
INSERT INTO tiers (plan_id, min_days, max_days, price_inr, is_active) VALUES ('963fc85f-71d6-4a54-8d76-3290b55842c7', 0, 60, 29000.0, TRUE) ON CONFLICT DO NOTHING;
INSERT INTO tiers (plan_id, min_days, max_days, price_inr, is_active) VALUES ('963fc85f-71d6-4a54-8d76-3290b55842c7', 61, 365, 32000.0, TRUE) ON CONFLICT DO NOTHING;
INSERT INTO tiers (plan_id, min_days, max_days, price_inr, is_active) VALUES ('963fc85f-71d6-4a54-8d76-3290b55842c7', 366, 730, 37000.0, TRUE) ON CONFLICT DO NOTHING;
INSERT INTO tiers (plan_id, min_days, max_days, price_inr, is_active) VALUES ('963fc85f-71d6-4a54-8d76-3290b55842c7', 731, 1095, 41000.0, TRUE) ON CONFLICT DO NOTHING;
INSERT INTO plans (id, variant_id, plan_name, duration_months, max_kms) VALUES ('6e17adf2-390b-4848-9eba-12758541caa4', '47254251-2d46-453c-b0a0-51422e3e65ad', '5 Year/ 125K Kms', 24, 125000) ON CONFLICT DO NOTHING;
INSERT INTO tiers (plan_id, min_days, max_days, price_inr, is_active) VALUES ('6e17adf2-390b-4848-9eba-12758541caa4', 0, 60, 32000.0, TRUE) ON CONFLICT DO NOTHING;
INSERT INTO tiers (plan_id, min_days, max_days, price_inr, is_active) VALUES ('6e17adf2-390b-4848-9eba-12758541caa4', 61, 365, 35000.0, TRUE) ON CONFLICT DO NOTHING;
INSERT INTO tiers (plan_id, min_days, max_days, price_inr, is_active) VALUES ('6e17adf2-390b-4848-9eba-12758541caa4', 366, 730, 40000.0, TRUE) ON CONFLICT DO NOTHING;
INSERT INTO tiers (plan_id, min_days, max_days, price_inr, is_active) VALUES ('6e17adf2-390b-4848-9eba-12758541caa4', 731, 1095, 44000.0, TRUE) ON CONFLICT DO NOTHING;
INSERT INTO plans (id, variant_id, plan_name, duration_months, max_kms) VALUES ('2c7f488e-7c4f-477b-a4c2-c1be3ddf17e1', '47254251-2d46-453c-b0a0-51422e3e65ad', '5 Year/ 150K Kms', 24, 150000) ON CONFLICT DO NOTHING;
INSERT INTO tiers (plan_id, min_days, max_days, price_inr, is_active) VALUES ('2c7f488e-7c4f-477b-a4c2-c1be3ddf17e1', 0, 60, 35000.0, TRUE) ON CONFLICT DO NOTHING;
INSERT INTO tiers (plan_id, min_days, max_days, price_inr, is_active) VALUES ('2c7f488e-7c4f-477b-a4c2-c1be3ddf17e1', 61, 365, 39000.0, TRUE) ON CONFLICT DO NOTHING;
INSERT INTO tiers (plan_id, min_days, max_days, price_inr, is_active) VALUES ('2c7f488e-7c4f-477b-a4c2-c1be3ddf17e1', 366, 730, 43000.0, TRUE) ON CONFLICT DO NOTHING;
INSERT INTO tiers (plan_id, min_days, max_days, price_inr, is_active) VALUES ('2c7f488e-7c4f-477b-a4c2-c1be3ddf17e1', 731, 1095, 48000.0, TRUE) ON CONFLICT DO NOTHING;
INSERT INTO variants (id, model_id, name, fuel, transmission, oem_warranty_months, oem_warranty_kms) VALUES ('37f3f4c5-9a50-4f78-bd7f-a3a6d306b2f1', 'be014b04-5e66-4d19-a646-9d3f8ea41549', 'Compass MCA Longitude', 'N/A', 'N/A', 36, 100000) ON CONFLICT DO NOTHING;
INSERT INTO plans (id, variant_id, plan_name, duration_months, max_kms) VALUES ('a97bdc3d-a616-4d2d-9cb1-10ad03cbe910', '37f3f4c5-9a50-4f78-bd7f-a3a6d306b2f1', '5 Year/ 100K kms', 24, 100000) ON CONFLICT DO NOTHING;
INSERT INTO tiers (plan_id, min_days, max_days, price_inr, is_active) VALUES ('a97bdc3d-a616-4d2d-9cb1-10ad03cbe910', 0, 60, 32000.0, TRUE) ON CONFLICT DO NOTHING;
INSERT INTO tiers (plan_id, min_days, max_days, price_inr, is_active) VALUES ('a97bdc3d-a616-4d2d-9cb1-10ad03cbe910', 61, 365, 35000.0, TRUE) ON CONFLICT DO NOTHING;
INSERT INTO tiers (plan_id, min_days, max_days, price_inr, is_active) VALUES ('a97bdc3d-a616-4d2d-9cb1-10ad03cbe910', 366, 730, 40000.0, TRUE) ON CONFLICT DO NOTHING;
INSERT INTO tiers (plan_id, min_days, max_days, price_inr, is_active) VALUES ('a97bdc3d-a616-4d2d-9cb1-10ad03cbe910', 731, 1095, 44000.0, TRUE) ON CONFLICT DO NOTHING;
INSERT INTO plans (id, variant_id, plan_name, duration_months, max_kms) VALUES ('e0744462-726f-4376-8305-b728eeb610b7', '37f3f4c5-9a50-4f78-bd7f-a3a6d306b2f1', '5 Year/ 125K Kms', 24, 125000) ON CONFLICT DO NOTHING;
INSERT INTO tiers (plan_id, min_days, max_days, price_inr, is_active) VALUES ('e0744462-726f-4376-8305-b728eeb610b7', 0, 60, 34000.0, TRUE) ON CONFLICT DO NOTHING;
INSERT INTO tiers (plan_id, min_days, max_days, price_inr, is_active) VALUES ('e0744462-726f-4376-8305-b728eeb610b7', 61, 365, 38000.0, TRUE) ON CONFLICT DO NOTHING;
INSERT INTO tiers (plan_id, min_days, max_days, price_inr, is_active) VALUES ('e0744462-726f-4376-8305-b728eeb610b7', 366, 730, 42000.0, TRUE) ON CONFLICT DO NOTHING;
INSERT INTO tiers (plan_id, min_days, max_days, price_inr, is_active) VALUES ('e0744462-726f-4376-8305-b728eeb610b7', 731, 1095, 47000.0, TRUE) ON CONFLICT DO NOTHING;
INSERT INTO plans (id, variant_id, plan_name, duration_months, max_kms) VALUES ('98d14a8f-1797-4d33-907c-a8f8f60bcaa8', '37f3f4c5-9a50-4f78-bd7f-a3a6d306b2f1', '5 Year/ 150K Kms', 24, 150000) ON CONFLICT DO NOTHING;
INSERT INTO tiers (plan_id, min_days, max_days, price_inr, is_active) VALUES ('98d14a8f-1797-4d33-907c-a8f8f60bcaa8', 0, 60, 38000.0, TRUE) ON CONFLICT DO NOTHING;
INSERT INTO tiers (plan_id, min_days, max_days, price_inr, is_active) VALUES ('98d14a8f-1797-4d33-907c-a8f8f60bcaa8', 61, 365, 42000.0, TRUE) ON CONFLICT DO NOTHING;
INSERT INTO tiers (plan_id, min_days, max_days, price_inr, is_active) VALUES ('98d14a8f-1797-4d33-907c-a8f8f60bcaa8', 366, 730, 46000.0, TRUE) ON CONFLICT DO NOTHING;
INSERT INTO tiers (plan_id, min_days, max_days, price_inr, is_active) VALUES ('98d14a8f-1797-4d33-907c-a8f8f60bcaa8', 731, 1095, 51000.0, TRUE) ON CONFLICT DO NOTHING;
INSERT INTO variants (id, model_id, name, fuel, transmission, oem_warranty_months, oem_warranty_kms) VALUES ('6641a51f-b614-49cd-ac6b-7324238304a8', 'be014b04-5e66-4d19-a646-9d3f8ea41549', 'Compass MCA Limited', 'N/A', 'N/A', 36, 100000) ON CONFLICT DO NOTHING;
INSERT INTO plans (id, variant_id, plan_name, duration_months, max_kms) VALUES ('823fb4bd-5004-4564-aec6-8ab82e2e6cc5', '6641a51f-b614-49cd-ac6b-7324238304a8', '5 Year/ 100K kms', 24, 100000) ON CONFLICT DO NOTHING;
INSERT INTO tiers (plan_id, min_days, max_days, price_inr, is_active) VALUES ('823fb4bd-5004-4564-aec6-8ab82e2e6cc5', 0, 60, 35000.0, TRUE) ON CONFLICT DO NOTHING;
INSERT INTO tiers (plan_id, min_days, max_days, price_inr, is_active) VALUES ('823fb4bd-5004-4564-aec6-8ab82e2e6cc5', 61, 365, 41000.0, TRUE) ON CONFLICT DO NOTHING;
INSERT INTO tiers (plan_id, min_days, max_days, price_inr, is_active) VALUES ('823fb4bd-5004-4564-aec6-8ab82e2e6cc5', 366, 730, 48000.0, TRUE) ON CONFLICT DO NOTHING;
INSERT INTO tiers (plan_id, min_days, max_days, price_inr, is_active) VALUES ('823fb4bd-5004-4564-aec6-8ab82e2e6cc5', 731, 1095, 54000.0, TRUE) ON CONFLICT DO NOTHING;
INSERT INTO plans (id, variant_id, plan_name, duration_months, max_kms) VALUES ('4b524e6f-c50c-4e60-b4ba-8487f3c0f6b9', '6641a51f-b614-49cd-ac6b-7324238304a8', '5 Year/ 125K Kms', 24, 125000) ON CONFLICT DO NOTHING;
INSERT INTO tiers (plan_id, min_days, max_days, price_inr, is_active) VALUES ('4b524e6f-c50c-4e60-b4ba-8487f3c0f6b9', 0, 60, 38000.0, TRUE) ON CONFLICT DO NOTHING;
INSERT INTO tiers (plan_id, min_days, max_days, price_inr, is_active) VALUES ('4b524e6f-c50c-4e60-b4ba-8487f3c0f6b9', 61, 365, 44000.0, TRUE) ON CONFLICT DO NOTHING;
INSERT INTO tiers (plan_id, min_days, max_days, price_inr, is_active) VALUES ('4b524e6f-c50c-4e60-b4ba-8487f3c0f6b9', 366, 730, 52000.0, TRUE) ON CONFLICT DO NOTHING;
INSERT INTO tiers (plan_id, min_days, max_days, price_inr, is_active) VALUES ('4b524e6f-c50c-4e60-b4ba-8487f3c0f6b9', 731, 1095, 58000.0, TRUE) ON CONFLICT DO NOTHING;
INSERT INTO plans (id, variant_id, plan_name, duration_months, max_kms) VALUES ('67142f7a-5bbd-4c22-bb00-6b5f5a0409bb', '6641a51f-b614-49cd-ac6b-7324238304a8', '5 Year/ 150K Kms', 24, 150000) ON CONFLICT DO NOTHING;
INSERT INTO tiers (plan_id, min_days, max_days, price_inr, is_active) VALUES ('67142f7a-5bbd-4c22-bb00-6b5f5a0409bb', 0, 60, 42000.0, TRUE) ON CONFLICT DO NOTHING;
INSERT INTO tiers (plan_id, min_days, max_days, price_inr, is_active) VALUES ('67142f7a-5bbd-4c22-bb00-6b5f5a0409bb', 61, 365, 49000.0, TRUE) ON CONFLICT DO NOTHING;
INSERT INTO tiers (plan_id, min_days, max_days, price_inr, is_active) VALUES ('67142f7a-5bbd-4c22-bb00-6b5f5a0409bb', 366, 730, 56000.0, TRUE) ON CONFLICT DO NOTHING;
INSERT INTO tiers (plan_id, min_days, max_days, price_inr, is_active) VALUES ('67142f7a-5bbd-4c22-bb00-6b5f5a0409bb', 731, 1095, 63000.0, TRUE) ON CONFLICT DO NOTHING;
INSERT INTO variants (id, model_id, name, fuel, transmission, oem_warranty_months, oem_warranty_kms) VALUES ('a288d98e-fb74-4a8d-90e2-569f9c6af02b', 'be014b04-5e66-4d19-a646-9d3f8ea41549', 'Compass MCA Model S', 'N/A', 'N/A', 36, 100000) ON CONFLICT DO NOTHING;
INSERT INTO plans (id, variant_id, plan_name, duration_months, max_kms) VALUES ('175dfd1e-f0db-476c-856c-c4f7f5e211ac', 'a288d98e-fb74-4a8d-90e2-569f9c6af02b', '5 Year/ 100K kms', 24, 100000) ON CONFLICT DO NOTHING;
INSERT INTO tiers (plan_id, min_days, max_days, price_inr, is_active) VALUES ('175dfd1e-f0db-476c-856c-c4f7f5e211ac', 0, 60, 37000.0, TRUE) ON CONFLICT DO NOTHING;
INSERT INTO tiers (plan_id, min_days, max_days, price_inr, is_active) VALUES ('175dfd1e-f0db-476c-856c-c4f7f5e211ac', 61, 365, 44000.0, TRUE) ON CONFLICT DO NOTHING;
INSERT INTO tiers (plan_id, min_days, max_days, price_inr, is_active) VALUES ('175dfd1e-f0db-476c-856c-c4f7f5e211ac', 366, 730, 52000.0, TRUE) ON CONFLICT DO NOTHING;
INSERT INTO tiers (plan_id, min_days, max_days, price_inr, is_active) VALUES ('175dfd1e-f0db-476c-856c-c4f7f5e211ac', 731, 1095, 59000.0, TRUE) ON CONFLICT DO NOTHING;
INSERT INTO plans (id, variant_id, plan_name, duration_months, max_kms) VALUES ('c39f39ca-dfcc-4737-b094-6026e7d43221', 'a288d98e-fb74-4a8d-90e2-569f9c6af02b', '5 Year/ 125K Kms', 24, 125000) ON CONFLICT DO NOTHING;
INSERT INTO tiers (plan_id, min_days, max_days, price_inr, is_active) VALUES ('c39f39ca-dfcc-4737-b094-6026e7d43221', 0, 60, 41000.0, TRUE) ON CONFLICT DO NOTHING;
INSERT INTO tiers (plan_id, min_days, max_days, price_inr, is_active) VALUES ('c39f39ca-dfcc-4737-b094-6026e7d43221', 61, 365, 48000.0, TRUE) ON CONFLICT DO NOTHING;
INSERT INTO tiers (plan_id, min_days, max_days, price_inr, is_active) VALUES ('c39f39ca-dfcc-4737-b094-6026e7d43221', 366, 730, 56000.0, TRUE) ON CONFLICT DO NOTHING;
INSERT INTO tiers (plan_id, min_days, max_days, price_inr, is_active) VALUES ('c39f39ca-dfcc-4737-b094-6026e7d43221', 731, 1095, 63000.0, TRUE) ON CONFLICT DO NOTHING;
INSERT INTO plans (id, variant_id, plan_name, duration_months, max_kms) VALUES ('0e5462a9-380c-4627-ae44-bc7d15fae34b', 'a288d98e-fb74-4a8d-90e2-569f9c6af02b', '5 Year/ 150K Kms', 24, 150000) ON CONFLICT DO NOTHING;
INSERT INTO tiers (plan_id, min_days, max_days, price_inr, is_active) VALUES ('0e5462a9-380c-4627-ae44-bc7d15fae34b', 0, 60, 45000.0, TRUE) ON CONFLICT DO NOTHING;
INSERT INTO tiers (plan_id, min_days, max_days, price_inr, is_active) VALUES ('0e5462a9-380c-4627-ae44-bc7d15fae34b', 61, 365, 53000.0, TRUE) ON CONFLICT DO NOTHING;
INSERT INTO tiers (plan_id, min_days, max_days, price_inr, is_active) VALUES ('0e5462a9-380c-4627-ae44-bc7d15fae34b', 366, 730, 61000.0, TRUE) ON CONFLICT DO NOTHING;
INSERT INTO tiers (plan_id, min_days, max_days, price_inr, is_active) VALUES ('0e5462a9-380c-4627-ae44-bc7d15fae34b', 731, 1095, 69000.0, TRUE) ON CONFLICT DO NOTHING;
INSERT INTO variants (id, model_id, name, fuel, transmission, oem_warranty_months, oem_warranty_kms) VALUES ('939f0d02-a219-4af2-800b-b534cab699bc', 'be014b04-5e66-4d19-a646-9d3f8ea41549', 'Compass MCA Trailhawk', 'N/A', 'N/A', 36, 100000) ON CONFLICT DO NOTHING;
INSERT INTO plans (id, variant_id, plan_name, duration_months, max_kms) VALUES ('fcb001ca-6cae-43e8-bd1c-be4ab293f645', '939f0d02-a219-4af2-800b-b534cab699bc', '5 Year/ 100K kms', 24, 100000) ON CONFLICT DO NOTHING;
INSERT INTO tiers (plan_id, min_days, max_days, price_inr, is_active) VALUES ('fcb001ca-6cae-43e8-bd1c-be4ab293f645', 0, 60, 40000.0, TRUE) ON CONFLICT DO NOTHING;
INSERT INTO tiers (plan_id, min_days, max_days, price_inr, is_active) VALUES ('fcb001ca-6cae-43e8-bd1c-be4ab293f645', 61, 365, 47000.0, TRUE) ON CONFLICT DO NOTHING;
INSERT INTO tiers (plan_id, min_days, max_days, price_inr, is_active) VALUES ('fcb001ca-6cae-43e8-bd1c-be4ab293f645', 366, 730, 57000.0, TRUE) ON CONFLICT DO NOTHING;
INSERT INTO tiers (plan_id, min_days, max_days, price_inr, is_active) VALUES ('fcb001ca-6cae-43e8-bd1c-be4ab293f645', 731, 1095, 65000.0, TRUE) ON CONFLICT DO NOTHING;
INSERT INTO plans (id, variant_id, plan_name, duration_months, max_kms) VALUES ('65d2ea14-c0ec-4ebe-9c6f-f03ff0c159e7', '939f0d02-a219-4af2-800b-b534cab699bc', '5 Year/ 125K Kms', 24, 125000) ON CONFLICT DO NOTHING;
INSERT INTO tiers (plan_id, min_days, max_days, price_inr, is_active) VALUES ('65d2ea14-c0ec-4ebe-9c6f-f03ff0c159e7', 0, 60, 43000.0, TRUE) ON CONFLICT DO NOTHING;
INSERT INTO tiers (plan_id, min_days, max_days, price_inr, is_active) VALUES ('65d2ea14-c0ec-4ebe-9c6f-f03ff0c159e7', 61, 365, 51000.0, TRUE) ON CONFLICT DO NOTHING;
INSERT INTO tiers (plan_id, min_days, max_days, price_inr, is_active) VALUES ('65d2ea14-c0ec-4ebe-9c6f-f03ff0c159e7', 366, 730, 61000.0, TRUE) ON CONFLICT DO NOTHING;
INSERT INTO tiers (plan_id, min_days, max_days, price_inr, is_active) VALUES ('65d2ea14-c0ec-4ebe-9c6f-f03ff0c159e7', 731, 1095, 69000.0, TRUE) ON CONFLICT DO NOTHING;
INSERT INTO plans (id, variant_id, plan_name, duration_months, max_kms) VALUES ('590eeb16-57b0-482b-b332-666f1b9979d7', '939f0d02-a219-4af2-800b-b534cab699bc', '5 Year/ 150K Kms', 24, 150000) ON CONFLICT DO NOTHING;
INSERT INTO tiers (plan_id, min_days, max_days, price_inr, is_active) VALUES ('590eeb16-57b0-482b-b332-666f1b9979d7', 0, 60, 48000.0, TRUE) ON CONFLICT DO NOTHING;
INSERT INTO tiers (plan_id, min_days, max_days, price_inr, is_active) VALUES ('590eeb16-57b0-482b-b332-666f1b9979d7', 61, 365, 57000.0, TRUE) ON CONFLICT DO NOTHING;
INSERT INTO tiers (plan_id, min_days, max_days, price_inr, is_active) VALUES ('590eeb16-57b0-482b-b332-666f1b9979d7', 366, 730, 66000.0, TRUE) ON CONFLICT DO NOTHING;
INSERT INTO tiers (plan_id, min_days, max_days, price_inr, is_active) VALUES ('590eeb16-57b0-482b-b332-666f1b9979d7', 731, 1095, 75000.0, TRUE) ON CONFLICT DO NOTHING;
INSERT INTO models (id, brand_id, name) VALUES ('2305c90f-8669-4b95-b4b4-598a11631dd3', '27c384d9-1ca5-4796-bb8c-9ba81b1394bd', 'Meridian H6') ON CONFLICT DO NOTHING;
INSERT INTO variants (id, model_id, name, fuel, transmission, oem_warranty_months, oem_warranty_kms) VALUES ('54453e08-ef81-46fc-b867-5db0a21937c0', '2305c90f-8669-4b95-b4b4-598a11631dd3', 'Meridian H6 Limited', 'N/A', 'N/A', 36, 100000) ON CONFLICT DO NOTHING;
INSERT INTO plans (id, variant_id, plan_name, duration_months, max_kms) VALUES ('b4380bb0-9e43-4b92-b93a-32ffb0d145ff', '54453e08-ef81-46fc-b867-5db0a21937c0', '5 Year/ 100K kms', 24, 100000) ON CONFLICT DO NOTHING;
INSERT INTO tiers (plan_id, min_days, max_days, price_inr, is_active) VALUES ('b4380bb0-9e43-4b92-b93a-32ffb0d145ff', 0, 60, 44000.0, TRUE) ON CONFLICT DO NOTHING;
INSERT INTO tiers (plan_id, min_days, max_days, price_inr, is_active) VALUES ('b4380bb0-9e43-4b92-b93a-32ffb0d145ff', 61, 365, 53000.0, TRUE) ON CONFLICT DO NOTHING;
INSERT INTO tiers (plan_id, min_days, max_days, price_inr, is_active) VALUES ('b4380bb0-9e43-4b92-b93a-32ffb0d145ff', 366, 730, 61000.0, TRUE) ON CONFLICT DO NOTHING;
INSERT INTO tiers (plan_id, min_days, max_days, price_inr, is_active) VALUES ('b4380bb0-9e43-4b92-b93a-32ffb0d145ff', 731, 1095, 70000.0, TRUE) ON CONFLICT DO NOTHING;
INSERT INTO plans (id, variant_id, plan_name, duration_months, max_kms) VALUES ('ce4a7dd2-33f0-4588-bc2c-223d2a85bda9', '54453e08-ef81-46fc-b867-5db0a21937c0', '5 Year/ 125K Kms', 24, 125000) ON CONFLICT DO NOTHING;
INSERT INTO tiers (plan_id, min_days, max_days, price_inr, is_active) VALUES ('ce4a7dd2-33f0-4588-bc2c-223d2a85bda9', 0, 60, 48000.0, TRUE) ON CONFLICT DO NOTHING;
INSERT INTO tiers (plan_id, min_days, max_days, price_inr, is_active) VALUES ('ce4a7dd2-33f0-4588-bc2c-223d2a85bda9', 61, 365, 57000.0, TRUE) ON CONFLICT DO NOTHING;
INSERT INTO tiers (plan_id, min_days, max_days, price_inr, is_active) VALUES ('ce4a7dd2-33f0-4588-bc2c-223d2a85bda9', 366, 730, 66000.0, TRUE) ON CONFLICT DO NOTHING;
INSERT INTO tiers (plan_id, min_days, max_days, price_inr, is_active) VALUES ('ce4a7dd2-33f0-4588-bc2c-223d2a85bda9', 731, 1095, 75000.0, TRUE) ON CONFLICT DO NOTHING;
INSERT INTO plans (id, variant_id, plan_name, duration_months, max_kms) VALUES ('dff06745-e4b7-432b-96dc-cd77f5478ed8', '54453e08-ef81-46fc-b867-5db0a21937c0', '5 Year/ 150K Kms', 24, 150000) ON CONFLICT DO NOTHING;
INSERT INTO tiers (plan_id, min_days, max_days, price_inr, is_active) VALUES ('dff06745-e4b7-432b-96dc-cd77f5478ed8', 0, 60, 52000.0, TRUE) ON CONFLICT DO NOTHING;
INSERT INTO tiers (plan_id, min_days, max_days, price_inr, is_active) VALUES ('dff06745-e4b7-432b-96dc-cd77f5478ed8', 61, 365, 62000.0, TRUE) ON CONFLICT DO NOTHING;
INSERT INTO tiers (plan_id, min_days, max_days, price_inr, is_active) VALUES ('dff06745-e4b7-432b-96dc-cd77f5478ed8', 366, 730, 72000.0, TRUE) ON CONFLICT DO NOTHING;
INSERT INTO tiers (plan_id, min_days, max_days, price_inr, is_active) VALUES ('dff06745-e4b7-432b-96dc-cd77f5478ed8', 731, 1095, 82000.0, TRUE) ON CONFLICT DO NOTHING;
INSERT INTO models (id, brand_id, name) VALUES ('d3b8c4ba-deed-46c6-949a-d0da00c995c1', '27c384d9-1ca5-4796-bb8c-9ba81b1394bd', 'Wrangler') ON CONFLICT DO NOTHING;
INSERT INTO variants (id, model_id, name, fuel, transmission, oem_warranty_months, oem_warranty_kms) VALUES ('5dd4910a-4c02-4d86-8703-a2333f47dcb3', 'd3b8c4ba-deed-46c6-949a-d0da00c995c1', 'Wrangler Unlimited', 'N/A', 'N/A', 36, 100000) ON CONFLICT DO NOTHING;
INSERT INTO plans (id, variant_id, plan_name, duration_months, max_kms) VALUES ('435df839-4ebe-4f84-a40b-54824262a705', '5dd4910a-4c02-4d86-8703-a2333f47dcb3', '5 Year/ 100K kms', 24, 100000) ON CONFLICT DO NOTHING;
INSERT INTO tiers (plan_id, min_days, max_days, price_inr, is_active) VALUES ('435df839-4ebe-4f84-a40b-54824262a705', 0, 60, 97000.0, TRUE) ON CONFLICT DO NOTHING;
INSERT INTO tiers (plan_id, min_days, max_days, price_inr, is_active) VALUES ('435df839-4ebe-4f84-a40b-54824262a705', 61, 365, 109000.0, TRUE) ON CONFLICT DO NOTHING;
INSERT INTO tiers (plan_id, min_days, max_days, price_inr, is_active) VALUES ('435df839-4ebe-4f84-a40b-54824262a705', 366, 730, 126000.0, TRUE) ON CONFLICT DO NOTHING;
INSERT INTO tiers (plan_id, min_days, max_days, price_inr, is_active) VALUES ('435df839-4ebe-4f84-a40b-54824262a705', 731, 1095, 144000.0, TRUE) ON CONFLICT DO NOTHING;
INSERT INTO plans (id, variant_id, plan_name, duration_months, max_kms) VALUES ('f1542a73-d2e5-451d-a2f6-16001ef311ec', '5dd4910a-4c02-4d86-8703-a2333f47dcb3', '5 Year/ 125K Kms', 24, 125000) ON CONFLICT DO NOTHING;
INSERT INTO tiers (plan_id, min_days, max_days, price_inr, is_active) VALUES ('f1542a73-d2e5-451d-a2f6-16001ef311ec', 0, 60, 106000.0, TRUE) ON CONFLICT DO NOTHING;
INSERT INTO tiers (plan_id, min_days, max_days, price_inr, is_active) VALUES ('f1542a73-d2e5-451d-a2f6-16001ef311ec', 61, 365, 120000.0, TRUE) ON CONFLICT DO NOTHING;
INSERT INTO tiers (plan_id, min_days, max_days, price_inr, is_active) VALUES ('f1542a73-d2e5-451d-a2f6-16001ef311ec', 366, 730, 136000.0, TRUE) ON CONFLICT DO NOTHING;
INSERT INTO tiers (plan_id, min_days, max_days, price_inr, is_active) VALUES ('f1542a73-d2e5-451d-a2f6-16001ef311ec', 731, 1095, 155000.0, TRUE) ON CONFLICT DO NOTHING;
INSERT INTO plans (id, variant_id, plan_name, duration_months, max_kms) VALUES ('dd8c798e-7088-4b21-857d-5ec26e904b9e', '5dd4910a-4c02-4d86-8703-a2333f47dcb3', '5 Year/ 150K Kms', 24, 150000) ON CONFLICT DO NOTHING;
INSERT INTO tiers (plan_id, min_days, max_days, price_inr, is_active) VALUES ('dd8c798e-7088-4b21-857d-5ec26e904b9e', 0, 60, 115000.0, TRUE) ON CONFLICT DO NOTHING;
INSERT INTO tiers (plan_id, min_days, max_days, price_inr, is_active) VALUES ('dd8c798e-7088-4b21-857d-5ec26e904b9e', 61, 365, 130000.0, TRUE) ON CONFLICT DO NOTHING;
INSERT INTO tiers (plan_id, min_days, max_days, price_inr, is_active) VALUES ('dd8c798e-7088-4b21-857d-5ec26e904b9e', 366, 730, 145000.0, TRUE) ON CONFLICT DO NOTHING;
INSERT INTO tiers (plan_id, min_days, max_days, price_inr, is_active) VALUES ('dd8c798e-7088-4b21-857d-5ec26e904b9e', 731, 1095, 165000.0, TRUE) ON CONFLICT DO NOTHING;
INSERT INTO models (id, brand_id, name) VALUES ('ee216875-f441-419a-91f5-89ef420a4dc6', '27c384d9-1ca5-4796-bb8c-9ba81b1394bd', 'Grand Cherokee') ON CONFLICT DO NOTHING;
INSERT INTO variants (id, model_id, name, fuel, transmission, oem_warranty_months, oem_warranty_kms) VALUES ('8c812d38-9bb4-4475-9396-75a8b55a5ecd', 'ee216875-f441-419a-91f5-89ef420a4dc6', 'Grand Cherokee Limited', 'N/A', 'N/A', 36, 100000) ON CONFLICT DO NOTHING;
INSERT INTO plans (id, variant_id, plan_name, duration_months, max_kms) VALUES ('9e75c2e5-95d8-4c71-978d-116d01d15f72', '8c812d38-9bb4-4475-9396-75a8b55a5ecd', '5 Year/ 100K kms', 24, 100000) ON CONFLICT DO NOTHING;
INSERT INTO tiers (plan_id, min_days, max_days, price_inr, is_active) VALUES ('9e75c2e5-95d8-4c71-978d-116d01d15f72', 0, 60, 154000.0, TRUE) ON CONFLICT DO NOTHING;
INSERT INTO tiers (plan_id, min_days, max_days, price_inr, is_active) VALUES ('9e75c2e5-95d8-4c71-978d-116d01d15f72', 61, 365, 183000.0, TRUE) ON CONFLICT DO NOTHING;
INSERT INTO tiers (plan_id, min_days, max_days, price_inr, is_active) VALUES ('9e75c2e5-95d8-4c71-978d-116d01d15f72', 366, 730, 217000.0, TRUE) ON CONFLICT DO NOTHING;
INSERT INTO tiers (plan_id, min_days, max_days, price_inr, is_active) VALUES ('9e75c2e5-95d8-4c71-978d-116d01d15f72', 731, 1095, 247000.0, TRUE) ON CONFLICT DO NOTHING;
INSERT INTO plans (id, variant_id, plan_name, duration_months, max_kms) VALUES ('f71cd3e8-c651-405d-90f4-cf584c4b962d', '8c812d38-9bb4-4475-9396-75a8b55a5ecd', '5 Year/ 125K Kms', 24, 125000) ON CONFLICT DO NOTHING;
INSERT INTO tiers (plan_id, min_days, max_days, price_inr, is_active) VALUES ('f71cd3e8-c651-405d-90f4-cf584c4b962d', 0, 60, 170000.0, TRUE) ON CONFLICT DO NOTHING;
INSERT INTO tiers (plan_id, min_days, max_days, price_inr, is_active) VALUES ('f71cd3e8-c651-405d-90f4-cf584c4b962d', 61, 365, 202000.0, TRUE) ON CONFLICT DO NOTHING;
INSERT INTO tiers (plan_id, min_days, max_days, price_inr, is_active) VALUES ('f71cd3e8-c651-405d-90f4-cf584c4b962d', 366, 730, 235000.0, TRUE) ON CONFLICT DO NOTHING;
INSERT INTO tiers (plan_id, min_days, max_days, price_inr, is_active) VALUES ('f71cd3e8-c651-405d-90f4-cf584c4b962d', 731, 1095, 267000.0, TRUE) ON CONFLICT DO NOTHING;
INSERT INTO plans (id, variant_id, plan_name, duration_months, max_kms) VALUES ('9a9be102-5fff-4ebf-99c0-3c2ffae09890', '8c812d38-9bb4-4475-9396-75a8b55a5ecd', '5 Year/ 150K Kms', 24, 150000) ON CONFLICT DO NOTHING;
INSERT INTO tiers (plan_id, min_days, max_days, price_inr, is_active) VALUES ('9a9be102-5fff-4ebf-99c0-3c2ffae09890', 0, 60, 185000.0, TRUE) ON CONFLICT DO NOTHING;
INSERT INTO tiers (plan_id, min_days, max_days, price_inr, is_active) VALUES ('9a9be102-5fff-4ebf-99c0-3c2ffae09890', 61, 365, 220000.0, TRUE) ON CONFLICT DO NOTHING;
INSERT INTO tiers (plan_id, min_days, max_days, price_inr, is_active) VALUES ('9a9be102-5fff-4ebf-99c0-3c2ffae09890', 366, 730, 255000.0, TRUE) ON CONFLICT DO NOTHING;
INSERT INTO tiers (plan_id, min_days, max_days, price_inr, is_active) VALUES ('9a9be102-5fff-4ebf-99c0-3c2ffae09890', 731, 1095, 290000.0, TRUE) ON CONFLICT DO NOTHING;
INSERT INTO brands (id, name) VALUES ('77f733c0-eeb1-4722-9267-7244d81b8485', 'Honda') ON CONFLICT DO NOTHING;
INSERT INTO models (id, brand_id, name) VALUES ('842cda93-d7ff-4d04-93f1-15e5b2a2d023', '77f733c0-eeb1-4722-9267-7244d81b8485', 'All New Elevate') ON CONFLICT DO NOTHING;
INSERT INTO variants (id, model_id, name, fuel, transmission, oem_warranty_months, oem_warranty_kms) VALUES ('cda06199-da11-49a5-a9aa-0d6c6f41e187', '842cda93-d7ff-4d04-93f1-15e5b2a2d023', 'All New Elevate CVT', 'N/A', 'CVT', 36, 100000) ON CONFLICT DO NOTHING;
INSERT INTO plans (id, variant_id, plan_name, duration_months, max_kms) VALUES ('898cfe02-74f7-4588-92dc-b615557c5714', 'cda06199-da11-49a5-a9aa-0d6c6f41e187', '4th-5th Year / 100,000 Kms', 24, 100000) ON CONFLICT DO NOTHING;
INSERT INTO tiers (plan_id, min_days, max_days, price_inr, is_active) VALUES ('898cfe02-74f7-4588-92dc-b615557c5714', 0, 60, 19942.0, TRUE) ON CONFLICT DO NOTHING;
INSERT INTO tiers (plan_id, min_days, max_days, price_inr, is_active) VALUES ('898cfe02-74f7-4588-92dc-b615557c5714', 61, 300, 21358.0, TRUE) ON CONFLICT DO NOTHING;
INSERT INTO tiers (plan_id, min_days, max_days, price_inr, is_active) VALUES ('898cfe02-74f7-4588-92dc-b615557c5714', 301, 540, 22892.0, TRUE) ON CONFLICT DO NOTHING;
INSERT INTO tiers (plan_id, min_days, max_days, price_inr, is_active) VALUES ('898cfe02-74f7-4588-92dc-b615557c5714', 541, 730, 24426.0, TRUE) ON CONFLICT DO NOTHING;
INSERT INTO tiers (plan_id, min_days, max_days, price_inr, is_active) VALUES ('898cfe02-74f7-4588-92dc-b615557c5714', 731, 910, 26196.0, TRUE) ON CONFLICT DO NOTHING;
INSERT INTO tiers (plan_id, min_days, max_days, price_inr, is_active) VALUES ('898cfe02-74f7-4588-92dc-b615557c5714', 911, 1095, 27966.0, TRUE) ON CONFLICT DO NOTHING;
INSERT INTO plans (id, variant_id, plan_name, duration_months, max_kms) VALUES ('146bc9db-281c-4883-89fc-5507f8516f6a', 'cda06199-da11-49a5-a9aa-0d6c6f41e187', '4th-6th Year / 125,000 Kms', 36, 125000) ON CONFLICT DO NOTHING;
INSERT INTO tiers (plan_id, min_days, max_days, price_inr, is_active) VALUES ('146bc9db-281c-4883-89fc-5507f8516f6a', 0, 60, 33512.0, TRUE) ON CONFLICT DO NOTHING;
INSERT INTO tiers (plan_id, min_days, max_days, price_inr, is_active) VALUES ('146bc9db-281c-4883-89fc-5507f8516f6a', 61, 300, 35872.0, TRUE) ON CONFLICT DO NOTHING;
INSERT INTO tiers (plan_id, min_days, max_days, price_inr, is_active) VALUES ('146bc9db-281c-4883-89fc-5507f8516f6a', 301, 540, 38350.0, TRUE) ON CONFLICT DO NOTHING;
INSERT INTO tiers (plan_id, min_days, max_days, price_inr, is_active) VALUES ('146bc9db-281c-4883-89fc-5507f8516f6a', 541, 730, 40946.0, TRUE) ON CONFLICT DO NOTHING;
INSERT INTO tiers (plan_id, min_days, max_days, price_inr, is_active) VALUES ('146bc9db-281c-4883-89fc-5507f8516f6a', 731, 910, 43896.0, TRUE) ON CONFLICT DO NOTHING;
INSERT INTO tiers (plan_id, min_days, max_days, price_inr, is_active) VALUES ('146bc9db-281c-4883-89fc-5507f8516f6a', 911, 1095, 46964.0, TRUE) ON CONFLICT DO NOTHING;
INSERT INTO variants (id, model_id, name, fuel, transmission, oem_warranty_months, oem_warranty_kms) VALUES ('3c877d44-2d1b-478a-92eb-7b977669d7de', '842cda93-d7ff-4d04-93f1-15e5b2a2d023', 'All New Elevate MT', 'N/A', 'Manual', 36, 100000) ON CONFLICT DO NOTHING;
INSERT INTO plans (id, variant_id, plan_name, duration_months, max_kms) VALUES ('978e1ea6-2c6e-45fb-9f2d-0842e09008ef', '3c877d44-2d1b-478a-92eb-7b977669d7de', '4th-5th Year / 100,000 Kms', 24, 100000) ON CONFLICT DO NOTHING;
INSERT INTO tiers (plan_id, min_days, max_days, price_inr, is_active) VALUES ('978e1ea6-2c6e-45fb-9f2d-0842e09008ef', 0, 60, 18998.0, TRUE) ON CONFLICT DO NOTHING;
INSERT INTO tiers (plan_id, min_days, max_days, price_inr, is_active) VALUES ('978e1ea6-2c6e-45fb-9f2d-0842e09008ef', 61, 300, 20296.0, TRUE) ON CONFLICT DO NOTHING;
INSERT INTO tiers (plan_id, min_days, max_days, price_inr, is_active) VALUES ('978e1ea6-2c6e-45fb-9f2d-0842e09008ef', 301, 540, 21712.0, TRUE) ON CONFLICT DO NOTHING;
INSERT INTO tiers (plan_id, min_days, max_days, price_inr, is_active) VALUES ('978e1ea6-2c6e-45fb-9f2d-0842e09008ef', 541, 730, 23246.0, TRUE) ON CONFLICT DO NOTHING;
INSERT INTO tiers (plan_id, min_days, max_days, price_inr, is_active) VALUES ('978e1ea6-2c6e-45fb-9f2d-0842e09008ef', 731, 910, 24898.0, TRUE) ON CONFLICT DO NOTHING;
INSERT INTO tiers (plan_id, min_days, max_days, price_inr, is_active) VALUES ('978e1ea6-2c6e-45fb-9f2d-0842e09008ef', 911, 1095, 26668.0, TRUE) ON CONFLICT DO NOTHING;
INSERT INTO plans (id, variant_id, plan_name, duration_months, max_kms) VALUES ('0a0e9355-7c83-4908-992a-0ab170810916', '3c877d44-2d1b-478a-92eb-7b977669d7de', '4th-6th Year / 125,000 Kms', 36, 125000) ON CONFLICT DO NOTHING;
INSERT INTO tiers (plan_id, min_days, max_days, price_inr, is_active) VALUES ('0a0e9355-7c83-4908-992a-0ab170810916', 0, 60, 31742.0, TRUE) ON CONFLICT DO NOTHING;
INSERT INTO tiers (plan_id, min_days, max_days, price_inr, is_active) VALUES ('0a0e9355-7c83-4908-992a-0ab170810916', 61, 300, 33984.0, TRUE) ON CONFLICT DO NOTHING;
INSERT INTO tiers (plan_id, min_days, max_days, price_inr, is_active) VALUES ('0a0e9355-7c83-4908-992a-0ab170810916', 301, 540, 36462.0, TRUE) ON CONFLICT DO NOTHING;
INSERT INTO tiers (plan_id, min_days, max_days, price_inr, is_active) VALUES ('0a0e9355-7c83-4908-992a-0ab170810916', 541, 730, 38940.0, TRUE) ON CONFLICT DO NOTHING;
INSERT INTO tiers (plan_id, min_days, max_days, price_inr, is_active) VALUES ('0a0e9355-7c83-4908-992a-0ab170810916', 731, 910, 41654.0, TRUE) ON CONFLICT DO NOTHING;
INSERT INTO tiers (plan_id, min_days, max_days, price_inr, is_active) VALUES ('0a0e9355-7c83-4908-992a-0ab170810916', 911, 1095, 44604.0, TRUE) ON CONFLICT DO NOTHING;
INSERT INTO models (id, brand_id, name) VALUES ('87c51f3d-b671-4200-9e9b-fcb28f400dc8', '77f733c0-eeb1-4722-9267-7244d81b8485', 'City 2020') ON CONFLICT DO NOTHING;
INSERT INTO variants (id, model_id, name, fuel, transmission, oem_warranty_months, oem_warranty_kms) VALUES ('bce19a89-874e-488a-8248-d83134d4440b', '87c51f3d-b671-4200-9e9b-fcb28f400dc8', 'City 2020 CVT', 'N/A', 'CVT', 36, 100000) ON CONFLICT DO NOTHING;
INSERT INTO plans (id, variant_id, plan_name, duration_months, max_kms) VALUES ('5c9f740b-cb6a-40cb-a24e-2bb9638267b4', 'bce19a89-874e-488a-8248-d83134d4440b', '4th-5th Year / 100,000 Kms', 24, 100000) ON CONFLICT DO NOTHING;
INSERT INTO tiers (plan_id, min_days, max_days, price_inr, is_active) VALUES ('5c9f740b-cb6a-40cb-a24e-2bb9638267b4', 0, 60, 17818.0, TRUE) ON CONFLICT DO NOTHING;
INSERT INTO tiers (plan_id, min_days, max_days, price_inr, is_active) VALUES ('5c9f740b-cb6a-40cb-a24e-2bb9638267b4', 61, 300, 18998.0, TRUE) ON CONFLICT DO NOTHING;
INSERT INTO tiers (plan_id, min_days, max_days, price_inr, is_active) VALUES ('5c9f740b-cb6a-40cb-a24e-2bb9638267b4', 301, 540, 20296.0, TRUE) ON CONFLICT DO NOTHING;
INSERT INTO tiers (plan_id, min_days, max_days, price_inr, is_active) VALUES ('5c9f740b-cb6a-40cb-a24e-2bb9638267b4', 541, 730, 21712.0, TRUE) ON CONFLICT DO NOTHING;
INSERT INTO tiers (plan_id, min_days, max_days, price_inr, is_active) VALUES ('5c9f740b-cb6a-40cb-a24e-2bb9638267b4', 731, 910, 23246.0, TRUE) ON CONFLICT DO NOTHING;
INSERT INTO tiers (plan_id, min_days, max_days, price_inr, is_active) VALUES ('5c9f740b-cb6a-40cb-a24e-2bb9638267b4', 911, 1095, 24898.0, TRUE) ON CONFLICT DO NOTHING;
INSERT INTO plans (id, variant_id, plan_name, duration_months, max_kms) VALUES ('972742bb-f459-4600-97b5-54e4a7c97da5', 'bce19a89-874e-488a-8248-d83134d4440b', '4th-6th Year / 125,000 Kms', 36, 125000) ON CONFLICT DO NOTHING;
INSERT INTO tiers (plan_id, min_days, max_days, price_inr, is_active) VALUES ('972742bb-f459-4600-97b5-54e4a7c97da5', 0, 60, 30208.0, TRUE) ON CONFLICT DO NOTHING;
INSERT INTO tiers (plan_id, min_days, max_days, price_inr, is_active) VALUES ('972742bb-f459-4600-97b5-54e4a7c97da5', 61, 300, 32332.0, TRUE) ON CONFLICT DO NOTHING;
INSERT INTO tiers (plan_id, min_days, max_days, price_inr, is_active) VALUES ('972742bb-f459-4600-97b5-54e4a7c97da5', 301, 540, 34574.0, TRUE) ON CONFLICT DO NOTHING;
INSERT INTO tiers (plan_id, min_days, max_days, price_inr, is_active) VALUES ('972742bb-f459-4600-97b5-54e4a7c97da5', 541, 730, 37052.0, TRUE) ON CONFLICT DO NOTHING;
INSERT INTO tiers (plan_id, min_days, max_days, price_inr, is_active) VALUES ('972742bb-f459-4600-97b5-54e4a7c97da5', 731, 910, 39648.0, TRUE) ON CONFLICT DO NOTHING;
INSERT INTO tiers (plan_id, min_days, max_days, price_inr, is_active) VALUES ('972742bb-f459-4600-97b5-54e4a7c97da5', 911, 1095, 42362.0, TRUE) ON CONFLICT DO NOTHING;
INSERT INTO variants (id, model_id, name, fuel, transmission, oem_warranty_months, oem_warranty_kms) VALUES ('79b5bf66-20d7-413b-9f5f-273c1e4d9e6e', '87c51f3d-b671-4200-9e9b-fcb28f400dc8', 'City 2020 MT', 'N/A', 'Manual', 36, 100000) ON CONFLICT DO NOTHING;
INSERT INTO plans (id, variant_id, plan_name, duration_months, max_kms) VALUES ('8ff15e0a-5cbe-4b41-ae5a-0722f0a4da10', '79b5bf66-20d7-413b-9f5f-273c1e4d9e6e', '4th-5th Year / 100,000 Kms', 24, 100000) ON CONFLICT DO NOTHING;
INSERT INTO tiers (plan_id, min_days, max_days, price_inr, is_active) VALUES ('8ff15e0a-5cbe-4b41-ae5a-0722f0a4da10', 0, 60, 16874.0, TRUE) ON CONFLICT DO NOTHING;
INSERT INTO tiers (plan_id, min_days, max_days, price_inr, is_active) VALUES ('8ff15e0a-5cbe-4b41-ae5a-0722f0a4da10', 61, 300, 18054.0, TRUE) ON CONFLICT DO NOTHING;
INSERT INTO tiers (plan_id, min_days, max_days, price_inr, is_active) VALUES ('8ff15e0a-5cbe-4b41-ae5a-0722f0a4da10', 301, 540, 19352.0, TRUE) ON CONFLICT DO NOTHING;
INSERT INTO tiers (plan_id, min_days, max_days, price_inr, is_active) VALUES ('8ff15e0a-5cbe-4b41-ae5a-0722f0a4da10', 541, 730, 20650.0, TRUE) ON CONFLICT DO NOTHING;
INSERT INTO tiers (plan_id, min_days, max_days, price_inr, is_active) VALUES ('8ff15e0a-5cbe-4b41-ae5a-0722f0a4da10', 731, 910, 22066.0, TRUE) ON CONFLICT DO NOTHING;
INSERT INTO tiers (plan_id, min_days, max_days, price_inr, is_active) VALUES ('8ff15e0a-5cbe-4b41-ae5a-0722f0a4da10', 911, 1095, 23718.0, TRUE) ON CONFLICT DO NOTHING;
INSERT INTO plans (id, variant_id, plan_name, duration_months, max_kms) VALUES ('fa71c4c6-e8f2-49b7-8412-5b5871f68451', '79b5bf66-20d7-413b-9f5f-273c1e4d9e6e', '4th-6th Year / 125,000 Kms', 36, 125000) ON CONFLICT DO NOTHING;
INSERT INTO tiers (plan_id, min_days, max_days, price_inr, is_active) VALUES ('fa71c4c6-e8f2-49b7-8412-5b5871f68451', 0, 60, 28674.0, TRUE) ON CONFLICT DO NOTHING;
INSERT INTO tiers (plan_id, min_days, max_days, price_inr, is_active) VALUES ('fa71c4c6-e8f2-49b7-8412-5b5871f68451', 61, 300, 30680.0, TRUE) ON CONFLICT DO NOTHING;
INSERT INTO tiers (plan_id, min_days, max_days, price_inr, is_active) VALUES ('fa71c4c6-e8f2-49b7-8412-5b5871f68451', 301, 540, 32804.0, TRUE) ON CONFLICT DO NOTHING;
INSERT INTO tiers (plan_id, min_days, max_days, price_inr, is_active) VALUES ('fa71c4c6-e8f2-49b7-8412-5b5871f68451', 541, 730, 35164.0, TRUE) ON CONFLICT DO NOTHING;
INSERT INTO tiers (plan_id, min_days, max_days, price_inr, is_active) VALUES ('fa71c4c6-e8f2-49b7-8412-5b5871f68451', 731, 910, 37642.0, TRUE) ON CONFLICT DO NOTHING;
INSERT INTO tiers (plan_id, min_days, max_days, price_inr, is_active) VALUES ('fa71c4c6-e8f2-49b7-8412-5b5871f68451', 911, 1095, 40238.0, TRUE) ON CONFLICT DO NOTHING;
INSERT INTO models (id, brand_id, name) VALUES ('1adb2700-f6e1-484e-8944-0a68d7ca6475', '77f733c0-eeb1-4722-9267-7244d81b8485', 'City e:HEV') ON CONFLICT DO NOTHING;
INSERT INTO variants (id, model_id, name, fuel, transmission, oem_warranty_months, oem_warranty_kms) VALUES ('358fc1ba-58a9-4756-8c3c-8f9dc1ad36fe', '1adb2700-f6e1-484e-8944-0a68d7ca6475', 'City e:HEV CVT', 'N/A', 'CVT', 36, 100000) ON CONFLICT DO NOTHING;
INSERT INTO plans (id, variant_id, plan_name, duration_months, max_kms) VALUES ('a4dceb67-0d52-49a2-a55b-da1c50b4a3ee', '358fc1ba-58a9-4756-8c3c-8f9dc1ad36fe', '4th-5th Year / 100,000 Kms', 24, 100000) ON CONFLICT DO NOTHING;
INSERT INTO tiers (plan_id, min_days, max_days, price_inr, is_active) VALUES ('a4dceb67-0d52-49a2-a55b-da1c50b4a3ee', 0, 60, 17818.0, TRUE) ON CONFLICT DO NOTHING;
INSERT INTO tiers (plan_id, min_days, max_days, price_inr, is_active) VALUES ('a4dceb67-0d52-49a2-a55b-da1c50b4a3ee', 61, 300, 18998.0, TRUE) ON CONFLICT DO NOTHING;
INSERT INTO tiers (plan_id, min_days, max_days, price_inr, is_active) VALUES ('a4dceb67-0d52-49a2-a55b-da1c50b4a3ee', 301, 540, 20296.0, TRUE) ON CONFLICT DO NOTHING;
INSERT INTO tiers (plan_id, min_days, max_days, price_inr, is_active) VALUES ('a4dceb67-0d52-49a2-a55b-da1c50b4a3ee', 541, 730, 21712.0, TRUE) ON CONFLICT DO NOTHING;
INSERT INTO tiers (plan_id, min_days, max_days, price_inr, is_active) VALUES ('a4dceb67-0d52-49a2-a55b-da1c50b4a3ee', 731, 910, 23246.0, TRUE) ON CONFLICT DO NOTHING;
INSERT INTO tiers (plan_id, min_days, max_days, price_inr, is_active) VALUES ('a4dceb67-0d52-49a2-a55b-da1c50b4a3ee', 911, 1095, 24898.0, TRUE) ON CONFLICT DO NOTHING;
INSERT INTO plans (id, variant_id, plan_name, duration_months, max_kms) VALUES ('98e20c95-41b0-4c26-ae2f-4a8f1123fb5b', '358fc1ba-58a9-4756-8c3c-8f9dc1ad36fe', '4th-6th Year / 125,000 Kms', 36, 125000) ON CONFLICT DO NOTHING;
INSERT INTO tiers (plan_id, min_days, max_days, price_inr, is_active) VALUES ('98e20c95-41b0-4c26-ae2f-4a8f1123fb5b', 0, 60, 30208.0, TRUE) ON CONFLICT DO NOTHING;
INSERT INTO tiers (plan_id, min_days, max_days, price_inr, is_active) VALUES ('98e20c95-41b0-4c26-ae2f-4a8f1123fb5b', 61, 300, 32332.0, TRUE) ON CONFLICT DO NOTHING;
INSERT INTO tiers (plan_id, min_days, max_days, price_inr, is_active) VALUES ('98e20c95-41b0-4c26-ae2f-4a8f1123fb5b', 301, 540, 34574.0, TRUE) ON CONFLICT DO NOTHING;
INSERT INTO tiers (plan_id, min_days, max_days, price_inr, is_active) VALUES ('98e20c95-41b0-4c26-ae2f-4a8f1123fb5b', 541, 730, 37052.0, TRUE) ON CONFLICT DO NOTHING;
INSERT INTO tiers (plan_id, min_days, max_days, price_inr, is_active) VALUES ('98e20c95-41b0-4c26-ae2f-4a8f1123fb5b', 731, 910, 39648.0, TRUE) ON CONFLICT DO NOTHING;
INSERT INTO tiers (plan_id, min_days, max_days, price_inr, is_active) VALUES ('98e20c95-41b0-4c26-ae2f-4a8f1123fb5b', 911, 1095, 42362.0, TRUE) ON CONFLICT DO NOTHING;
INSERT INTO variants (id, model_id, name, fuel, transmission, oem_warranty_months, oem_warranty_kms) VALUES ('4f5d2274-8d4d-4449-ae89-948ab8540e3c', '1adb2700-f6e1-484e-8944-0a68d7ca6475', 'City e:HEV MT', 'N/A', 'Manual', 36, 100000) ON CONFLICT DO NOTHING;
INSERT INTO plans (id, variant_id, plan_name, duration_months, max_kms) VALUES ('88fdd58a-ee31-4e82-a036-eedfa7ed9f5d', '4f5d2274-8d4d-4449-ae89-948ab8540e3c', '4th-5th Year / 100,000 Kms', 24, 100000) ON CONFLICT DO NOTHING;
INSERT INTO tiers (plan_id, min_days, max_days, price_inr, is_active) VALUES ('88fdd58a-ee31-4e82-a036-eedfa7ed9f5d', 0, 60, 16874.0, TRUE) ON CONFLICT DO NOTHING;
INSERT INTO tiers (plan_id, min_days, max_days, price_inr, is_active) VALUES ('88fdd58a-ee31-4e82-a036-eedfa7ed9f5d', 61, 300, 18054.0, TRUE) ON CONFLICT DO NOTHING;
INSERT INTO tiers (plan_id, min_days, max_days, price_inr, is_active) VALUES ('88fdd58a-ee31-4e82-a036-eedfa7ed9f5d', 301, 540, 19352.0, TRUE) ON CONFLICT DO NOTHING;
INSERT INTO tiers (plan_id, min_days, max_days, price_inr, is_active) VALUES ('88fdd58a-ee31-4e82-a036-eedfa7ed9f5d', 541, 730, 20650.0, TRUE) ON CONFLICT DO NOTHING;
INSERT INTO tiers (plan_id, min_days, max_days, price_inr, is_active) VALUES ('88fdd58a-ee31-4e82-a036-eedfa7ed9f5d', 731, 910, 22066.0, TRUE) ON CONFLICT DO NOTHING;
INSERT INTO tiers (plan_id, min_days, max_days, price_inr, is_active) VALUES ('88fdd58a-ee31-4e82-a036-eedfa7ed9f5d', 911, 1095, 23718.0, TRUE) ON CONFLICT DO NOTHING;
INSERT INTO plans (id, variant_id, plan_name, duration_months, max_kms) VALUES ('a6daee52-07bf-4516-8959-8900b2ca273e', '4f5d2274-8d4d-4449-ae89-948ab8540e3c', '4th-6th Year / 125,000 Kms', 36, 125000) ON CONFLICT DO NOTHING;
INSERT INTO tiers (plan_id, min_days, max_days, price_inr, is_active) VALUES ('a6daee52-07bf-4516-8959-8900b2ca273e', 0, 60, 28674.0, TRUE) ON CONFLICT DO NOTHING;
INSERT INTO tiers (plan_id, min_days, max_days, price_inr, is_active) VALUES ('a6daee52-07bf-4516-8959-8900b2ca273e', 61, 300, 30680.0, TRUE) ON CONFLICT DO NOTHING;
INSERT INTO tiers (plan_id, min_days, max_days, price_inr, is_active) VALUES ('a6daee52-07bf-4516-8959-8900b2ca273e', 301, 540, 32804.0, TRUE) ON CONFLICT DO NOTHING;
INSERT INTO tiers (plan_id, min_days, max_days, price_inr, is_active) VALUES ('a6daee52-07bf-4516-8959-8900b2ca273e', 541, 730, 35164.0, TRUE) ON CONFLICT DO NOTHING;
INSERT INTO tiers (plan_id, min_days, max_days, price_inr, is_active) VALUES ('a6daee52-07bf-4516-8959-8900b2ca273e', 731, 910, 37642.0, TRUE) ON CONFLICT DO NOTHING;
INSERT INTO tiers (plan_id, min_days, max_days, price_inr, is_active) VALUES ('a6daee52-07bf-4516-8959-8900b2ca273e', 911, 1095, 40238.0, TRUE) ON CONFLICT DO NOTHING;
INSERT INTO models (id, brand_id, name) VALUES ('fbac2bf9-bddc-45e0-86cf-1916201cc8fb', '77f733c0-eeb1-4722-9267-7244d81b8485', 'Amaze') ON CONFLICT DO NOTHING;
INSERT INTO variants (id, model_id, name, fuel, transmission, oem_warranty_months, oem_warranty_kms) VALUES ('33d29af8-f807-420d-9849-c6dc1341c0be', 'fbac2bf9-bddc-45e0-86cf-1916201cc8fb', 'Amaze CVT', 'N/A', 'CVT', 36, 100000) ON CONFLICT DO NOTHING;
INSERT INTO plans (id, variant_id, plan_name, duration_months, max_kms) VALUES ('52f8835d-ff5d-42af-8928-73fca152ee67', '33d29af8-f807-420d-9849-c6dc1341c0be', '4th-5th Year / 100,000 Kms', 24, 100000) ON CONFLICT DO NOTHING;
INSERT INTO tiers (plan_id, min_days, max_days, price_inr, is_active) VALUES ('52f8835d-ff5d-42af-8928-73fca152ee67', 0, 60, 15222.0, TRUE) ON CONFLICT DO NOTHING;
INSERT INTO tiers (plan_id, min_days, max_days, price_inr, is_active) VALUES ('52f8835d-ff5d-42af-8928-73fca152ee67', 61, 300, 16284.0, TRUE) ON CONFLICT DO NOTHING;
INSERT INTO tiers (plan_id, min_days, max_days, price_inr, is_active) VALUES ('52f8835d-ff5d-42af-8928-73fca152ee67', 301, 540, 17464.0, TRUE) ON CONFLICT DO NOTHING;
INSERT INTO tiers (plan_id, min_days, max_days, price_inr, is_active) VALUES ('52f8835d-ff5d-42af-8928-73fca152ee67', 541, 730, 18644.0, TRUE) ON CONFLICT DO NOTHING;
INSERT INTO tiers (plan_id, min_days, max_days, price_inr, is_active) VALUES ('52f8835d-ff5d-42af-8928-73fca152ee67', 731, 910, 19942.0, TRUE) ON CONFLICT DO NOTHING;
INSERT INTO tiers (plan_id, min_days, max_days, price_inr, is_active) VALUES ('52f8835d-ff5d-42af-8928-73fca152ee67', 911, 1095, 21358.0, TRUE) ON CONFLICT DO NOTHING;
INSERT INTO plans (id, variant_id, plan_name, duration_months, max_kms) VALUES ('a7ddc89f-2042-4ab4-9680-9b591a7eaef0', '33d29af8-f807-420d-9849-c6dc1341c0be', '4th-6th Year / 125,000 Kms', 36, 125000) ON CONFLICT DO NOTHING;
INSERT INTO tiers (plan_id, min_days, max_days, price_inr, is_active) VALUES ('a7ddc89f-2042-4ab4-9680-9b591a7eaef0', 0, 60, 25960.0, TRUE) ON CONFLICT DO NOTHING;
INSERT INTO tiers (plan_id, min_days, max_days, price_inr, is_active) VALUES ('a7ddc89f-2042-4ab4-9680-9b591a7eaef0', 61, 300, 27848.0, TRUE) ON CONFLICT DO NOTHING;
INSERT INTO tiers (plan_id, min_days, max_days, price_inr, is_active) VALUES ('a7ddc89f-2042-4ab4-9680-9b591a7eaef0', 301, 540, 29736.0, TRUE) ON CONFLICT DO NOTHING;
INSERT INTO tiers (plan_id, min_days, max_days, price_inr, is_active) VALUES ('a7ddc89f-2042-4ab4-9680-9b591a7eaef0', 541, 730, 31860.0, TRUE) ON CONFLICT DO NOTHING;
INSERT INTO tiers (plan_id, min_days, max_days, price_inr, is_active) VALUES ('a7ddc89f-2042-4ab4-9680-9b591a7eaef0', 731, 910, 34102.0, TRUE) ON CONFLICT DO NOTHING;
INSERT INTO tiers (plan_id, min_days, max_days, price_inr, is_active) VALUES ('a7ddc89f-2042-4ab4-9680-9b591a7eaef0', 911, 1095, 36462.0, TRUE) ON CONFLICT DO NOTHING;
INSERT INTO variants (id, model_id, name, fuel, transmission, oem_warranty_months, oem_warranty_kms) VALUES ('afa60167-da99-42a9-955e-cb90d8fe21e5', 'fbac2bf9-bddc-45e0-86cf-1916201cc8fb', 'Amaze MT', 'N/A', 'Manual', 36, 100000) ON CONFLICT DO NOTHING;
INSERT INTO plans (id, variant_id, plan_name, duration_months, max_kms) VALUES ('61128bf3-84ca-40b1-a401-d527646ac753', 'afa60167-da99-42a9-955e-cb90d8fe21e5', '4th-5th Year / 100,000 Kms', 24, 100000) ON CONFLICT DO NOTHING;
INSERT INTO tiers (plan_id, min_days, max_days, price_inr, is_active) VALUES ('61128bf3-84ca-40b1-a401-d527646ac753', 0, 60, 14396.0, TRUE) ON CONFLICT DO NOTHING;
INSERT INTO tiers (plan_id, min_days, max_days, price_inr, is_active) VALUES ('61128bf3-84ca-40b1-a401-d527646ac753', 61, 300, 15458.0, TRUE) ON CONFLICT DO NOTHING;
INSERT INTO tiers (plan_id, min_days, max_days, price_inr, is_active) VALUES ('61128bf3-84ca-40b1-a401-d527646ac753', 301, 540, 16520.0, TRUE) ON CONFLICT DO NOTHING;
INSERT INTO tiers (plan_id, min_days, max_days, price_inr, is_active) VALUES ('61128bf3-84ca-40b1-a401-d527646ac753', 541, 730, 17700.0, TRUE) ON CONFLICT DO NOTHING;
INSERT INTO tiers (plan_id, min_days, max_days, price_inr, is_active) VALUES ('61128bf3-84ca-40b1-a401-d527646ac753', 731, 910, 18880.0, TRUE) ON CONFLICT DO NOTHING;
INSERT INTO tiers (plan_id, min_days, max_days, price_inr, is_active) VALUES ('61128bf3-84ca-40b1-a401-d527646ac753', 911, 1095, 20296.0, TRUE) ON CONFLICT DO NOTHING;
INSERT INTO plans (id, variant_id, plan_name, duration_months, max_kms) VALUES ('b74cae36-42c4-404f-82b6-bb4a01017316', 'afa60167-da99-42a9-955e-cb90d8fe21e5', '4th-6th Year / 125,000 Kms', 36, 125000) ON CONFLICT DO NOTHING;
INSERT INTO tiers (plan_id, min_days, max_days, price_inr, is_active) VALUES ('b74cae36-42c4-404f-82b6-bb4a01017316', 0, 60, 24662.0, TRUE) ON CONFLICT DO NOTHING;
INSERT INTO tiers (plan_id, min_days, max_days, price_inr, is_active) VALUES ('b74cae36-42c4-404f-82b6-bb4a01017316', 61, 300, 26432.0, TRUE) ON CONFLICT DO NOTHING;
INSERT INTO tiers (plan_id, min_days, max_days, price_inr, is_active) VALUES ('b74cae36-42c4-404f-82b6-bb4a01017316', 301, 540, 28202.0, TRUE) ON CONFLICT DO NOTHING;
INSERT INTO tiers (plan_id, min_days, max_days, price_inr, is_active) VALUES ('b74cae36-42c4-404f-82b6-bb4a01017316', 541, 730, 30208.0, TRUE) ON CONFLICT DO NOTHING;
INSERT INTO tiers (plan_id, min_days, max_days, price_inr, is_active) VALUES ('b74cae36-42c4-404f-82b6-bb4a01017316', 731, 910, 32332.0, TRUE) ON CONFLICT DO NOTHING;
INSERT INTO tiers (plan_id, min_days, max_days, price_inr, is_active) VALUES ('b74cae36-42c4-404f-82b6-bb4a01017316', 911, 1095, 34574.0, TRUE) ON CONFLICT DO NOTHING;
INSERT INTO models (id, brand_id, name) VALUES ('9df92b6e-1a2e-4da2-a5a2-7079cc03d0de', '77f733c0-eeb1-4722-9267-7244d81b8485', 'City') ON CONFLICT DO NOTHING;
INSERT INTO variants (id, model_id, name, fuel, transmission, oem_warranty_months, oem_warranty_kms) VALUES ('ad9ba2bc-73a2-48fe-bf4b-25968734149a', '9df92b6e-1a2e-4da2-a5a2-7079cc03d0de', 'City CVT', 'N/A', 'CVT', 36, 100000) ON CONFLICT DO NOTHING;
INSERT INTO plans (id, variant_id, plan_name, duration_months, max_kms) VALUES ('e8a6520d-5d58-4449-ba53-bc052f3d90b3', 'ad9ba2bc-73a2-48fe-bf4b-25968734149a', '4th-5th Year / 100,000 Kms', 24, 100000) ON CONFLICT DO NOTHING;
INSERT INTO tiers (plan_id, min_days, max_days, price_inr, is_active) VALUES ('e8a6520d-5d58-4449-ba53-bc052f3d90b3', 0, 60, 17818.0, TRUE) ON CONFLICT DO NOTHING;
INSERT INTO tiers (plan_id, min_days, max_days, price_inr, is_active) VALUES ('e8a6520d-5d58-4449-ba53-bc052f3d90b3', 61, 300, 18998.0, TRUE) ON CONFLICT DO NOTHING;
INSERT INTO tiers (plan_id, min_days, max_days, price_inr, is_active) VALUES ('e8a6520d-5d58-4449-ba53-bc052f3d90b3', 301, 540, 20296.0, TRUE) ON CONFLICT DO NOTHING;
INSERT INTO tiers (plan_id, min_days, max_days, price_inr, is_active) VALUES ('e8a6520d-5d58-4449-ba53-bc052f3d90b3', 541, 730, 21712.0, TRUE) ON CONFLICT DO NOTHING;
INSERT INTO tiers (plan_id, min_days, max_days, price_inr, is_active) VALUES ('e8a6520d-5d58-4449-ba53-bc052f3d90b3', 731, 910, 23246.0, TRUE) ON CONFLICT DO NOTHING;
INSERT INTO tiers (plan_id, min_days, max_days, price_inr, is_active) VALUES ('e8a6520d-5d58-4449-ba53-bc052f3d90b3', 911, 1095, 24898.0, TRUE) ON CONFLICT DO NOTHING;
INSERT INTO plans (id, variant_id, plan_name, duration_months, max_kms) VALUES ('61f334c5-d14b-4a45-96b3-b5f12f627c75', 'ad9ba2bc-73a2-48fe-bf4b-25968734149a', '4th-6th Year / 125,000 Kms', 36, 125000) ON CONFLICT DO NOTHING;
INSERT INTO tiers (plan_id, min_days, max_days, price_inr, is_active) VALUES ('61f334c5-d14b-4a45-96b3-b5f12f627c75', 0, 60, 30208.0, TRUE) ON CONFLICT DO NOTHING;
INSERT INTO tiers (plan_id, min_days, max_days, price_inr, is_active) VALUES ('61f334c5-d14b-4a45-96b3-b5f12f627c75', 61, 300, 32332.0, TRUE) ON CONFLICT DO NOTHING;
INSERT INTO tiers (plan_id, min_days, max_days, price_inr, is_active) VALUES ('61f334c5-d14b-4a45-96b3-b5f12f627c75', 301, 540, 34574.0, TRUE) ON CONFLICT DO NOTHING;
INSERT INTO tiers (plan_id, min_days, max_days, price_inr, is_active) VALUES ('61f334c5-d14b-4a45-96b3-b5f12f627c75', 541, 730, 37052.0, TRUE) ON CONFLICT DO NOTHING;
INSERT INTO tiers (plan_id, min_days, max_days, price_inr, is_active) VALUES ('61f334c5-d14b-4a45-96b3-b5f12f627c75', 731, 910, 39648.0, TRUE) ON CONFLICT DO NOTHING;
INSERT INTO tiers (plan_id, min_days, max_days, price_inr, is_active) VALUES ('61f334c5-d14b-4a45-96b3-b5f12f627c75', 911, 1095, 42362.0, TRUE) ON CONFLICT DO NOTHING;
INSERT INTO variants (id, model_id, name, fuel, transmission, oem_warranty_months, oem_warranty_kms) VALUES ('ca6a5d99-524e-4ec6-9482-6405d8ec8126', '9df92b6e-1a2e-4da2-a5a2-7079cc03d0de', 'City MT', 'N/A', 'Manual', 36, 100000) ON CONFLICT DO NOTHING;
INSERT INTO plans (id, variant_id, plan_name, duration_months, max_kms) VALUES ('bfeecb1c-0671-40f1-9756-f9ef0cf7125d', 'ca6a5d99-524e-4ec6-9482-6405d8ec8126', '4th-5th Year / 100,000 Kms', 24, 100000) ON CONFLICT DO NOTHING;
INSERT INTO tiers (plan_id, min_days, max_days, price_inr, is_active) VALUES ('bfeecb1c-0671-40f1-9756-f9ef0cf7125d', 0, 60, 16874.0, TRUE) ON CONFLICT DO NOTHING;
INSERT INTO tiers (plan_id, min_days, max_days, price_inr, is_active) VALUES ('bfeecb1c-0671-40f1-9756-f9ef0cf7125d', 61, 300, 18054.0, TRUE) ON CONFLICT DO NOTHING;
INSERT INTO tiers (plan_id, min_days, max_days, price_inr, is_active) VALUES ('bfeecb1c-0671-40f1-9756-f9ef0cf7125d', 301, 540, 19352.0, TRUE) ON CONFLICT DO NOTHING;
INSERT INTO tiers (plan_id, min_days, max_days, price_inr, is_active) VALUES ('bfeecb1c-0671-40f1-9756-f9ef0cf7125d', 541, 730, 20650.0, TRUE) ON CONFLICT DO NOTHING;
INSERT INTO tiers (plan_id, min_days, max_days, price_inr, is_active) VALUES ('bfeecb1c-0671-40f1-9756-f9ef0cf7125d', 731, 910, 22066.0, TRUE) ON CONFLICT DO NOTHING;
INSERT INTO tiers (plan_id, min_days, max_days, price_inr, is_active) VALUES ('bfeecb1c-0671-40f1-9756-f9ef0cf7125d', 911, 1095, 23718.0, TRUE) ON CONFLICT DO NOTHING;
INSERT INTO plans (id, variant_id, plan_name, duration_months, max_kms) VALUES ('df4b2c63-0872-484d-9647-38af18705445', 'ca6a5d99-524e-4ec6-9482-6405d8ec8126', '4th-6th Year / 125,000 Kms', 36, 125000) ON CONFLICT DO NOTHING;
INSERT INTO tiers (plan_id, min_days, max_days, price_inr, is_active) VALUES ('df4b2c63-0872-484d-9647-38af18705445', 0, 60, 28674.0, TRUE) ON CONFLICT DO NOTHING;
INSERT INTO tiers (plan_id, min_days, max_days, price_inr, is_active) VALUES ('df4b2c63-0872-484d-9647-38af18705445', 61, 300, 30680.0, TRUE) ON CONFLICT DO NOTHING;
INSERT INTO tiers (plan_id, min_days, max_days, price_inr, is_active) VALUES ('df4b2c63-0872-484d-9647-38af18705445', 301, 540, 32804.0, TRUE) ON CONFLICT DO NOTHING;
INSERT INTO tiers (plan_id, min_days, max_days, price_inr, is_active) VALUES ('df4b2c63-0872-484d-9647-38af18705445', 541, 730, 35164.0, TRUE) ON CONFLICT DO NOTHING;
INSERT INTO tiers (plan_id, min_days, max_days, price_inr, is_active) VALUES ('df4b2c63-0872-484d-9647-38af18705445', 731, 910, 37642.0, TRUE) ON CONFLICT DO NOTHING;
INSERT INTO tiers (plan_id, min_days, max_days, price_inr, is_active) VALUES ('df4b2c63-0872-484d-9647-38af18705445', 911, 1095, 40238.0, TRUE) ON CONFLICT DO NOTHING;
INSERT INTO models (id, brand_id, name) VALUES ('ed2dd22c-0e5f-4386-8513-c78c77fc993e', '77f733c0-eeb1-4722-9267-7244d81b8485', 'Jazz') ON CONFLICT DO NOTHING;
INSERT INTO variants (id, model_id, name, fuel, transmission, oem_warranty_months, oem_warranty_kms) VALUES ('bf9d72b7-1678-4604-aa8b-2e0252edff5d', 'ed2dd22c-0e5f-4386-8513-c78c77fc993e', 'Jazz CVT', 'N/A', 'CVT', 36, 100000) ON CONFLICT DO NOTHING;
INSERT INTO plans (id, variant_id, plan_name, duration_months, max_kms) VALUES ('cd0e0f01-e79d-4c3c-805f-7f30554af43c', 'bf9d72b7-1678-4604-aa8b-2e0252edff5d', '4th-5th Year / 100,000 Kms', 24, 100000) ON CONFLICT DO NOTHING;
INSERT INTO tiers (plan_id, min_days, max_days, price_inr, is_active) VALUES ('cd0e0f01-e79d-4c3c-805f-7f30554af43c', 0, 60, 15340.0, TRUE) ON CONFLICT DO NOTHING;
INSERT INTO tiers (plan_id, min_days, max_days, price_inr, is_active) VALUES ('cd0e0f01-e79d-4c3c-805f-7f30554af43c', 61, 300, 16402.0, TRUE) ON CONFLICT DO NOTHING;
INSERT INTO tiers (plan_id, min_days, max_days, price_inr, is_active) VALUES ('cd0e0f01-e79d-4c3c-805f-7f30554af43c', 301, 540, 17582.0, TRUE) ON CONFLICT DO NOTHING;
INSERT INTO tiers (plan_id, min_days, max_days, price_inr, is_active) VALUES ('cd0e0f01-e79d-4c3c-805f-7f30554af43c', 541, 730, 18762.0, TRUE) ON CONFLICT DO NOTHING;
INSERT INTO tiers (plan_id, min_days, max_days, price_inr, is_active) VALUES ('cd0e0f01-e79d-4c3c-805f-7f30554af43c', 731, 910, 20060.0, TRUE) ON CONFLICT DO NOTHING;
INSERT INTO tiers (plan_id, min_days, max_days, price_inr, is_active) VALUES ('cd0e0f01-e79d-4c3c-805f-7f30554af43c', 911, 1095, 21476.0, TRUE) ON CONFLICT DO NOTHING;
INSERT INTO plans (id, variant_id, plan_name, duration_months, max_kms) VALUES ('6678b841-e37d-4476-ab12-dece32a728bf', 'bf9d72b7-1678-4604-aa8b-2e0252edff5d', '4th-6th Year / 125,000 Kms', 36, 125000) ON CONFLICT DO NOTHING;
INSERT INTO tiers (plan_id, min_days, max_days, price_inr, is_active) VALUES ('6678b841-e37d-4476-ab12-dece32a728bf', 0, 60, 26196.0, TRUE) ON CONFLICT DO NOTHING;
INSERT INTO tiers (plan_id, min_days, max_days, price_inr, is_active) VALUES ('6678b841-e37d-4476-ab12-dece32a728bf', 61, 300, 27966.0, TRUE) ON CONFLICT DO NOTHING;
INSERT INTO tiers (plan_id, min_days, max_days, price_inr, is_active) VALUES ('6678b841-e37d-4476-ab12-dece32a728bf', 301, 540, 29972.0, TRUE) ON CONFLICT DO NOTHING;
INSERT INTO tiers (plan_id, min_days, max_days, price_inr, is_active) VALUES ('6678b841-e37d-4476-ab12-dece32a728bf', 541, 730, 32096.0, TRUE) ON CONFLICT DO NOTHING;
INSERT INTO tiers (plan_id, min_days, max_days, price_inr, is_active) VALUES ('6678b841-e37d-4476-ab12-dece32a728bf', 731, 910, 34338.0, TRUE) ON CONFLICT DO NOTHING;
INSERT INTO tiers (plan_id, min_days, max_days, price_inr, is_active) VALUES ('6678b841-e37d-4476-ab12-dece32a728bf', 911, 1095, 36698.0, TRUE) ON CONFLICT DO NOTHING;
INSERT INTO variants (id, model_id, name, fuel, transmission, oem_warranty_months, oem_warranty_kms) VALUES ('1aefb94a-cf1b-48b9-b204-5e18cde47b0a', 'ed2dd22c-0e5f-4386-8513-c78c77fc993e', 'Jazz MT', 'N/A', 'Manual', 36, 100000) ON CONFLICT DO NOTHING;
INSERT INTO plans (id, variant_id, plan_name, duration_months, max_kms) VALUES ('92d9f98c-c9ee-4b6a-9e3a-31cfd91a62db', '1aefb94a-cf1b-48b9-b204-5e18cde47b0a', '4th-5th Year / 100,000 Kms', 24, 100000) ON CONFLICT DO NOTHING;
INSERT INTO tiers (plan_id, min_days, max_days, price_inr, is_active) VALUES ('92d9f98c-c9ee-4b6a-9e3a-31cfd91a62db', 0, 60, 14514.0, TRUE) ON CONFLICT DO NOTHING;
INSERT INTO tiers (plan_id, min_days, max_days, price_inr, is_active) VALUES ('92d9f98c-c9ee-4b6a-9e3a-31cfd91a62db', 61, 300, 15576.0, TRUE) ON CONFLICT DO NOTHING;
INSERT INTO tiers (plan_id, min_days, max_days, price_inr, is_active) VALUES ('92d9f98c-c9ee-4b6a-9e3a-31cfd91a62db', 301, 540, 16638.0, TRUE) ON CONFLICT DO NOTHING;
INSERT INTO tiers (plan_id, min_days, max_days, price_inr, is_active) VALUES ('92d9f98c-c9ee-4b6a-9e3a-31cfd91a62db', 541, 730, 17818.0, TRUE) ON CONFLICT DO NOTHING;
INSERT INTO tiers (plan_id, min_days, max_days, price_inr, is_active) VALUES ('92d9f98c-c9ee-4b6a-9e3a-31cfd91a62db', 731, 910, 19116.0, TRUE) ON CONFLICT DO NOTHING;
INSERT INTO tiers (plan_id, min_days, max_days, price_inr, is_active) VALUES ('92d9f98c-c9ee-4b6a-9e3a-31cfd91a62db', 911, 1095, 20414.0, TRUE) ON CONFLICT DO NOTHING;
INSERT INTO plans (id, variant_id, plan_name, duration_months, max_kms) VALUES ('a08627e8-0c79-4a57-b495-ef871ca43715', '1aefb94a-cf1b-48b9-b204-5e18cde47b0a', '4th-6th Year / 125,000 Kms', 36, 125000) ON CONFLICT DO NOTHING;
INSERT INTO tiers (plan_id, min_days, max_days, price_inr, is_active) VALUES ('a08627e8-0c79-4a57-b495-ef871ca43715', 0, 60, 24898.0, TRUE) ON CONFLICT DO NOTHING;
INSERT INTO tiers (plan_id, min_days, max_days, price_inr, is_active) VALUES ('a08627e8-0c79-4a57-b495-ef871ca43715', 61, 300, 26550.0, TRUE) ON CONFLICT DO NOTHING;
INSERT INTO tiers (plan_id, min_days, max_days, price_inr, is_active) VALUES ('a08627e8-0c79-4a57-b495-ef871ca43715', 301, 540, 28438.0, TRUE) ON CONFLICT DO NOTHING;
INSERT INTO tiers (plan_id, min_days, max_days, price_inr, is_active) VALUES ('a08627e8-0c79-4a57-b495-ef871ca43715', 541, 730, 30444.0, TRUE) ON CONFLICT DO NOTHING;
INSERT INTO tiers (plan_id, min_days, max_days, price_inr, is_active) VALUES ('a08627e8-0c79-4a57-b495-ef871ca43715', 731, 910, 32568.0, TRUE) ON CONFLICT DO NOTHING;
INSERT INTO tiers (plan_id, min_days, max_days, price_inr, is_active) VALUES ('a08627e8-0c79-4a57-b495-ef871ca43715', 911, 1095, 34928.0, TRUE) ON CONFLICT DO NOTHING;
INSERT INTO models (id, brand_id, name) VALUES ('ef9d5a95-ecd3-434e-9250-2f9802de63fa', '77f733c0-eeb1-4722-9267-7244d81b8485', 'Civic') ON CONFLICT DO NOTHING;
INSERT INTO variants (id, model_id, name, fuel, transmission, oem_warranty_months, oem_warranty_kms) VALUES ('408f9f62-17eb-434f-afb3-e64ad9da9d07', 'ef9d5a95-ecd3-434e-9250-2f9802de63fa', 'Civic CVT', 'N/A', 'CVT', 36, 100000) ON CONFLICT DO NOTHING;
INSERT INTO plans (id, variant_id, plan_name, duration_months, max_kms) VALUES ('79f5f899-7976-45c8-9713-06d22b183754', '408f9f62-17eb-434f-afb3-e64ad9da9d07', '4th-5th Year / 100,000 Kms', 24, 100000) ON CONFLICT DO NOTHING;
INSERT INTO tiers (plan_id, min_days, max_days, price_inr, is_active) VALUES ('79f5f899-7976-45c8-9713-06d22b183754', 0, 60, 32804.0, TRUE) ON CONFLICT DO NOTHING;
INSERT INTO tiers (plan_id, min_days, max_days, price_inr, is_active) VALUES ('79f5f899-7976-45c8-9713-06d22b183754', 61, 300, 35046.0, TRUE) ON CONFLICT DO NOTHING;
INSERT INTO tiers (plan_id, min_days, max_days, price_inr, is_active) VALUES ('79f5f899-7976-45c8-9713-06d22b183754', 301, 540, 37524.0, TRUE) ON CONFLICT DO NOTHING;
INSERT INTO tiers (plan_id, min_days, max_days, price_inr, is_active) VALUES ('79f5f899-7976-45c8-9713-06d22b183754', 541, 730, 40120.0, TRUE) ON CONFLICT DO NOTHING;
INSERT INTO tiers (plan_id, min_days, max_days, price_inr, is_active) VALUES ('79f5f899-7976-45c8-9713-06d22b183754', 731, 910, 42952.0, TRUE) ON CONFLICT DO NOTHING;
INSERT INTO tiers (plan_id, min_days, max_days, price_inr, is_active) VALUES ('79f5f899-7976-45c8-9713-06d22b183754', 911, 1095, 46020.0, TRUE) ON CONFLICT DO NOTHING;
INSERT INTO plans (id, variant_id, plan_name, duration_months, max_kms) VALUES ('35a30a7c-be81-4c80-9e41-683c76a18b43', '408f9f62-17eb-434f-afb3-e64ad9da9d07', '4th-6th Year / 125,000 Kms', 36, 125000) ON CONFLICT DO NOTHING;
INSERT INTO tiers (plan_id, min_days, max_days, price_inr, is_active) VALUES ('35a30a7c-be81-4c80-9e41-683c76a18b43', 0, 60, 55106.0, TRUE) ON CONFLICT DO NOTHING;
INSERT INTO tiers (plan_id, min_days, max_days, price_inr, is_active) VALUES ('35a30a7c-be81-4c80-9e41-683c76a18b43', 61, 300, 58882.0, TRUE) ON CONFLICT DO NOTHING;
INSERT INTO tiers (plan_id, min_days, max_days, price_inr, is_active) VALUES ('35a30a7c-be81-4c80-9e41-683c76a18b43', 301, 540, 63012.0, TRUE) ON CONFLICT DO NOTHING;
INSERT INTO tiers (plan_id, min_days, max_days, price_inr, is_active) VALUES ('35a30a7c-be81-4c80-9e41-683c76a18b43', 541, 730, 67496.0, TRUE) ON CONFLICT DO NOTHING;
INSERT INTO tiers (plan_id, min_days, max_days, price_inr, is_active) VALUES ('35a30a7c-be81-4c80-9e41-683c76a18b43', 731, 910, 72216.0, TRUE) ON CONFLICT DO NOTHING;
INSERT INTO tiers (plan_id, min_days, max_days, price_inr, is_active) VALUES ('35a30a7c-be81-4c80-9e41-683c76a18b43', 911, 1095, 77172.0, TRUE) ON CONFLICT DO NOTHING;
INSERT INTO models (id, brand_id, name) VALUES ('d038bb6a-9282-4791-a5f7-ed3a5c104e8e', '77f733c0-eeb1-4722-9267-7244d81b8485', 'WR-V') ON CONFLICT DO NOTHING;
INSERT INTO variants (id, model_id, name, fuel, transmission, oem_warranty_months, oem_warranty_kms) VALUES ('74d77821-7680-4953-9ba9-813a467a7254', 'd038bb6a-9282-4791-a5f7-ed3a5c104e8e', 'WR-V MT', 'N/A', 'Manual', 36, 100000) ON CONFLICT DO NOTHING;
INSERT INTO plans (id, variant_id, plan_name, duration_months, max_kms) VALUES ('da2defb7-cf42-4305-bab0-bdce7afda259', '74d77821-7680-4953-9ba9-813a467a7254', '4th-5th Year / 100,000 Kms', 24, 100000) ON CONFLICT DO NOTHING;
INSERT INTO tiers (plan_id, min_days, max_days, price_inr, is_active) VALUES ('da2defb7-cf42-4305-bab0-bdce7afda259', 0, 60, 16048.0, TRUE) ON CONFLICT DO NOTHING;
INSERT INTO tiers (plan_id, min_days, max_days, price_inr, is_active) VALUES ('da2defb7-cf42-4305-bab0-bdce7afda259', 61, 300, 17228.0, TRUE) ON CONFLICT DO NOTHING;
INSERT INTO tiers (plan_id, min_days, max_days, price_inr, is_active) VALUES ('da2defb7-cf42-4305-bab0-bdce7afda259', 301, 540, 18408.0, TRUE) ON CONFLICT DO NOTHING;
INSERT INTO tiers (plan_id, min_days, max_days, price_inr, is_active) VALUES ('da2defb7-cf42-4305-bab0-bdce7afda259', 541, 730, 19706.0, TRUE) ON CONFLICT DO NOTHING;
INSERT INTO tiers (plan_id, min_days, max_days, price_inr, is_active) VALUES ('da2defb7-cf42-4305-bab0-bdce7afda259', 731, 910, 21004.0, TRUE) ON CONFLICT DO NOTHING;
INSERT INTO tiers (plan_id, min_days, max_days, price_inr, is_active) VALUES ('da2defb7-cf42-4305-bab0-bdce7afda259', 911, 1095, 22538.0, TRUE) ON CONFLICT DO NOTHING;
INSERT INTO plans (id, variant_id, plan_name, duration_months, max_kms) VALUES ('83ab57ac-d9ac-4771-8398-8cace198ce0f', '74d77821-7680-4953-9ba9-813a467a7254', '4th-6th Year / 125,000 Kms', 36, 125000) ON CONFLICT DO NOTHING;
INSERT INTO tiers (plan_id, min_days, max_days, price_inr, is_active) VALUES ('83ab57ac-d9ac-4771-8398-8cace198ce0f', 0, 60, 27376.0, TRUE) ON CONFLICT DO NOTHING;
INSERT INTO tiers (plan_id, min_days, max_days, price_inr, is_active) VALUES ('83ab57ac-d9ac-4771-8398-8cace198ce0f', 61, 300, 29264.0, TRUE) ON CONFLICT DO NOTHING;
INSERT INTO tiers (plan_id, min_days, max_days, price_inr, is_active) VALUES ('83ab57ac-d9ac-4771-8398-8cace198ce0f', 301, 540, 31270.0, TRUE) ON CONFLICT DO NOTHING;
INSERT INTO tiers (plan_id, min_days, max_days, price_inr, is_active) VALUES ('83ab57ac-d9ac-4771-8398-8cace198ce0f', 541, 730, 33512.0, TRUE) ON CONFLICT DO NOTHING;
INSERT INTO tiers (plan_id, min_days, max_days, price_inr, is_active) VALUES ('83ab57ac-d9ac-4771-8398-8cace198ce0f', 731, 910, 35872.0, TRUE) ON CONFLICT DO NOTHING;
INSERT INTO tiers (plan_id, min_days, max_days, price_inr, is_active) VALUES ('83ab57ac-d9ac-4771-8398-8cace198ce0f', 911, 1095, 38350.0, TRUE) ON CONFLICT DO NOTHING;
INSERT INTO brands (id, name) VALUES ('7bace61e-8b07-4536-8f17-91d367de84fc', 'Audi') ON CONFLICT DO NOTHING;
INSERT INTO models (id, brand_id, name) VALUES ('19969448-ece1-4811-9bb8-6c79ea5ff6cc', '7bace61e-8b07-4536-8f17-91d367de84fc', 'A4') ON CONFLICT DO NOTHING;
INSERT INTO variants (id, model_id, name, fuel, transmission, oem_warranty_months, oem_warranty_kms) VALUES ('cf0e914e-1c32-4e87-9783-5ae979fed5c2', '19969448-ece1-4811-9bb8-6c79ea5ff6cc', 'A4', 'N/A', 'N/A', 24, NULL) ON CONFLICT DO NOTHING;
INSERT INTO plans (id, variant_id, plan_name, duration_months, max_kms) VALUES ('655db250-e00b-4218-8268-47ded8cb92c6', 'cf0e914e-1c32-4e87-9783-5ae979fed5c2', '2+2 EW / Unlimited Kms', 24, NULL) ON CONFLICT DO NOTHING;
INSERT INTO tiers (plan_id, min_days, max_days, price_inr, is_active) VALUES ('655db250-e00b-4218-8268-47ded8cb92c6', 0, 180, 70829.5, TRUE) ON CONFLICT DO NOTHING;
INSERT INTO tiers (plan_id, min_days, max_days, price_inr, is_active) VALUES ('655db250-e00b-4218-8268-47ded8cb92c6', 181, 700, 78057.0, TRUE) ON CONFLICT DO NOTHING;
INSERT INTO plans (id, variant_id, plan_name, duration_months, max_kms) VALUES ('4490df11-20bf-498d-8432-4ce8d3a86eec', 'cf0e914e-1c32-4e87-9783-5ae979fed5c2', '2+3 EW / Unlimited Kms', 36, NULL) ON CONFLICT DO NOTHING;
INSERT INTO tiers (plan_id, min_days, max_days, price_inr, is_active) VALUES ('4490df11-20bf-498d-8432-4ce8d3a86eec', 0, 180, 101185.0, TRUE) ON CONFLICT DO NOTHING;
INSERT INTO tiers (plan_id, min_days, max_days, price_inr, is_active) VALUES ('4490df11-20bf-498d-8432-4ce8d3a86eec', 181, 700, 111303.5, TRUE) ON CONFLICT DO NOTHING;
INSERT INTO models (id, brand_id, name) VALUES ('4f83fa60-15e0-4185-8de1-f834d8fc6979', '7bace61e-8b07-4536-8f17-91d367de84fc', 'A6') ON CONFLICT DO NOTHING;
INSERT INTO variants (id, model_id, name, fuel, transmission, oem_warranty_months, oem_warranty_kms) VALUES ('bc53a05d-794e-497d-88f1-e0827b01e413', '4f83fa60-15e0-4185-8de1-f834d8fc6979', 'A6', 'N/A', 'N/A', 24, NULL) ON CONFLICT DO NOTHING;
INSERT INTO plans (id, variant_id, plan_name, duration_months, max_kms) VALUES ('75c17d05-c44f-46e3-853e-9f29608e8f06', 'bc53a05d-794e-497d-88f1-e0827b01e413', '2+2 EW / Unlimited Kms', 24, NULL) ON CONFLICT DO NOTHING;
INSERT INTO tiers (plan_id, min_days, max_days, price_inr, is_active) VALUES ('75c17d05-c44f-46e3-853e-9f29608e8f06', 0, 180, 101185.0, TRUE) ON CONFLICT DO NOTHING;
INSERT INTO tiers (plan_id, min_days, max_days, price_inr, is_active) VALUES ('75c17d05-c44f-46e3-853e-9f29608e8f06', 181, 700, 111303.5, TRUE) ON CONFLICT DO NOTHING;
INSERT INTO plans (id, variant_id, plan_name, duration_months, max_kms) VALUES ('cd96cf87-4107-4a3c-8fd7-30c28a1e54c3', 'bc53a05d-794e-497d-88f1-e0827b01e413', '2+3 EW / Unlimited Kms', 36, NULL) ON CONFLICT DO NOTHING;
INSERT INTO tiers (plan_id, min_days, max_days, price_inr, is_active) VALUES ('cd96cf87-4107-4a3c-8fd7-30c28a1e54c3', 0, 180, 144550.0, TRUE) ON CONFLICT DO NOTHING;
INSERT INTO tiers (plan_id, min_days, max_days, price_inr, is_active) VALUES ('cd96cf87-4107-4a3c-8fd7-30c28a1e54c3', 181, 700, 159005.0, TRUE) ON CONFLICT DO NOTHING;
INSERT INTO models (id, brand_id, name) VALUES ('8b413c51-8ab9-471f-974e-03ef1feb1dbb', '7bace61e-8b07-4536-8f17-91d367de84fc', 'A8') ON CONFLICT DO NOTHING;
INSERT INTO variants (id, model_id, name, fuel, transmission, oem_warranty_months, oem_warranty_kms) VALUES ('38786b47-f257-4159-abaf-9751e630a11a', '8b413c51-8ab9-471f-974e-03ef1feb1dbb', 'A8', 'N/A', 'N/A', 24, NULL) ON CONFLICT DO NOTHING;
INSERT INTO plans (id, variant_id, plan_name, duration_months, max_kms) VALUES ('f655ab6b-2d70-43fd-9c7e-34475735ddfb', '38786b47-f257-4159-abaf-9751e630a11a', '2+2 EW / Unlimited Kms', 24, NULL) ON CONFLICT DO NOTHING;
INSERT INTO tiers (plan_id, min_days, max_days, price_inr, is_active) VALUES ('f655ab6b-2d70-43fd-9c7e-34475735ddfb', 0, 180, 202370.0, TRUE) ON CONFLICT DO NOTHING;
INSERT INTO tiers (plan_id, min_days, max_days, price_inr, is_active) VALUES ('f655ab6b-2d70-43fd-9c7e-34475735ddfb', 181, 700, 222607.0, TRUE) ON CONFLICT DO NOTHING;
INSERT INTO plans (id, variant_id, plan_name, duration_months, max_kms) VALUES ('cddecd49-0ae5-4a8d-8f9c-4fb96b52a558', '38786b47-f257-4159-abaf-9751e630a11a', '2+3 EW / Unlimited Kms', 36, NULL) ON CONFLICT DO NOTHING;
INSERT INTO tiers (plan_id, min_days, max_days, price_inr, is_active) VALUES ('cddecd49-0ae5-4a8d-8f9c-4fb96b52a558', 0, 180, 289100.0, TRUE) ON CONFLICT DO NOTHING;
INSERT INTO tiers (plan_id, min_days, max_days, price_inr, is_active) VALUES ('cddecd49-0ae5-4a8d-8f9c-4fb96b52a558', 181, 700, 318010.0, TRUE) ON CONFLICT DO NOTHING;
INSERT INTO models (id, brand_id, name) VALUES ('6982c335-5650-490c-adfe-146b4dbd36f5', '7bace61e-8b07-4536-8f17-91d367de84fc', 'Q3') ON CONFLICT DO NOTHING;
INSERT INTO variants (id, model_id, name, fuel, transmission, oem_warranty_months, oem_warranty_kms) VALUES ('36259366-d361-4d27-a414-aac94466b0f0', '6982c335-5650-490c-adfe-146b4dbd36f5', 'Q3', 'N/A', 'N/A', 24, NULL) ON CONFLICT DO NOTHING;
INSERT INTO plans (id, variant_id, plan_name, duration_months, max_kms) VALUES ('ffcc79c0-32f2-4930-9de4-38edbc65b2c6', '36259366-d361-4d27-a414-aac94466b0f0', '2+2 EW / Unlimited Kms', 24, NULL) ON CONFLICT DO NOTHING;
INSERT INTO tiers (plan_id, min_days, max_days, price_inr, is_active) VALUES ('ffcc79c0-32f2-4930-9de4-38edbc65b2c6', 0, 180, 70829.5, TRUE) ON CONFLICT DO NOTHING;
INSERT INTO tiers (plan_id, min_days, max_days, price_inr, is_active) VALUES ('ffcc79c0-32f2-4930-9de4-38edbc65b2c6', 181, 700, 78057.0, TRUE) ON CONFLICT DO NOTHING;
INSERT INTO plans (id, variant_id, plan_name, duration_months, max_kms) VALUES ('3c3fce2c-5040-465f-80dc-ec183a2f2960', '36259366-d361-4d27-a414-aac94466b0f0', '2+3 EW / Unlimited Kms', 36, NULL) ON CONFLICT DO NOTHING;
INSERT INTO tiers (plan_id, min_days, max_days, price_inr, is_active) VALUES ('3c3fce2c-5040-465f-80dc-ec183a2f2960', 0, 180, 101185.0, TRUE) ON CONFLICT DO NOTHING;
INSERT INTO tiers (plan_id, min_days, max_days, price_inr, is_active) VALUES ('3c3fce2c-5040-465f-80dc-ec183a2f2960', 181, 700, 111303.5, TRUE) ON CONFLICT DO NOTHING;
INSERT INTO models (id, brand_id, name) VALUES ('dd0bda57-e7c8-40a4-9a09-4b13e2856127', '7bace61e-8b07-4536-8f17-91d367de84fc', 'Q5') ON CONFLICT DO NOTHING;
INSERT INTO variants (id, model_id, name, fuel, transmission, oem_warranty_months, oem_warranty_kms) VALUES ('32e5446b-ca81-42a9-8e44-5c61cbe6f053', 'dd0bda57-e7c8-40a4-9a09-4b13e2856127', 'Q5', 'N/A', 'N/A', 24, NULL) ON CONFLICT DO NOTHING;
INSERT INTO plans (id, variant_id, plan_name, duration_months, max_kms) VALUES ('bf365d4d-c13b-402a-815b-69e248c2317a', '32e5446b-ca81-42a9-8e44-5c61cbe6f053', '2+2 EW / Unlimited Kms', 24, NULL) ON CONFLICT DO NOTHING;
INSERT INTO tiers (plan_id, min_days, max_days, price_inr, is_active) VALUES ('bf365d4d-c13b-402a-815b-69e248c2317a', 0, 180, 101185.0, TRUE) ON CONFLICT DO NOTHING;
INSERT INTO tiers (plan_id, min_days, max_days, price_inr, is_active) VALUES ('bf365d4d-c13b-402a-815b-69e248c2317a', 181, 700, 111303.5, TRUE) ON CONFLICT DO NOTHING;
INSERT INTO plans (id, variant_id, plan_name, duration_months, max_kms) VALUES ('c3eb7c69-dcd6-4606-84f4-4a5bf59636e3', '32e5446b-ca81-42a9-8e44-5c61cbe6f053', '2+3 EW / Unlimited Kms', 36, NULL) ON CONFLICT DO NOTHING;
INSERT INTO tiers (plan_id, min_days, max_days, price_inr, is_active) VALUES ('c3eb7c69-dcd6-4606-84f4-4a5bf59636e3', 0, 180, 144550.0, TRUE) ON CONFLICT DO NOTHING;
INSERT INTO tiers (plan_id, min_days, max_days, price_inr, is_active) VALUES ('c3eb7c69-dcd6-4606-84f4-4a5bf59636e3', 181, 700, 159005.0, TRUE) ON CONFLICT DO NOTHING;
INSERT INTO models (id, brand_id, name) VALUES ('9facba37-d7c7-48ed-b99b-57b05343101c', '7bace61e-8b07-4536-8f17-91d367de84fc', 'Q7') ON CONFLICT DO NOTHING;
INSERT INTO variants (id, model_id, name, fuel, transmission, oem_warranty_months, oem_warranty_kms) VALUES ('05e6a4b2-6467-48b0-a167-8ef1636c560e', '9facba37-d7c7-48ed-b99b-57b05343101c', 'Q7', 'N/A', 'N/A', 24, NULL) ON CONFLICT DO NOTHING;
INSERT INTO plans (id, variant_id, plan_name, duration_months, max_kms) VALUES ('833f55ba-b2c3-4f8e-a0a1-0b5cdda52473', '05e6a4b2-6467-48b0-a167-8ef1636c560e', '2+2 EW / Unlimited Kms', 24, NULL) ON CONFLICT DO NOTHING;
INSERT INTO tiers (plan_id, min_days, max_days, price_inr, is_active) VALUES ('833f55ba-b2c3-4f8e-a0a1-0b5cdda52473', 0, 180, 131540.5, TRUE) ON CONFLICT DO NOTHING;
INSERT INTO tiers (plan_id, min_days, max_days, price_inr, is_active) VALUES ('833f55ba-b2c3-4f8e-a0a1-0b5cdda52473', 181, 700, 144550.0, TRUE) ON CONFLICT DO NOTHING;
INSERT INTO plans (id, variant_id, plan_name, duration_months, max_kms) VALUES ('6b4ca8f9-a3c0-4c31-a35e-6beced40a20a', '05e6a4b2-6467-48b0-a167-8ef1636c560e', '2+3 EW / Unlimited Kms', 36, NULL) ON CONFLICT DO NOTHING;
INSERT INTO tiers (plan_id, min_days, max_days, price_inr, is_active) VALUES ('6b4ca8f9-a3c0-4c31-a35e-6beced40a20a', 0, 180, 187915.0, TRUE) ON CONFLICT DO NOTHING;
INSERT INTO tiers (plan_id, min_days, max_days, price_inr, is_active) VALUES ('6b4ca8f9-a3c0-4c31-a35e-6beced40a20a', 181, 700, 206706.5, TRUE) ON CONFLICT DO NOTHING;
INSERT INTO models (id, brand_id, name) VALUES ('2c31e034-69d9-4b85-a5e6-67b85136be86', '7bace61e-8b07-4536-8f17-91d367de84fc', 'Q8') ON CONFLICT DO NOTHING;
INSERT INTO variants (id, model_id, name, fuel, transmission, oem_warranty_months, oem_warranty_kms) VALUES ('7a844ad4-ed0f-4d24-855d-11637bc7b8b0', '2c31e034-69d9-4b85-a5e6-67b85136be86', 'Q8', 'N/A', 'N/A', 24, NULL) ON CONFLICT DO NOTHING;
INSERT INTO plans (id, variant_id, plan_name, duration_months, max_kms) VALUES ('75930a94-a7ed-4e4b-a280-104297996a7d', '7a844ad4-ed0f-4d24-855d-11637bc7b8b0', '2+2 EW / Unlimited Kms', 24, NULL) ON CONFLICT DO NOTHING;
INSERT INTO tiers (plan_id, min_days, max_days, price_inr, is_active) VALUES ('75930a94-a7ed-4e4b-a280-104297996a7d', 0, 180, 151777.5, TRUE) ON CONFLICT DO NOTHING;
INSERT INTO tiers (plan_id, min_days, max_days, price_inr, is_active) VALUES ('75930a94-a7ed-4e4b-a280-104297996a7d', 181, 700, 167678.0, TRUE) ON CONFLICT DO NOTHING;
INSERT INTO plans (id, variant_id, plan_name, duration_months, max_kms) VALUES ('7c87e140-2573-4119-900b-3ea939bfcf7f', '7a844ad4-ed0f-4d24-855d-11637bc7b8b0', '2+3 EW / Unlimited Kms', 36, NULL) ON CONFLICT DO NOTHING;
INSERT INTO tiers (plan_id, min_days, max_days, price_inr, is_active) VALUES ('7c87e140-2573-4119-900b-3ea939bfcf7f', 0, 180, 216825.0, TRUE) ON CONFLICT DO NOTHING;
INSERT INTO tiers (plan_id, min_days, max_days, price_inr, is_active) VALUES ('7c87e140-2573-4119-900b-3ea939bfcf7f', 181, 700, 238507.5, TRUE) ON CONFLICT DO NOTHING;
INSERT INTO models (id, brand_id, name) VALUES ('df2f5fc8-2f45-460f-a21e-4284d7cb549e', '7bace61e-8b07-4536-8f17-91d367de84fc', 'E - Tron') ON CONFLICT DO NOTHING;
INSERT INTO variants (id, model_id, name, fuel, transmission, oem_warranty_months, oem_warranty_kms) VALUES ('19d511d7-0486-4d3b-b48c-aecc769a4beb', 'df2f5fc8-2f45-460f-a21e-4284d7cb549e', 'E - Tron', 'N/A', 'N/A', 24, NULL) ON CONFLICT DO NOTHING;
INSERT INTO plans (id, variant_id, plan_name, duration_months, max_kms) VALUES ('e35ca1b7-fb66-4a6b-876b-834deb7e07f1', '19d511d7-0486-4d3b-b48c-aecc769a4beb', '2+2 EW / Unlimited Kms', 24, NULL) ON CONFLICT DO NOTHING;
INSERT INTO tiers (plan_id, min_days, max_days, price_inr, is_active) VALUES ('e35ca1b7-fb66-4a6b-876b-834deb7e07f1', 0, 180, 151777.5, TRUE) ON CONFLICT DO NOTHING;
INSERT INTO tiers (plan_id, min_days, max_days, price_inr, is_active) VALUES ('e35ca1b7-fb66-4a6b-876b-834deb7e07f1', 181, 700, 166955.25, TRUE) ON CONFLICT DO NOTHING;
INSERT INTO plans (id, variant_id, plan_name, duration_months, max_kms) VALUES ('aceb31b3-cda9-423d-bcf9-621d7e342777', '19d511d7-0486-4d3b-b48c-aecc769a4beb', '2+3 EW / Unlimited Kms', 36, NULL) ON CONFLICT DO NOTHING;
INSERT INTO tiers (plan_id, min_days, max_days, price_inr, is_active) VALUES ('aceb31b3-cda9-423d-bcf9-621d7e342777', 0, 180, 216825.0, TRUE) ON CONFLICT DO NOTHING;
INSERT INTO tiers (plan_id, min_days, max_days, price_inr, is_active) VALUES ('aceb31b3-cda9-423d-bcf9-621d7e342777', 181, 700, 238507.5, TRUE) ON CONFLICT DO NOTHING;
INSERT INTO models (id, brand_id, name) VALUES ('cce9fec2-9deb-4714-badd-b0f7cb2bb374', '7bace61e-8b07-4536-8f17-91d367de84fc', 'S5') ON CONFLICT DO NOTHING;
INSERT INTO variants (id, model_id, name, fuel, transmission, oem_warranty_months, oem_warranty_kms) VALUES ('722505c8-02d8-402e-8f5a-be8268cd3f85', 'cce9fec2-9deb-4714-badd-b0f7cb2bb374', 'S5', 'N/A', 'N/A', 24, NULL) ON CONFLICT DO NOTHING;
INSERT INTO plans (id, variant_id, plan_name, duration_months, max_kms) VALUES ('c4392843-58e1-4424-807d-230f8bd7f35c', '722505c8-02d8-402e-8f5a-be8268cd3f85', '2+2 EW / Unlimited Kms', 24, NULL) ON CONFLICT DO NOTHING;
INSERT INTO tiers (plan_id, min_days, max_days, price_inr, is_active) VALUES ('c4392843-58e1-4424-807d-230f8bd7f35c', 0, 180, 108123.4, TRUE) ON CONFLICT DO NOTHING;
INSERT INTO tiers (plan_id, min_days, max_days, price_inr, is_active) VALUES ('c4392843-58e1-4424-807d-230f8bd7f35c', 181, 700, 119253.75, TRUE) ON CONFLICT DO NOTHING;
INSERT INTO plans (id, variant_id, plan_name, duration_months, max_kms) VALUES ('f5378e9b-58e1-4df5-8940-41fa19ebbff1', '722505c8-02d8-402e-8f5a-be8268cd3f85', '2+3 EW / Unlimited Kms', 36, NULL) ON CONFLICT DO NOTHING;
INSERT INTO tiers (plan_id, min_days, max_days, price_inr, is_active) VALUES ('f5378e9b-58e1-4df5-8940-41fa19ebbff1', 0, 180, 147874.65, TRUE) ON CONFLICT DO NOTHING;
INSERT INTO tiers (plan_id, min_days, max_days, price_inr, is_active) VALUES ('f5378e9b-58e1-4df5-8940-41fa19ebbff1', 181, 700, 198756.25, TRUE) ON CONFLICT DO NOTHING;
INSERT INTO models (id, brand_id, name) VALUES ('ee59db19-5ba5-4eb1-aee9-151c241326e9', '7bace61e-8b07-4536-8f17-91d367de84fc', 'RS5') ON CONFLICT DO NOTHING;
INSERT INTO variants (id, model_id, name, fuel, transmission, oem_warranty_months, oem_warranty_kms) VALUES ('552f66f7-e53c-4699-b2f2-1e113c53c0cc', 'ee59db19-5ba5-4eb1-aee9-151c241326e9', 'RS5', 'N/A', 'N/A', 24, NULL) ON CONFLICT DO NOTHING;
INSERT INTO plans (id, variant_id, plan_name, duration_months, max_kms) VALUES ('43dbe291-e540-4af8-a002-a2bc7f20d0ca', '552f66f7-e53c-4699-b2f2-1e113c53c0cc', '2+2 EW / Unlimited Kms', 24, NULL) ON CONFLICT DO NOTHING;
INSERT INTO tiers (plan_id, min_days, max_days, price_inr, is_active) VALUES ('43dbe291-e540-4af8-a002-a2bc7f20d0ca', 0, 180, 214656.75, TRUE) ON CONFLICT DO NOTHING;
INSERT INTO tiers (plan_id, min_days, max_days, price_inr, is_active) VALUES ('43dbe291-e540-4af8-a002-a2bc7f20d0ca', 181, 700, 238507.5, TRUE) ON CONFLICT DO NOTHING;
INSERT INTO plans (id, variant_id, plan_name, duration_months, max_kms) VALUES ('98beb5bd-7ffd-401c-bee0-7d45bf95bd48', '552f66f7-e53c-4699-b2f2-1e113c53c0cc', '2+3 EW / Unlimited Kms', 36, NULL) ON CONFLICT DO NOTHING;
INSERT INTO tiers (plan_id, min_days, max_days, price_inr, is_active) VALUES ('98beb5bd-7ffd-401c-bee0-7d45bf95bd48', 0, 180, 235327.4, TRUE) ON CONFLICT DO NOTHING;
INSERT INTO tiers (plan_id, min_days, max_days, price_inr, is_active) VALUES ('98beb5bd-7ffd-401c-bee0-7d45bf95bd48', 181, 700, 318010.0, TRUE) ON CONFLICT DO NOTHING;
INSERT INTO models (id, brand_id, name) VALUES ('4855b8e5-23a8-4f1a-b2ef-8310440df60f', '7bace61e-8b07-4536-8f17-91d367de84fc', 'RS7') ON CONFLICT DO NOTHING;
INSERT INTO variants (id, model_id, name, fuel, transmission, oem_warranty_months, oem_warranty_kms) VALUES ('04546785-faf4-4ce5-9d3a-1671ca66bd9e', '4855b8e5-23a8-4f1a-b2ef-8310440df60f', 'RS7', 'N/A', 'N/A', 24, NULL) ON CONFLICT DO NOTHING;
INSERT INTO plans (id, variant_id, plan_name, duration_months, max_kms) VALUES ('d8a03354-2ff2-44ce-b466-952bf3a7aec2', '04546785-faf4-4ce5-9d3a-1671ca66bd9e', '2+2 EW / Unlimited Kms', 24, NULL) ON CONFLICT DO NOTHING;
INSERT INTO tiers (plan_id, min_days, max_days, price_inr, is_active) VALUES ('d8a03354-2ff2-44ce-b466-952bf3a7aec2', 0, 180, 257588.1, TRUE) ON CONFLICT DO NOTHING;
INSERT INTO tiers (plan_id, min_days, max_days, price_inr, is_active) VALUES ('d8a03354-2ff2-44ce-b466-952bf3a7aec2', 181, 700, 286209.0, TRUE) ON CONFLICT DO NOTHING;
INSERT INTO plans (id, variant_id, plan_name, duration_months, max_kms) VALUES ('55521aac-36f8-44c8-bd10-e6a9006da0b3', '04546785-faf4-4ce5-9d3a-1671ca66bd9e', '2+3 EW / Unlimited Kms', 36, NULL) ON CONFLICT DO NOTHING;
INSERT INTO tiers (plan_id, min_days, max_days, price_inr, is_active) VALUES ('55521aac-36f8-44c8-bd10-e6a9006da0b3', 0, 180, 353786.12, TRUE) ON CONFLICT DO NOTHING;
INSERT INTO tiers (plan_id, min_days, max_days, price_inr, is_active) VALUES ('55521aac-36f8-44c8-bd10-e6a9006da0b3', 181, 700, 477015.0, TRUE) ON CONFLICT DO NOTHING;
INSERT INTO models (id, brand_id, name) VALUES ('a0bba2c8-dd8a-43e1-b846-a0874e96b77b', '7bace61e-8b07-4536-8f17-91d367de84fc', 'RSQ8') ON CONFLICT DO NOTHING;
INSERT INTO variants (id, model_id, name, fuel, transmission, oem_warranty_months, oem_warranty_kms) VALUES ('265085e5-f54f-4bb7-b478-272e4b372d5c', 'a0bba2c8-dd8a-43e1-b846-a0874e96b77b', 'RSQ8', 'N/A', 'N/A', 24, NULL) ON CONFLICT DO NOTHING;
INSERT INTO plans (id, variant_id, plan_name, duration_months, max_kms) VALUES ('8e0a57a7-3a96-4082-9519-834fa6001c44', '265085e5-f54f-4bb7-b478-272e4b372d5c', '2+2 EW / Unlimited Kms', 24, NULL) ON CONFLICT DO NOTHING;
INSERT INTO tiers (plan_id, min_days, max_days, price_inr, is_active) VALUES ('8e0a57a7-3a96-4082-9519-834fa6001c44', 0, 180, 257588.1, TRUE) ON CONFLICT DO NOTHING;
INSERT INTO tiers (plan_id, min_days, max_days, price_inr, is_active) VALUES ('8e0a57a7-3a96-4082-9519-834fa6001c44', 181, 700, 286209.0, TRUE) ON CONFLICT DO NOTHING;
INSERT INTO plans (id, variant_id, plan_name, duration_months, max_kms) VALUES ('b5e420b3-c129-474b-822b-901443e02e34', '265085e5-f54f-4bb7-b478-272e4b372d5c', '2+3 EW / Unlimited Kms', 36, NULL) ON CONFLICT DO NOTHING;
INSERT INTO tiers (plan_id, min_days, max_days, price_inr, is_active) VALUES ('b5e420b3-c129-474b-822b-901443e02e34', 0, 180, 353786.12, TRUE) ON CONFLICT DO NOTHING;
INSERT INTO tiers (plan_id, min_days, max_days, price_inr, is_active) VALUES ('b5e420b3-c129-474b-822b-901443e02e34', 181, 700, 477015.0, TRUE) ON CONFLICT DO NOTHING;
INSERT INTO models (id, brand_id, name) VALUES ('304b105d-bc12-44a4-9e2a-edf37a1ee197', '7bace61e-8b07-4536-8f17-91d367de84fc', 'R8') ON CONFLICT DO NOTHING;
INSERT INTO variants (id, model_id, name, fuel, transmission, oem_warranty_months, oem_warranty_kms) VALUES ('1e8a2601-46e3-4603-81fe-dc99b8f528c4', '304b105d-bc12-44a4-9e2a-edf37a1ee197', 'R8', 'N/A', 'N/A', 24, NULL) ON CONFLICT DO NOTHING;
INSERT INTO plans (id, variant_id, plan_name, duration_months, max_kms) VALUES ('a94a496e-26d1-458d-8c40-62e798f123a0', '1e8a2601-46e3-4603-81fe-dc99b8f528c4', '2+2 EW / Unlimited Kms', 24, NULL) ON CONFLICT DO NOTHING;
INSERT INTO tiers (plan_id, min_days, max_days, price_inr, is_active) VALUES ('a94a496e-26d1-458d-8c40-62e798f123a0', 0, 180, 257588.1, TRUE) ON CONFLICT DO NOTHING;
INSERT INTO tiers (plan_id, min_days, max_days, price_inr, is_active) VALUES ('a94a496e-26d1-458d-8c40-62e798f123a0', 181, 700, 286209.0, TRUE) ON CONFLICT DO NOTHING;
INSERT INTO plans (id, variant_id, plan_name, duration_months, max_kms) VALUES ('bb2d546d-f562-4946-89ac-30c90c76822d', '1e8a2601-46e3-4603-81fe-dc99b8f528c4', '2+3 EW / Unlimited Kms', 36, NULL) ON CONFLICT DO NOTHING;
INSERT INTO tiers (plan_id, min_days, max_days, price_inr, is_active) VALUES ('bb2d546d-f562-4946-89ac-30c90c76822d', 0, 180, 353786.12, TRUE) ON CONFLICT DO NOTHING;
INSERT INTO tiers (plan_id, min_days, max_days, price_inr, is_active) VALUES ('bb2d546d-f562-4946-89ac-30c90c76822d', 181, 700, 477015.0, TRUE) ON CONFLICT DO NOTHING;
INSERT INTO brands (id, name) VALUES ('d7a96b5d-1b30-46f8-9338-eebe4db9e45b', 'BMW') ON CONFLICT DO NOTHING;
INSERT INTO models (id, brand_id, name) VALUES ('05834d39-a13e-4721-8428-7deee1436d1f', 'd7a96b5d-1b30-46f8-9338-eebe4db9e45b', '1 Series') ON CONFLICT DO NOTHING;
INSERT INTO variants (id, model_id, name, fuel, transmission, oem_warranty_months, oem_warranty_kms) VALUES ('6421f3e4-b7b6-49d9-a053-e985189a0f79', '05834d39-a13e-4721-8428-7deee1436d1f', '1 Series Petrol/Diesel', 'Petrol/Diesel', 'N/A', 24, NULL) ON CONFLICT DO NOTHING;
INSERT INTO plans (id, variant_id, plan_name, duration_months, max_kms) VALUES ('085e6249-64cd-4149-8c38-66b7237cdab8', '6421f3e4-b7b6-49d9-a053-e985189a0f79', '3rd Year / Unlimited Kms', 12, NULL) ON CONFLICT DO NOTHING;
INSERT INTO tiers (plan_id, min_days, max_days, price_inr, is_active) VALUES ('085e6249-64cd-4149-8c38-66b7237cdab8', 0, 45, 46138.0, TRUE) ON CONFLICT DO NOTHING;
INSERT INTO tiers (plan_id, min_days, max_days, price_inr, is_active) VALUES ('085e6249-64cd-4149-8c38-66b7237cdab8', 46, 730, 81538.0, TRUE) ON CONFLICT DO NOTHING;
INSERT INTO plans (id, variant_id, plan_name, duration_months, max_kms) VALUES ('e6d09506-474c-4472-858c-053a7d707ec8', '6421f3e4-b7b6-49d9-a053-e985189a0f79', '4th Year / Unlimited Kms', 12, NULL) ON CONFLICT DO NOTHING;
INSERT INTO tiers (plan_id, min_days, max_days, price_inr, is_active) VALUES ('e6d09506-474c-4472-858c-053a7d707ec8', 0, 45, 86258.0, TRUE) ON CONFLICT DO NOTHING;
INSERT INTO tiers (plan_id, min_days, max_days, price_inr, is_active) VALUES ('e6d09506-474c-4472-858c-053a7d707ec8', 46, 730, 161778.0, TRUE) ON CONFLICT DO NOTHING;
INSERT INTO plans (id, variant_id, plan_name, duration_months, max_kms) VALUES ('ffc15f53-ae81-44f8-8ccf-e3343f46de12', '6421f3e4-b7b6-49d9-a053-e985189a0f79', '5th Year / Unlimited Kms', 12, NULL) ON CONFLICT DO NOTHING;
INSERT INTO tiers (plan_id, min_days, max_days, price_inr, is_active) VALUES ('ffc15f53-ae81-44f8-8ccf-e3343f46de12', 0, 45, 229038.0, TRUE) ON CONFLICT DO NOTHING;
INSERT INTO tiers (plan_id, min_days, max_days, price_inr, is_active) VALUES ('ffc15f53-ae81-44f8-8ccf-e3343f46de12', 46, 730, 322258.0, TRUE) ON CONFLICT DO NOTHING;
INSERT INTO models (id, brand_id, name) VALUES ('875e2c15-9f0e-4821-8437-dad1a6ce2aea', 'd7a96b5d-1b30-46f8-9338-eebe4db9e45b', '2 Series') ON CONFLICT DO NOTHING;
INSERT INTO variants (id, model_id, name, fuel, transmission, oem_warranty_months, oem_warranty_kms) VALUES ('af71cc98-2073-4e4b-8182-f90318fe52c0', '875e2c15-9f0e-4821-8437-dad1a6ce2aea', '2 Series Petrol/Diesel', 'Petrol/Diesel', 'N/A', 24, NULL) ON CONFLICT DO NOTHING;
INSERT INTO plans (id, variant_id, plan_name, duration_months, max_kms) VALUES ('b2fe7ed1-78c6-4499-abe3-a06504dd3186', 'af71cc98-2073-4e4b-8182-f90318fe52c0', '3rd Year / Unlimited Kms', 12, NULL) ON CONFLICT DO NOTHING;
INSERT INTO tiers (plan_id, min_days, max_days, price_inr, is_active) VALUES ('b2fe7ed1-78c6-4499-abe3-a06504dd3186', 0, 45, 46138.0, TRUE) ON CONFLICT DO NOTHING;
INSERT INTO tiers (plan_id, min_days, max_days, price_inr, is_active) VALUES ('b2fe7ed1-78c6-4499-abe3-a06504dd3186', 46, 730, 81538.0, TRUE) ON CONFLICT DO NOTHING;
INSERT INTO plans (id, variant_id, plan_name, duration_months, max_kms) VALUES ('d811bd02-eb6c-4442-8b5f-38fc8a500119', 'af71cc98-2073-4e4b-8182-f90318fe52c0', '4th Year / Unlimited Kms', 12, NULL) ON CONFLICT DO NOTHING;
INSERT INTO tiers (plan_id, min_days, max_days, price_inr, is_active) VALUES ('d811bd02-eb6c-4442-8b5f-38fc8a500119', 0, 45, 86258.0, TRUE) ON CONFLICT DO NOTHING;
INSERT INTO tiers (plan_id, min_days, max_days, price_inr, is_active) VALUES ('d811bd02-eb6c-4442-8b5f-38fc8a500119', 46, 730, 161778.0, TRUE) ON CONFLICT DO NOTHING;
INSERT INTO plans (id, variant_id, plan_name, duration_months, max_kms) VALUES ('509af09d-651b-4e39-8bad-a9c66b275b31', 'af71cc98-2073-4e4b-8182-f90318fe52c0', '5th Year / Unlimited Kms', 12, NULL) ON CONFLICT DO NOTHING;
INSERT INTO tiers (plan_id, min_days, max_days, price_inr, is_active) VALUES ('509af09d-651b-4e39-8bad-a9c66b275b31', 0, 45, 229038.0, TRUE) ON CONFLICT DO NOTHING;
INSERT INTO tiers (plan_id, min_days, max_days, price_inr, is_active) VALUES ('509af09d-651b-4e39-8bad-a9c66b275b31', 46, 730, 322258.0, TRUE) ON CONFLICT DO NOTHING;
INSERT INTO models (id, brand_id, name) VALUES ('bcd2af06-9683-4446-bc4c-6280f2db70bd', 'd7a96b5d-1b30-46f8-9338-eebe4db9e45b', '3 Series') ON CONFLICT DO NOTHING;
INSERT INTO variants (id, model_id, name, fuel, transmission, oem_warranty_months, oem_warranty_kms) VALUES ('172d511c-88b5-466e-b86f-388fe77fcf51', 'bcd2af06-9683-4446-bc4c-6280f2db70bd', '3 Series Petrol/Diesel', 'Petrol/Diesel', 'N/A', 24, NULL) ON CONFLICT DO NOTHING;
INSERT INTO plans (id, variant_id, plan_name, duration_months, max_kms) VALUES ('06136c89-ce53-4e9a-81f6-78bbffc2ed88', '172d511c-88b5-466e-b86f-388fe77fcf51', '3rd Year / Unlimited Kms', 12, NULL) ON CONFLICT DO NOTHING;
INSERT INTO tiers (plan_id, min_days, max_days, price_inr, is_active) VALUES ('06136c89-ce53-4e9a-81f6-78bbffc2ed88', 0, 45, 60534.0, TRUE) ON CONFLICT DO NOTHING;
INSERT INTO tiers (plan_id, min_days, max_days, price_inr, is_active) VALUES ('06136c89-ce53-4e9a-81f6-78bbffc2ed88', 46, 730, 78234.0, TRUE) ON CONFLICT DO NOTHING;
INSERT INTO plans (id, variant_id, plan_name, duration_months, max_kms) VALUES ('b40dffee-1191-4ca4-ad60-3406ce41b0f5', '172d511c-88b5-466e-b86f-388fe77fcf51', '4th Year / Unlimited Kms', 12, NULL) ON CONFLICT DO NOTHING;
INSERT INTO tiers (plan_id, min_days, max_days, price_inr, is_active) VALUES ('b40dffee-1191-4ca4-ad60-3406ce41b0f5', 0, 45, 110094.0, TRUE) ON CONFLICT DO NOTHING;
INSERT INTO tiers (plan_id, min_days, max_days, price_inr, is_active) VALUES ('b40dffee-1191-4ca4-ad60-3406ce41b0f5', 46, 730, 154934.0, TRUE) ON CONFLICT DO NOTHING;
INSERT INTO plans (id, variant_id, plan_name, duration_months, max_kms) VALUES ('3eb1717b-e659-416d-aaaa-044473d46f64', '172d511c-88b5-466e-b86f-388fe77fcf51', '5th Year / Unlimited Kms', 12, NULL) ON CONFLICT DO NOTHING;
INSERT INTO tiers (plan_id, min_days, max_days, price_inr, is_active) VALUES ('3eb1717b-e659-416d-aaaa-044473d46f64', 0, 45, 256414.0, TRUE) ON CONFLICT DO NOTHING;
INSERT INTO tiers (plan_id, min_days, max_days, price_inr, is_active) VALUES ('3eb1717b-e659-416d-aaaa-044473d46f64', 46, 730, 308334.0, TRUE) ON CONFLICT DO NOTHING;
INSERT INTO models (id, brand_id, name) VALUES ('67255628-0383-4cda-b7b6-f7412c5ace2a', 'd7a96b5d-1b30-46f8-9338-eebe4db9e45b', '4 Series') ON CONFLICT DO NOTHING;
INSERT INTO variants (id, model_id, name, fuel, transmission, oem_warranty_months, oem_warranty_kms) VALUES ('dd2dad1a-7c6a-4732-9278-70643ad9e128', '67255628-0383-4cda-b7b6-f7412c5ace2a', '4 Series Petrol/Diesel', 'Petrol/Diesel', 'N/A', 24, NULL) ON CONFLICT DO NOTHING;
INSERT INTO plans (id, variant_id, plan_name, duration_months, max_kms) VALUES ('dabb4dff-b36c-4492-ae68-ba1b54cb7d78', 'dd2dad1a-7c6a-4732-9278-70643ad9e128', '3rd Year / Unlimited Kms', 12, NULL) ON CONFLICT DO NOTHING;
INSERT INTO tiers (plan_id, min_days, max_days, price_inr, is_active) VALUES ('dabb4dff-b36c-4492-ae68-ba1b54cb7d78', 0, 45, 60534.0, TRUE) ON CONFLICT DO NOTHING;
INSERT INTO tiers (plan_id, min_days, max_days, price_inr, is_active) VALUES ('dabb4dff-b36c-4492-ae68-ba1b54cb7d78', 46, 730, 78234.0, TRUE) ON CONFLICT DO NOTHING;
INSERT INTO plans (id, variant_id, plan_name, duration_months, max_kms) VALUES ('336d3bc5-8631-4c9c-922f-c23bfede293e', 'dd2dad1a-7c6a-4732-9278-70643ad9e128', '4th Year / Unlimited Kms', 12, NULL) ON CONFLICT DO NOTHING;
INSERT INTO tiers (plan_id, min_days, max_days, price_inr, is_active) VALUES ('336d3bc5-8631-4c9c-922f-c23bfede293e', 0, 45, 110094.0, TRUE) ON CONFLICT DO NOTHING;
INSERT INTO tiers (plan_id, min_days, max_days, price_inr, is_active) VALUES ('336d3bc5-8631-4c9c-922f-c23bfede293e', 46, 730, 154934.0, TRUE) ON CONFLICT DO NOTHING;
INSERT INTO plans (id, variant_id, plan_name, duration_months, max_kms) VALUES ('7666be36-485e-483b-a6e6-ac6e781aab84', 'dd2dad1a-7c6a-4732-9278-70643ad9e128', '5th Year / Unlimited Kms', 12, NULL) ON CONFLICT DO NOTHING;
INSERT INTO tiers (plan_id, min_days, max_days, price_inr, is_active) VALUES ('7666be36-485e-483b-a6e6-ac6e781aab84', 0, 45, 256414.0, TRUE) ON CONFLICT DO NOTHING;
INSERT INTO tiers (plan_id, min_days, max_days, price_inr, is_active) VALUES ('7666be36-485e-483b-a6e6-ac6e781aab84', 46, 730, 308334.0, TRUE) ON CONFLICT DO NOTHING;
INSERT INTO models (id, brand_id, name) VALUES ('2573f393-3ac9-4dec-a9a1-f4523e42c77a', 'd7a96b5d-1b30-46f8-9338-eebe4db9e45b', '5 Series') ON CONFLICT DO NOTHING;
INSERT INTO variants (id, model_id, name, fuel, transmission, oem_warranty_months, oem_warranty_kms) VALUES ('cc0d8c0d-f47d-421c-b58a-99ffc01e6083', '2573f393-3ac9-4dec-a9a1-f4523e42c77a', '5 Series Petrol/Diesel', 'Petrol/Diesel', 'N/A', 24, NULL) ON CONFLICT DO NOTHING;
INSERT INTO plans (id, variant_id, plan_name, duration_months, max_kms) VALUES ('bc7d249f-45fe-409e-a0e9-13671de55cd8', 'cc0d8c0d-f47d-421c-b58a-99ffc01e6083', '3rd Year / Unlimited Kms', 12, NULL) ON CONFLICT DO NOTHING;
INSERT INTO tiers (plan_id, min_days, max_days, price_inr, is_active) VALUES ('bc7d249f-45fe-409e-a0e9-13671de55cd8', 0, 45, 73750.0, TRUE) ON CONFLICT DO NOTHING;
INSERT INTO tiers (plan_id, min_days, max_days, price_inr, is_active) VALUES ('bc7d249f-45fe-409e-a0e9-13671de55cd8', 46, 730, 89090.0, TRUE) ON CONFLICT DO NOTHING;
INSERT INTO plans (id, variant_id, plan_name, duration_months, max_kms) VALUES ('d20cdfe7-6edf-4af5-b037-4237e6d31a30', 'cc0d8c0d-f47d-421c-b58a-99ffc01e6083', '4th Year / Unlimited Kms', 12, NULL) ON CONFLICT DO NOTHING;
INSERT INTO tiers (plan_id, min_days, max_days, price_inr, is_active) VALUES ('d20cdfe7-6edf-4af5-b037-4237e6d31a30', 0, 45, 145730.0, TRUE) ON CONFLICT DO NOTHING;
INSERT INTO tiers (plan_id, min_days, max_days, price_inr, is_active) VALUES ('d20cdfe7-6edf-4af5-b037-4237e6d31a30', 46, 730, 175230.0, TRUE) ON CONFLICT DO NOTHING;
INSERT INTO plans (id, variant_id, plan_name, duration_months, max_kms) VALUES ('b7b3af95-57f5-4317-ade6-d98a200d8d71', 'cc0d8c0d-f47d-421c-b58a-99ffc01e6083', '5th Year / Unlimited Kms', 12, NULL) ON CONFLICT DO NOTHING;
INSERT INTO tiers (plan_id, min_days, max_days, price_inr, is_active) VALUES ('b7b3af95-57f5-4317-ade6-d98a200d8d71', 0, 45, 289690.0, TRUE) ON CONFLICT DO NOTHING;
INSERT INTO tiers (plan_id, min_days, max_days, price_inr, is_active) VALUES ('b7b3af95-57f5-4317-ade6-d98a200d8d71', 46, 730, 348690.0, TRUE) ON CONFLICT DO NOTHING;
INSERT INTO models (id, brand_id, name) VALUES ('0244bb8e-d62b-443f-962f-851b62c0c586', 'd7a96b5d-1b30-46f8-9338-eebe4db9e45b', '6 Series') ON CONFLICT DO NOTHING;
INSERT INTO variants (id, model_id, name, fuel, transmission, oem_warranty_months, oem_warranty_kms) VALUES ('2402231e-3ff8-4326-b80f-fff76abf4ace', '0244bb8e-d62b-443f-962f-851b62c0c586', '6 Series Petrol/Diesel', 'Petrol/Diesel', 'N/A', 24, NULL) ON CONFLICT DO NOTHING;
INSERT INTO plans (id, variant_id, plan_name, duration_months, max_kms) VALUES ('c1f86d9a-7d20-432c-abf8-14898c2596f9', '2402231e-3ff8-4326-b80f-fff76abf4ace', '3rd Year / Unlimited Kms', 12, NULL) ON CONFLICT DO NOTHING;
INSERT INTO tiers (plan_id, min_days, max_days, price_inr, is_active) VALUES ('c1f86d9a-7d20-432c-abf8-14898c2596f9', 0, 45, 73750.0, TRUE) ON CONFLICT DO NOTHING;
INSERT INTO tiers (plan_id, min_days, max_days, price_inr, is_active) VALUES ('c1f86d9a-7d20-432c-abf8-14898c2596f9', 46, 730, 89090.0, TRUE) ON CONFLICT DO NOTHING;
INSERT INTO plans (id, variant_id, plan_name, duration_months, max_kms) VALUES ('9416fb67-2bfa-4b24-962d-4319360f8566', '2402231e-3ff8-4326-b80f-fff76abf4ace', '4th Year / Unlimited Kms', 12, NULL) ON CONFLICT DO NOTHING;
INSERT INTO tiers (plan_id, min_days, max_days, price_inr, is_active) VALUES ('9416fb67-2bfa-4b24-962d-4319360f8566', 0, 45, 145730.0, TRUE) ON CONFLICT DO NOTHING;
INSERT INTO tiers (plan_id, min_days, max_days, price_inr, is_active) VALUES ('9416fb67-2bfa-4b24-962d-4319360f8566', 46, 730, 175230.0, TRUE) ON CONFLICT DO NOTHING;
INSERT INTO plans (id, variant_id, plan_name, duration_months, max_kms) VALUES ('322f0f7f-c955-459e-b6ad-f0e2e3c92d65', '2402231e-3ff8-4326-b80f-fff76abf4ace', '5th Year / Unlimited Kms', 12, NULL) ON CONFLICT DO NOTHING;
INSERT INTO tiers (plan_id, min_days, max_days, price_inr, is_active) VALUES ('322f0f7f-c955-459e-b6ad-f0e2e3c92d65', 0, 45, 289690.0, TRUE) ON CONFLICT DO NOTHING;
INSERT INTO tiers (plan_id, min_days, max_days, price_inr, is_active) VALUES ('322f0f7f-c955-459e-b6ad-f0e2e3c92d65', 46, 730, 348690.0, TRUE) ON CONFLICT DO NOTHING;
INSERT INTO models (id, brand_id, name) VALUES ('d2240311-3c93-4cf4-a566-508d7d051804', 'd7a96b5d-1b30-46f8-9338-eebe4db9e45b', '7 series') ON CONFLICT DO NOTHING;
INSERT INTO variants (id, model_id, name, fuel, transmission, oem_warranty_months, oem_warranty_kms) VALUES ('0af7ae17-a4f0-44b0-9e80-5434006cf002', 'd2240311-3c93-4cf4-a566-508d7d051804', '7 series Petrol/Diesel', 'Petrol/Diesel', 'N/A', 24, NULL) ON CONFLICT DO NOTHING;
INSERT INTO plans (id, variant_id, plan_name, duration_months, max_kms) VALUES ('c9faebe9-29fd-4b66-afef-55da4606827e', '0af7ae17-a4f0-44b0-9e80-5434006cf002', '3rd Year / Unlimited Kms', 12, NULL) ON CONFLICT DO NOTHING;
INSERT INTO tiers (plan_id, min_days, max_days, price_inr, is_active) VALUES ('c9faebe9-29fd-4b66-afef-55da4606827e', 0, 45, 105846.0, TRUE) ON CONFLICT DO NOTHING;
INSERT INTO tiers (plan_id, min_days, max_days, price_inr, is_active) VALUES ('c9faebe9-29fd-4b66-afef-55da4606827e', 46, 730, 177826.0, TRUE) ON CONFLICT DO NOTHING;
INSERT INTO plans (id, variant_id, plan_name, duration_months, max_kms) VALUES ('0791d0b8-612d-4b4e-9294-47b26bc51767', '0af7ae17-a4f0-44b0-9e80-5434006cf002', '4th Year / Unlimited Kms', 12, NULL) ON CONFLICT DO NOTHING;
INSERT INTO tiers (plan_id, min_days, max_days, price_inr, is_active) VALUES ('0791d0b8-612d-4b4e-9294-47b26bc51767', 0, 45, 233286.0, TRUE) ON CONFLICT DO NOTHING;
INSERT INTO tiers (plan_id, min_days, max_days, price_inr, is_active) VALUES ('0791d0b8-612d-4b4e-9294-47b26bc51767', 46, 730, 352466.0, TRUE) ON CONFLICT DO NOTHING;
INSERT INTO plans (id, variant_id, plan_name, duration_months, max_kms) VALUES ('1588b170-87fb-4d6d-9dc2-905ada134c7c', '0af7ae17-a4f0-44b0-9e80-5434006cf002', '5th Year / Unlimited Kms', 12, NULL) ON CONFLICT DO NOTHING;
INSERT INTO tiers (plan_id, min_days, max_days, price_inr, is_active) VALUES ('1588b170-87fb-4d6d-9dc2-905ada134c7c', 0, 45, 499966.0, TRUE) ON CONFLICT DO NOTHING;
INSERT INTO tiers (plan_id, min_days, max_days, price_inr, is_active) VALUES ('1588b170-87fb-4d6d-9dc2-905ada134c7c', 46, 730, 701746.0, TRUE) ON CONFLICT DO NOTHING;
INSERT INTO models (id, brand_id, name) VALUES ('836b796b-6af0-4aea-b60c-06851db8aa4f', 'd7a96b5d-1b30-46f8-9338-eebe4db9e45b', '8 series') ON CONFLICT DO NOTHING;
INSERT INTO variants (id, model_id, name, fuel, transmission, oem_warranty_months, oem_warranty_kms) VALUES ('2ac663f7-1c74-479e-9621-f72b56e0453d', '836b796b-6af0-4aea-b60c-06851db8aa4f', '8 series Petrol', 'Petrol', 'N/A', 24, NULL) ON CONFLICT DO NOTHING;
INSERT INTO plans (id, variant_id, plan_name, duration_months, max_kms) VALUES ('5c5210c7-1a22-4ecd-9103-987be1032265', '2ac663f7-1c74-479e-9621-f72b56e0453d', '3rd Year / Unlimited Kms', 12, NULL) ON CONFLICT DO NOTHING;
INSERT INTO tiers (plan_id, min_days, max_days, price_inr, is_active) VALUES ('5c5210c7-1a22-4ecd-9103-987be1032265', 0, 45, 130744.0, TRUE) ON CONFLICT DO NOTHING;
INSERT INTO tiers (plan_id, min_days, max_days, price_inr, is_active) VALUES ('5c5210c7-1a22-4ecd-9103-987be1032265', 46, 730, 219244.0, TRUE) ON CONFLICT DO NOTHING;
INSERT INTO plans (id, variant_id, plan_name, duration_months, max_kms) VALUES ('e0bab5ac-1dc2-4988-9c86-e61a0b51b62b', '2ac663f7-1c74-479e-9621-f72b56e0453d', '4th Year / Unlimited Kms', 12, NULL) ON CONFLICT DO NOTHING;
INSERT INTO tiers (plan_id, min_days, max_days, price_inr, is_active) VALUES ('e0bab5ac-1dc2-4988-9c86-e61a0b51b62b', 0, 45, 304204.0, TRUE) ON CONFLICT DO NOTHING;
INSERT INTO tiers (plan_id, min_days, max_days, price_inr, is_active) VALUES ('e0bab5ac-1dc2-4988-9c86-e61a0b51b62b', 46, 730, 435184.0, TRUE) ON CONFLICT DO NOTHING;
INSERT INTO plans (id, variant_id, plan_name, duration_months, max_kms) VALUES ('ebe208dc-b399-4537-90c5-b47b01bc2ba3', '2ac663f7-1c74-479e-9621-f72b56e0453d', '5th Year / Unlimited Kms', 12, NULL) ON CONFLICT DO NOTHING;
INSERT INTO tiers (plan_id, min_days, max_days, price_inr, is_active) VALUES ('ebe208dc-b399-4537-90c5-b47b01bc2ba3', 0, 45, 619264.0, TRUE) ON CONFLICT DO NOTHING;
INSERT INTO tiers (plan_id, min_days, max_days, price_inr, is_active) VALUES ('ebe208dc-b399-4537-90c5-b47b01bc2ba3', 46, 730, 868244.0, TRUE) ON CONFLICT DO NOTHING;
INSERT INTO models (id, brand_id, name) VALUES ('d955a1ff-0465-4b38-9652-006217811d11', 'd7a96b5d-1b30-46f8-9338-eebe4db9e45b', 'X1') ON CONFLICT DO NOTHING;
INSERT INTO variants (id, model_id, name, fuel, transmission, oem_warranty_months, oem_warranty_kms) VALUES ('7b3abfe6-10e6-4f2f-9b21-a0e092a07c5a', 'd955a1ff-0465-4b38-9652-006217811d11', 'X1 Petrol/Diesel', 'Petrol/Diesel', 'N/A', 24, NULL) ON CONFLICT DO NOTHING;
INSERT INTO plans (id, variant_id, plan_name, duration_months, max_kms) VALUES ('063d60ed-56b2-473b-9076-5c5cefe3fbaf', '7b3abfe6-10e6-4f2f-9b21-a0e092a07c5a', '3rd Year / Unlimited Kms', 12, NULL) ON CONFLICT DO NOTHING;
INSERT INTO tiers (plan_id, min_days, max_days, price_inr, is_active) VALUES ('063d60ed-56b2-473b-9076-5c5cefe3fbaf', 0, 45, 46138.0, TRUE) ON CONFLICT DO NOTHING;
INSERT INTO tiers (plan_id, min_days, max_days, price_inr, is_active) VALUES ('063d60ed-56b2-473b-9076-5c5cefe3fbaf', 46, 730, 81538.0, TRUE) ON CONFLICT DO NOTHING;
INSERT INTO plans (id, variant_id, plan_name, duration_months, max_kms) VALUES ('ab00d310-8966-4dbf-93d5-6cc640185ccc', '7b3abfe6-10e6-4f2f-9b21-a0e092a07c5a', '4th Year / Unlimited Kms', 12, NULL) ON CONFLICT DO NOTHING;
INSERT INTO tiers (plan_id, min_days, max_days, price_inr, is_active) VALUES ('ab00d310-8966-4dbf-93d5-6cc640185ccc', 0, 45, 86258.0, TRUE) ON CONFLICT DO NOTHING;
INSERT INTO tiers (plan_id, min_days, max_days, price_inr, is_active) VALUES ('ab00d310-8966-4dbf-93d5-6cc640185ccc', 46, 730, 161778.0, TRUE) ON CONFLICT DO NOTHING;
INSERT INTO plans (id, variant_id, plan_name, duration_months, max_kms) VALUES ('0983405d-1db2-4d45-9d7e-37dd60ae372b', '7b3abfe6-10e6-4f2f-9b21-a0e092a07c5a', '5th Year / Unlimited Kms', 12, NULL) ON CONFLICT DO NOTHING;
INSERT INTO tiers (plan_id, min_days, max_days, price_inr, is_active) VALUES ('0983405d-1db2-4d45-9d7e-37dd60ae372b', 0, 45, 229038.0, TRUE) ON CONFLICT DO NOTHING;
INSERT INTO tiers (plan_id, min_days, max_days, price_inr, is_active) VALUES ('0983405d-1db2-4d45-9d7e-37dd60ae372b', 46, 730, 322258.0, TRUE) ON CONFLICT DO NOTHING;
INSERT INTO models (id, brand_id, name) VALUES ('d04894a5-c3dd-4465-926f-57fa61dcdc12', 'd7a96b5d-1b30-46f8-9338-eebe4db9e45b', 'X2') ON CONFLICT DO NOTHING;
INSERT INTO variants (id, model_id, name, fuel, transmission, oem_warranty_months, oem_warranty_kms) VALUES ('cee0582d-bc14-40e8-a27e-f462edff3496', 'd04894a5-c3dd-4465-926f-57fa61dcdc12', 'X2 Petrol/Diesel', 'Petrol/Diesel', 'N/A', 24, NULL) ON CONFLICT DO NOTHING;
INSERT INTO plans (id, variant_id, plan_name, duration_months, max_kms) VALUES ('638117c0-186c-4e18-b312-2dde2d31d957', 'cee0582d-bc14-40e8-a27e-f462edff3496', '3rd Year / Unlimited Kms', 12, NULL) ON CONFLICT DO NOTHING;
INSERT INTO tiers (plan_id, min_days, max_days, price_inr, is_active) VALUES ('638117c0-186c-4e18-b312-2dde2d31d957', 0, 45, 46138.0, TRUE) ON CONFLICT DO NOTHING;
INSERT INTO tiers (plan_id, min_days, max_days, price_inr, is_active) VALUES ('638117c0-186c-4e18-b312-2dde2d31d957', 46, 730, 81538.0, TRUE) ON CONFLICT DO NOTHING;
INSERT INTO plans (id, variant_id, plan_name, duration_months, max_kms) VALUES ('2e13b58a-c0bd-4795-8d2c-204ea3e0755c', 'cee0582d-bc14-40e8-a27e-f462edff3496', '4th Year / Unlimited Kms', 12, NULL) ON CONFLICT DO NOTHING;
INSERT INTO tiers (plan_id, min_days, max_days, price_inr, is_active) VALUES ('2e13b58a-c0bd-4795-8d2c-204ea3e0755c', 0, 45, 86258.0, TRUE) ON CONFLICT DO NOTHING;
INSERT INTO tiers (plan_id, min_days, max_days, price_inr, is_active) VALUES ('2e13b58a-c0bd-4795-8d2c-204ea3e0755c', 46, 730, 161778.0, TRUE) ON CONFLICT DO NOTHING;
INSERT INTO plans (id, variant_id, plan_name, duration_months, max_kms) VALUES ('85e61484-b2d6-463b-94a9-fd4091f7e7f7', 'cee0582d-bc14-40e8-a27e-f462edff3496', '5th Year / Unlimited Kms', 12, NULL) ON CONFLICT DO NOTHING;
INSERT INTO tiers (plan_id, min_days, max_days, price_inr, is_active) VALUES ('85e61484-b2d6-463b-94a9-fd4091f7e7f7', 0, 45, 229038.0, TRUE) ON CONFLICT DO NOTHING;
INSERT INTO tiers (plan_id, min_days, max_days, price_inr, is_active) VALUES ('85e61484-b2d6-463b-94a9-fd4091f7e7f7', 46, 730, 322258.0, TRUE) ON CONFLICT DO NOTHING;
INSERT INTO models (id, brand_id, name) VALUES ('6d3617d6-6817-47d4-811d-90380cd39f6e', 'd7a96b5d-1b30-46f8-9338-eebe4db9e45b', 'X3') ON CONFLICT DO NOTHING;
INSERT INTO variants (id, model_id, name, fuel, transmission, oem_warranty_months, oem_warranty_kms) VALUES ('047f8de1-0e96-445d-8d97-9b024feea375', '6d3617d6-6817-47d4-811d-90380cd39f6e', 'X3 Petrol/Diesel', 'Petrol/Diesel', 'N/A', 24, NULL) ON CONFLICT DO NOTHING;
INSERT INTO plans (id, variant_id, plan_name, duration_months, max_kms) VALUES ('8ab74bb6-de03-4617-bc7a-76656100c625', '047f8de1-0e96-445d-8d97-9b024feea375', '3rd Year / Unlimited Kms', 12, NULL) ON CONFLICT DO NOTHING;
INSERT INTO tiers (plan_id, min_days, max_days, price_inr, is_active) VALUES ('8ab74bb6-de03-4617-bc7a-76656100c625', 0, 45, 77054.0, TRUE) ON CONFLICT DO NOTHING;
INSERT INTO tiers (plan_id, min_days, max_days, price_inr, is_active) VALUES ('8ab74bb6-de03-4617-bc7a-76656100c625', 46, 730, 93574.0, TRUE) ON CONFLICT DO NOTHING;
INSERT INTO plans (id, variant_id, plan_name, duration_months, max_kms) VALUES ('799a178e-7bbd-41ac-a799-9e30648b0354', '047f8de1-0e96-445d-8d97-9b024feea375', '4th Year / Unlimited Kms', 12, NULL) ON CONFLICT DO NOTHING;
INSERT INTO tiers (plan_id, min_days, max_days, price_inr, is_active) VALUES ('799a178e-7bbd-41ac-a799-9e30648b0354', 0, 45, 153752.0, TRUE) ON CONFLICT DO NOTHING;
INSERT INTO tiers (plan_id, min_days, max_days, price_inr, is_active) VALUES ('799a178e-7bbd-41ac-a799-9e30648b0354', 46, 730, 185614.0, TRUE) ON CONFLICT DO NOTHING;
INSERT INTO plans (id, variant_id, plan_name, duration_months, max_kms) VALUES ('02603e95-90d7-4047-a194-f614c3351dfa', '047f8de1-0e96-445d-8d97-9b024feea375', '5th Year / Unlimited Kms', 12, NULL) ON CONFLICT DO NOTHING;
INSERT INTO tiers (plan_id, min_days, max_days, price_inr, is_active) VALUES ('02603e95-90d7-4047-a194-f614c3351dfa', 0, 45, 305974.0, TRUE) ON CONFLICT DO NOTHING;
INSERT INTO tiers (plan_id, min_days, max_days, price_inr, is_active) VALUES ('02603e95-90d7-4047-a194-f614c3351dfa', 46, 730, 368514.0, TRUE) ON CONFLICT DO NOTHING;
INSERT INTO models (id, brand_id, name) VALUES ('6336881f-18fc-4e9a-bd51-19e51e47d78b', 'd7a96b5d-1b30-46f8-9338-eebe4db9e45b', 'X3 i') ON CONFLICT DO NOTHING;
INSERT INTO variants (id, model_id, name, fuel, transmission, oem_warranty_months, oem_warranty_kms) VALUES ('6db0169b-f9b9-4502-be6e-cc41f044951b', '6336881f-18fc-4e9a-bd51-19e51e47d78b', 'X3 i Petrol/Diesel', 'Petrol/Diesel', 'N/A', 24, NULL) ON CONFLICT DO NOTHING;
INSERT INTO plans (id, variant_id, plan_name, duration_months, max_kms) VALUES ('2fcffbfa-9b67-4181-ab3a-ba0cd8977db3', '6db0169b-f9b9-4502-be6e-cc41f044951b', '3rd Year / Unlimited Kms', 12, NULL) ON CONFLICT DO NOTHING;
INSERT INTO tiers (plan_id, min_days, max_days, price_inr, is_active) VALUES ('2fcffbfa-9b67-4181-ab3a-ba0cd8977db3', 0, 45, 93692.0, TRUE) ON CONFLICT DO NOTHING;
INSERT INTO tiers (plan_id, min_days, max_days, price_inr, is_active) VALUES ('2fcffbfa-9b67-4181-ab3a-ba0cd8977db3', 46, 730, 121776.0, TRUE) ON CONFLICT DO NOTHING;
INSERT INTO plans (id, variant_id, plan_name, duration_months, max_kms) VALUES ('7cec5d40-7e80-4d6f-a18d-251ab8039a74', '6db0169b-f9b9-4502-be6e-cc41f044951b', '4th Year / Unlimited Kms', 12, NULL) ON CONFLICT DO NOTHING;
INSERT INTO tiers (plan_id, min_days, max_days, price_inr, is_active) VALUES ('7cec5d40-7e80-4d6f-a18d-251ab8039a74', 0, 45, 185732.0, TRUE) ON CONFLICT DO NOTHING;
INSERT INTO tiers (plan_id, min_days, max_days, price_inr, is_active) VALUES ('7cec5d40-7e80-4d6f-a18d-251ab8039a74', 46, 730, 241428.0, TRUE) ON CONFLICT DO NOTHING;
INSERT INTO plans (id, variant_id, plan_name, duration_months, max_kms) VALUES ('42304215-101a-4e2b-a699-03abb1fec90c', '6db0169b-f9b9-4502-be6e-cc41f044951b', '5th Year / Unlimited Kms', 12, NULL) ON CONFLICT DO NOTHING;
INSERT INTO tiers (plan_id, min_days, max_days, price_inr, is_active) VALUES ('42304215-101a-4e2b-a699-03abb1fec90c', 0, 45, 368632.0, TRUE) ON CONFLICT DO NOTHING;
INSERT INTO tiers (plan_id, min_days, max_days, price_inr, is_active) VALUES ('42304215-101a-4e2b-a699-03abb1fec90c', 46, 730, 479198.0, TRUE) ON CONFLICT DO NOTHING;
INSERT INTO models (id, brand_id, name) VALUES ('0daa02f6-9d26-4063-bb52-4a5daf081b9d', 'd7a96b5d-1b30-46f8-9338-eebe4db9e45b', 'X3 M') ON CONFLICT DO NOTHING;
INSERT INTO variants (id, model_id, name, fuel, transmission, oem_warranty_months, oem_warranty_kms) VALUES ('b19fdb14-da9e-4e4d-96b4-0401d6e2d215', '0daa02f6-9d26-4063-bb52-4a5daf081b9d', 'X3 M Petrol/Diesel', 'Petrol/Diesel', 'N/A', 24, NULL) ON CONFLICT DO NOTHING;
INSERT INTO plans (id, variant_id, plan_name, duration_months, max_kms) VALUES ('a540e229-53d3-44c4-b344-357e5a5565e1', 'b19fdb14-da9e-4e4d-96b4-0401d6e2d215', '3rd Year / Unlimited Kms', 12, NULL) ON CONFLICT DO NOTHING;
INSERT INTO tiers (plan_id, min_days, max_days, price_inr, is_active) VALUES ('a540e229-53d3-44c4-b344-357e5a5565e1', 0, 45, 113752.0, TRUE) ON CONFLICT DO NOTHING;
INSERT INTO tiers (plan_id, min_days, max_days, price_inr, is_active) VALUES ('a540e229-53d3-44c4-b344-357e5a5565e1', 46, 730, 235292.0, TRUE) ON CONFLICT DO NOTHING;
INSERT INTO plans (id, variant_id, plan_name, duration_months, max_kms) VALUES ('99ac4c88-02ab-406c-80b4-5889e340582a', 'b19fdb14-da9e-4e4d-96b4-0401d6e2d215', '4th Year / Unlimited Kms', 12, NULL) ON CONFLICT DO NOTHING;
INSERT INTO tiers (plan_id, min_days, max_days, price_inr, is_active) VALUES ('99ac4c88-02ab-406c-80b4-5889e340582a', 0, 45, 297832.0, TRUE) ON CONFLICT DO NOTHING;
INSERT INTO tiers (plan_id, min_days, max_days, price_inr, is_active) VALUES ('99ac4c88-02ab-406c-80b4-5889e340582a', 46, 730, 467752.0, TRUE) ON CONFLICT DO NOTHING;
INSERT INTO plans (id, variant_id, plan_name, duration_months, max_kms) VALUES ('0282e8bf-dbaa-4cd8-85b0-3d85ffb1dd2f', 'b19fdb14-da9e-4e4d-96b4-0401d6e2d215', '5th Year / Unlimited Kms', 12, NULL) ON CONFLICT DO NOTHING;
INSERT INTO tiers (plan_id, min_days, max_days, price_inr, is_active) VALUES ('0282e8bf-dbaa-4cd8-85b0-3d85ffb1dd2f', 0, 45, 665992.0, TRUE) ON CONFLICT DO NOTHING;
INSERT INTO tiers (plan_id, min_days, max_days, price_inr, is_active) VALUES ('0282e8bf-dbaa-4cd8-85b0-3d85ffb1dd2f', 46, 730, 933852.0, TRUE) ON CONFLICT DO NOTHING;
INSERT INTO models (id, brand_id, name) VALUES ('fdb37e95-e9cf-42ca-9c16-0b2ccb7248c0', 'd7a96b5d-1b30-46f8-9338-eebe4db9e45b', 'X4') ON CONFLICT DO NOTHING;
INSERT INTO variants (id, model_id, name, fuel, transmission, oem_warranty_months, oem_warranty_kms) VALUES ('1481447f-fdb8-49f8-8b16-db597b36b3de', 'fdb37e95-e9cf-42ca-9c16-0b2ccb7248c0', 'X4 Petrol/Diesel', 'Petrol/Diesel', 'N/A', 24, NULL) ON CONFLICT DO NOTHING;
INSERT INTO plans (id, variant_id, plan_name, duration_months, max_kms) VALUES ('1d7fed5d-7784-4d28-abe6-97a3e06d14c4', '1481447f-fdb8-49f8-8b16-db597b36b3de', '3rd Year / Unlimited Kms', 12, NULL) ON CONFLICT DO NOTHING;
INSERT INTO tiers (plan_id, min_days, max_days, price_inr, is_active) VALUES ('1d7fed5d-7784-4d28-abe6-97a3e06d14c4', 0, 45, 77054.0, TRUE) ON CONFLICT DO NOTHING;
INSERT INTO tiers (plan_id, min_days, max_days, price_inr, is_active) VALUES ('1d7fed5d-7784-4d28-abe6-97a3e06d14c4', 46, 730, 93574.0, TRUE) ON CONFLICT DO NOTHING;
INSERT INTO plans (id, variant_id, plan_name, duration_months, max_kms) VALUES ('1ba8f4af-f0d7-4090-a119-371bebf9c390', '1481447f-fdb8-49f8-8b16-db597b36b3de', '4th Year / Unlimited Kms', 12, NULL) ON CONFLICT DO NOTHING;
INSERT INTO tiers (plan_id, min_days, max_days, price_inr, is_active) VALUES ('1ba8f4af-f0d7-4090-a119-371bebf9c390', 0, 45, 153752.0, TRUE) ON CONFLICT DO NOTHING;
INSERT INTO tiers (plan_id, min_days, max_days, price_inr, is_active) VALUES ('1ba8f4af-f0d7-4090-a119-371bebf9c390', 46, 730, 185614.0, TRUE) ON CONFLICT DO NOTHING;
INSERT INTO plans (id, variant_id, plan_name, duration_months, max_kms) VALUES ('9ea0b66c-cf8d-4237-b182-b62d9b11033b', '1481447f-fdb8-49f8-8b16-db597b36b3de', '5th Year / Unlimited Kms', 12, NULL) ON CONFLICT DO NOTHING;
INSERT INTO tiers (plan_id, min_days, max_days, price_inr, is_active) VALUES ('9ea0b66c-cf8d-4237-b182-b62d9b11033b', 0, 45, 305974.0, TRUE) ON CONFLICT DO NOTHING;
INSERT INTO tiers (plan_id, min_days, max_days, price_inr, is_active) VALUES ('9ea0b66c-cf8d-4237-b182-b62d9b11033b', 46, 730, 368514.0, TRUE) ON CONFLICT DO NOTHING;
INSERT INTO models (id, brand_id, name) VALUES ('6a5112c1-ce16-41ce-bffe-db1e4eb5783c', 'd7a96b5d-1b30-46f8-9338-eebe4db9e45b', 'X4 i') ON CONFLICT DO NOTHING;
INSERT INTO variants (id, model_id, name, fuel, transmission, oem_warranty_months, oem_warranty_kms) VALUES ('75a0fea9-0344-480b-9ac4-f373e700f6cc', '6a5112c1-ce16-41ce-bffe-db1e4eb5783c', 'X4 i Petrol/Diesel', 'Petrol/Diesel', 'N/A', 24, NULL) ON CONFLICT DO NOTHING;
INSERT INTO plans (id, variant_id, plan_name, duration_months, max_kms) VALUES ('be4c99a2-992a-4e89-b7f8-586f6d12bb8c', '75a0fea9-0344-480b-9ac4-f373e700f6cc', '3rd Year / Unlimited Kms', 12, NULL) ON CONFLICT DO NOTHING;
INSERT INTO tiers (plan_id, min_days, max_days, price_inr, is_active) VALUES ('be4c99a2-992a-4e89-b7f8-586f6d12bb8c', 0, 45, 93692.0, TRUE) ON CONFLICT DO NOTHING;
INSERT INTO tiers (plan_id, min_days, max_days, price_inr, is_active) VALUES ('be4c99a2-992a-4e89-b7f8-586f6d12bb8c', 46, 730, 121776.0, TRUE) ON CONFLICT DO NOTHING;
INSERT INTO plans (id, variant_id, plan_name, duration_months, max_kms) VALUES ('ef0959ec-8dd9-43ba-9e6f-53094fff1b4a', '75a0fea9-0344-480b-9ac4-f373e700f6cc', '4th Year / Unlimited Kms', 12, NULL) ON CONFLICT DO NOTHING;
INSERT INTO tiers (plan_id, min_days, max_days, price_inr, is_active) VALUES ('ef0959ec-8dd9-43ba-9e6f-53094fff1b4a', 0, 45, 185732.0, TRUE) ON CONFLICT DO NOTHING;
INSERT INTO tiers (plan_id, min_days, max_days, price_inr, is_active) VALUES ('ef0959ec-8dd9-43ba-9e6f-53094fff1b4a', 46, 730, 241428.0, TRUE) ON CONFLICT DO NOTHING;
INSERT INTO plans (id, variant_id, plan_name, duration_months, max_kms) VALUES ('e10ce92b-9467-435c-b27d-bbc6e36d7ae9', '75a0fea9-0344-480b-9ac4-f373e700f6cc', '5th Year / Unlimited Kms', 12, NULL) ON CONFLICT DO NOTHING;
INSERT INTO tiers (plan_id, min_days, max_days, price_inr, is_active) VALUES ('e10ce92b-9467-435c-b27d-bbc6e36d7ae9', 0, 45, 368632.0, TRUE) ON CONFLICT DO NOTHING;
INSERT INTO tiers (plan_id, min_days, max_days, price_inr, is_active) VALUES ('e10ce92b-9467-435c-b27d-bbc6e36d7ae9', 46, 730, 479198.0, TRUE) ON CONFLICT DO NOTHING;
INSERT INTO models (id, brand_id, name) VALUES ('8f2c4566-5303-4eeb-8876-ddc422520da3', 'd7a96b5d-1b30-46f8-9338-eebe4db9e45b', 'X4 M') ON CONFLICT DO NOTHING;
INSERT INTO variants (id, model_id, name, fuel, transmission, oem_warranty_months, oem_warranty_kms) VALUES ('fe061ac2-b3be-47b1-81d2-5b604333603a', '8f2c4566-5303-4eeb-8876-ddc422520da3', 'X4 M Petrol/Diesel', 'Petrol/Diesel', 'N/A', 24, NULL) ON CONFLICT DO NOTHING;
INSERT INTO plans (id, variant_id, plan_name, duration_months, max_kms) VALUES ('cdb20117-e27a-4bd8-a4d5-9355e3ad8390', 'fe061ac2-b3be-47b1-81d2-5b604333603a', '3rd Year / Unlimited Kms', 12, NULL) ON CONFLICT DO NOTHING;
INSERT INTO tiers (plan_id, min_days, max_days, price_inr, is_active) VALUES ('cdb20117-e27a-4bd8-a4d5-9355e3ad8390', 0, 45, 113752.0, TRUE) ON CONFLICT DO NOTHING;
INSERT INTO tiers (plan_id, min_days, max_days, price_inr, is_active) VALUES ('cdb20117-e27a-4bd8-a4d5-9355e3ad8390', 46, 730, 235292.0, TRUE) ON CONFLICT DO NOTHING;
INSERT INTO plans (id, variant_id, plan_name, duration_months, max_kms) VALUES ('add973f2-6338-4308-9c79-98f04a94adc9', 'fe061ac2-b3be-47b1-81d2-5b604333603a', '4th Year / Unlimited Kms', 12, NULL) ON CONFLICT DO NOTHING;
INSERT INTO tiers (plan_id, min_days, max_days, price_inr, is_active) VALUES ('add973f2-6338-4308-9c79-98f04a94adc9', 0, 45, 297832.0, TRUE) ON CONFLICT DO NOTHING;
INSERT INTO tiers (plan_id, min_days, max_days, price_inr, is_active) VALUES ('add973f2-6338-4308-9c79-98f04a94adc9', 46, 730, 467752.0, TRUE) ON CONFLICT DO NOTHING;
INSERT INTO plans (id, variant_id, plan_name, duration_months, max_kms) VALUES ('409167e8-f6e3-4292-9358-9f6db0a96560', 'fe061ac2-b3be-47b1-81d2-5b604333603a', '5th Year / Unlimited Kms', 12, NULL) ON CONFLICT DO NOTHING;
INSERT INTO tiers (plan_id, min_days, max_days, price_inr, is_active) VALUES ('409167e8-f6e3-4292-9358-9f6db0a96560', 0, 45, 665992.0, TRUE) ON CONFLICT DO NOTHING;
INSERT INTO tiers (plan_id, min_days, max_days, price_inr, is_active) VALUES ('409167e8-f6e3-4292-9358-9f6db0a96560', 46, 730, 933852.0, TRUE) ON CONFLICT DO NOTHING;
INSERT INTO models (id, brand_id, name) VALUES ('b02b5fe9-d0ff-4f58-b09b-e4c647075589', 'd7a96b5d-1b30-46f8-9338-eebe4db9e45b', 'X5 M') ON CONFLICT DO NOTHING;
INSERT INTO variants (id, model_id, name, fuel, transmission, oem_warranty_months, oem_warranty_kms) VALUES ('7694ce69-0e5f-453b-82a1-986e5b331f3d', 'b02b5fe9-d0ff-4f58-b09b-e4c647075589', 'X5 M Petrol/Diesel', 'Petrol/Diesel', 'N/A', 24, NULL) ON CONFLICT DO NOTHING;
INSERT INTO plans (id, variant_id, plan_name, duration_months, max_kms) VALUES ('c52f2398-8c07-44ca-ac12-a9a886f6e15f', '7694ce69-0e5f-453b-82a1-986e5b331f3d', '3rd Year / Unlimited Kms', 12, NULL) ON CONFLICT DO NOTHING;
INSERT INTO tiers (plan_id, min_days, max_days, price_inr, is_active) VALUES ('c52f2398-8c07-44ca-ac12-a9a886f6e15f', 0, 45, 257948.0, TRUE) ON CONFLICT DO NOTHING;
INSERT INTO tiers (plan_id, min_days, max_days, price_inr, is_active) VALUES ('c52f2398-8c07-44ca-ac12-a9a886f6e15f', 46, 730, 296888.0, TRUE) ON CONFLICT DO NOTHING;
INSERT INTO plans (id, variant_id, plan_name, duration_months, max_kms) VALUES ('0bb1481b-c741-47d6-9742-3456e6a0e816', '7694ce69-0e5f-453b-82a1-986e5b331f3d', '4th Year / Unlimited Kms', 12, NULL) ON CONFLICT DO NOTHING;
INSERT INTO tiers (plan_id, min_days, max_days, price_inr, is_active) VALUES ('0bb1481b-c741-47d6-9742-3456e6a0e816', 0, 45, 515188.0, TRUE) ON CONFLICT DO NOTHING;
INSERT INTO tiers (plan_id, min_days, max_days, price_inr, is_active) VALUES ('0bb1481b-c741-47d6-9742-3456e6a0e816', 46, 730, 590708.0, TRUE) ON CONFLICT DO NOTHING;
INSERT INTO plans (id, variant_id, plan_name, duration_months, max_kms) VALUES ('bb5a3b65-8921-4a8c-b669-a5581166258b', '7694ce69-0e5f-453b-82a1-986e5b331f3d', '5th Year / Unlimited Kms', 12, NULL) ON CONFLICT DO NOTHING;
INSERT INTO tiers (plan_id, min_days, max_days, price_inr, is_active) VALUES ('bb5a3b65-8921-4a8c-b669-a5581166258b', 0, 45, 1029668.0, TRUE) ON CONFLICT DO NOTHING;
INSERT INTO tiers (plan_id, min_days, max_days, price_inr, is_active) VALUES ('bb5a3b65-8921-4a8c-b669-a5581166258b', 46, 730, 1179528.0, TRUE) ON CONFLICT DO NOTHING;
INSERT INTO models (id, brand_id, name) VALUES ('ef043d39-30a2-4fbc-89b1-e4d562deaf0d', 'd7a96b5d-1b30-46f8-9338-eebe4db9e45b', 'X5') ON CONFLICT DO NOTHING;
INSERT INTO variants (id, model_id, name, fuel, transmission, oem_warranty_months, oem_warranty_kms) VALUES ('d8b4521d-c96b-408c-a820-434529e19066', 'ef043d39-30a2-4fbc-89b1-e4d562deaf0d', 'X5 Petrol/Diesel', 'Petrol/Diesel', 'N/A', 24, NULL) ON CONFLICT DO NOTHING;
INSERT INTO plans (id, variant_id, plan_name, duration_months, max_kms) VALUES ('6f7c7de3-339f-4f87-ab36-e9c3d026d90a', 'd8b4521d-c96b-408c-a820-434529e19066', '3rd Year / Unlimited Kms', 12, NULL) ON CONFLICT DO NOTHING;
INSERT INTO tiers (plan_id, min_days, max_days, price_inr, is_active) VALUES ('6f7c7de3-339f-4f87-ab36-e9c3d026d90a', 0, 45, 87910.0, TRUE) ON CONFLICT DO NOTHING;
INSERT INTO tiers (plan_id, min_days, max_days, price_inr, is_active) VALUES ('6f7c7de3-339f-4f87-ab36-e9c3d026d90a', 46, 730, 149270.0, TRUE) ON CONFLICT DO NOTHING;
INSERT INTO plans (id, variant_id, plan_name, duration_months, max_kms) VALUES ('4eccd3e7-8491-44a0-8bca-cc8872a74350', 'd8b4521d-c96b-408c-a820-434529e19066', '4th Year / Unlimited Kms', 12, NULL) ON CONFLICT DO NOTHING;
INSERT INTO tiers (plan_id, min_days, max_days, price_inr, is_active) VALUES ('4eccd3e7-8491-44a0-8bca-cc8872a74350', 0, 45, 210630.0, TRUE) ON CONFLICT DO NOTHING;
INSERT INTO tiers (plan_id, min_days, max_days, price_inr, is_active) VALUES ('4eccd3e7-8491-44a0-8bca-cc8872a74350', 46, 730, 296770.0, TRUE) ON CONFLICT DO NOTHING;
INSERT INTO plans (id, variant_id, plan_name, duration_months, max_kms) VALUES ('da78dc8c-be45-4740-a78f-9d09ad1c70ab', 'd8b4521d-c96b-408c-a820-434529e19066', '5th Year / Unlimited Kms', 12, NULL) ON CONFLICT DO NOTHING;
INSERT INTO tiers (plan_id, min_days, max_days, price_inr, is_active) VALUES ('da78dc8c-be45-4740-a78f-9d09ad1c70ab', 0, 45, 421850.0, TRUE) ON CONFLICT DO NOTHING;
INSERT INTO tiers (plan_id, min_days, max_days, price_inr, is_active) VALUES ('da78dc8c-be45-4740-a78f-9d09ad1c70ab', 46, 730, 591770.0, TRUE) ON CONFLICT DO NOTHING;
INSERT INTO models (id, brand_id, name) VALUES ('43978f8a-d44d-45fb-ae77-608331d41782', 'd7a96b5d-1b30-46f8-9338-eebe4db9e45b', 'X6') ON CONFLICT DO NOTHING;
INSERT INTO variants (id, model_id, name, fuel, transmission, oem_warranty_months, oem_warranty_kms) VALUES ('2fa6ee23-2b37-44b7-b88d-007ad3d29c4d', '43978f8a-d44d-45fb-ae77-608331d41782', 'X6 Petrol/Diesel', 'Petrol/Diesel', 'N/A', 24, NULL) ON CONFLICT DO NOTHING;
INSERT INTO plans (id, variant_id, plan_name, duration_months, max_kms) VALUES ('6b35f817-bb33-4962-a697-5da92cdc1d64', '2fa6ee23-2b37-44b7-b88d-007ad3d29c4d', '3rd Year / Unlimited Kms', 12, NULL) ON CONFLICT DO NOTHING;
INSERT INTO tiers (plan_id, min_days, max_days, price_inr, is_active) VALUES ('6b35f817-bb33-4962-a697-5da92cdc1d64', 0, 45, 87910.0, TRUE) ON CONFLICT DO NOTHING;
INSERT INTO tiers (plan_id, min_days, max_days, price_inr, is_active) VALUES ('6b35f817-bb33-4962-a697-5da92cdc1d64', 46, 730, 149270.0, TRUE) ON CONFLICT DO NOTHING;
INSERT INTO plans (id, variant_id, plan_name, duration_months, max_kms) VALUES ('b354b8a6-1892-4873-9ca9-9bb73d0f4976', '2fa6ee23-2b37-44b7-b88d-007ad3d29c4d', '4th Year / Unlimited Kms', 12, NULL) ON CONFLICT DO NOTHING;
INSERT INTO tiers (plan_id, min_days, max_days, price_inr, is_active) VALUES ('b354b8a6-1892-4873-9ca9-9bb73d0f4976', 0, 45, 210630.0, TRUE) ON CONFLICT DO NOTHING;
INSERT INTO tiers (plan_id, min_days, max_days, price_inr, is_active) VALUES ('b354b8a6-1892-4873-9ca9-9bb73d0f4976', 46, 730, 296770.0, TRUE) ON CONFLICT DO NOTHING;
INSERT INTO plans (id, variant_id, plan_name, duration_months, max_kms) VALUES ('2a2e0b6a-82be-47f7-a155-5138fe9ceaae', '2fa6ee23-2b37-44b7-b88d-007ad3d29c4d', '5th Year / Unlimited Kms', 12, NULL) ON CONFLICT DO NOTHING;
INSERT INTO tiers (plan_id, min_days, max_days, price_inr, is_active) VALUES ('2a2e0b6a-82be-47f7-a155-5138fe9ceaae', 0, 45, 421850.0, TRUE) ON CONFLICT DO NOTHING;
INSERT INTO tiers (plan_id, min_days, max_days, price_inr, is_active) VALUES ('2a2e0b6a-82be-47f7-a155-5138fe9ceaae', 46, 730, 591770.0, TRUE) ON CONFLICT DO NOTHING;
INSERT INTO models (id, brand_id, name) VALUES ('252e509c-e6a0-4e65-ac2d-8d88a93386c7', 'd7a96b5d-1b30-46f8-9338-eebe4db9e45b', 'X6 M') ON CONFLICT DO NOTHING;
INSERT INTO variants (id, model_id, name, fuel, transmission, oem_warranty_months, oem_warranty_kms) VALUES ('a3bf8d2e-564f-4f1f-8bb4-c57d523c6179', '252e509c-e6a0-4e65-ac2d-8d88a93386c7', 'X6 M Petrol/Diesel', 'Petrol/Diesel', 'N/A', 24, NULL) ON CONFLICT DO NOTHING;
INSERT INTO plans (id, variant_id, plan_name, duration_months, max_kms) VALUES ('6d81b738-d0a0-4652-94ff-6060caa313c7', 'a3bf8d2e-564f-4f1f-8bb4-c57d523c6179', '3rd Year / Unlimited Kms', 12, NULL) ON CONFLICT DO NOTHING;
INSERT INTO tiers (plan_id, min_days, max_days, price_inr, is_active) VALUES ('6d81b738-d0a0-4652-94ff-6060caa313c7', 0, 45, 257948.0, TRUE) ON CONFLICT DO NOTHING;
INSERT INTO tiers (plan_id, min_days, max_days, price_inr, is_active) VALUES ('6d81b738-d0a0-4652-94ff-6060caa313c7', 46, 730, 296888.0, TRUE) ON CONFLICT DO NOTHING;
INSERT INTO plans (id, variant_id, plan_name, duration_months, max_kms) VALUES ('74bebb22-70c5-4077-b2bc-f47c6182788d', 'a3bf8d2e-564f-4f1f-8bb4-c57d523c6179', '4th Year / Unlimited Kms', 12, NULL) ON CONFLICT DO NOTHING;
INSERT INTO tiers (plan_id, min_days, max_days, price_inr, is_active) VALUES ('74bebb22-70c5-4077-b2bc-f47c6182788d', 0, 45, 515188.0, TRUE) ON CONFLICT DO NOTHING;
INSERT INTO tiers (plan_id, min_days, max_days, price_inr, is_active) VALUES ('74bebb22-70c5-4077-b2bc-f47c6182788d', 46, 730, 590708.0, TRUE) ON CONFLICT DO NOTHING;
INSERT INTO plans (id, variant_id, plan_name, duration_months, max_kms) VALUES ('78dfcdb5-8e88-4d5e-b037-a70c6ebb7e9d', 'a3bf8d2e-564f-4f1f-8bb4-c57d523c6179', '5th Year / Unlimited Kms', 12, NULL) ON CONFLICT DO NOTHING;
INSERT INTO tiers (plan_id, min_days, max_days, price_inr, is_active) VALUES ('78dfcdb5-8e88-4d5e-b037-a70c6ebb7e9d', 0, 45, 1029668.0, TRUE) ON CONFLICT DO NOTHING;
INSERT INTO tiers (plan_id, min_days, max_days, price_inr, is_active) VALUES ('78dfcdb5-8e88-4d5e-b037-a70c6ebb7e9d', 46, 730, 1179528.0, TRUE) ON CONFLICT DO NOTHING;
INSERT INTO models (id, brand_id, name) VALUES ('4dbf8270-a5b8-432e-93b9-722440bf83a4', 'd7a96b5d-1b30-46f8-9338-eebe4db9e45b', 'X7') ON CONFLICT DO NOTHING;
INSERT INTO variants (id, model_id, name, fuel, transmission, oem_warranty_months, oem_warranty_kms) VALUES ('771efdb3-482a-459a-b5bc-a8220501ae15', '4dbf8270-a5b8-432e-93b9-722440bf83a4', 'X7 Petrol/Diesel', 'Petrol/Diesel', 'N/A', 24, NULL) ON CONFLICT DO NOTHING;
INSERT INTO plans (id, variant_id, plan_name, duration_months, max_kms) VALUES ('39e2a3d8-60fa-4200-9002-cb8303b8aca1', '771efdb3-482a-459a-b5bc-a8220501ae15', '3rd Year / Unlimited Kms', 12, NULL) ON CONFLICT DO NOTHING;
INSERT INTO tiers (plan_id, min_days, max_days, price_inr, is_active) VALUES ('39e2a3d8-60fa-4200-9002-cb8303b8aca1', 0, 45, 153046.0, TRUE) ON CONFLICT DO NOTHING;
INSERT INTO tiers (plan_id, min_days, max_days, price_inr, is_active) VALUES ('39e2a3d8-60fa-4200-9002-cb8303b8aca1', 46, 730, 215586.0, TRUE) ON CONFLICT DO NOTHING;
INSERT INTO plans (id, variant_id, plan_name, duration_months, max_kms) VALUES ('9deebdf4-ca5d-4292-bd61-d25530ef51fe', '771efdb3-482a-459a-b5bc-a8220501ae15', '4th Year / Unlimited Kms', 12, NULL) ON CONFLICT DO NOTHING;
INSERT INTO tiers (plan_id, min_days, max_days, price_inr, is_active) VALUES ('9deebdf4-ca5d-4292-bd61-d25530ef51fe', 0, 45, 302906.0, TRUE) ON CONFLICT DO NOTHING;
INSERT INTO tiers (plan_id, min_days, max_days, price_inr, is_active) VALUES ('9deebdf4-ca5d-4292-bd61-d25530ef51fe', 46, 730, 429166.0, TRUE) ON CONFLICT DO NOTHING;
INSERT INTO plans (id, variant_id, plan_name, duration_months, max_kms) VALUES ('e6669ec0-5c7a-408f-b9d6-57dc1c6f319b', '771efdb3-482a-459a-b5bc-a8220501ae15', '5th Year / Unlimited Kms', 12, NULL) ON CONFLICT DO NOTHING;
INSERT INTO tiers (plan_id, min_days, max_days, price_inr, is_active) VALUES ('e6669ec0-5c7a-408f-b9d6-57dc1c6f319b', 0, 45, 610886.0, TRUE) ON CONFLICT DO NOTHING;
INSERT INTO tiers (plan_id, min_days, max_days, price_inr, is_active) VALUES ('e6669ec0-5c7a-408f-b9d6-57dc1c6f319b', 46, 730, 856326.0, TRUE) ON CONFLICT DO NOTHING;
INSERT INTO models (id, brand_id, name) VALUES ('27d6fe0f-cfa7-4226-94fa-d136b6dcda66', 'd7a96b5d-1b30-46f8-9338-eebe4db9e45b', 'M2') ON CONFLICT DO NOTHING;
INSERT INTO variants (id, model_id, name, fuel, transmission, oem_warranty_months, oem_warranty_kms) VALUES ('e05e10ef-ba84-4c02-aa7f-854ebd53c0e7', '27d6fe0f-cfa7-4226-94fa-d136b6dcda66', 'M2 Petrol/Diesel', 'Petrol/Diesel', 'N/A', 24, NULL) ON CONFLICT DO NOTHING;
INSERT INTO plans (id, variant_id, plan_name, duration_months, max_kms) VALUES ('63ed274f-ab02-426d-bc81-0fbf5f01f0b2', 'e05e10ef-ba84-4c02-aa7f-854ebd53c0e7', '3rd Year / Unlimited Kms', 12, NULL) ON CONFLICT DO NOTHING;
INSERT INTO tiers (plan_id, min_days, max_days, price_inr, is_active) VALUES ('63ed274f-ab02-426d-bc81-0fbf5f01f0b2', 0, 45, 73396.0, TRUE) ON CONFLICT DO NOTHING;
INSERT INTO tiers (plan_id, min_days, max_days, price_inr, is_active) VALUES ('63ed274f-ab02-426d-bc81-0fbf5f01f0b2', 46, 730, 106790.0, TRUE) ON CONFLICT DO NOTHING;
INSERT INTO plans (id, variant_id, plan_name, duration_months, max_kms) VALUES ('fb41a373-939d-435f-99d8-2f8e5d8078e2', 'e05e10ef-ba84-4c02-aa7f-854ebd53c0e7', '4th Year / Unlimited Kms', 12, NULL) ON CONFLICT DO NOTHING;
INSERT INTO tiers (plan_id, min_days, max_days, price_inr, is_active) VALUES ('fb41a373-939d-435f-99d8-2f8e5d8078e2', 0, 45, 159536.0, TRUE) ON CONFLICT DO NOTHING;
INSERT INTO tiers (plan_id, min_days, max_days, price_inr, is_active) VALUES ('fb41a373-939d-435f-99d8-2f8e5d8078e2', 46, 730, 213226.0, TRUE) ON CONFLICT DO NOTHING;
INSERT INTO plans (id, variant_id, plan_name, duration_months, max_kms) VALUES ('dfa7d2ec-750e-4dbd-9aa6-ecbe5a435a39', 'e05e10ef-ba84-4c02-aa7f-854ebd53c0e7', '5th Year / Unlimited Kms', 12, NULL) ON CONFLICT DO NOTHING;
INSERT INTO tiers (plan_id, min_days, max_days, price_inr, is_active) VALUES ('dfa7d2ec-750e-4dbd-9aa6-ecbe5a435a39', 0, 45, 303496.0, TRUE) ON CONFLICT DO NOTHING;
INSERT INTO tiers (plan_id, min_days, max_days, price_inr, is_active) VALUES ('dfa7d2ec-750e-4dbd-9aa6-ecbe5a435a39', 46, 730, 426216.0, TRUE) ON CONFLICT DO NOTHING;
INSERT INTO models (id, brand_id, name) VALUES ('744f3f73-67d4-46e0-8aa7-4e3ee5f9f196', 'd7a96b5d-1b30-46f8-9338-eebe4db9e45b', 'M3') ON CONFLICT DO NOTHING;
INSERT INTO variants (id, model_id, name, fuel, transmission, oem_warranty_months, oem_warranty_kms) VALUES ('7929f8d9-5672-4d5e-a474-afb0fe0c39cb', '744f3f73-67d4-46e0-8aa7-4e3ee5f9f196', 'M3 Petrol/Diesel', 'Petrol/Diesel', 'N/A', 24, NULL) ON CONFLICT DO NOTHING;
INSERT INTO plans (id, variant_id, plan_name, duration_months, max_kms) VALUES ('7d7e7689-36d6-4fe9-855a-ee2a48ba4c10', '7929f8d9-5672-4d5e-a474-afb0fe0c39cb', '3rd Year / Unlimited Kms', 12, NULL) ON CONFLICT DO NOTHING;
INSERT INTO tiers (plan_id, min_days, max_days, price_inr, is_active) VALUES ('7d7e7689-36d6-4fe9-855a-ee2a48ba4c10', 0, 45, 94872.0, TRUE) ON CONFLICT DO NOTHING;
INSERT INTO tiers (plan_id, min_days, max_days, price_inr, is_active) VALUES ('7d7e7689-36d6-4fe9-855a-ee2a48ba4c10', 46, 730, 138532.0, TRUE) ON CONFLICT DO NOTHING;
INSERT INTO plans (id, variant_id, plan_name, duration_months, max_kms) VALUES ('571061ff-ef0a-4001-87c0-30738d2526fd', '7929f8d9-5672-4d5e-a474-afb0fe0c39cb', '4th Year / Unlimited Kms', 12, NULL) ON CONFLICT DO NOTHING;
INSERT INTO tiers (plan_id, min_days, max_days, price_inr, is_active) VALUES ('571061ff-ef0a-4001-87c0-30738d2526fd', 0, 45, 208152.0, TRUE) ON CONFLICT DO NOTHING;
INSERT INTO tiers (plan_id, min_days, max_days, price_inr, is_active) VALUES ('571061ff-ef0a-4001-87c0-30738d2526fd', 46, 730, 274232.0, TRUE) ON CONFLICT DO NOTHING;
INSERT INTO plans (id, variant_id, plan_name, duration_months, max_kms) VALUES ('ea4d99d4-2014-48cc-9f79-5c116e4a188d', '7929f8d9-5672-4d5e-a474-afb0fe0c39cb', '5th Year / Unlimited Kms', 12, NULL) ON CONFLICT DO NOTHING;
INSERT INTO tiers (plan_id, min_days, max_days, price_inr, is_active) VALUES ('ea4d99d4-2014-48cc-9f79-5c116e4a188d', 0, 45, 389872.0, TRUE) ON CONFLICT DO NOTHING;
INSERT INTO tiers (plan_id, min_days, max_days, price_inr, is_active) VALUES ('ea4d99d4-2014-48cc-9f79-5c116e4a188d', 46, 730, 546812.0, TRUE) ON CONFLICT DO NOTHING;
INSERT INTO models (id, brand_id, name) VALUES ('559469e0-c479-433f-a7e9-e59580912a75', 'd7a96b5d-1b30-46f8-9338-eebe4db9e45b', 'M4') ON CONFLICT DO NOTHING;
INSERT INTO variants (id, model_id, name, fuel, transmission, oem_warranty_months, oem_warranty_kms) VALUES ('13771553-9286-4e3d-8cb5-cbea6e0f8307', '559469e0-c479-433f-a7e9-e59580912a75', 'M4 Petrol/Diesel', 'Petrol/Diesel', 'N/A', 24, NULL) ON CONFLICT DO NOTHING;
INSERT INTO plans (id, variant_id, plan_name, duration_months, max_kms) VALUES ('907e352f-9756-401d-b278-c9c36b221bea', '13771553-9286-4e3d-8cb5-cbea6e0f8307', '3rd Year / Unlimited Kms', 12, NULL) ON CONFLICT DO NOTHING;
INSERT INTO tiers (plan_id, min_days, max_days, price_inr, is_active) VALUES ('907e352f-9756-401d-b278-c9c36b221bea', 0, 45, 94872.0, TRUE) ON CONFLICT DO NOTHING;
INSERT INTO tiers (plan_id, min_days, max_days, price_inr, is_active) VALUES ('907e352f-9756-401d-b278-c9c36b221bea', 46, 730, 138532.0, TRUE) ON CONFLICT DO NOTHING;
INSERT INTO plans (id, variant_id, plan_name, duration_months, max_kms) VALUES ('7a393914-479d-45c8-a3c8-bd961af52b33', '13771553-9286-4e3d-8cb5-cbea6e0f8307', '4th Year / Unlimited Kms', 12, NULL) ON CONFLICT DO NOTHING;
INSERT INTO tiers (plan_id, min_days, max_days, price_inr, is_active) VALUES ('7a393914-479d-45c8-a3c8-bd961af52b33', 0, 45, 208152.0, TRUE) ON CONFLICT DO NOTHING;
INSERT INTO tiers (plan_id, min_days, max_days, price_inr, is_active) VALUES ('7a393914-479d-45c8-a3c8-bd961af52b33', 46, 730, 274232.0, TRUE) ON CONFLICT DO NOTHING;
INSERT INTO plans (id, variant_id, plan_name, duration_months, max_kms) VALUES ('82aff764-ce0e-4902-a77c-13a542051484', '13771553-9286-4e3d-8cb5-cbea6e0f8307', '5th Year / Unlimited Kms', 12, NULL) ON CONFLICT DO NOTHING;
INSERT INTO tiers (plan_id, min_days, max_days, price_inr, is_active) VALUES ('82aff764-ce0e-4902-a77c-13a542051484', 0, 45, 389872.0, TRUE) ON CONFLICT DO NOTHING;
INSERT INTO tiers (plan_id, min_days, max_days, price_inr, is_active) VALUES ('82aff764-ce0e-4902-a77c-13a542051484', 46, 730, 546812.0, TRUE) ON CONFLICT DO NOTHING;
INSERT INTO models (id, brand_id, name) VALUES ('91cb1d5d-0f7c-42cc-88d5-53cf900388e4', 'd7a96b5d-1b30-46f8-9338-eebe4db9e45b', 'M5') ON CONFLICT DO NOTHING;
INSERT INTO variants (id, model_id, name, fuel, transmission, oem_warranty_months, oem_warranty_kms) VALUES ('b9a8e36f-2171-4d20-ae5e-adfc446e5e6b', '91cb1d5d-0f7c-42cc-88d5-53cf900388e4', 'M5 Petrol/Diesel', 'Petrol/Diesel', 'N/A', 24, NULL) ON CONFLICT DO NOTHING;
INSERT INTO plans (id, variant_id, plan_name, duration_months, max_kms) VALUES ('d23a00a5-8a74-44e6-81e6-825f614bbbcd', 'b9a8e36f-2171-4d20-ae5e-adfc446e5e6b', '3rd Year / Unlimited Kms', 12, NULL) ON CONFLICT DO NOTHING;
INSERT INTO tiers (plan_id, min_days, max_days, price_inr, is_active) VALUES ('d23a00a5-8a74-44e6-81e6-825f614bbbcd', 0, 45, 143488.0, TRUE) ON CONFLICT DO NOTHING;
INSERT INTO tiers (plan_id, min_days, max_days, price_inr, is_active) VALUES ('d23a00a5-8a74-44e6-81e6-825f614bbbcd', 46, 730, 197768.0, TRUE) ON CONFLICT DO NOTHING;
INSERT INTO plans (id, variant_id, plan_name, duration_months, max_kms) VALUES ('8aeee815-0b55-4cac-85a4-d66691ffd285', 'b9a8e36f-2171-4d20-ae5e-adfc446e5e6b', '4th Year / Unlimited Kms', 12, NULL) ON CONFLICT DO NOTHING;
INSERT INTO tiers (plan_id, min_days, max_days, price_inr, is_active) VALUES ('8aeee815-0b55-4cac-85a4-d66691ffd285', 0, 45, 299248.0, TRUE) ON CONFLICT DO NOTHING;
INSERT INTO tiers (plan_id, min_days, max_days, price_inr, is_active) VALUES ('8aeee815-0b55-4cac-85a4-d66691ffd285', 46, 730, 393648.0, TRUE) ON CONFLICT DO NOTHING;
INSERT INTO plans (id, variant_id, plan_name, duration_months, max_kms) VALUES ('a89df971-71ae-4937-a199-54e2b9a5b052', 'b9a8e36f-2171-4d20-ae5e-adfc446e5e6b', '5th Year / Unlimited Kms', 12, NULL) ON CONFLICT DO NOTHING;
INSERT INTO tiers (plan_id, min_days, max_days, price_inr, is_active) VALUES ('a89df971-71ae-4937-a199-54e2b9a5b052', 0, 45, 560028.0, TRUE) ON CONFLICT DO NOTHING;
INSERT INTO tiers (plan_id, min_days, max_days, price_inr, is_active) VALUES ('a89df971-71ae-4937-a199-54e2b9a5b052', 46, 730, 785408.0, TRUE) ON CONFLICT DO NOTHING;
INSERT INTO models (id, brand_id, name) VALUES ('0c186ae2-38b9-4ddc-b10e-2404592458eb', 'd7a96b5d-1b30-46f8-9338-eebe4db9e45b', 'M6') ON CONFLICT DO NOTHING;
INSERT INTO variants (id, model_id, name, fuel, transmission, oem_warranty_months, oem_warranty_kms) VALUES ('4b3d9147-933c-4c07-9ba3-593732885aae', '0c186ae2-38b9-4ddc-b10e-2404592458eb', 'M6 Petrol/Diesel', 'Petrol/Diesel', 'N/A', 24, NULL) ON CONFLICT DO NOTHING;
INSERT INTO plans (id, variant_id, plan_name, duration_months, max_kms) VALUES ('eb0e02e7-5286-450e-b79b-a31213be14d9', '4b3d9147-933c-4c07-9ba3-593732885aae', '3rd Year / Unlimited Kms', 12, NULL) ON CONFLICT DO NOTHING;
INSERT INTO tiers (plan_id, min_days, max_days, price_inr, is_active) VALUES ('eb0e02e7-5286-450e-b79b-a31213be14d9', 0, 45, 143488.0, TRUE) ON CONFLICT DO NOTHING;
INSERT INTO tiers (plan_id, min_days, max_days, price_inr, is_active) VALUES ('eb0e02e7-5286-450e-b79b-a31213be14d9', 46, 730, 197768.0, TRUE) ON CONFLICT DO NOTHING;
INSERT INTO plans (id, variant_id, plan_name, duration_months, max_kms) VALUES ('228bf34b-b0b0-4884-9731-725866967ee2', '4b3d9147-933c-4c07-9ba3-593732885aae', '4th Year / Unlimited Kms', 12, NULL) ON CONFLICT DO NOTHING;
INSERT INTO tiers (plan_id, min_days, max_days, price_inr, is_active) VALUES ('228bf34b-b0b0-4884-9731-725866967ee2', 0, 45, 299248.0, TRUE) ON CONFLICT DO NOTHING;
INSERT INTO tiers (plan_id, min_days, max_days, price_inr, is_active) VALUES ('228bf34b-b0b0-4884-9731-725866967ee2', 46, 730, 393648.0, TRUE) ON CONFLICT DO NOTHING;
INSERT INTO plans (id, variant_id, plan_name, duration_months, max_kms) VALUES ('2d295b79-bde2-4ac8-a5b1-ca4a17e78553', '4b3d9147-933c-4c07-9ba3-593732885aae', '5th Year / Unlimited Kms', 12, NULL) ON CONFLICT DO NOTHING;
INSERT INTO tiers (plan_id, min_days, max_days, price_inr, is_active) VALUES ('2d295b79-bde2-4ac8-a5b1-ca4a17e78553', 0, 45, 560028.0, TRUE) ON CONFLICT DO NOTHING;
INSERT INTO tiers (plan_id, min_days, max_days, price_inr, is_active) VALUES ('2d295b79-bde2-4ac8-a5b1-ca4a17e78553', 46, 730, 785408.0, TRUE) ON CONFLICT DO NOTHING;
INSERT INTO models (id, brand_id, name) VALUES ('d440f10d-9686-44cc-84f1-9c0b13be6583', 'd7a96b5d-1b30-46f8-9338-eebe4db9e45b', 'M340i xDrive') ON CONFLICT DO NOTHING;
INSERT INTO variants (id, model_id, name, fuel, transmission, oem_warranty_months, oem_warranty_kms) VALUES ('07372399-95e9-4289-a3d0-82491a227f92', 'd440f10d-9686-44cc-84f1-9c0b13be6583', 'M340i xDrive Petrol/Diesel', 'Petrol/Diesel', 'N/A', 24, NULL) ON CONFLICT DO NOTHING;
INSERT INTO plans (id, variant_id, plan_name, duration_months, max_kms) VALUES ('538f56e5-349f-4096-854e-b806dd04a2d4', '07372399-95e9-4289-a3d0-82491a227f92', '3rd Year / Unlimited Kms', 12, NULL) ON CONFLICT DO NOTHING;
INSERT INTO tiers (plan_id, min_days, max_days, price_inr, is_active) VALUES ('538f56e5-349f-4096-854e-b806dd04a2d4', 0, 45, 73514.0, TRUE) ON CONFLICT DO NOTHING;
INSERT INTO tiers (plan_id, min_days, max_days, price_inr, is_active) VALUES ('538f56e5-349f-4096-854e-b806dd04a2d4', 46, 730, 88854.0, TRUE) ON CONFLICT DO NOTHING;
INSERT INTO plans (id, variant_id, plan_name, duration_months, max_kms) VALUES ('5b7dcf06-85b8-4de2-bee3-df16999fd16c', '07372399-95e9-4289-a3d0-82491a227f92', '4th Year / Unlimited Kms', 12, NULL) ON CONFLICT DO NOTHING;
INSERT INTO tiers (plan_id, min_days, max_days, price_inr, is_active) VALUES ('5b7dcf06-85b8-4de2-bee3-df16999fd16c', 0, 45, 145494.0, TRUE) ON CONFLICT DO NOTHING;
INSERT INTO tiers (plan_id, min_days, max_days, price_inr, is_active) VALUES ('5b7dcf06-85b8-4de2-bee3-df16999fd16c', 46, 730, 174994.0, TRUE) ON CONFLICT DO NOTHING;
INSERT INTO plans (id, variant_id, plan_name, duration_months, max_kms) VALUES ('5715326f-7554-4d8c-a160-73b774b2a388', '07372399-95e9-4289-a3d0-82491a227f92', '5th Year / Unlimited Kms', 12, NULL) ON CONFLICT DO NOTHING;
INSERT INTO tiers (plan_id, min_days, max_days, price_inr, is_active) VALUES ('5715326f-7554-4d8c-a160-73b774b2a388', 0, 45, 289454.0, TRUE) ON CONFLICT DO NOTHING;
INSERT INTO tiers (plan_id, min_days, max_days, price_inr, is_active) VALUES ('5715326f-7554-4d8c-a160-73b774b2a388', 46, 730, 348454.0, TRUE) ON CONFLICT DO NOTHING;
INSERT INTO models (id, brand_id, name) VALUES ('99167fe3-4b70-4afc-91e5-238f059ecacc', 'd7a96b5d-1b30-46f8-9338-eebe4db9e45b', 'Z4') ON CONFLICT DO NOTHING;
INSERT INTO variants (id, model_id, name, fuel, transmission, oem_warranty_months, oem_warranty_kms) VALUES ('09225987-381e-4e94-8692-caf73266c634', '99167fe3-4b70-4afc-91e5-238f059ecacc', 'Z4 Petrol', 'Petrol', 'N/A', 24, NULL) ON CONFLICT DO NOTHING;
INSERT INTO plans (id, variant_id, plan_name, duration_months, max_kms) VALUES ('67b5f990-ef91-498b-b956-877b0f2ba351', '09225987-381e-4e94-8692-caf73266c634', '3rd Year / Unlimited Kms', 12, NULL) ON CONFLICT DO NOTHING;
INSERT INTO tiers (plan_id, min_days, max_days, price_inr, is_active) VALUES ('67b5f990-ef91-498b-b956-877b0f2ba351', 0, 45, 72924.0, TRUE) ON CONFLICT DO NOTHING;
INSERT INTO tiers (plan_id, min_days, max_days, price_inr, is_active) VALUES ('67b5f990-ef91-498b-b956-877b0f2ba351', 46, 730, 95344.0, TRUE) ON CONFLICT DO NOTHING;
INSERT INTO plans (id, variant_id, plan_name, duration_months, max_kms) VALUES ('bce236ed-5462-4bdf-8f09-16b1bb53f79e', '09225987-381e-4e94-8692-caf73266c634', '4th Year / Unlimited Kms', 12, NULL) ON CONFLICT DO NOTHING;
INSERT INTO tiers (plan_id, min_days, max_days, price_inr, is_active) VALUES ('bce236ed-5462-4bdf-8f09-16b1bb53f79e', 0, 45, 136644.0, TRUE) ON CONFLICT DO NOTHING;
INSERT INTO tiers (plan_id, min_days, max_days, price_inr, is_active) VALUES ('bce236ed-5462-4bdf-8f09-16b1bb53f79e', 46, 730, 187384.0, TRUE) ON CONFLICT DO NOTHING;
INSERT INTO plans (id, variant_id, plan_name, duration_months, max_kms) VALUES ('1400b60c-685a-4cac-8901-1ad7e9607cd0', '09225987-381e-4e94-8692-caf73266c634', '5th Year / Unlimited Kms', 12, NULL) ON CONFLICT DO NOTHING;
INSERT INTO tiers (plan_id, min_days, max_days, price_inr, is_active) VALUES ('1400b60c-685a-4cac-8901-1ad7e9607cd0', 0, 45, 264084.0, TRUE) ON CONFLICT DO NOTHING;
INSERT INTO tiers (plan_id, min_days, max_days, price_inr, is_active) VALUES ('1400b60c-685a-4cac-8901-1ad7e9607cd0', 46, 730, 371464.0, TRUE) ON CONFLICT DO NOTHING;
INSERT INTO models (id, brand_id, name) VALUES ('bed6e568-10e2-44e9-aae6-f8bd8cd612a7', 'd7a96b5d-1b30-46f8-9338-eebe4db9e45b', 'M8 COUPÉ') ON CONFLICT DO NOTHING;
INSERT INTO variants (id, model_id, name, fuel, transmission, oem_warranty_months, oem_warranty_kms) VALUES ('d3fdce0f-4089-4560-96cd-6051fe0fd6e6', 'bed6e568-10e2-44e9-aae6-f8bd8cd612a7', 'M8 COUPÉ Petrol/Diesel', 'Petrol/Diesel', 'N/A', 24, NULL) ON CONFLICT DO NOTHING;
INSERT INTO plans (id, variant_id, plan_name, duration_months, max_kms) VALUES ('248ada0d-e85e-46e5-b838-c7fcbbe6a20d', 'd3fdce0f-4089-4560-96cd-6051fe0fd6e6', '3rd Year / Unlimited Kms', 12, NULL) ON CONFLICT DO NOTHING;
INSERT INTO tiers (plan_id, min_days, max_days, price_inr, is_active) VALUES ('248ada0d-e85e-46e5-b838-c7fcbbe6a20d', 0, 45, 169684.0, TRUE) ON CONFLICT DO NOTHING;
INSERT INTO tiers (plan_id, min_days, max_days, price_inr, is_active) VALUES ('248ada0d-e85e-46e5-b838-c7fcbbe6a20d', 46, 730, 235764.0, TRUE) ON CONFLICT DO NOTHING;
INSERT INTO plans (id, variant_id, plan_name, duration_months, max_kms) VALUES ('0e80b004-f6ab-4956-80d4-f05ca65ee8bc', 'd3fdce0f-4089-4560-96cd-6051fe0fd6e6', '4th Year / Unlimited Kms', 12, NULL) ON CONFLICT DO NOTHING;
INSERT INTO tiers (plan_id, min_days, max_days, price_inr, is_active) VALUES ('0e80b004-f6ab-4956-80d4-f05ca65ee8bc', 0, 45, 334884.0, TRUE) ON CONFLICT DO NOTHING;
INSERT INTO tiers (plan_id, min_days, max_days, price_inr, is_active) VALUES ('0e80b004-f6ab-4956-80d4-f05ca65ee8bc', 46, 730, 468224.0, TRUE) ON CONFLICT DO NOTHING;
INSERT INTO plans (id, variant_id, plan_name, duration_months, max_kms) VALUES ('5ba4946a-13b3-4f7d-999d-ce2380953e4d', 'd3fdce0f-4089-4560-96cd-6051fe0fd6e6', '5th Year / Unlimited Kms', 12, NULL) ON CONFLICT DO NOTHING;
INSERT INTO tiers (plan_id, min_days, max_days, price_inr, is_active) VALUES ('5ba4946a-13b3-4f7d-999d-ce2380953e4d', 0, 45, 666464.0, TRUE) ON CONFLICT DO NOTHING;
INSERT INTO tiers (plan_id, min_days, max_days, price_inr, is_active) VALUES ('5ba4946a-13b3-4f7d-999d-ce2380953e4d', 46, 730, 934324.0, TRUE) ON CONFLICT DO NOTHING;
INSERT INTO models (id, brand_id, name) VALUES ('b639d69b-2c8b-4ef6-860f-3d9877c1005a', 'd7a96b5d-1b30-46f8-9338-eebe4db9e45b', 'XM') ON CONFLICT DO NOTHING;
INSERT INTO variants (id, model_id, name, fuel, transmission, oem_warranty_months, oem_warranty_kms) VALUES ('000901af-1ba9-4d70-8d82-aad3884f67b3', 'b639d69b-2c8b-4ef6-860f-3d9877c1005a', 'XM Hybrid', 'Hybrid', 'N/A', 24, NULL) ON CONFLICT DO NOTHING;
INSERT INTO plans (id, variant_id, plan_name, duration_months, max_kms) VALUES ('46ec2f12-8f0b-43e5-a09d-d719a81d2264', '000901af-1ba9-4d70-8d82-aad3884f67b3', '3rd Year / Unlimited Kms', 12, NULL) ON CONFLICT DO NOTHING;
INSERT INTO tiers (plan_id, min_days, max_days, price_inr, is_active) VALUES ('46ec2f12-8f0b-43e5-a09d-d719a81d2264', 0, 45, 265736.0, TRUE) ON CONFLICT DO NOTHING;
INSERT INTO tiers (plan_id, min_days, max_days, price_inr, is_active) VALUES ('46ec2f12-8f0b-43e5-a09d-d719a81d2264', 46, 730, 318600.0, TRUE) ON CONFLICT DO NOTHING;
INSERT INTO plans (id, variant_id, plan_name, duration_months, max_kms) VALUES ('26047f9c-a12b-40e0-937d-63fd9d34749e', '000901af-1ba9-4d70-8d82-aad3884f67b3', '4th Year / Unlimited Kms', 12, NULL) ON CONFLICT DO NOTHING;
INSERT INTO tiers (plan_id, min_days, max_days, price_inr, is_active) VALUES ('26047f9c-a12b-40e0-937d-63fd9d34749e', 0, 45, 531118.0, TRUE) ON CONFLICT DO NOTHING;
INSERT INTO tiers (plan_id, min_days, max_days, price_inr, is_active) VALUES ('26047f9c-a12b-40e0-937d-63fd9d34749e', 46, 730, 637200.0, TRUE) ON CONFLICT DO NOTHING;
INSERT INTO plans (id, variant_id, plan_name, duration_months, max_kms) VALUES ('8f1c64b5-d5de-4505-bc1d-bf45cc1e91f0', '000901af-1ba9-4d70-8d82-aad3884f67b3', '5th Year / Unlimited Kms', 12, NULL) ON CONFLICT DO NOTHING;
INSERT INTO tiers (plan_id, min_days, max_days, price_inr, is_active) VALUES ('8f1c64b5-d5de-4505-bc1d-bf45cc1e91f0', 0, 45, 1062000.0, TRUE) ON CONFLICT DO NOTHING;
INSERT INTO tiers (plan_id, min_days, max_days, price_inr, is_active) VALUES ('8f1c64b5-d5de-4505-bc1d-bf45cc1e91f0', 46, 730, 1274400.0, TRUE) ON CONFLICT DO NOTHING;
INSERT INTO brands (id, name) VALUES ('74c3dab2-4ef1-49c5-825f-4c3d4e6da757', 'MINI') ON CONFLICT DO NOTHING;
INSERT INTO models (id, brand_id, name) VALUES ('6c97912a-2584-462a-aba1-f581dff0fe93', '74c3dab2-4ef1-49c5-825f-4c3d4e6da757', 'MINI') ON CONFLICT DO NOTHING;
INSERT INTO variants (id, model_id, name, fuel, transmission, oem_warranty_months, oem_warranty_kms) VALUES ('d50641ff-cbdb-4ffc-8875-07b25ccc5c0e', '6c97912a-2584-462a-aba1-f581dff0fe93', 'MINI Petrol/Diesel', 'Petrol/Diesel', 'N/A', 24, NULL) ON CONFLICT DO NOTHING;
INSERT INTO plans (id, variant_id, plan_name, duration_months, max_kms) VALUES ('6b40b78c-5633-447f-b870-18a979480b4d', 'd50641ff-cbdb-4ffc-8875-07b25ccc5c0e', '3rd Year / Unlimited Kms', 12, NULL) ON CONFLICT DO NOTHING;
INSERT INTO tiers (plan_id, min_days, max_days, price_inr, is_active) VALUES ('6b40b78c-5633-447f-b870-18a979480b4d', 0, 45, 46138.0, TRUE) ON CONFLICT DO NOTHING;
INSERT INTO tiers (plan_id, min_days, max_days, price_inr, is_active) VALUES ('6b40b78c-5633-447f-b870-18a979480b4d', 46, 730, 81538.0, TRUE) ON CONFLICT DO NOTHING;
INSERT INTO plans (id, variant_id, plan_name, duration_months, max_kms) VALUES ('c642d87e-5241-49b6-8fe1-20f36902aac0', 'd50641ff-cbdb-4ffc-8875-07b25ccc5c0e', '4th Year / Unlimited Kms', 12, NULL) ON CONFLICT DO NOTHING;
INSERT INTO tiers (plan_id, min_days, max_days, price_inr, is_active) VALUES ('c642d87e-5241-49b6-8fe1-20f36902aac0', 0, 45, 86258.0, TRUE) ON CONFLICT DO NOTHING;
INSERT INTO tiers (plan_id, min_days, max_days, price_inr, is_active) VALUES ('c642d87e-5241-49b6-8fe1-20f36902aac0', 46, 730, 161778.0, TRUE) ON CONFLICT DO NOTHING;
INSERT INTO plans (id, variant_id, plan_name, duration_months, max_kms) VALUES ('6e2d10a5-668a-4371-9c5b-ff3328ad7da8', 'd50641ff-cbdb-4ffc-8875-07b25ccc5c0e', '5th Year / Unlimited Kms', 12, NULL) ON CONFLICT DO NOTHING;
INSERT INTO tiers (plan_id, min_days, max_days, price_inr, is_active) VALUES ('6e2d10a5-668a-4371-9c5b-ff3328ad7da8', 0, 45, 229038.0, TRUE) ON CONFLICT DO NOTHING;
INSERT INTO tiers (plan_id, min_days, max_days, price_inr, is_active) VALUES ('6e2d10a5-668a-4371-9c5b-ff3328ad7da8', 46, 730, 322258.0, TRUE) ON CONFLICT DO NOTHING;
INSERT INTO models (id, brand_id, name) VALUES ('ee71de34-a45b-4fc9-9216-dbe91ac7cf5e', '74c3dab2-4ef1-49c5-825f-4c3d4e6da757', 'JCW') ON CONFLICT DO NOTHING;
INSERT INTO variants (id, model_id, name, fuel, transmission, oem_warranty_months, oem_warranty_kms) VALUES ('b0f78718-3f80-4b7b-9308-2c362bde81b5', 'ee71de34-a45b-4fc9-9216-dbe91ac7cf5e', 'JCW Petrol/Diesel', 'Petrol/Diesel', 'N/A', 24, NULL) ON CONFLICT DO NOTHING;
INSERT INTO plans (id, variant_id, plan_name, duration_months, max_kms) VALUES ('a42dbded-b769-4951-8c2d-a19e31fcd372', 'b0f78718-3f80-4b7b-9308-2c362bde81b5', '3rd Year / Unlimited Kms', 12, NULL) ON CONFLICT DO NOTHING;
INSERT INTO tiers (plan_id, min_days, max_days, price_inr, is_active) VALUES ('a42dbded-b769-4951-8c2d-a19e31fcd372', 0, 45, 60062.0, TRUE) ON CONFLICT DO NOTHING;
INSERT INTO tiers (plan_id, min_days, max_days, price_inr, is_active) VALUES ('a42dbded-b769-4951-8c2d-a19e31fcd372', 46, 730, 92040.0, TRUE) ON CONFLICT DO NOTHING;
INSERT INTO plans (id, variant_id, plan_name, duration_months, max_kms) VALUES ('722e6ef3-780c-4417-81be-633708c36b99', 'b0f78718-3f80-4b7b-9308-2c362bde81b5', '4th Year / Unlimited Kms', 12, NULL) ON CONFLICT DO NOTHING;
INSERT INTO tiers (plan_id, min_days, max_days, price_inr, is_active) VALUES ('722e6ef3-780c-4417-81be-633708c36b99', 0, 45, 109504.0, TRUE) ON CONFLICT DO NOTHING;
INSERT INTO tiers (plan_id, min_days, max_days, price_inr, is_active) VALUES ('722e6ef3-780c-4417-81be-633708c36b99', 46, 730, 171100.0, TRUE) ON CONFLICT DO NOTHING;
INSERT INTO plans (id, variant_id, plan_name, duration_months, max_kms) VALUES ('e3dfaf88-97ae-49ec-ad1f-c7c51972e1d1', 'b0f78718-3f80-4b7b-9308-2c362bde81b5', '5th Year / Unlimited Kms', 12, NULL) ON CONFLICT DO NOTHING;
INSERT INTO tiers (plan_id, min_days, max_days, price_inr, is_active) VALUES ('e3dfaf88-97ae-49ec-ad1f-c7c51972e1d1', 0, 45, 243670.0, TRUE) ON CONFLICT DO NOTHING;
INSERT INTO tiers (plan_id, min_days, max_days, price_inr, is_active) VALUES ('e3dfaf88-97ae-49ec-ad1f-c7c51972e1d1', 46, 730, 342200.0, TRUE) ON CONFLICT DO NOTHING;
INSERT INTO variants (id, model_id, name, fuel, transmission, oem_warranty_months, oem_warranty_kms) VALUES ('98e6d0f7-f836-4379-9a6f-e4813b79bec1', '91cb1d5d-0f7c-42cc-88d5-53cf900388e4', 'M5 Hybrid', 'Hybrid', 'N/A', 24, NULL) ON CONFLICT DO NOTHING;
INSERT INTO plans (id, variant_id, plan_name, duration_months, max_kms) VALUES ('9b13b41a-1dfc-45c6-a199-47235955160b', '98e6d0f7-f836-4379-9a6f-e4813b79bec1', '3rd Year / Unlimited Kms', 12, NULL) ON CONFLICT DO NOTHING;
INSERT INTO tiers (plan_id, min_days, max_days, price_inr, is_active) VALUES ('9b13b41a-1dfc-45c6-a199-47235955160b', 0, 45, 161304.82, TRUE) ON CONFLICT DO NOTHING;
INSERT INTO tiers (plan_id, min_days, max_days, price_inr, is_active) VALUES ('9b13b41a-1dfc-45c6-a199-47235955160b', 46, 730, 224080.82, TRUE) ON CONFLICT DO NOTHING;
INSERT INTO plans (id, variant_id, plan_name, duration_months, max_kms) VALUES ('42c2efc0-1877-463b-b8b4-5bf840e3ab82', '98e6d0f7-f836-4379-9a6f-e4813b79bec1', '4th Year / Unlimited Kms', 12, NULL) ON CONFLICT DO NOTHING;
INSERT INTO tiers (plan_id, min_days, max_days, price_inr, is_active) VALUES ('42c2efc0-1877-463b-b8b4-5bf840e3ab82', 0, 45, 318244.82, TRUE) ON CONFLICT DO NOTHING;
INSERT INTO tiers (plan_id, min_days, max_days, price_inr, is_active) VALUES ('42c2efc0-1877-463b-b8b4-5bf840e3ab82', 46, 730, 444858.82, TRUE) ON CONFLICT DO NOTHING;
INSERT INTO plans (id, variant_id, plan_name, duration_months, max_kms) VALUES ('f93ed16e-b534-4563-86b9-878ea8058758', '98e6d0f7-f836-4379-9a6f-e4813b79bec1', '5th Year / Unlimited Kms', 12, NULL) ON CONFLICT DO NOTHING;
INSERT INTO tiers (plan_id, min_days, max_days, price_inr, is_active) VALUES ('f93ed16e-b534-4563-86b9-878ea8058758', 0, 45, 633186.82, TRUE) ON CONFLICT DO NOTHING;
INSERT INTO tiers (plan_id, min_days, max_days, price_inr, is_active) VALUES ('f93ed16e-b534-4563-86b9-878ea8058758', 46, 730, 887712.82, TRUE) ON CONFLICT DO NOTHING;
INSERT INTO models (id, brand_id, name) VALUES ('d95648cf-ab94-42f0-805d-706c13318a9a', 'd7a96b5d-1b30-46f8-9338-eebe4db9e45b', 'i4') ON CONFLICT DO NOTHING;
INSERT INTO variants (id, model_id, name, fuel, transmission, oem_warranty_months, oem_warranty_kms) VALUES ('77808359-91f4-4b03-8c49-8714d3640d96', 'd95648cf-ab94-42f0-805d-706c13318a9a', 'i4 EV', 'EV', 'N/A', 24, NULL) ON CONFLICT DO NOTHING;
INSERT INTO plans (id, variant_id, plan_name, duration_months, max_kms) VALUES ('e8980cfb-5981-41ec-8ca5-377fc14faf2c', '77808359-91f4-4b03-8c49-8714d3640d96', '3rd Year / Unlimited Kms', 12, NULL) ON CONFLICT DO NOTHING;
INSERT INTO tiers (plan_id, min_days, max_days, price_inr, is_active) VALUES ('e8980cfb-5981-41ec-8ca5-377fc14faf2c', 0, 45, 60180.0, TRUE) ON CONFLICT DO NOTHING;
INSERT INTO tiers (plan_id, min_days, max_days, price_inr, is_active) VALUES ('e8980cfb-5981-41ec-8ca5-377fc14faf2c', 46, 730, 77776.16, TRUE) ON CONFLICT DO NOTHING;
INSERT INTO plans (id, variant_id, plan_name, duration_months, max_kms) VALUES ('4c899470-d54e-4ca2-8794-c36686e6c227', '77808359-91f4-4b03-8c49-8714d3640d96', '4th Year / Unlimited Kms', 12, NULL) ON CONFLICT DO NOTHING;
INSERT INTO tiers (plan_id, min_days, max_days, price_inr, is_active) VALUES ('4c899470-d54e-4ca2-8794-c36686e6c227', 0, 45, 109449.72, TRUE) ON CONFLICT DO NOTHING;
INSERT INTO tiers (plan_id, min_days, max_days, price_inr, is_active) VALUES ('4c899470-d54e-4ca2-8794-c36686e6c227', 46, 730, 154027.76, TRUE) ON CONFLICT DO NOTHING;
INSERT INTO plans (id, variant_id, plan_name, duration_months, max_kms) VALUES ('8c839c0c-e775-4da2-8efa-5d877e4783b1', '77808359-91f4-4b03-8c49-8714d3640d96', '5th Year / Unlimited Kms', 12, NULL) ON CONFLICT DO NOTHING;
INSERT INTO tiers (plan_id, min_days, max_days, price_inr, is_active) VALUES ('8c839c0c-e775-4da2-8efa-5d877e4783b1', 0, 45, 254914.22, TRUE) ON CONFLICT DO NOTHING;
INSERT INTO tiers (plan_id, min_days, max_days, price_inr, is_active) VALUES ('8c839c0c-e775-4da2-8efa-5d877e4783b1', 46, 730, 306530.96, TRUE) ON CONFLICT DO NOTHING;
INSERT INTO models (id, brand_id, name) VALUES ('feea6a24-ad2f-4f53-b722-e5a27fc99361', 'd7a96b5d-1b30-46f8-9338-eebe4db9e45b', 'i5') ON CONFLICT DO NOTHING;
INSERT INTO variants (id, model_id, name, fuel, transmission, oem_warranty_months, oem_warranty_kms) VALUES ('ea8a7ffc-20e7-48cd-999c-06742193eac8', 'feea6a24-ad2f-4f53-b722-e5a27fc99361', 'i5 EV', 'EV', 'N/A', 24, NULL) ON CONFLICT DO NOTHING;
INSERT INTO plans (id, variant_id, plan_name, duration_months, max_kms) VALUES ('d285de97-4cad-46e6-ac2b-8d404023fbb9', 'ea8a7ffc-20e7-48cd-999c-06742193eac8', '3rd Year / Unlimited Kms', 12, NULL) ON CONFLICT DO NOTHING;
INSERT INTO tiers (plan_id, min_days, max_days, price_inr, is_active) VALUES ('d285de97-4cad-46e6-ac2b-8d404023fbb9', 0, 45, 73278.0, TRUE) ON CONFLICT DO NOTHING;
INSERT INTO tiers (plan_id, min_days, max_days, price_inr, is_active) VALUES ('d285de97-4cad-46e6-ac2b-8d404023fbb9', 46, 730, 88520.06, TRUE) ON CONFLICT DO NOTHING;
INSERT INTO plans (id, variant_id, plan_name, duration_months, max_kms) VALUES ('71781ddc-b022-4a26-9d64-375f5924bf45', 'ea8a7ffc-20e7-48cd-999c-06742193eac8', '4th Year / Unlimited Kms', 12, NULL) ON CONFLICT DO NOTHING;
INSERT INTO tiers (plan_id, min_days, max_days, price_inr, is_active) VALUES ('71781ddc-b022-4a26-9d64-375f5924bf45', 0, 45, 144797.8, TRUE) ON CONFLICT DO NOTHING;
INSERT INTO tiers (plan_id, min_days, max_days, price_inr, is_active) VALUES ('71781ddc-b022-4a26-9d64-375f5924bf45', 46, 730, 174109.0, TRUE) ON CONFLICT DO NOTHING;
INSERT INTO plans (id, variant_id, plan_name, duration_months, max_kms) VALUES ('64e21c6f-17e5-4c4b-ab29-4c2109645a3d', 'ea8a7ffc-20e7-48cd-999c-06742193eac8', '5th Year / Unlimited Kms', 12, NULL) ON CONFLICT DO NOTHING;
INSERT INTO tiers (plan_id, min_days, max_days, price_inr, is_active) VALUES ('64e21c6f-17e5-4c4b-ab29-4c2109645a3d', 0, 45, 287836.22, TRUE) ON CONFLICT DO NOTHING;
INSERT INTO tiers (plan_id, min_days, max_days, price_inr, is_active) VALUES ('64e21c6f-17e5-4c4b-ab29-4c2109645a3d', 46, 730, 346458.62, TRUE) ON CONFLICT DO NOTHING;
INSERT INTO models (id, brand_id, name) VALUES ('1d162ebb-ce79-40d5-8947-38e313da443f', 'd7a96b5d-1b30-46f8-9338-eebe4db9e45b', 'i7') ON CONFLICT DO NOTHING;
INSERT INTO variants (id, model_id, name, fuel, transmission, oem_warranty_months, oem_warranty_kms) VALUES ('c9c40039-4293-4eb3-944b-d360a552d888', '1d162ebb-ce79-40d5-8947-38e313da443f', 'i7 EV', 'EV', 'N/A', 24, NULL) ON CONFLICT DO NOTHING;
INSERT INTO plans (id, variant_id, plan_name, duration_months, max_kms) VALUES ('67f68dab-f946-4d2f-b870-350b16cc9cc0', 'c9c40039-4293-4eb3-944b-d360a552d888', '3rd Year / Unlimited Kms', 12, NULL) ON CONFLICT DO NOTHING;
INSERT INTO tiers (plan_id, min_days, max_days, price_inr, is_active) VALUES ('67f68dab-f946-4d2f-b870-350b16cc9cc0', 0, 45, 105610.0, TRUE) ON CONFLICT DO NOTHING;
INSERT INTO tiers (plan_id, min_days, max_days, price_inr, is_active) VALUES ('67f68dab-f946-4d2f-b870-350b16cc9cc0', 46, 730, 175820.0, TRUE) ON CONFLICT DO NOTHING;
INSERT INTO plans (id, variant_id, plan_name, duration_months, max_kms) VALUES ('e2d85e9d-1c3c-4360-936d-377d60622d17', 'c9c40039-4293-4eb3-944b-d360a552d888', '4th Year / Unlimited Kms', 12, NULL) ON CONFLICT DO NOTHING;
INSERT INTO tiers (plan_id, min_days, max_days, price_inr, is_active) VALUES ('e2d85e9d-1c3c-4360-936d-377d60622d17', 0, 45, 232460.0, TRUE) ON CONFLICT DO NOTHING;
INSERT INTO tiers (plan_id, min_days, max_days, price_inr, is_active) VALUES ('e2d85e9d-1c3c-4360-936d-377d60622d17', 46, 730, 350460.0, TRUE) ON CONFLICT DO NOTHING;
INSERT INTO plans (id, variant_id, plan_name, duration_months, max_kms) VALUES ('b8f42607-2cb2-407f-a315-312eb5555f3b', 'c9c40039-4293-4eb3-944b-d360a552d888', '5th Year / Unlimited Kms', 12, NULL) ON CONFLICT DO NOTHING;
INSERT INTO tiers (plan_id, min_days, max_days, price_inr, is_active) VALUES ('b8f42607-2cb2-407f-a315-312eb5555f3b', 0, 45, 467280.0, TRUE) ON CONFLICT DO NOTHING;
INSERT INTO tiers (plan_id, min_days, max_days, price_inr, is_active) VALUES ('b8f42607-2cb2-407f-a315-312eb5555f3b', 46, 730, 700920.0, TRUE) ON CONFLICT DO NOTHING;
INSERT INTO models (id, brand_id, name) VALUES ('c281a33e-aeb1-4dbf-8aac-2649b336a639', 'd7a96b5d-1b30-46f8-9338-eebe4db9e45b', 'iX') ON CONFLICT DO NOTHING;
INSERT INTO variants (id, model_id, name, fuel, transmission, oem_warranty_months, oem_warranty_kms) VALUES ('5c7e905f-de3e-47a1-b935-fc5d3e2dbd7d', 'c281a33e-aeb1-4dbf-8aac-2649b336a639', 'iX EV', 'EV', 'N/A', 24, NULL) ON CONFLICT DO NOTHING;
INSERT INTO plans (id, variant_id, plan_name, duration_months, max_kms) VALUES ('8487d521-3759-4e35-af6c-9c1e52f628f3', '5c7e905f-de3e-47a1-b935-fc5d3e2dbd7d', '3rd Year / Unlimited Kms', 12, NULL) ON CONFLICT DO NOTHING;
INSERT INTO tiers (plan_id, min_days, max_days, price_inr, is_active) VALUES ('8487d521-3759-4e35-af6c-9c1e52f628f3', 0, 45, 73278.0, TRUE) ON CONFLICT DO NOTHING;
INSERT INTO tiers (plan_id, min_days, max_days, price_inr, is_active) VALUES ('8487d521-3759-4e35-af6c-9c1e52f628f3', 46, 730, 88520.06, TRUE) ON CONFLICT DO NOTHING;
INSERT INTO plans (id, variant_id, plan_name, duration_months, max_kms) VALUES ('613f2a92-36a7-473b-bcbc-89243fc26db5', '5c7e905f-de3e-47a1-b935-fc5d3e2dbd7d', '4th Year / Unlimited Kms', 12, NULL) ON CONFLICT DO NOTHING;
INSERT INTO tiers (plan_id, min_days, max_days, price_inr, is_active) VALUES ('613f2a92-36a7-473b-bcbc-89243fc26db5', 0, 45, 144797.8, TRUE) ON CONFLICT DO NOTHING;
INSERT INTO tiers (plan_id, min_days, max_days, price_inr, is_active) VALUES ('613f2a92-36a7-473b-bcbc-89243fc26db5', 46, 730, 174109.0, TRUE) ON CONFLICT DO NOTHING;
INSERT INTO plans (id, variant_id, plan_name, duration_months, max_kms) VALUES ('c2f721c0-6040-4c76-baf5-a7f0bb8f1cb5', '5c7e905f-de3e-47a1-b935-fc5d3e2dbd7d', '5th Year / Unlimited Kms', 12, NULL) ON CONFLICT DO NOTHING;
INSERT INTO tiers (plan_id, min_days, max_days, price_inr, is_active) VALUES ('c2f721c0-6040-4c76-baf5-a7f0bb8f1cb5', 0, 45, 287836.22, TRUE) ON CONFLICT DO NOTHING;
INSERT INTO tiers (plan_id, min_days, max_days, price_inr, is_active) VALUES ('c2f721c0-6040-4c76-baf5-a7f0bb8f1cb5', 46, 730, 346458.62, TRUE) ON CONFLICT DO NOTHING;
INSERT INTO models (id, brand_id, name) VALUES ('64cad224-fef9-436c-a9c3-517b94066eab', 'd7a96b5d-1b30-46f8-9338-eebe4db9e45b', 'iX1/LWB') ON CONFLICT DO NOTHING;
INSERT INTO variants (id, model_id, name, fuel, transmission, oem_warranty_months, oem_warranty_kms) VALUES ('b0c64a8d-f21e-43c9-bac7-565c35272b6e', '64cad224-fef9-436c-a9c3-517b94066eab', 'iX1/LWB EV', 'EV', 'N/A', 24, NULL) ON CONFLICT DO NOTHING;
INSERT INTO plans (id, variant_id, plan_name, duration_months, max_kms) VALUES ('78328d44-467a-461a-924c-6b45596e94ca', 'b0c64a8d-f21e-43c9-bac7-565c35272b6e', '3rd Year / Unlimited Kms', 12, NULL) ON CONFLICT DO NOTHING;
INSERT INTO tiers (plan_id, min_days, max_days, price_inr, is_active) VALUES ('78328d44-467a-461a-924c-6b45596e94ca', 0, 45, 45430.0, TRUE) ON CONFLICT DO NOTHING;
INSERT INTO tiers (plan_id, min_days, max_days, price_inr, is_active) VALUES ('78328d44-467a-461a-924c-6b45596e94ca', 46, 730, 80287.2, TRUE) ON CONFLICT DO NOTHING;
INSERT INTO plans (id, variant_id, plan_name, duration_months, max_kms) VALUES ('37c17f97-6149-4f76-9e36-6c794873dff4', 'b0c64a8d-f21e-43c9-bac7-565c35272b6e', '4th Year / Unlimited Kms', 12, NULL) ON CONFLICT DO NOTHING;
INSERT INTO tiers (plan_id, min_days, max_days, price_inr, is_active) VALUES ('37c17f97-6149-4f76-9e36-6c794873dff4', 0, 45, 84934.04, TRUE) ON CONFLICT DO NOTHING;
INSERT INTO tiers (plan_id, min_days, max_days, price_inr, is_active) VALUES ('37c17f97-6149-4f76-9e36-6c794873dff4', 46, 730, 159295.28, TRUE) ON CONFLICT DO NOTHING;
INSERT INTO plans (id, variant_id, plan_name, duration_months, max_kms) VALUES ('17aa3db1-a40c-4192-956a-64462dadc32b', 'b0c64a8d-f21e-43c9-bac7-565c35272b6e', '5th Year / Unlimited Kms', 12, NULL) ON CONFLICT DO NOTHING;
INSERT INTO tiers (plan_id, min_days, max_days, price_inr, is_active) VALUES ('17aa3db1-a40c-4192-956a-64462dadc32b', 0, 45, 225522.78, TRUE) ON CONFLICT DO NOTHING;
INSERT INTO tiers (plan_id, min_days, max_days, price_inr, is_active) VALUES ('17aa3db1-a40c-4192-956a-64462dadc32b', 46, 730, 317312.62, TRUE) ON CONFLICT DO NOTHING;
INSERT INTO models (id, brand_id, name) VALUES ('a5486f58-05c8-4251-9c7c-18201b060748', '74c3dab2-4ef1-49c5-825f-4c3d4e6da757', 'MINI EV') ON CONFLICT DO NOTHING;
INSERT INTO variants (id, model_id, name, fuel, transmission, oem_warranty_months, oem_warranty_kms) VALUES ('2cd96934-3f17-44d6-905e-04ebf53437ce', 'a5486f58-05c8-4251-9c7c-18201b060748', 'MINI EV EV', 'EV', 'N/A', 24, NULL) ON CONFLICT DO NOTHING;
INSERT INTO plans (id, variant_id, plan_name, duration_months, max_kms) VALUES ('94c3cba7-c549-487c-8652-f26331d178e0', '2cd96934-3f17-44d6-905e-04ebf53437ce', '3rd Year / Unlimited Kms', 12, NULL) ON CONFLICT DO NOTHING;
INSERT INTO tiers (plan_id, min_days, max_days, price_inr, is_active) VALUES ('94c3cba7-c549-487c-8652-f26331d178e0', 0, 45, 34048.9, TRUE) ON CONFLICT DO NOTHING;
INSERT INTO tiers (plan_id, min_days, max_days, price_inr, is_active) VALUES ('94c3cba7-c549-487c-8652-f26331d178e0', 46, 730, 52834.5, TRUE) ON CONFLICT DO NOTHING;
INSERT INTO plans (id, variant_id, plan_name, duration_months, max_kms) VALUES ('e5685a2f-c73f-4821-90a4-6c98b220b411', '2cd96934-3f17-44d6-905e-04ebf53437ce', '4th Year / Unlimited Kms', 12, NULL) ON CONFLICT DO NOTHING;
INSERT INTO tiers (plan_id, min_days, max_days, price_inr, is_active) VALUES ('e5685a2f-c73f-4821-90a4-6c98b220b411', 0, 45, 75142.4, TRUE) ON CONFLICT DO NOTHING;
INSERT INTO tiers (plan_id, min_days, max_days, price_inr, is_active) VALUES ('e5685a2f-c73f-4821-90a4-6c98b220b411', 46, 730, 110365.4, TRUE) ON CONFLICT DO NOTHING;
INSERT INTO plans (id, variant_id, plan_name, duration_months, max_kms) VALUES ('870ae11b-c707-41b8-ba5f-3d64b15ee906', '2cd96934-3f17-44d6-905e-04ebf53437ce', '5th Year / Unlimited Kms', 12, NULL) ON CONFLICT DO NOTHING;
INSERT INTO tiers (plan_id, min_days, max_days, price_inr, is_active) VALUES ('870ae11b-c707-41b8-ba5f-3d64b15ee906', 0, 45, 149110.7, TRUE) ON CONFLICT DO NOTHING;
INSERT INTO tiers (plan_id, min_days, max_days, price_inr, is_active) VALUES ('870ae11b-c707-41b8-ba5f-3d64b15ee906', 46, 730, 208989.8, TRUE) ON CONFLICT DO NOTHING;
INSERT INTO brands (id, name) VALUES ('1f50d102-83db-4a38-bdbc-cae26c84962d', 'Jaguar') ON CONFLICT DO NOTHING;
INSERT INTO models (id, brand_id, name) VALUES ('31cfb516-ff53-4883-9a4f-30cb58177d4a', '1f50d102-83db-4a38-bdbc-cae26c84962d', 'F Pace') ON CONFLICT DO NOTHING;
INSERT INTO variants (id, model_id, name, fuel, transmission, oem_warranty_months, oem_warranty_kms) VALUES ('5d5a566a-d6a1-41ad-a282-52edb30d4ec8', '31cfb516-ff53-4883-9a4f-30cb58177d4a', 'F Pace', 'Petrol/Diesel', 'N/A', 36, NULL) ON CONFLICT DO NOTHING;
INSERT INTO plans (id, variant_id, plan_name, duration_months, max_kms) VALUES ('41510a4d-8bae-4723-9d24-fe613c241cd6', '5d5a566a-d6a1-41ad-a282-52edb30d4ec8', 'Add 12 Months / 125,000 Kms', 12, 125000) ON CONFLICT DO NOTHING;
INSERT INTO tiers (plan_id, min_days, max_days, price_inr, is_active) VALUES ('41510a4d-8bae-4723-9d24-fe613c241cd6', 0, 30, 159899.0, TRUE) ON CONFLICT DO NOTHING;
INSERT INTO tiers (plan_id, min_days, max_days, price_inr, is_active) VALUES ('41510a4d-8bae-4723-9d24-fe613c241cd6', 31, 365, 180999.0, TRUE) ON CONFLICT DO NOTHING;
INSERT INTO tiers (plan_id, min_days, max_days, price_inr, is_active) VALUES ('41510a4d-8bae-4723-9d24-fe613c241cd6', 366, 730, 205299.0, TRUE) ON CONFLICT DO NOTHING;
INSERT INTO tiers (plan_id, min_days, max_days, price_inr, is_active) VALUES ('41510a4d-8bae-4723-9d24-fe613c241cd6', 731, 1095, 228599.0, TRUE) ON CONFLICT DO NOTHING;
INSERT INTO plans (id, variant_id, plan_name, duration_months, max_kms) VALUES ('6fe6f773-a2be-476b-bfef-c7cd9efaa52f', '5d5a566a-d6a1-41ad-a282-52edb30d4ec8', 'Add 24 Months / 150,000 Kms', 24, 150000) ON CONFLICT DO NOTHING;
INSERT INTO tiers (plan_id, min_days, max_days, price_inr, is_active) VALUES ('6fe6f773-a2be-476b-bfef-c7cd9efaa52f', 0, 30, 240299.0, TRUE) ON CONFLICT DO NOTHING;
INSERT INTO tiers (plan_id, min_days, max_days, price_inr, is_active) VALUES ('6fe6f773-a2be-476b-bfef-c7cd9efaa52f', 31, 365, 271999.0, TRUE) ON CONFLICT DO NOTHING;
INSERT INTO tiers (plan_id, min_days, max_days, price_inr, is_active) VALUES ('6fe6f773-a2be-476b-bfef-c7cd9efaa52f', 366, 730, 306899.0, TRUE) ON CONFLICT DO NOTHING;
INSERT INTO tiers (plan_id, min_days, max_days, price_inr, is_active) VALUES ('6fe6f773-a2be-476b-bfef-c7cd9efaa52f', 731, 1095, 342899.0, TRUE) ON CONFLICT DO NOTHING;
INSERT INTO plans (id, variant_id, plan_name, duration_months, max_kms) VALUES ('ffafb87d-004a-44fe-892d-ebd4788e1b7d', '5d5a566a-d6a1-41ad-a282-52edb30d4ec8', 'Add 36 Months / 175,000 Kms', 36, 175000) ON CONFLICT DO NOTHING;
INSERT INTO tiers (plan_id, min_days, max_days, price_inr, is_active) VALUES ('ffafb87d-004a-44fe-892d-ebd4788e1b7d', 0, 30, 360299.0, TRUE) ON CONFLICT DO NOTHING;
INSERT INTO tiers (plan_id, min_days, max_days, price_inr, is_active) VALUES ('ffafb87d-004a-44fe-892d-ebd4788e1b7d', 31, 365, 407999.0, TRUE) ON CONFLICT DO NOTHING;
INSERT INTO tiers (plan_id, min_days, max_days, price_inr, is_active) VALUES ('ffafb87d-004a-44fe-892d-ebd4788e1b7d', 366, 730, 460199.0, TRUE) ON CONFLICT DO NOTHING;
INSERT INTO tiers (plan_id, min_days, max_days, price_inr, is_active) VALUES ('ffafb87d-004a-44fe-892d-ebd4788e1b7d', 731, 1095, 514199.0, TRUE) ON CONFLICT DO NOTHING;
INSERT INTO models (id, brand_id, name) VALUES ('f2e94105-b0ef-42b2-8a91-fba8b62577ae', '1f50d102-83db-4a38-bdbc-cae26c84962d', 'F - Type') ON CONFLICT DO NOTHING;
INSERT INTO variants (id, model_id, name, fuel, transmission, oem_warranty_months, oem_warranty_kms) VALUES ('e213d65f-e07c-4dcf-95a9-3451e5f25507', 'f2e94105-b0ef-42b2-8a91-fba8b62577ae', '2.0 L F-Type', 'Petrol', 'N/A', 36, NULL) ON CONFLICT DO NOTHING;
INSERT INTO plans (id, variant_id, plan_name, duration_months, max_kms) VALUES ('eb97658e-3e55-4877-ac2a-94ee408e6297', 'e213d65f-e07c-4dcf-95a9-3451e5f25507', 'Add 12 Months / 125,000 Kms', 12, 125000) ON CONFLICT DO NOTHING;
INSERT INTO tiers (plan_id, min_days, max_days, price_inr, is_active) VALUES ('eb97658e-3e55-4877-ac2a-94ee408e6297', 0, 30, 180999.0, TRUE) ON CONFLICT DO NOTHING;
INSERT INTO tiers (plan_id, min_days, max_days, price_inr, is_active) VALUES ('eb97658e-3e55-4877-ac2a-94ee408e6297', 31, 365, 205299.0, TRUE) ON CONFLICT DO NOTHING;
INSERT INTO tiers (plan_id, min_days, max_days, price_inr, is_active) VALUES ('eb97658e-3e55-4877-ac2a-94ee408e6297', 366, 730, 231699.0, TRUE) ON CONFLICT DO NOTHING;
INSERT INTO tiers (plan_id, min_days, max_days, price_inr, is_active) VALUES ('eb97658e-3e55-4877-ac2a-94ee408e6297', 731, 1095, 259199.0, TRUE) ON CONFLICT DO NOTHING;
INSERT INTO plans (id, variant_id, plan_name, duration_months, max_kms) VALUES ('2e716641-2877-429e-98a0-597f8eb50639', 'e213d65f-e07c-4dcf-95a9-3451e5f25507', 'Add 24 Months / 150,000 Kms', 24, 150000) ON CONFLICT DO NOTHING;
INSERT INTO tiers (plan_id, min_days, max_days, price_inr, is_active) VALUES ('2e716641-2877-429e-98a0-597f8eb50639', 0, 30, 271999.0, TRUE) ON CONFLICT DO NOTHING;
INSERT INTO tiers (plan_id, min_days, max_days, price_inr, is_active) VALUES ('2e716641-2877-429e-98a0-597f8eb50639', 31, 365, 307899.0, TRUE) ON CONFLICT DO NOTHING;
INSERT INTO tiers (plan_id, min_days, max_days, price_inr, is_active) VALUES ('2e716641-2877-429e-98a0-597f8eb50639', 366, 730, 348099.0, TRUE) ON CONFLICT DO NOTHING;
INSERT INTO tiers (plan_id, min_days, max_days, price_inr, is_active) VALUES ('2e716641-2877-429e-98a0-597f8eb50639', 731, 1095, 389399.0, TRUE) ON CONFLICT DO NOTHING;
INSERT INTO plans (id, variant_id, plan_name, duration_months, max_kms) VALUES ('70c2433b-e840-459f-b595-3635d4656698', 'e213d65f-e07c-4dcf-95a9-3451e5f25507', 'Add 36 Months / 175,000 Kms', 36, 175000) ON CONFLICT DO NOTHING;
INSERT INTO tiers (plan_id, min_days, max_days, price_inr, is_active) VALUES ('70c2433b-e840-459f-b595-3635d4656698', 0, 30, 407999.0, TRUE) ON CONFLICT DO NOTHING;
INSERT INTO tiers (plan_id, min_days, max_days, price_inr, is_active) VALUES ('70c2433b-e840-459f-b595-3635d4656698', 31, 365, 461899.0, TRUE) ON CONFLICT DO NOTHING;
INSERT INTO tiers (plan_id, min_days, max_days, price_inr, is_active) VALUES ('70c2433b-e840-459f-b595-3635d4656698', 366, 730, 522099.0, TRUE) ON CONFLICT DO NOTHING;
INSERT INTO tiers (plan_id, min_days, max_days, price_inr, is_active) VALUES ('70c2433b-e840-459f-b595-3635d4656698', 731, 1095, 584099.0, TRUE) ON CONFLICT DO NOTHING;
INSERT INTO variants (id, model_id, name, fuel, transmission, oem_warranty_months, oem_warranty_kms) VALUES ('cfd731f8-a8bf-40ae-bc97-8833e6dec985', 'f2e94105-b0ef-42b2-8a91-fba8b62577ae', '5.0L F- Type', 'Petrol', 'N/A', 36, NULL) ON CONFLICT DO NOTHING;
INSERT INTO plans (id, variant_id, plan_name, duration_months, max_kms) VALUES ('a79cad5e-3480-4960-ad0f-310b288332c8', 'cfd731f8-a8bf-40ae-bc97-8833e6dec985', 'Add 12 Months / 125,000 Kms', 12, 125000) ON CONFLICT DO NOTHING;
INSERT INTO tiers (plan_id, min_days, max_days, price_inr, is_active) VALUES ('a79cad5e-3480-4960-ad0f-310b288332c8', 0, 30, 211599.0, TRUE) ON CONFLICT DO NOTHING;
INSERT INTO tiers (plan_id, min_days, max_days, price_inr, is_active) VALUES ('a79cad5e-3480-4960-ad0f-310b288332c8', 31, 365, 237099.0, TRUE) ON CONFLICT DO NOTHING;
INSERT INTO tiers (plan_id, min_days, max_days, price_inr, is_active) VALUES ('a79cad5e-3480-4960-ad0f-310b288332c8', 366, 730, 264499.0, TRUE) ON CONFLICT DO NOTHING;
INSERT INTO tiers (plan_id, min_days, max_days, price_inr, is_active) VALUES ('a79cad5e-3480-4960-ad0f-310b288332c8', 731, 1095, 296199.0, TRUE) ON CONFLICT DO NOTHING;
INSERT INTO plans (id, variant_id, plan_name, duration_months, max_kms) VALUES ('475a2f81-aab0-4d89-af03-45efe398d489', 'cfd731f8-a8bf-40ae-bc97-8833e6dec985', 'Add 24 Months / 150,000 Kms', 24, 150000) ON CONFLICT DO NOTHING;
INSERT INTO tiers (plan_id, min_days, max_days, price_inr, is_active) VALUES ('475a2f81-aab0-4d89-af03-45efe398d489', 0, 30, 317399.0, TRUE) ON CONFLICT DO NOTHING;
INSERT INTO tiers (plan_id, min_days, max_days, price_inr, is_active) VALUES ('475a2f81-aab0-4d89-af03-45efe398d489', 31, 365, 355499.0, TRUE) ON CONFLICT DO NOTHING;
INSERT INTO tiers (plan_id, min_days, max_days, price_inr, is_active) VALUES ('475a2f81-aab0-4d89-af03-45efe398d489', 366, 730, 398899.0, TRUE) ON CONFLICT DO NOTHING;
INSERT INTO tiers (plan_id, min_days, max_days, price_inr, is_active) VALUES ('475a2f81-aab0-4d89-af03-45efe398d489', 731, 1095, 444299.0, TRUE) ON CONFLICT DO NOTHING;
INSERT INTO plans (id, variant_id, plan_name, duration_months, max_kms) VALUES ('6083f799-ee74-4fca-ba89-4255774dbc51', 'cfd731f8-a8bf-40ae-bc97-8833e6dec985', 'Add 36 Months / 175,000 Kms', 36, 175000) ON CONFLICT DO NOTHING;
INSERT INTO tiers (plan_id, min_days, max_days, price_inr, is_active) VALUES ('6083f799-ee74-4fca-ba89-4255774dbc51', 0, 30, 476099.0, TRUE) ON CONFLICT DO NOTHING;
INSERT INTO tiers (plan_id, min_days, max_days, price_inr, is_active) VALUES ('6083f799-ee74-4fca-ba89-4255774dbc51', 31, 365, 533199.0, TRUE) ON CONFLICT DO NOTHING;
INSERT INTO tiers (plan_id, min_days, max_days, price_inr, is_active) VALUES ('6083f799-ee74-4fca-ba89-4255774dbc51', 366, 730, 598399.0, TRUE) ON CONFLICT DO NOTHING;
INSERT INTO tiers (plan_id, min_days, max_days, price_inr, is_active) VALUES ('6083f799-ee74-4fca-ba89-4255774dbc51', 731, 1095, 666399.0, TRUE) ON CONFLICT DO NOTHING;
INSERT INTO models (id, brand_id, name) VALUES ('0535be50-b980-4da7-bbc3-9555cfccfedb', '1f50d102-83db-4a38-bdbc-cae26c84962d', 'I Pace') ON CONFLICT DO NOTHING;
INSERT INTO variants (id, model_id, name, fuel, transmission, oem_warranty_months, oem_warranty_kms) VALUES ('cccaf45c-07f6-42a1-b8a3-e948e2967bef', '0535be50-b980-4da7-bbc3-9555cfccfedb', 'I Pace', 'EV', 'N/A', 36, NULL) ON CONFLICT DO NOTHING;
INSERT INTO plans (id, variant_id, plan_name, duration_months, max_kms) VALUES ('ebab24a6-3b06-495c-946c-d7e6a9d190e1', 'cccaf45c-07f6-42a1-b8a3-e948e2967bef', 'Add 12 Months / 125,000 Kms', 12, 125000) ON CONFLICT DO NOTHING;
INSERT INTO tiers (plan_id, min_days, max_days, price_inr, is_active) VALUES ('ebab24a6-3b06-495c-946c-d7e6a9d190e1', 0, 30, 84699.0, TRUE) ON CONFLICT DO NOTHING;
INSERT INTO tiers (plan_id, min_days, max_days, price_inr, is_active) VALUES ('ebab24a6-3b06-495c-946c-d7e6a9d190e1', 31, 365, 95299.0, TRUE) ON CONFLICT DO NOTHING;
INSERT INTO tiers (plan_id, min_days, max_days, price_inr, is_active) VALUES ('ebab24a6-3b06-495c-946c-d7e6a9d190e1', 366, 730, 105899.0, TRUE) ON CONFLICT DO NOTHING;
INSERT INTO tiers (plan_id, min_days, max_days, price_inr, is_active) VALUES ('ebab24a6-3b06-495c-946c-d7e6a9d190e1', 731, 1095, 118599.0, TRUE) ON CONFLICT DO NOTHING;
INSERT INTO plans (id, variant_id, plan_name, duration_months, max_kms) VALUES ('033d810f-40d9-429a-a415-afe6112bd2b7', 'cccaf45c-07f6-42a1-b8a3-e948e2967bef', 'Add 24 Months / 150,000 Kms', 24, 150000) ON CONFLICT DO NOTHING;
INSERT INTO tiers (plan_id, min_days, max_days, price_inr, is_active) VALUES ('033d810f-40d9-429a-a415-afe6112bd2b7', 0, 30, 126999.0, TRUE) ON CONFLICT DO NOTHING;
INSERT INTO tiers (plan_id, min_days, max_days, price_inr, is_active) VALUES ('033d810f-40d9-429a-a415-afe6112bd2b7', 31, 365, 142999.0, TRUE) ON CONFLICT DO NOTHING;
INSERT INTO tiers (plan_id, min_days, max_days, price_inr, is_active) VALUES ('033d810f-40d9-429a-a415-afe6112bd2b7', 366, 730, 158699.0, TRUE) ON CONFLICT DO NOTHING;
INSERT INTO tiers (plan_id, min_days, max_days, price_inr, is_active) VALUES ('033d810f-40d9-429a-a415-afe6112bd2b7', 731, 1095, 177799.0, TRUE) ON CONFLICT DO NOTHING;
INSERT INTO plans (id, variant_id, plan_name, duration_months, max_kms) VALUES ('82bb4f8f-a046-4724-b2cc-dd619e513f0a', 'cccaf45c-07f6-42a1-b8a3-e948e2967bef', 'Add 36 Months / 175,000 Kms', 36, 175000) ON CONFLICT DO NOTHING;
INSERT INTO tiers (plan_id, min_days, max_days, price_inr, is_active) VALUES ('82bb4f8f-a046-4724-b2cc-dd619e513f0a', 0, 30, 190499.0, TRUE) ON CONFLICT DO NOTHING;
INSERT INTO tiers (plan_id, min_days, max_days, price_inr, is_active) VALUES ('82bb4f8f-a046-4724-b2cc-dd619e513f0a', 31, 365, 214299.0, TRUE) ON CONFLICT DO NOTHING;
INSERT INTO tiers (plan_id, min_days, max_days, price_inr, is_active) VALUES ('82bb4f8f-a046-4724-b2cc-dd619e513f0a', 366, 730, 238099.0, TRUE) ON CONFLICT DO NOTHING;
INSERT INTO tiers (plan_id, min_days, max_days, price_inr, is_active) VALUES ('82bb4f8f-a046-4724-b2cc-dd619e513f0a', 731, 1095, 266699.0, TRUE) ON CONFLICT DO NOTHING;
INSERT INTO models (id, brand_id, name) VALUES ('1b706669-fc90-4b8a-990b-42069e9c20b9', '1f50d102-83db-4a38-bdbc-cae26c84962d', 'XE') ON CONFLICT DO NOTHING;
INSERT INTO variants (id, model_id, name, fuel, transmission, oem_warranty_months, oem_warranty_kms) VALUES ('ae7b3c89-2010-43ca-ab4f-7fcbb9c66dfd', '1b706669-fc90-4b8a-990b-42069e9c20b9', 'XE', 'Petrol/Diesel', 'N/A', 36, NULL) ON CONFLICT DO NOTHING;
INSERT INTO plans (id, variant_id, plan_name, duration_months, max_kms) VALUES ('afc07e9f-811b-4330-a985-c4b6aba8bb77', 'ae7b3c89-2010-43ca-ab4f-7fcbb9c66dfd', 'Add 12 Months / 125,000 Kms', 12, 125000) ON CONFLICT DO NOTHING;
INSERT INTO tiers (plan_id, min_days, max_days, price_inr, is_active) VALUES ('afc07e9f-811b-4330-a985-c4b6aba8bb77', 0, 30, 88999.0, TRUE) ON CONFLICT DO NOTHING;
INSERT INTO tiers (plan_id, min_days, max_days, price_inr, is_active) VALUES ('afc07e9f-811b-4330-a985-c4b6aba8bb77', 31, 365, 100599.0, TRUE) ON CONFLICT DO NOTHING;
INSERT INTO tiers (plan_id, min_days, max_days, price_inr, is_active) VALUES ('afc07e9f-811b-4330-a985-c4b6aba8bb77', 366, 730, 113399.0, TRUE) ON CONFLICT DO NOTHING;
INSERT INTO tiers (plan_id, min_days, max_days, price_inr, is_active) VALUES ('afc07e9f-811b-4330-a985-c4b6aba8bb77', 731, 1095, 126999.0, TRUE) ON CONFLICT DO NOTHING;
INSERT INTO plans (id, variant_id, plan_name, duration_months, max_kms) VALUES ('bade004c-434e-416f-99a2-eddc6c0d22ef', 'ae7b3c89-2010-43ca-ab4f-7fcbb9c66dfd', 'Add 24 Months / 150,000 Kms', 24, 150000) ON CONFLICT DO NOTHING;
INSERT INTO tiers (plan_id, min_days, max_days, price_inr, is_active) VALUES ('bade004c-434e-416f-99a2-eddc6c0d22ef', 0, 30, 133299.0, TRUE) ON CONFLICT DO NOTHING;
INSERT INTO tiers (plan_id, min_days, max_days, price_inr, is_active) VALUES ('bade004c-434e-416f-99a2-eddc6c0d22ef', 31, 365, 151299.0, TRUE) ON CONFLICT DO NOTHING;
INSERT INTO tiers (plan_id, min_days, max_days, price_inr, is_active) VALUES ('bade004c-434e-416f-99a2-eddc6c0d22ef', 366, 730, 169899.0, TRUE) ON CONFLICT DO NOTHING;
INSERT INTO tiers (plan_id, min_days, max_days, price_inr, is_active) VALUES ('bade004c-434e-416f-99a2-eddc6c0d22ef', 731, 1095, 190499.0, TRUE) ON CONFLICT DO NOTHING;
INSERT INTO plans (id, variant_id, plan_name, duration_months, max_kms) VALUES ('38ea14bc-220e-4172-83d4-49aff3f9d246', 'ae7b3c89-2010-43ca-ab4f-7fcbb9c66dfd', 'Add 36 Months / 175,000 Kms', 36, 175000) ON CONFLICT DO NOTHING;
INSERT INTO tiers (plan_id, min_days, max_days, price_inr, is_active) VALUES ('38ea14bc-220e-4172-83d4-49aff3f9d246', 0, 30, 199999.0, TRUE) ON CONFLICT DO NOTHING;
INSERT INTO tiers (plan_id, min_days, max_days, price_inr, is_active) VALUES ('38ea14bc-220e-4172-83d4-49aff3f9d246', 31, 365, 226899.0, TRUE) ON CONFLICT DO NOTHING;
INSERT INTO tiers (plan_id, min_days, max_days, price_inr, is_active) VALUES ('38ea14bc-220e-4172-83d4-49aff3f9d246', 366, 730, 254699.0, TRUE) ON CONFLICT DO NOTHING;
INSERT INTO tiers (plan_id, min_days, max_days, price_inr, is_active) VALUES ('38ea14bc-220e-4172-83d4-49aff3f9d246', 731, 1095, 285699.0, TRUE) ON CONFLICT DO NOTHING;
INSERT INTO models (id, brand_id, name) VALUES ('4ac89883-fbd0-4b59-962f-429bb16a1729', '1f50d102-83db-4a38-bdbc-cae26c84962d', 'XF') ON CONFLICT DO NOTHING;
INSERT INTO variants (id, model_id, name, fuel, transmission, oem_warranty_months, oem_warranty_kms) VALUES ('c49f3992-aa6c-4e62-9c8f-ee03afec2995', '4ac89883-fbd0-4b59-962f-429bb16a1729', 'XF', 'Petrol/Diesel', 'N/A', 36, NULL) ON CONFLICT DO NOTHING;
INSERT INTO plans (id, variant_id, plan_name, duration_months, max_kms) VALUES ('e8a29ada-6356-45bb-a87b-23edc75496ac', 'c49f3992-aa6c-4e62-9c8f-ee03afec2995', 'Add 12 Months / 125,000 Kms', 12, 125000) ON CONFLICT DO NOTHING;
INSERT INTO tiers (plan_id, min_days, max_days, price_inr, is_active) VALUES ('e8a29ada-6356-45bb-a87b-23edc75496ac', 0, 30, 95299.0, TRUE) ON CONFLICT DO NOTHING;
INSERT INTO tiers (plan_id, min_days, max_days, price_inr, is_active) VALUES ('e8a29ada-6356-45bb-a87b-23edc75496ac', 31, 365, 105899.0, TRUE) ON CONFLICT DO NOTHING;
INSERT INTO tiers (plan_id, min_days, max_days, price_inr, is_active) VALUES ('e8a29ada-6356-45bb-a87b-23edc75496ac', 366, 730, 121699.0, TRUE) ON CONFLICT DO NOTHING;
INSERT INTO tiers (plan_id, min_days, max_days, price_inr, is_active) VALUES ('e8a29ada-6356-45bb-a87b-23edc75496ac', 731, 1095, 137599.0, TRUE) ON CONFLICT DO NOTHING;
INSERT INTO plans (id, variant_id, plan_name, duration_months, max_kms) VALUES ('14629a98-22b3-4b22-86f4-512b6f9cd43c', 'c49f3992-aa6c-4e62-9c8f-ee03afec2995', 'Add 24 Months / 150,000 Kms', 24, 150000) ON CONFLICT DO NOTHING;
INSERT INTO tiers (plan_id, min_days, max_days, price_inr, is_active) VALUES ('14629a98-22b3-4b22-86f4-512b6f9cd43c', 0, 30, 142999.0, TRUE) ON CONFLICT DO NOTHING;
INSERT INTO tiers (plan_id, min_days, max_days, price_inr, is_active) VALUES ('14629a98-22b3-4b22-86f4-512b6f9cd43c', 31, 365, 158699.0, TRUE) ON CONFLICT DO NOTHING;
INSERT INTO tiers (plan_id, min_days, max_days, price_inr, is_active) VALUES ('14629a98-22b3-4b22-86f4-512b6f9cd43c', 366, 730, 182599.0, TRUE) ON CONFLICT DO NOTHING;
INSERT INTO tiers (plan_id, min_days, max_days, price_inr, is_active) VALUES ('14629a98-22b3-4b22-86f4-512b6f9cd43c', 731, 1095, 206399.0, TRUE) ON CONFLICT DO NOTHING;
INSERT INTO plans (id, variant_id, plan_name, duration_months, max_kms) VALUES ('7556e3b0-1085-4f80-bcc4-d518c50ac128', 'c49f3992-aa6c-4e62-9c8f-ee03afec2995', 'Add 36 Months / 175,000 Kms', 36, 175000) ON CONFLICT DO NOTHING;
INSERT INTO tiers (plan_id, min_days, max_days, price_inr, is_active) VALUES ('7556e3b0-1085-4f80-bcc4-d518c50ac128', 0, 30, 214299.0, TRUE) ON CONFLICT DO NOTHING;
INSERT INTO tiers (plan_id, min_days, max_days, price_inr, is_active) VALUES ('7556e3b0-1085-4f80-bcc4-d518c50ac128', 31, 365, 238099.0, TRUE) ON CONFLICT DO NOTHING;
INSERT INTO tiers (plan_id, min_days, max_days, price_inr, is_active) VALUES ('7556e3b0-1085-4f80-bcc4-d518c50ac128', 366, 730, 273799.0, TRUE) ON CONFLICT DO NOTHING;
INSERT INTO tiers (plan_id, min_days, max_days, price_inr, is_active) VALUES ('7556e3b0-1085-4f80-bcc4-d518c50ac128', 731, 1095, 309599.0, TRUE) ON CONFLICT DO NOTHING;
INSERT INTO models (id, brand_id, name) VALUES ('b2bd9621-c02a-4eb8-b160-22b0e0d3f331', '1f50d102-83db-4a38-bdbc-cae26c84962d', 'XJ') ON CONFLICT DO NOTHING;
INSERT INTO variants (id, model_id, name, fuel, transmission, oem_warranty_months, oem_warranty_kms) VALUES ('ef1023dc-630c-4a73-b1da-8911f5f89e66', 'b2bd9621-c02a-4eb8-b160-22b0e0d3f331', 'XJ', 'Petrol/Diesel', 'N/A', 36, NULL) ON CONFLICT DO NOTHING;
INSERT INTO plans (id, variant_id, plan_name, duration_months, max_kms) VALUES ('761dc8f5-e4b6-4ccb-aa9f-880083de072d', 'ef1023dc-630c-4a73-b1da-8911f5f89e66', 'Add 12 Months / 125,000 Kms', 12, 125000) ON CONFLICT DO NOTHING;
INSERT INTO tiers (plan_id, min_days, max_days, price_inr, is_active) VALUES ('761dc8f5-e4b6-4ccb-aa9f-880083de072d', 0, 30, 193599.0, TRUE) ON CONFLICT DO NOTHING;
INSERT INTO tiers (plan_id, min_days, max_days, price_inr, is_active) VALUES ('761dc8f5-e4b6-4ccb-aa9f-880083de072d', 31, 365, 219099.0, TRUE) ON CONFLICT DO NOTHING;
INSERT INTO tiers (plan_id, min_days, max_days, price_inr, is_active) VALUES ('761dc8f5-e4b6-4ccb-aa9f-880083de072d', 366, 730, 248699.0, TRUE) ON CONFLICT DO NOTHING;
INSERT INTO tiers (plan_id, min_days, max_days, price_inr, is_active) VALUES ('761dc8f5-e4b6-4ccb-aa9f-880083de072d', 731, 1095, 278199.0, TRUE) ON CONFLICT DO NOTHING;
INSERT INTO plans (id, variant_id, plan_name, duration_months, max_kms) VALUES ('ce4b14f2-f2f3-42bd-b087-770e69a678f9', 'ef1023dc-630c-4a73-b1da-8911f5f89e66', 'Add 24 Months / 150,000 Kms', 24, 150000) ON CONFLICT DO NOTHING;
INSERT INTO tiers (plan_id, min_days, max_days, price_inr, is_active) VALUES ('ce4b14f2-f2f3-42bd-b087-770e69a678f9', 0, 30, 290999.0, TRUE) ON CONFLICT DO NOTHING;
INSERT INTO tiers (plan_id, min_days, max_days, price_inr, is_active) VALUES ('ce4b14f2-f2f3-42bd-b087-770e69a678f9', 31, 365, 329099.0, TRUE) ON CONFLICT DO NOTHING;
INSERT INTO tiers (plan_id, min_days, max_days, price_inr, is_active) VALUES ('ce4b14f2-f2f3-42bd-b087-770e69a678f9', 366, 730, 373499.0, TRUE) ON CONFLICT DO NOTHING;
INSERT INTO tiers (plan_id, min_days, max_days, price_inr, is_active) VALUES ('ce4b14f2-f2f3-42bd-b087-770e69a678f9', 731, 1095, 417899.0, TRUE) ON CONFLICT DO NOTHING;
INSERT INTO plans (id, variant_id, plan_name, duration_months, max_kms) VALUES ('5d9ad1b6-8b1c-4621-a8df-971337102b98', 'ef1023dc-630c-4a73-b1da-8911f5f89e66', 'Add 36 Months / 175,000 Kms', 36, 175000) ON CONFLICT DO NOTHING;
INSERT INTO tiers (plan_id, min_days, max_days, price_inr, is_active) VALUES ('5d9ad1b6-8b1c-4621-a8df-971337102b98', 0, 30, 436499.0, TRUE) ON CONFLICT DO NOTHING;
INSERT INTO tiers (plan_id, min_days, max_days, price_inr, is_active) VALUES ('5d9ad1b6-8b1c-4621-a8df-971337102b98', 31, 365, 493599.0, TRUE) ON CONFLICT DO NOTHING;
INSERT INTO tiers (plan_id, min_days, max_days, price_inr, is_active) VALUES ('5d9ad1b6-8b1c-4621-a8df-971337102b98', 366, 730, 560199.0, TRUE) ON CONFLICT DO NOTHING;
INSERT INTO tiers (plan_id, min_days, max_days, price_inr, is_active) VALUES ('5d9ad1b6-8b1c-4621-a8df-971337102b98', 731, 1095, 626799.0, TRUE) ON CONFLICT DO NOTHING;
INSERT INTO models (id, brand_id, name) VALUES ('e314da37-83c8-488c-a866-2cfd46079636', '1f50d102-83db-4a38-bdbc-cae26c84962d', 'XK') ON CONFLICT DO NOTHING;
INSERT INTO variants (id, model_id, name, fuel, transmission, oem_warranty_months, oem_warranty_kms) VALUES ('a3899ff6-b552-42f2-974c-0cca977932ce', 'e314da37-83c8-488c-a866-2cfd46079636', 'XK', 'Petrol/Diesel', 'N/A', 36, NULL) ON CONFLICT DO NOTHING;
INSERT INTO plans (id, variant_id, plan_name, duration_months, max_kms) VALUES ('f707dfd7-633c-453b-9abc-13b53cd4bc51', 'a3899ff6-b552-42f2-974c-0cca977932ce', 'Add 12 Months / 125,000 Kms', 12, 125000) ON CONFLICT DO NOTHING;
INSERT INTO tiers (plan_id, min_days, max_days, price_inr, is_active) VALUES ('f707dfd7-633c-453b-9abc-13b53cd4bc51', 0, 30, 185299.0, TRUE) ON CONFLICT DO NOTHING;
INSERT INTO tiers (plan_id, min_days, max_days, price_inr, is_active) VALUES ('f707dfd7-633c-453b-9abc-13b53cd4bc51', 31, 365, 211599.0, TRUE) ON CONFLICT DO NOTHING;
INSERT INTO tiers (plan_id, min_days, max_days, price_inr, is_active) VALUES ('f707dfd7-633c-453b-9abc-13b53cd4bc51', 366, 730, 237099.0, TRUE) ON CONFLICT DO NOTHING;
INSERT INTO tiers (plan_id, min_days, max_days, price_inr, is_active) VALUES ('f707dfd7-633c-453b-9abc-13b53cd4bc51', 731, 1095, 265599.0, TRUE) ON CONFLICT DO NOTHING;
INSERT INTO plans (id, variant_id, plan_name, duration_months, max_kms) VALUES ('451e5f3b-5f49-4b9d-9f48-d5291476cf32', 'a3899ff6-b552-42f2-974c-0cca977932ce', 'Add 24 Months / 150,000 Kms', 24, 150000) ON CONFLICT DO NOTHING;
INSERT INTO tiers (plan_id, min_days, max_days, price_inr, is_active) VALUES ('451e5f3b-5f49-4b9d-9f48-d5291476cf32', 0, 30, 277799.0, TRUE) ON CONFLICT DO NOTHING;
INSERT INTO tiers (plan_id, min_days, max_days, price_inr, is_active) VALUES ('451e5f3b-5f49-4b9d-9f48-d5291476cf32', 31, 365, 317399.0, TRUE) ON CONFLICT DO NOTHING;
INSERT INTO tiers (plan_id, min_days, max_days, price_inr, is_active) VALUES ('451e5f3b-5f49-4b9d-9f48-d5291476cf32', 366, 730, 355499.0, TRUE) ON CONFLICT DO NOTHING;
INSERT INTO tiers (plan_id, min_days, max_days, price_inr, is_active) VALUES ('451e5f3b-5f49-4b9d-9f48-d5291476cf32', 731, 1095, 398399.0, TRUE) ON CONFLICT DO NOTHING;
INSERT INTO plans (id, variant_id, plan_name, duration_months, max_kms) VALUES ('eee2a415-265b-43b9-b274-5bf7efecee77', 'a3899ff6-b552-42f2-974c-0cca977932ce', 'Add 36 Months / 175,000 Kms', 36, 175000) ON CONFLICT DO NOTHING;
INSERT INTO tiers (plan_id, min_days, max_days, price_inr, is_active) VALUES ('eee2a415-265b-43b9-b274-5bf7efecee77', 0, 30, 416699.0, TRUE) ON CONFLICT DO NOTHING;
INSERT INTO tiers (plan_id, min_days, max_days, price_inr, is_active) VALUES ('eee2a415-265b-43b9-b274-5bf7efecee77', 31, 365, 476099.0, TRUE) ON CONFLICT DO NOTHING;
INSERT INTO tiers (plan_id, min_days, max_days, price_inr, is_active) VALUES ('eee2a415-265b-43b9-b274-5bf7efecee77', 366, 730, 533199.0, TRUE) ON CONFLICT DO NOTHING;
INSERT INTO tiers (plan_id, min_days, max_days, price_inr, is_active) VALUES ('eee2a415-265b-43b9-b274-5bf7efecee77', 731, 1095, 597599.0, TRUE) ON CONFLICT DO NOTHING;
INSERT INTO brands (id, name) VALUES ('fa8580ab-bca9-45f7-a941-0fbbfd5c8acf', 'Land Rover') ON CONFLICT DO NOTHING;
INSERT INTO models (id, brand_id, name) VALUES ('b06d1fbd-d985-4cc5-9d75-e83c47473bc7', 'fa8580ab-bca9-45f7-a941-0fbbfd5c8acf', 'DISCOVERY') ON CONFLICT DO NOTHING;
INSERT INTO variants (id, model_id, name, fuel, transmission, oem_warranty_months, oem_warranty_kms) VALUES ('925508dc-89f9-4b78-802a-6daaa81008b6', 'b06d1fbd-d985-4cc5-9d75-e83c47473bc7', 'Discovery 2.0 L', 'Petrol/Diesel', 'N/A', 36, NULL) ON CONFLICT DO NOTHING;
INSERT INTO plans (id, variant_id, plan_name, duration_months, max_kms) VALUES ('e0e6485e-5e76-410a-9edc-7c712df7ae08', '925508dc-89f9-4b78-802a-6daaa81008b6', 'Add 12 Months / 125,000 Kms', 12, 125000) ON CONFLICT DO NOTHING;
INSERT INTO tiers (plan_id, min_days, max_days, price_inr, is_active) VALUES ('e0e6485e-5e76-410a-9edc-7c712df7ae08', 0, 30, 154499.0, TRUE) ON CONFLICT DO NOTHING;
INSERT INTO tiers (plan_id, min_days, max_days, price_inr, is_active) VALUES ('e0e6485e-5e76-410a-9edc-7c712df7ae08', 31, 365, 172499.0, TRUE) ON CONFLICT DO NOTHING;
INSERT INTO tiers (plan_id, min_days, max_days, price_inr, is_active) VALUES ('e0e6485e-5e76-410a-9edc-7c712df7ae08', 366, 730, 192599.0, TRUE) ON CONFLICT DO NOTHING;
INSERT INTO tiers (plan_id, min_days, max_days, price_inr, is_active) VALUES ('e0e6485e-5e76-410a-9edc-7c712df7ae08', 731, 1095, 214799.0, TRUE) ON CONFLICT DO NOTHING;
INSERT INTO plans (id, variant_id, plan_name, duration_months, max_kms) VALUES ('50de9b07-69dc-451c-b451-5f7ae453f774', '925508dc-89f9-4b78-802a-6daaa81008b6', 'Add 24 Months / 150,000 Kms', 24, 150000) ON CONFLICT DO NOTHING;
INSERT INTO tiers (plan_id, min_days, max_days, price_inr, is_active) VALUES ('50de9b07-69dc-451c-b451-5f7ae453f774', 0, 30, 190499.0, TRUE) ON CONFLICT DO NOTHING;
INSERT INTO tiers (plan_id, min_days, max_days, price_inr, is_active) VALUES ('50de9b07-69dc-451c-b451-5f7ae453f774', 31, 365, 214799.0, TRUE) ON CONFLICT DO NOTHING;
INSERT INTO tiers (plan_id, min_days, max_days, price_inr, is_active) VALUES ('50de9b07-69dc-451c-b451-5f7ae453f774', 366, 730, 238099.0, TRUE) ON CONFLICT DO NOTHING;
INSERT INTO tiers (plan_id, min_days, max_days, price_inr, is_active) VALUES ('50de9b07-69dc-451c-b451-5f7ae453f774', 731, 1095, 268799.0, TRUE) ON CONFLICT DO NOTHING;
INSERT INTO plans (id, variant_id, plan_name, duration_months, max_kms) VALUES ('cc91cbff-684a-46fe-9fe2-62a51ac71a8a', '925508dc-89f9-4b78-802a-6daaa81008b6', 'Add 36 Months / 175,000 Kms', 36, 175000) ON CONFLICT DO NOTHING;
INSERT INTO tiers (plan_id, min_days, max_days, price_inr, is_active) VALUES ('cc91cbff-684a-46fe-9fe2-62a51ac71a8a', 0, 30, 285699.0, TRUE) ON CONFLICT DO NOTHING;
INSERT INTO tiers (plan_id, min_days, max_days, price_inr, is_active) VALUES ('cc91cbff-684a-46fe-9fe2-62a51ac71a8a', 31, 365, 322199.0, TRUE) ON CONFLICT DO NOTHING;
INSERT INTO tiers (plan_id, min_days, max_days, price_inr, is_active) VALUES ('cc91cbff-684a-46fe-9fe2-62a51ac71a8a', 366, 730, 357199.0, TRUE) ON CONFLICT DO NOTHING;
INSERT INTO tiers (plan_id, min_days, max_days, price_inr, is_active) VALUES ('cc91cbff-684a-46fe-9fe2-62a51ac71a8a', 731, 1095, 403199.0, TRUE) ON CONFLICT DO NOTHING;
INSERT INTO variants (id, model_id, name, fuel, transmission, oem_warranty_months, oem_warranty_kms) VALUES ('e5730ccf-c18e-46eb-a1d2-ae58e6faa0da', 'b06d1fbd-d985-4cc5-9d75-e83c47473bc7', 'Discovery 3.0 L', 'Petrol/Diesel', 'N/A', 36, NULL) ON CONFLICT DO NOTHING;
INSERT INTO plans (id, variant_id, plan_name, duration_months, max_kms) VALUES ('3ad8d0fa-882b-43cb-a354-d038e43986c6', 'e5730ccf-c18e-46eb-a1d2-ae58e6faa0da', 'Add 12 Months / 125,000 Kms', 12, 125000) ON CONFLICT DO NOTHING;
INSERT INTO tiers (plan_id, min_days, max_days, price_inr, is_active) VALUES ('3ad8d0fa-882b-43cb-a354-d038e43986c6', 0, 30, 165099.0, TRUE) ON CONFLICT DO NOTHING;
INSERT INTO tiers (plan_id, min_days, max_days, price_inr, is_active) VALUES ('3ad8d0fa-882b-43cb-a354-d038e43986c6', 31, 365, 185299.0, TRUE) ON CONFLICT DO NOTHING;
INSERT INTO tiers (plan_id, min_days, max_days, price_inr, is_active) VALUES ('3ad8d0fa-882b-43cb-a354-d038e43986c6', 366, 730, 207399.0, TRUE) ON CONFLICT DO NOTHING;
INSERT INTO tiers (plan_id, min_days, max_days, price_inr, is_active) VALUES ('3ad8d0fa-882b-43cb-a354-d038e43986c6', 731, 1095, 232799.0, TRUE) ON CONFLICT DO NOTHING;
INSERT INTO plans (id, variant_id, plan_name, duration_months, max_kms) VALUES ('4daaedbd-432e-42af-b31f-e4ed84cdbf5a', 'e5730ccf-c18e-46eb-a1d2-ae58e6faa0da', 'Add 24 Months / 150,000 Kms', 24, 150000) ON CONFLICT DO NOTHING;
INSERT INTO tiers (plan_id, min_days, max_days, price_inr, is_active) VALUES ('4daaedbd-432e-42af-b31f-e4ed84cdbf5a', 0, 30, 241299.0, TRUE) ON CONFLICT DO NOTHING;
INSERT INTO tiers (plan_id, min_days, max_days, price_inr, is_active) VALUES ('4daaedbd-432e-42af-b31f-e4ed84cdbf5a', 31, 365, 269899.0, TRUE) ON CONFLICT DO NOTHING;
INSERT INTO tiers (plan_id, min_days, max_days, price_inr, is_active) VALUES ('4daaedbd-432e-42af-b31f-e4ed84cdbf5a', 366, 730, 301499.0, TRUE) ON CONFLICT DO NOTHING;
INSERT INTO tiers (plan_id, min_days, max_days, price_inr, is_active) VALUES ('4daaedbd-432e-42af-b31f-e4ed84cdbf5a', 731, 1095, 338099.0, TRUE) ON CONFLICT DO NOTHING;
INSERT INTO plans (id, variant_id, plan_name, duration_months, max_kms) VALUES ('58990edb-f5a9-41bc-8712-6aa513689297', 'e5730ccf-c18e-46eb-a1d2-ae58e6faa0da', 'Add 36 Months / 175,000 Kms', 36, 175000) ON CONFLICT DO NOTHING;
INSERT INTO tiers (plan_id, min_days, max_days, price_inr, is_active) VALUES ('58990edb-f5a9-41bc-8712-6aa513689297', 0, 30, 361899.0, TRUE) ON CONFLICT DO NOTHING;
INSERT INTO tiers (plan_id, min_days, max_days, price_inr, is_active) VALUES ('58990edb-f5a9-41bc-8712-6aa513689297', 31, 365, 404699.0, TRUE) ON CONFLICT DO NOTHING;
INSERT INTO tiers (plan_id, min_days, max_days, price_inr, is_active) VALUES ('58990edb-f5a9-41bc-8712-6aa513689297', 366, 730, 452399.0, TRUE) ON CONFLICT DO NOTHING;
INSERT INTO tiers (plan_id, min_days, max_days, price_inr, is_active) VALUES ('58990edb-f5a9-41bc-8712-6aa513689297', 731, 1095, 507099.0, TRUE) ON CONFLICT DO NOTHING;
INSERT INTO variants (id, model_id, name, fuel, transmission, oem_warranty_months, oem_warranty_kms) VALUES ('6873cf1d-9982-4a48-bd8f-34d97f50ad71', 'b06d1fbd-d985-4cc5-9d75-e83c47473bc7', 'Discovery 3.0 L Metropolitan Edition', 'Petrol/Diesel', 'N/A', 36, NULL) ON CONFLICT DO NOTHING;
INSERT INTO plans (id, variant_id, plan_name, duration_months, max_kms) VALUES ('5c20a597-4085-480e-aa01-df880b96773d', '6873cf1d-9982-4a48-bd8f-34d97f50ad71', 'Add 12 Months / 125,000 Kms', 12, 125000) ON CONFLICT DO NOTHING;
INSERT INTO tiers (plan_id, min_days, max_days, price_inr, is_active) VALUES ('5c20a597-4085-480e-aa01-df880b96773d', 0, 30, 176799.0, TRUE) ON CONFLICT DO NOTHING;
INSERT INTO tiers (plan_id, min_days, max_days, price_inr, is_active) VALUES ('5c20a597-4085-480e-aa01-df880b96773d', 31, 365, 197999.0, TRUE) ON CONFLICT DO NOTHING;
INSERT INTO tiers (plan_id, min_days, max_days, price_inr, is_active) VALUES ('5c20a597-4085-480e-aa01-df880b96773d', 366, 730, 222199.0, TRUE) ON CONFLICT DO NOTHING;
INSERT INTO tiers (plan_id, min_days, max_days, price_inr, is_active) VALUES ('5c20a597-4085-480e-aa01-df880b96773d', 731, 1095, 248699.0, TRUE) ON CONFLICT DO NOTHING;
INSERT INTO plans (id, variant_id, plan_name, duration_months, max_kms) VALUES ('ab58cc2d-f678-4177-926f-bdb0ff88ae9b', '6873cf1d-9982-4a48-bd8f-34d97f50ad71', 'Add 24 Months / 150,000 Kms', 24, 150000) ON CONFLICT DO NOTHING;
INSERT INTO tiers (plan_id, min_days, max_days, price_inr, is_active) VALUES ('ab58cc2d-f678-4177-926f-bdb0ff88ae9b', 0, 30, 265099.0, TRUE) ON CONFLICT DO NOTHING;
INSERT INTO tiers (plan_id, min_days, max_days, price_inr, is_active) VALUES ('ab58cc2d-f678-4177-926f-bdb0ff88ae9b', 31, 365, 296799.0, TRUE) ON CONFLICT DO NOTHING;
INSERT INTO tiers (plan_id, min_days, max_days, price_inr, is_active) VALUES ('ab58cc2d-f678-4177-926f-bdb0ff88ae9b', 366, 730, 331699.0, TRUE) ON CONFLICT DO NOTHING;
INSERT INTO tiers (plan_id, min_days, max_days, price_inr, is_active) VALUES ('ab58cc2d-f678-4177-926f-bdb0ff88ae9b', 731, 1095, 371399.0, TRUE) ON CONFLICT DO NOTHING;
INSERT INTO plans (id, variant_id, plan_name, duration_months, max_kms) VALUES ('b12ec491-d4ff-429a-a09a-07197f62de2a', '6873cf1d-9982-4a48-bd8f-34d97f50ad71', 'Add 36 Months / 175,000 Kms', 36, 175000) ON CONFLICT DO NOTHING;
INSERT INTO tiers (plan_id, min_days, max_days, price_inr, is_active) VALUES ('b12ec491-d4ff-429a-a09a-07197f62de2a', 0, 30, 397599.0, TRUE) ON CONFLICT DO NOTHING;
INSERT INTO tiers (plan_id, min_days, max_days, price_inr, is_active) VALUES ('b12ec491-d4ff-429a-a09a-07197f62de2a', 31, 365, 445199.0, TRUE) ON CONFLICT DO NOTHING;
INSERT INTO tiers (plan_id, min_days, max_days, price_inr, is_active) VALUES ('b12ec491-d4ff-429a-a09a-07197f62de2a', 366, 730, 497599.0, TRUE) ON CONFLICT DO NOTHING;
INSERT INTO tiers (plan_id, min_days, max_days, price_inr, is_active) VALUES ('b12ec491-d4ff-429a-a09a-07197f62de2a', 731, 1095, 557099.0, TRUE) ON CONFLICT DO NOTHING;
INSERT INTO models (id, brand_id, name) VALUES ('eb4b556f-ae5c-4923-b63b-8bf9ffd3756a', 'fa8580ab-bca9-45f7-a941-0fbbfd5c8acf', 'Defender') ON CONFLICT DO NOTHING;
INSERT INTO variants (id, model_id, name, fuel, transmission, oem_warranty_months, oem_warranty_kms) VALUES ('de201c45-3f1b-4ce0-b555-872c2815c4f2', 'eb4b556f-ae5c-4923-b63b-8bf9ffd3756a', '2.0 L Defender', 'Petrol/Diesel', 'N/A', 36, NULL) ON CONFLICT DO NOTHING;
INSERT INTO plans (id, variant_id, plan_name, duration_months, max_kms) VALUES ('947eff47-a600-4b31-a99e-7bb80d24e4a7', 'de201c45-3f1b-4ce0-b555-872c2815c4f2', 'Add 12 Months / 125,000 Kms', 12, 125000) ON CONFLICT DO NOTHING;
INSERT INTO tiers (plan_id, min_days, max_days, price_inr, is_active) VALUES ('947eff47-a600-4b31-a99e-7bb80d24e4a7', 0, 30, 184199.0, TRUE) ON CONFLICT DO NOTHING;
INSERT INTO tiers (plan_id, min_days, max_days, price_inr, is_active) VALUES ('947eff47-a600-4b31-a99e-7bb80d24e4a7', 31, 365, 208599.0, TRUE) ON CONFLICT DO NOTHING;
INSERT INTO tiers (plan_id, min_days, max_days, price_inr, is_active) VALUES ('947eff47-a600-4b31-a99e-7bb80d24e4a7', 366, 730, 235899.0, TRUE) ON CONFLICT DO NOTHING;
INSERT INTO tiers (plan_id, min_days, max_days, price_inr, is_active) VALUES ('947eff47-a600-4b31-a99e-7bb80d24e4a7', 731, 1095, 263499.0, TRUE) ON CONFLICT DO NOTHING;
INSERT INTO plans (id, variant_id, plan_name, duration_months, max_kms) VALUES ('db74afcd-b7d6-42b3-83fd-df89837215b9', 'de201c45-3f1b-4ce0-b555-872c2815c4f2', 'Add 24 Months / 150,000 Kms', 24, 150000) ON CONFLICT DO NOTHING;
INSERT INTO tiers (plan_id, min_days, max_days, price_inr, is_active) VALUES ('db74afcd-b7d6-42b3-83fd-df89837215b9', 0, 30, 276199.0, TRUE) ON CONFLICT DO NOTHING;
INSERT INTO tiers (plan_id, min_days, max_days, price_inr, is_active) VALUES ('db74afcd-b7d6-42b3-83fd-df89837215b9', 31, 365, 313199.0, TRUE) ON CONFLICT DO NOTHING;
INSERT INTO tiers (plan_id, min_days, max_days, price_inr, is_active) VALUES ('db74afcd-b7d6-42b3-83fd-df89837215b9', 366, 730, 353899.0, TRUE) ON CONFLICT DO NOTHING;
INSERT INTO tiers (plan_id, min_days, max_days, price_inr, is_active) VALUES ('db74afcd-b7d6-42b3-83fd-df89837215b9', 731, 1095, 395799.0, TRUE) ON CONFLICT DO NOTHING;
INSERT INTO plans (id, variant_id, plan_name, duration_months, max_kms) VALUES ('ddf318d8-51ad-44c2-8afc-1940fab1d682', 'de201c45-3f1b-4ce0-b555-872c2815c4f2', 'Add 36 Months / 175,000 Kms', 36, 175000) ON CONFLICT DO NOTHING;
INSERT INTO tiers (plan_id, min_days, max_days, price_inr, is_active) VALUES ('ddf318d8-51ad-44c2-8afc-1940fab1d682', 0, 30, 414199.0, TRUE) ON CONFLICT DO NOTHING;
INSERT INTO tiers (plan_id, min_days, max_days, price_inr, is_active) VALUES ('ddf318d8-51ad-44c2-8afc-1940fab1d682', 31, 365, 469799.0, TRUE) ON CONFLICT DO NOTHING;
INSERT INTO tiers (plan_id, min_days, max_days, price_inr, is_active) VALUES ('ddf318d8-51ad-44c2-8afc-1940fab1d682', 366, 730, 530799.0, TRUE) ON CONFLICT DO NOTHING;
INSERT INTO tiers (plan_id, min_days, max_days, price_inr, is_active) VALUES ('ddf318d8-51ad-44c2-8afc-1940fab1d682', 731, 1095, 593599.0, TRUE) ON CONFLICT DO NOTHING;
INSERT INTO variants (id, model_id, name, fuel, transmission, oem_warranty_months, oem_warranty_kms) VALUES ('967ac454-83a3-43af-9e97-58ddea664417', 'eb4b556f-ae5c-4923-b63b-8bf9ffd3756a', '3.0 L Defender', 'Petrol/Diesel', 'N/A', 36, NULL) ON CONFLICT DO NOTHING;
INSERT INTO plans (id, variant_id, plan_name, duration_months, max_kms) VALUES ('98758019-fb40-454c-b00f-f3b267e7c505', '967ac454-83a3-43af-9e97-58ddea664417', 'Add 12 Months / 125,000 Kms', 12, 125000) ON CONFLICT DO NOTHING;
INSERT INTO tiers (plan_id, min_days, max_days, price_inr, is_active) VALUES ('98758019-fb40-454c-b00f-f3b267e7c505', 0, 30, 206399.0, TRUE) ON CONFLICT DO NOTHING;
INSERT INTO tiers (plan_id, min_days, max_days, price_inr, is_active) VALUES ('98758019-fb40-454c-b00f-f3b267e7c505', 31, 365, 231099.0, TRUE) ON CONFLICT DO NOTHING;
INSERT INTO tiers (plan_id, min_days, max_days, price_inr, is_active) VALUES ('98758019-fb40-454c-b00f-f3b267e7c505', 366, 730, 258999.0, TRUE) ON CONFLICT DO NOTHING;
INSERT INTO tiers (plan_id, min_days, max_days, price_inr, is_active) VALUES ('98758019-fb40-454c-b00f-f3b267e7c505', 731, 1095, 289899.0, TRUE) ON CONFLICT DO NOTHING;
INSERT INTO plans (id, variant_id, plan_name, duration_months, max_kms) VALUES ('8a5effdb-5fce-4b07-90ee-f8f943a38546', '967ac454-83a3-43af-9e97-58ddea664417', 'Add 24 Months / 150,000 Kms', 24, 150000) ON CONFLICT DO NOTHING;
INSERT INTO tiers (plan_id, min_days, max_days, price_inr, is_active) VALUES ('8a5effdb-5fce-4b07-90ee-f8f943a38546', 0, 30, 309599.0, TRUE) ON CONFLICT DO NOTHING;
INSERT INTO tiers (plan_id, min_days, max_days, price_inr, is_active) VALUES ('8a5effdb-5fce-4b07-90ee-f8f943a38546', 31, 365, 346599.0, TRUE) ON CONFLICT DO NOTHING;
INSERT INTO tiers (plan_id, min_days, max_days, price_inr, is_active) VALUES ('8a5effdb-5fce-4b07-90ee-f8f943a38546', 366, 730, 388299.0, TRUE) ON CONFLICT DO NOTHING;
INSERT INTO tiers (plan_id, min_days, max_days, price_inr, is_active) VALUES ('8a5effdb-5fce-4b07-90ee-f8f943a38546', 731, 1095, 434799.0, TRUE) ON CONFLICT DO NOTHING;
INSERT INTO plans (id, variant_id, plan_name, duration_months, max_kms) VALUES ('5dab18eb-3bdb-4d5e-8e8f-f173ddedd1fd', '967ac454-83a3-43af-9e97-58ddea664417', 'Add 36 Months / 175,000 Kms', 36, 175000) ON CONFLICT DO NOTHING;
INSERT INTO tiers (plan_id, min_days, max_days, price_inr, is_active) VALUES ('5dab18eb-3bdb-4d5e-8e8f-f173ddedd1fd', 0, 30, 464299.0, TRUE) ON CONFLICT DO NOTHING;
INSERT INTO tiers (plan_id, min_days, max_days, price_inr, is_active) VALUES ('5dab18eb-3bdb-4d5e-8e8f-f173ddedd1fd', 31, 365, 519899.0, TRUE) ON CONFLICT DO NOTHING;
INSERT INTO tiers (plan_id, min_days, max_days, price_inr, is_active) VALUES ('5dab18eb-3bdb-4d5e-8e8f-f173ddedd1fd', 366, 730, 582399.0, TRUE) ON CONFLICT DO NOTHING;
INSERT INTO tiers (plan_id, min_days, max_days, price_inr, is_active) VALUES ('5dab18eb-3bdb-4d5e-8e8f-f173ddedd1fd', 731, 1095, 652299.0, TRUE) ON CONFLICT DO NOTHING;
INSERT INTO variants (id, model_id, name, fuel, transmission, oem_warranty_months, oem_warranty_kms) VALUES ('3ccd4516-d5ee-4794-9f32-92d22e17f68d', 'eb4b556f-ae5c-4923-b63b-8bf9ffd3756a', '2.0 l Petrol  PHEV', 'Hybrid', 'N/A', 36, NULL) ON CONFLICT DO NOTHING;
INSERT INTO plans (id, variant_id, plan_name, duration_months, max_kms) VALUES ('ccebac06-1a1c-4b4d-8211-8192dfbab4ab', '3ccd4516-d5ee-4794-9f32-92d22e17f68d', 'Add 12 Months / 125,000 Kms', 12, 125000) ON CONFLICT DO NOTHING;
INSERT INTO tiers (plan_id, min_days, max_days, price_inr, is_active) VALUES ('ccebac06-1a1c-4b4d-8211-8192dfbab4ab', 0, 30, 219099.0, TRUE) ON CONFLICT DO NOTHING;
INSERT INTO tiers (plan_id, min_days, max_days, price_inr, is_active) VALUES ('ccebac06-1a1c-4b4d-8211-8192dfbab4ab', 31, 365, 242299.0, TRUE) ON CONFLICT DO NOTHING;
INSERT INTO tiers (plan_id, min_days, max_days, price_inr, is_active) VALUES ('ccebac06-1a1c-4b4d-8211-8192dfbab4ab', 366, 730, 268799.0, TRUE) ON CONFLICT DO NOTHING;
INSERT INTO tiers (plan_id, min_days, max_days, price_inr, is_active) VALUES ('ccebac06-1a1c-4b4d-8211-8192dfbab4ab', 731, 1095, 297399.0, TRUE) ON CONFLICT DO NOTHING;
INSERT INTO plans (id, variant_id, plan_name, duration_months, max_kms) VALUES ('026ae499-5cf4-4313-a392-e4bdef7eac3a', '3ccd4516-d5ee-4794-9f32-92d22e17f68d', 'Add 24 Months / 150,000 Kms', 24, 150000) ON CONFLICT DO NOTHING;
INSERT INTO tiers (plan_id, min_days, max_days, price_inr, is_active) VALUES ('026ae499-5cf4-4313-a392-e4bdef7eac3a', 0, 30, 328499.0, TRUE) ON CONFLICT DO NOTHING;
INSERT INTO tiers (plan_id, min_days, max_days, price_inr, is_active) VALUES ('026ae499-5cf4-4313-a392-e4bdef7eac3a', 31, 365, 363499.0, TRUE) ON CONFLICT DO NOTHING;
INSERT INTO tiers (plan_id, min_days, max_days, price_inr, is_active) VALUES ('026ae499-5cf4-4313-a392-e4bdef7eac3a', 366, 730, 403199.0, TRUE) ON CONFLICT DO NOTHING;
INSERT INTO tiers (plan_id, min_days, max_days, price_inr, is_active) VALUES ('026ae499-5cf4-4313-a392-e4bdef7eac3a', 731, 1095, 445899.0, TRUE) ON CONFLICT DO NOTHING;
INSERT INTO plans (id, variant_id, plan_name, duration_months, max_kms) VALUES ('86474d5e-409b-4dd7-8488-c54a1e075def', '3ccd4516-d5ee-4794-9f32-92d22e17f68d', 'Add 36 Months / 175,000 Kms', 36, 175000) ON CONFLICT DO NOTHING;
INSERT INTO tiers (plan_id, min_days, max_days, price_inr, is_active) VALUES ('86474d5e-409b-4dd7-8488-c54a1e075def', 0, 30, 492799.0, TRUE) ON CONFLICT DO NOTHING;
INSERT INTO tiers (plan_id, min_days, max_days, price_inr, is_active) VALUES ('86474d5e-409b-4dd7-8488-c54a1e075def', 31, 365, 545099.0, TRUE) ON CONFLICT DO NOTHING;
INSERT INTO tiers (plan_id, min_days, max_days, price_inr, is_active) VALUES ('86474d5e-409b-4dd7-8488-c54a1e075def', 366, 730, 604699.0, TRUE) ON CONFLICT DO NOTHING;
INSERT INTO tiers (plan_id, min_days, max_days, price_inr, is_active) VALUES ('86474d5e-409b-4dd7-8488-c54a1e075def', 731, 1095, 668799.0, TRUE) ON CONFLICT DO NOTHING;
INSERT INTO variants (id, model_id, name, fuel, transmission, oem_warranty_months, oem_warranty_kms) VALUES ('a1649c59-3060-4673-832a-5242710eb50c', 'eb4b556f-ae5c-4923-b63b-8bf9ffd3756a', '5.0 L Defender', 'Petrol/Diesel', 'N/A', 36, NULL) ON CONFLICT DO NOTHING;
INSERT INTO plans (id, variant_id, plan_name, duration_months, max_kms) VALUES ('bb067607-8698-4adc-8f22-f960177f0562', 'a1649c59-3060-4673-832a-5242710eb50c', 'Add 12 Months / 125,000 Kms', 12, 125000) ON CONFLICT DO NOTHING;
INSERT INTO tiers (plan_id, min_days, max_days, price_inr, is_active) VALUES ('bb067607-8698-4adc-8f22-f960177f0562', 0, 30, 245499.0, TRUE) ON CONFLICT DO NOTHING;
INSERT INTO tiers (plan_id, min_days, max_days, price_inr, is_active) VALUES ('bb067607-8698-4adc-8f22-f960177f0562', 31, 365, 268799.0, TRUE) ON CONFLICT DO NOTHING;
INSERT INTO tiers (plan_id, min_days, max_days, price_inr, is_active) VALUES ('bb067607-8698-4adc-8f22-f960177f0562', 366, 730, 295199.0, TRUE) ON CONFLICT DO NOTHING;
INSERT INTO tiers (plan_id, min_days, max_days, price_inr, is_active) VALUES ('bb067607-8698-4adc-8f22-f960177f0562', 731, 1095, 323799.0, TRUE) ON CONFLICT DO NOTHING;
INSERT INTO plans (id, variant_id, plan_name, duration_months, max_kms) VALUES ('a2e13129-5c15-4bf5-b55e-d95df3b79291', 'a1649c59-3060-4673-832a-5242710eb50c', 'Add 24 Months / 150,000 Kms', 24, 150000) ON CONFLICT DO NOTHING;
INSERT INTO tiers (plan_id, min_days, max_days, price_inr, is_active) VALUES ('a2e13129-5c15-4bf5-b55e-d95df3b79291', 0, 30, 368199.0, TRUE) ON CONFLICT DO NOTHING;
INSERT INTO tiers (plan_id, min_days, max_days, price_inr, is_active) VALUES ('a2e13129-5c15-4bf5-b55e-d95df3b79291', 31, 365, 403199.0, TRUE) ON CONFLICT DO NOTHING;
INSERT INTO tiers (plan_id, min_days, max_days, price_inr, is_active) VALUES ('a2e13129-5c15-4bf5-b55e-d95df3b79291', 366, 730, 442799.0, TRUE) ON CONFLICT DO NOTHING;
INSERT INTO tiers (plan_id, min_days, max_days, price_inr, is_active) VALUES ('a2e13129-5c15-4bf5-b55e-d95df3b79291', 731, 1095, 485599.0, TRUE) ON CONFLICT DO NOTHING;
INSERT INTO plans (id, variant_id, plan_name, duration_months, max_kms) VALUES ('4147aff2-d200-4bb9-b830-68084f2f5c92', 'a1649c59-3060-4673-832a-5242710eb50c', 'Add 36 Months / 175,000 Kms', 36, 175000) ON CONFLICT DO NOTHING;
INSERT INTO tiers (plan_id, min_days, max_days, price_inr, is_active) VALUES ('4147aff2-d200-4bb9-b830-68084f2f5c92', 0, 30, 552299.0, TRUE) ON CONFLICT DO NOTHING;
INSERT INTO tiers (plan_id, min_days, max_days, price_inr, is_active) VALUES ('4147aff2-d200-4bb9-b830-68084f2f5c92', 31, 365, 604699.0, TRUE) ON CONFLICT DO NOTHING;
INSERT INTO tiers (plan_id, min_days, max_days, price_inr, is_active) VALUES ('4147aff2-d200-4bb9-b830-68084f2f5c92', 366, 730, 664199.0, TRUE) ON CONFLICT DO NOTHING;
INSERT INTO tiers (plan_id, min_days, max_days, price_inr, is_active) VALUES ('4147aff2-d200-4bb9-b830-68084f2f5c92', 731, 1095, 728399.0, TRUE) ON CONFLICT DO NOTHING;
INSERT INTO variants (id, model_id, name, fuel, transmission, oem_warranty_months, oem_warranty_kms) VALUES ('238a968f-ece7-48ba-81e5-54a90e52e49a', 'eb4b556f-ae5c-4923-b63b-8bf9ffd3756a', 'Defender Octa  4.4L', 'Petrol', 'N/A', 36, NULL) ON CONFLICT DO NOTHING;
INSERT INTO plans (id, variant_id, plan_name, duration_months, max_kms) VALUES ('7f50d0e7-f302-46f7-9913-fec089ddf89c', '238a968f-ece7-48ba-81e5-54a90e52e49a', 'Add 12 Months / 125,000 Kms', 12, 125000) ON CONFLICT DO NOTHING;
INSERT INTO tiers (plan_id, min_days, max_days, price_inr, is_active) VALUES ('7f50d0e7-f302-46f7-9913-fec089ddf89c', 0, 30, 333299.0, TRUE) ON CONFLICT DO NOTHING;
INSERT INTO tiers (plan_id, min_days, max_days, price_inr, is_active) VALUES ('7f50d0e7-f302-46f7-9913-fec089ddf89c', 31, 365, 372499.0, TRUE) ON CONFLICT DO NOTHING;
INSERT INTO tiers (plan_id, min_days, max_days, price_inr, is_active) VALUES ('7f50d0e7-f302-46f7-9913-fec089ddf89c', 366, 730, 416899.0, TRUE) ON CONFLICT DO NOTHING;
INSERT INTO tiers (plan_id, min_days, max_days, price_inr, is_active) VALUES ('7f50d0e7-f302-46f7-9913-fec089ddf89c', 731, 1095, 466599.0, TRUE) ON CONFLICT DO NOTHING;
INSERT INTO plans (id, variant_id, plan_name, duration_months, max_kms) VALUES ('66c80a9c-ae22-4a5d-ab2a-dd418763c2f3', '238a968f-ece7-48ba-81e5-54a90e52e49a', 'Add 24 Months / 150,000 Kms', 24, 150000) ON CONFLICT DO NOTHING;
INSERT INTO tiers (plan_id, min_days, max_days, price_inr, is_active) VALUES ('66c80a9c-ae22-4a5d-ab2a-dd418763c2f3', 0, 30, 500399.0, TRUE) ON CONFLICT DO NOTHING;
INSERT INTO tiers (plan_id, min_days, max_days, price_inr, is_active) VALUES ('66c80a9c-ae22-4a5d-ab2a-dd418763c2f3', 31, 365, 558599.0, TRUE) ON CONFLICT DO NOTHING;
INSERT INTO tiers (plan_id, min_days, max_days, price_inr, is_active) VALUES ('66c80a9c-ae22-4a5d-ab2a-dd418763c2f3', 366, 730, 625299.0, TRUE) ON CONFLICT DO NOTHING;
INSERT INTO tiers (plan_id, min_days, max_days, price_inr, is_active) VALUES ('66c80a9c-ae22-4a5d-ab2a-dd418763c2f3', 731, 1095, 700299.0, TRUE) ON CONFLICT DO NOTHING;
INSERT INTO plans (id, variant_id, plan_name, duration_months, max_kms) VALUES ('ba9908fd-f65b-464e-9585-7ea9056d2a05', '238a968f-ece7-48ba-81e5-54a90e52e49a', 'Add 36 Months / 175,000 Kms', 36, 175000) ON CONFLICT DO NOTHING;
INSERT INTO tiers (plan_id, min_days, max_days, price_inr, is_active) VALUES ('ba9908fd-f65b-464e-9585-7ea9056d2a05', 0, 30, 750599.0, TRUE) ON CONFLICT DO NOTHING;
INSERT INTO tiers (plan_id, min_days, max_days, price_inr, is_active) VALUES ('ba9908fd-f65b-464e-9585-7ea9056d2a05', 31, 365, 837899.0, TRUE) ON CONFLICT DO NOTHING;
INSERT INTO tiers (plan_id, min_days, max_days, price_inr, is_active) VALUES ('ba9908fd-f65b-464e-9585-7ea9056d2a05', 366, 730, 937799.0, TRUE) ON CONFLICT DO NOTHING;
INSERT INTO tiers (plan_id, min_days, max_days, price_inr, is_active) VALUES ('ba9908fd-f65b-464e-9585-7ea9056d2a05', 731, 1095, 1050399.0, TRUE) ON CONFLICT DO NOTHING;
INSERT INTO models (id, brand_id, name) VALUES ('37016314-be39-45f7-b689-9d4290dab804', 'fa8580ab-bca9-45f7-a941-0fbbfd5c8acf', 'Discovery Sport') ON CONFLICT DO NOTHING;
INSERT INTO variants (id, model_id, name, fuel, transmission, oem_warranty_months, oem_warranty_kms) VALUES ('ed8c872e-5f26-46d4-85cd-bdcb3c3602cb', '37016314-be39-45f7-b689-9d4290dab804', 'Discovery Sport', 'Petrol/Diesel', 'N/A', 36, NULL) ON CONFLICT DO NOTHING;
INSERT INTO plans (id, variant_id, plan_name, duration_months, max_kms) VALUES ('a96eca9c-bbc0-48d1-86f7-f2ff5f962011', 'ed8c872e-5f26-46d4-85cd-bdcb3c3602cb', 'Add 12 Months / 125,000 Kms', 12, 125000) ON CONFLICT DO NOTHING;
INSERT INTO tiers (plan_id, min_days, max_days, price_inr, is_active) VALUES ('a96eca9c-bbc0-48d1-86f7-f2ff5f962011', 0, 30, 116399.0, TRUE) ON CONFLICT DO NOTHING;
INSERT INTO tiers (plan_id, min_days, max_days, price_inr, is_active) VALUES ('a96eca9c-bbc0-48d1-86f7-f2ff5f962011', 31, 365, 130199.0, TRUE) ON CONFLICT DO NOTHING;
INSERT INTO tiers (plan_id, min_days, max_days, price_inr, is_active) VALUES ('a96eca9c-bbc0-48d1-86f7-f2ff5f962011', 366, 730, 146099.0, TRUE) ON CONFLICT DO NOTHING;
INSERT INTO tiers (plan_id, min_days, max_days, price_inr, is_active) VALUES ('a96eca9c-bbc0-48d1-86f7-f2ff5f962011', 731, 1095, 164099.0, TRUE) ON CONFLICT DO NOTHING;
INSERT INTO plans (id, variant_id, plan_name, duration_months, max_kms) VALUES ('442e5b66-5d53-41d4-99d9-b22ab699f460', 'ed8c872e-5f26-46d4-85cd-bdcb3c3602cb', 'Add 24 Months / 150,000 Kms', 24, 150000) ON CONFLICT DO NOTHING;
INSERT INTO tiers (plan_id, min_days, max_days, price_inr, is_active) VALUES ('442e5b66-5d53-41d4-99d9-b22ab699f460', 0, 30, 174599.0, TRUE) ON CONFLICT DO NOTHING;
INSERT INTO tiers (plan_id, min_days, max_days, price_inr, is_active) VALUES ('442e5b66-5d53-41d4-99d9-b22ab699f460', 31, 365, 196899.0, TRUE) ON CONFLICT DO NOTHING;
INSERT INTO tiers (plan_id, min_days, max_days, price_inr, is_active) VALUES ('442e5b66-5d53-41d4-99d9-b22ab699f460', 366, 730, 219099.0, TRUE) ON CONFLICT DO NOTHING;
INSERT INTO tiers (plan_id, min_days, max_days, price_inr, is_active) VALUES ('442e5b66-5d53-41d4-99d9-b22ab699f460', 731, 1095, 246099.0, TRUE) ON CONFLICT DO NOTHING;
INSERT INTO plans (id, variant_id, plan_name, duration_months, max_kms) VALUES ('b4f8b0e3-f6e9-4ab4-a50a-0bf520404670', 'ed8c872e-5f26-46d4-85cd-bdcb3c3602cb', 'Add 36 Months / 175,000 Kms', 36, 175000) ON CONFLICT DO NOTHING;
INSERT INTO tiers (plan_id, min_days, max_days, price_inr, is_active) VALUES ('b4f8b0e3-f6e9-4ab4-a50a-0bf520404670', 0, 30, 261899.0, TRUE) ON CONFLICT DO NOTHING;
INSERT INTO tiers (plan_id, min_days, max_days, price_inr, is_active) VALUES ('b4f8b0e3-f6e9-4ab4-a50a-0bf520404670', 31, 365, 295199.0, TRUE) ON CONFLICT DO NOTHING;
INSERT INTO tiers (plan_id, min_days, max_days, price_inr, is_active) VALUES ('b4f8b0e3-f6e9-4ab4-a50a-0bf520404670', 366, 730, 328599.0, TRUE) ON CONFLICT DO NOTHING;
INSERT INTO tiers (plan_id, min_days, max_days, price_inr, is_active) VALUES ('b4f8b0e3-f6e9-4ab4-a50a-0bf520404670', 731, 1095, 368999.0, TRUE) ON CONFLICT DO NOTHING;
INSERT INTO brands (id, name) VALUES ('fc50c3a8-7d3f-4f36-b1a8-ff621e0cf756', 'RANGE ROVER') ON CONFLICT DO NOTHING;
INSERT INTO models (id, brand_id, name) VALUES ('082c11b2-7424-4d35-9c1a-a00627d4c775', 'fc50c3a8-7d3f-4f36-b1a8-ff621e0cf756', 'Evoque') ON CONFLICT DO NOTHING;
INSERT INTO variants (id, model_id, name, fuel, transmission, oem_warranty_months, oem_warranty_kms) VALUES ('6838feac-b371-4d1d-b1b3-22356b11a6d2', '082c11b2-7424-4d35-9c1a-a00627d4c775', 'Evoque', 'Petrol/Diesel', 'N/A', 36, NULL) ON CONFLICT DO NOTHING;
INSERT INTO plans (id, variant_id, plan_name, duration_months, max_kms) VALUES ('c0fa9b32-93b6-4c8d-8c90-57e5b05092bf', '6838feac-b371-4d1d-b1b3-22356b11a6d2', 'Add 12 Months / 125,000 Kms', 12, 125000) ON CONFLICT DO NOTHING;
INSERT INTO tiers (plan_id, min_days, max_days, price_inr, is_active) VALUES ('c0fa9b32-93b6-4c8d-8c90-57e5b05092bf', 0, 30, 116399.0, TRUE) ON CONFLICT DO NOTHING;
INSERT INTO tiers (plan_id, min_days, max_days, price_inr, is_active) VALUES ('c0fa9b32-93b6-4c8d-8c90-57e5b05092bf', 31, 365, 131399.0, TRUE) ON CONFLICT DO NOTHING;
INSERT INTO tiers (plan_id, min_days, max_days, price_inr, is_active) VALUES ('c0fa9b32-93b6-4c8d-8c90-57e5b05092bf', 366, 730, 146099.0, TRUE) ON CONFLICT DO NOTHING;
INSERT INTO tiers (plan_id, min_days, max_days, price_inr, is_active) VALUES ('c0fa9b32-93b6-4c8d-8c90-57e5b05092bf', 731, 1095, 164099.0, TRUE) ON CONFLICT DO NOTHING;
INSERT INTO plans (id, variant_id, plan_name, duration_months, max_kms) VALUES ('f815eccd-18b9-42c6-8732-21e6661b4830', '6838feac-b371-4d1d-b1b3-22356b11a6d2', 'Add 24 Months / 150,000 Kms', 24, 150000) ON CONFLICT DO NOTHING;
INSERT INTO tiers (plan_id, min_days, max_days, price_inr, is_active) VALUES ('f815eccd-18b9-42c6-8732-21e6661b4830', 0, 30, 174599.0, TRUE) ON CONFLICT DO NOTHING;
INSERT INTO tiers (plan_id, min_days, max_days, price_inr, is_active) VALUES ('f815eccd-18b9-42c6-8732-21e6661b4830', 31, 365, 196899.0, TRUE) ON CONFLICT DO NOTHING;
INSERT INTO tiers (plan_id, min_days, max_days, price_inr, is_active) VALUES ('f815eccd-18b9-42c6-8732-21e6661b4830', 366, 730, 219099.0, TRUE) ON CONFLICT DO NOTHING;
INSERT INTO tiers (plan_id, min_days, max_days, price_inr, is_active) VALUES ('f815eccd-18b9-42c6-8732-21e6661b4830', 731, 1095, 246099.0, TRUE) ON CONFLICT DO NOTHING;
INSERT INTO plans (id, variant_id, plan_name, duration_months, max_kms) VALUES ('05cb451c-9bef-49fb-98da-7068d0c7f454', '6838feac-b371-4d1d-b1b3-22356b11a6d2', 'Add 36 Months / 175,000 Kms', 36, 175000) ON CONFLICT DO NOTHING;
INSERT INTO tiers (plan_id, min_days, max_days, price_inr, is_active) VALUES ('05cb451c-9bef-49fb-98da-7068d0c7f454', 0, 30, 261899.0, TRUE) ON CONFLICT DO NOTHING;
INSERT INTO tiers (plan_id, min_days, max_days, price_inr, is_active) VALUES ('05cb451c-9bef-49fb-98da-7068d0c7f454', 31, 365, 295199.0, TRUE) ON CONFLICT DO NOTHING;
INSERT INTO tiers (plan_id, min_days, max_days, price_inr, is_active) VALUES ('05cb451c-9bef-49fb-98da-7068d0c7f454', 366, 730, 328599.0, TRUE) ON CONFLICT DO NOTHING;
INSERT INTO tiers (plan_id, min_days, max_days, price_inr, is_active) VALUES ('05cb451c-9bef-49fb-98da-7068d0c7f454', 731, 1095, 368999.0, TRUE) ON CONFLICT DO NOTHING;
INSERT INTO models (id, brand_id, name) VALUES ('93fa5442-ee3d-4307-a662-355a2d515990', 'fc50c3a8-7d3f-4f36-b1a8-ff621e0cf756', 'Velar') ON CONFLICT DO NOTHING;
INSERT INTO variants (id, model_id, name, fuel, transmission, oem_warranty_months, oem_warranty_kms) VALUES ('48e85112-6b29-4731-b5a1-e06bd1766748', '93fa5442-ee3d-4307-a662-355a2d515990', 'Velar', 'Petrol/Diesel', 'N/A', 36, NULL) ON CONFLICT DO NOTHING;
INSERT INTO plans (id, variant_id, plan_name, duration_months, max_kms) VALUES ('baa9701e-4515-4b46-a88f-0158499654f1', '48e85112-6b29-4731-b5a1-e06bd1766748', 'Add 12 Months / 125,000 Kms', 12, 125000) ON CONFLICT DO NOTHING;
INSERT INTO tiers (plan_id, min_days, max_days, price_inr, is_active) VALUES ('baa9701e-4515-4b46-a88f-0158499654f1', 0, 30, 157699.0, TRUE) ON CONFLICT DO NOTHING;
INSERT INTO tiers (plan_id, min_days, max_days, price_inr, is_active) VALUES ('baa9701e-4515-4b46-a88f-0158499654f1', 31, 365, 181999.0, TRUE) ON CONFLICT DO NOTHING;
INSERT INTO tiers (plan_id, min_days, max_days, price_inr, is_active) VALUES ('baa9701e-4515-4b46-a88f-0158499654f1', 366, 730, 211599.0, TRUE) ON CONFLICT DO NOTHING;
INSERT INTO tiers (plan_id, min_days, max_days, price_inr, is_active) VALUES ('baa9701e-4515-4b46-a88f-0158499654f1', 731, 1095, 241299.0, TRUE) ON CONFLICT DO NOTHING;
INSERT INTO plans (id, variant_id, plan_name, duration_months, max_kms) VALUES ('1b94705a-4f01-419b-b897-881df94d167b', '48e85112-6b29-4731-b5a1-e06bd1766748', 'Add 24 Months / 150,000 Kms', 24, 150000) ON CONFLICT DO NOTHING;
INSERT INTO tiers (plan_id, min_days, max_days, price_inr, is_active) VALUES ('1b94705a-4f01-419b-b897-881df94d167b', 0, 30, 236599.0, TRUE) ON CONFLICT DO NOTHING;
INSERT INTO tiers (plan_id, min_days, max_days, price_inr, is_active) VALUES ('1b94705a-4f01-419b-b897-881df94d167b', 31, 365, 272999.0, TRUE) ON CONFLICT DO NOTHING;
INSERT INTO tiers (plan_id, min_days, max_days, price_inr, is_active) VALUES ('1b94705a-4f01-419b-b897-881df94d167b', 366, 730, 317399.0, TRUE) ON CONFLICT DO NOTHING;
INSERT INTO tiers (plan_id, min_days, max_days, price_inr, is_active) VALUES ('1b94705a-4f01-419b-b897-881df94d167b', 731, 1095, 361799.0, TRUE) ON CONFLICT DO NOTHING;
INSERT INTO plans (id, variant_id, plan_name, duration_months, max_kms) VALUES ('85a393c4-fd94-4718-a607-8b99968682a3', '48e85112-6b29-4731-b5a1-e06bd1766748', 'Add 36 Months / 175,000 Kms', 36, 175000) ON CONFLICT DO NOTHING;
INSERT INTO tiers (plan_id, min_days, max_days, price_inr, is_active) VALUES ('85a393c4-fd94-4718-a607-8b99968682a3', 0, 30, 354699.0, TRUE) ON CONFLICT DO NOTHING;
INSERT INTO tiers (plan_id, min_days, max_days, price_inr, is_active) VALUES ('85a393c4-fd94-4718-a607-8b99968682a3', 31, 365, 409499.0, TRUE) ON CONFLICT DO NOTHING;
INSERT INTO tiers (plan_id, min_days, max_days, price_inr, is_active) VALUES ('85a393c4-fd94-4718-a607-8b99968682a3', 366, 730, 476099.0, TRUE) ON CONFLICT DO NOTHING;
INSERT INTO tiers (plan_id, min_days, max_days, price_inr, is_active) VALUES ('85a393c4-fd94-4718-a607-8b99968682a3', 731, 1095, 542699.0, TRUE) ON CONFLICT DO NOTHING;
INSERT INTO models (id, brand_id, name) VALUES ('53c77ff7-3e9a-4b15-840d-d97d765ba710', 'fc50c3a8-7d3f-4f36-b1a8-ff621e0cf756', 'Vogue') ON CONFLICT DO NOTHING;
INSERT INTO variants (id, model_id, name, fuel, transmission, oem_warranty_months, oem_warranty_kms) VALUES ('0ec85e53-e804-46d5-9ec8-8a4cb441096f', '53c77ff7-3e9a-4b15-840d-d97d765ba710', '3.0 L Vogue', 'Petrol/Diesel', 'N/A', 36, NULL) ON CONFLICT DO NOTHING;
INSERT INTO plans (id, variant_id, plan_name, duration_months, max_kms) VALUES ('efe19d46-1fd7-47ef-be36-02f895cfb6f6', '0ec85e53-e804-46d5-9ec8-8a4cb441096f', 'Add 12 Months / 125,000 Kms', 12, 125000) ON CONFLICT DO NOTHING;
INSERT INTO tiers (plan_id, min_days, max_days, price_inr, is_active) VALUES ('efe19d46-1fd7-47ef-be36-02f895cfb6f6', 0, 30, 211599.0, TRUE) ON CONFLICT DO NOTHING;
INSERT INTO tiers (plan_id, min_days, max_days, price_inr, is_active) VALUES ('efe19d46-1fd7-47ef-be36-02f895cfb6f6', 31, 365, 237099.0, TRUE) ON CONFLICT DO NOTHING;
INSERT INTO tiers (plan_id, min_days, max_days, price_inr, is_active) VALUES ('efe19d46-1fd7-47ef-be36-02f895cfb6f6', 366, 730, 264499.0, TRUE) ON CONFLICT DO NOTHING;
INSERT INTO tiers (plan_id, min_days, max_days, price_inr, is_active) VALUES ('efe19d46-1fd7-47ef-be36-02f895cfb6f6', 731, 1095, 296199.0, TRUE) ON CONFLICT DO NOTHING;
INSERT INTO plans (id, variant_id, plan_name, duration_months, max_kms) VALUES ('cc3b99a7-9f07-41f4-9a8c-69bd6284e06d', '0ec85e53-e804-46d5-9ec8-8a4cb441096f', 'Add 24 Months / 150,000 Kms', 24, 150000) ON CONFLICT DO NOTHING;
INSERT INTO tiers (plan_id, min_days, max_days, price_inr, is_active) VALUES ('cc3b99a7-9f07-41f4-9a8c-69bd6284e06d', 0, 30, 317399.0, TRUE) ON CONFLICT DO NOTHING;
INSERT INTO tiers (plan_id, min_days, max_days, price_inr, is_active) VALUES ('cc3b99a7-9f07-41f4-9a8c-69bd6284e06d', 31, 365, 355499.0, TRUE) ON CONFLICT DO NOTHING;
INSERT INTO tiers (plan_id, min_days, max_days, price_inr, is_active) VALUES ('cc3b99a7-9f07-41f4-9a8c-69bd6284e06d', 366, 730, 396799.0, TRUE) ON CONFLICT DO NOTHING;
INSERT INTO tiers (plan_id, min_days, max_days, price_inr, is_active) VALUES ('cc3b99a7-9f07-41f4-9a8c-69bd6284e06d', 731, 1095, 444299.0, TRUE) ON CONFLICT DO NOTHING;
INSERT INTO plans (id, variant_id, plan_name, duration_months, max_kms) VALUES ('472d5cf6-458c-4238-be3e-20db87621437', '0ec85e53-e804-46d5-9ec8-8a4cb441096f', 'Add 36 Months / 175,000 Kms', 36, 175000) ON CONFLICT DO NOTHING;
INSERT INTO tiers (plan_id, min_days, max_days, price_inr, is_active) VALUES ('472d5cf6-458c-4238-be3e-20db87621437', 0, 30, 476099.0, TRUE) ON CONFLICT DO NOTHING;
INSERT INTO tiers (plan_id, min_days, max_days, price_inr, is_active) VALUES ('472d5cf6-458c-4238-be3e-20db87621437', 31, 365, 533199.0, TRUE) ON CONFLICT DO NOTHING;
INSERT INTO tiers (plan_id, min_days, max_days, price_inr, is_active) VALUES ('472d5cf6-458c-4238-be3e-20db87621437', 366, 730, 595099.0, TRUE) ON CONFLICT DO NOTHING;
INSERT INTO tiers (plan_id, min_days, max_days, price_inr, is_active) VALUES ('472d5cf6-458c-4238-be3e-20db87621437', 731, 1095, 666399.0, TRUE) ON CONFLICT DO NOTHING;
INSERT INTO variants (id, model_id, name, fuel, transmission, oem_warranty_months, oem_warranty_kms) VALUES ('1451e52b-b5b5-4c1f-9295-27eb24802e4a', '53c77ff7-3e9a-4b15-840d-d97d765ba710', '3.0 L Vogue LWB', 'Diesel', 'N/A', 36, NULL) ON CONFLICT DO NOTHING;
INSERT INTO plans (id, variant_id, plan_name, duration_months, max_kms) VALUES ('939eb592-1433-418e-aaf7-ac77637f6c16', '1451e52b-b5b5-4c1f-9295-27eb24802e4a', 'Add 12 Months / 125,000 Kms', 12, 125000) ON CONFLICT DO NOTHING;
INSERT INTO tiers (plan_id, min_days, max_days, price_inr, is_active) VALUES ('939eb592-1433-418e-aaf7-ac77637f6c16', 0, 30, 317399.0, TRUE) ON CONFLICT DO NOTHING;
INSERT INTO tiers (plan_id, min_days, max_days, price_inr, is_active) VALUES ('939eb592-1433-418e-aaf7-ac77637f6c16', 31, 365, 355499.0, TRUE) ON CONFLICT DO NOTHING;
INSERT INTO tiers (plan_id, min_days, max_days, price_inr, is_active) VALUES ('939eb592-1433-418e-aaf7-ac77637f6c16', 366, 730, 396799.0, TRUE) ON CONFLICT DO NOTHING;
INSERT INTO tiers (plan_id, min_days, max_days, price_inr, is_active) VALUES ('939eb592-1433-418e-aaf7-ac77637f6c16', 731, 1095, 444299.0, TRUE) ON CONFLICT DO NOTHING;
INSERT INTO plans (id, variant_id, plan_name, duration_months, max_kms) VALUES ('923e5239-255a-4fca-b5dd-57fcb0cf0179', '1451e52b-b5b5-4c1f-9295-27eb24802e4a', 'Add 24 Months / 150,000 Kms', 24, 150000) ON CONFLICT DO NOTHING;
INSERT INTO tiers (plan_id, min_days, max_days, price_inr, is_active) VALUES ('923e5239-255a-4fca-b5dd-57fcb0cf0179', 0, 30, 476099.0, TRUE) ON CONFLICT DO NOTHING;
INSERT INTO tiers (plan_id, min_days, max_days, price_inr, is_active) VALUES ('923e5239-255a-4fca-b5dd-57fcb0cf0179', 31, 365, 528899.0, TRUE) ON CONFLICT DO NOTHING;
INSERT INTO tiers (plan_id, min_days, max_days, price_inr, is_active) VALUES ('923e5239-255a-4fca-b5dd-57fcb0cf0179', 366, 730, 595599.0, TRUE) ON CONFLICT DO NOTHING;
INSERT INTO tiers (plan_id, min_days, max_days, price_inr, is_active) VALUES ('923e5239-255a-4fca-b5dd-57fcb0cf0179', 731, 1095, 666399.0, TRUE) ON CONFLICT DO NOTHING;
INSERT INTO plans (id, variant_id, plan_name, duration_months, max_kms) VALUES ('0969b90e-6171-42b3-8e3c-ed379579ae06', '1451e52b-b5b5-4c1f-9295-27eb24802e4a', 'Add 36 Months / 175,000 Kms', 36, 175000) ON CONFLICT DO NOTHING;
INSERT INTO tiers (plan_id, min_days, max_days, price_inr, is_active) VALUES ('0969b90e-6171-42b3-8e3c-ed379579ae06', 0, 30, 714099.0, TRUE) ON CONFLICT DO NOTHING;
INSERT INTO tiers (plan_id, min_days, max_days, price_inr, is_active) VALUES ('0969b90e-6171-42b3-8e3c-ed379579ae06', 31, 365, 793299.0, TRUE) ON CONFLICT DO NOTHING;
INSERT INTO tiers (plan_id, min_days, max_days, price_inr, is_active) VALUES ('0969b90e-6171-42b3-8e3c-ed379579ae06', 366, 730, 893299.0, TRUE) ON CONFLICT DO NOTHING;
INSERT INTO tiers (plan_id, min_days, max_days, price_inr, is_active) VALUES ('0969b90e-6171-42b3-8e3c-ed379579ae06', 731, 1095, 999699.0, TRUE) ON CONFLICT DO NOTHING;
INSERT INTO variants (id, model_id, name, fuel, transmission, oem_warranty_months, oem_warranty_kms) VALUES ('dff43cba-d0ff-4dd4-9b24-20b6efc6151e', '53c77ff7-3e9a-4b15-840d-d97d765ba710', '4.4 L Vogue', 'Petrol/Diesel', 'N/A', 36, NULL) ON CONFLICT DO NOTHING;
INSERT INTO plans (id, variant_id, plan_name, duration_months, max_kms) VALUES ('ed6bb27d-b2a0-4368-bb87-bd5baa37d9c5', 'dff43cba-d0ff-4dd4-9b24-20b6efc6151e', 'Add 12 Months / 125,000 Kms', 12, 125000) ON CONFLICT DO NOTHING;
INSERT INTO tiers (plan_id, min_days, max_days, price_inr, is_active) VALUES ('ed6bb27d-b2a0-4368-bb87-bd5baa37d9c5', 0, 30, 299399.0, TRUE) ON CONFLICT DO NOTHING;
INSERT INTO tiers (plan_id, min_days, max_days, price_inr, is_active) VALUES ('ed6bb27d-b2a0-4368-bb87-bd5baa37d9c5', 31, 365, 335499.0, TRUE) ON CONFLICT DO NOTHING;
INSERT INTO tiers (plan_id, min_days, max_days, price_inr, is_active) VALUES ('ed6bb27d-b2a0-4368-bb87-bd5baa37d9c5', 366, 730, 375599.0, TRUE) ON CONFLICT DO NOTHING;
INSERT INTO tiers (plan_id, min_days, max_days, price_inr, is_active) VALUES ('ed6bb27d-b2a0-4368-bb87-bd5baa37d9c5', 731, 1095, 423099.0, TRUE) ON CONFLICT DO NOTHING;
INSERT INTO plans (id, variant_id, plan_name, duration_months, max_kms) VALUES ('2d05d13f-77e7-4798-925f-436674c8fea3', 'dff43cba-d0ff-4dd4-9b24-20b6efc6151e', 'Add 24 Months / 150,000 Kms', 24, 150000) ON CONFLICT DO NOTHING;
INSERT INTO tiers (plan_id, min_days, max_days, price_inr, is_active) VALUES ('2d05d13f-77e7-4798-925f-436674c8fea3', 0, 30, 449099.0, TRUE) ON CONFLICT DO NOTHING;
INSERT INTO tiers (plan_id, min_days, max_days, price_inr, is_active) VALUES ('2d05d13f-77e7-4798-925f-436674c8fea3', 31, 365, 503599.0, TRUE) ON CONFLICT DO NOTHING;
INSERT INTO tiers (plan_id, min_days, max_days, price_inr, is_active) VALUES ('2d05d13f-77e7-4798-925f-436674c8fea3', 366, 730, 563799.0, TRUE) ON CONFLICT DO NOTHING;
INSERT INTO tiers (plan_id, min_days, max_days, price_inr, is_active) VALUES ('2d05d13f-77e7-4798-925f-436674c8fea3', 731, 1095, 634699.0, TRUE) ON CONFLICT DO NOTHING;
INSERT INTO plans (id, variant_id, plan_name, duration_months, max_kms) VALUES ('129c644f-42b7-4f1a-80ce-804cac8c7329', 'dff43cba-d0ff-4dd4-9b24-20b6efc6151e', 'Add 36 Months / 175,000 Kms', 36, 175000) ON CONFLICT DO NOTHING;
INSERT INTO tiers (plan_id, min_days, max_days, price_inr, is_active) VALUES ('129c644f-42b7-4f1a-80ce-804cac8c7329', 0, 30, 673599.0, TRUE) ON CONFLICT DO NOTHING;
INSERT INTO tiers (plan_id, min_days, max_days, price_inr, is_active) VALUES ('129c644f-42b7-4f1a-80ce-804cac8c7329', 31, 365, 755299.0, TRUE) ON CONFLICT DO NOTHING;
INSERT INTO tiers (plan_id, min_days, max_days, price_inr, is_active) VALUES ('129c644f-42b7-4f1a-80ce-804cac8c7329', 366, 730, 845799.0, TRUE) ON CONFLICT DO NOTHING;
INSERT INTO tiers (plan_id, min_days, max_days, price_inr, is_active) VALUES ('129c644f-42b7-4f1a-80ce-804cac8c7329', 731, 1095, 951999.0, TRUE) ON CONFLICT DO NOTHING;
INSERT INTO models (id, brand_id, name) VALUES ('ef09cd7f-08ed-459b-92c2-481d797ac672', 'fc50c3a8-7d3f-4f36-b1a8-ff621e0cf756', 'Sport') ON CONFLICT DO NOTHING;
INSERT INTO variants (id, model_id, name, fuel, transmission, oem_warranty_months, oem_warranty_kms) VALUES ('4e69dd30-5a05-4b6b-ba43-7aeb36208122', 'ef09cd7f-08ed-459b-92c2-481d797ac672', '2.0 L Sport', 'Petrol', 'N/A', 36, NULL) ON CONFLICT DO NOTHING;
INSERT INTO plans (id, variant_id, plan_name, duration_months, max_kms) VALUES ('a4d06c37-ef16-45b0-9ee4-7c19a60241d2', '4e69dd30-5a05-4b6b-ba43-7aeb36208122', 'Add 12 Months / 125,000 Kms', 12, 125000) ON CONFLICT DO NOTHING;
INSERT INTO tiers (plan_id, min_days, max_days, price_inr, is_active) VALUES ('a4d06c37-ef16-45b0-9ee4-7c19a60241d2', 0, 30, 184199.0, TRUE) ON CONFLICT DO NOTHING;
INSERT INTO tiers (plan_id, min_days, max_days, price_inr, is_active) VALUES ('a4d06c37-ef16-45b0-9ee4-7c19a60241d2', 31, 365, 208599.0, TRUE) ON CONFLICT DO NOTHING;
INSERT INTO tiers (plan_id, min_days, max_days, price_inr, is_active) VALUES ('a4d06c37-ef16-45b0-9ee4-7c19a60241d2', 366, 730, 235899.0, TRUE) ON CONFLICT DO NOTHING;
INSERT INTO tiers (plan_id, min_days, max_days, price_inr, is_active) VALUES ('a4d06c37-ef16-45b0-9ee4-7c19a60241d2', 731, 1095, 263499.0, TRUE) ON CONFLICT DO NOTHING;
INSERT INTO plans (id, variant_id, plan_name, duration_months, max_kms) VALUES ('3e9546c4-7cfe-492d-9d5c-d0083b00f42c', '4e69dd30-5a05-4b6b-ba43-7aeb36208122', 'Add 24 Months / 150,000 Kms', 24, 150000) ON CONFLICT DO NOTHING;
INSERT INTO tiers (plan_id, min_days, max_days, price_inr, is_active) VALUES ('3e9546c4-7cfe-492d-9d5c-d0083b00f42c', 0, 30, 276199.0, TRUE) ON CONFLICT DO NOTHING;
INSERT INTO tiers (plan_id, min_days, max_days, price_inr, is_active) VALUES ('3e9546c4-7cfe-492d-9d5c-d0083b00f42c', 31, 365, 313199.0, TRUE) ON CONFLICT DO NOTHING;
INSERT INTO tiers (plan_id, min_days, max_days, price_inr, is_active) VALUES ('3e9546c4-7cfe-492d-9d5c-d0083b00f42c', 366, 730, 353899.0, TRUE) ON CONFLICT DO NOTHING;
INSERT INTO tiers (plan_id, min_days, max_days, price_inr, is_active) VALUES ('3e9546c4-7cfe-492d-9d5c-d0083b00f42c', 731, 1095, 395799.0, TRUE) ON CONFLICT DO NOTHING;
INSERT INTO plans (id, variant_id, plan_name, duration_months, max_kms) VALUES ('ef8b1f20-6e48-4dca-b5c9-6b53ae1f9498', '4e69dd30-5a05-4b6b-ba43-7aeb36208122', 'Add 36 Months / 175,000 Kms', 36, 175000) ON CONFLICT DO NOTHING;
INSERT INTO tiers (plan_id, min_days, max_days, price_inr, is_active) VALUES ('ef8b1f20-6e48-4dca-b5c9-6b53ae1f9498', 0, 30, 414199.0, TRUE) ON CONFLICT DO NOTHING;
INSERT INTO tiers (plan_id, min_days, max_days, price_inr, is_active) VALUES ('ef8b1f20-6e48-4dca-b5c9-6b53ae1f9498', 31, 365, 469799.0, TRUE) ON CONFLICT DO NOTHING;
INSERT INTO tiers (plan_id, min_days, max_days, price_inr, is_active) VALUES ('ef8b1f20-6e48-4dca-b5c9-6b53ae1f9498', 366, 730, 530799.0, TRUE) ON CONFLICT DO NOTHING;
INSERT INTO tiers (plan_id, min_days, max_days, price_inr, is_active) VALUES ('ef8b1f20-6e48-4dca-b5c9-6b53ae1f9498', 731, 1095, 593599.0, TRUE) ON CONFLICT DO NOTHING;
INSERT INTO variants (id, model_id, name, fuel, transmission, oem_warranty_months, oem_warranty_kms) VALUES ('1a50db1d-219e-4642-8546-a8917cac9a69', 'ef09cd7f-08ed-459b-92c2-481d797ac672', '3.0 L Sport', 'P/D/PHEV', 'N/A', 36, NULL) ON CONFLICT DO NOTHING;
INSERT INTO plans (id, variant_id, plan_name, duration_months, max_kms) VALUES ('f66537ab-1554-48cb-a80f-f9e82b588c55', '1a50db1d-219e-4642-8546-a8917cac9a69', 'Add 12 Months / 125,000 Kms', 12, 125000) ON CONFLICT DO NOTHING;
INSERT INTO tiers (plan_id, min_days, max_days, price_inr, is_active) VALUES ('f66537ab-1554-48cb-a80f-f9e82b588c55', 0, 30, 211599.0, TRUE) ON CONFLICT DO NOTHING;
INSERT INTO tiers (plan_id, min_days, max_days, price_inr, is_active) VALUES ('f66537ab-1554-48cb-a80f-f9e82b588c55', 31, 365, 237099.0, TRUE) ON CONFLICT DO NOTHING;
INSERT INTO tiers (plan_id, min_days, max_days, price_inr, is_active) VALUES ('f66537ab-1554-48cb-a80f-f9e82b588c55', 366, 730, 264499.0, TRUE) ON CONFLICT DO NOTHING;
INSERT INTO tiers (plan_id, min_days, max_days, price_inr, is_active) VALUES ('f66537ab-1554-48cb-a80f-f9e82b588c55', 731, 1095, 296199.0, TRUE) ON CONFLICT DO NOTHING;
INSERT INTO plans (id, variant_id, plan_name, duration_months, max_kms) VALUES ('f5831f22-b31a-4e1b-b625-380d81b8b5de', '1a50db1d-219e-4642-8546-a8917cac9a69', 'Add 24 Months / 150,000 Kms', 24, 150000) ON CONFLICT DO NOTHING;
INSERT INTO tiers (plan_id, min_days, max_days, price_inr, is_active) VALUES ('f5831f22-b31a-4e1b-b625-380d81b8b5de', 0, 30, 317399.0, TRUE) ON CONFLICT DO NOTHING;
INSERT INTO tiers (plan_id, min_days, max_days, price_inr, is_active) VALUES ('f5831f22-b31a-4e1b-b625-380d81b8b5de', 31, 365, 355499.0, TRUE) ON CONFLICT DO NOTHING;
INSERT INTO tiers (plan_id, min_days, max_days, price_inr, is_active) VALUES ('f5831f22-b31a-4e1b-b625-380d81b8b5de', 366, 730, 396799.0, TRUE) ON CONFLICT DO NOTHING;
INSERT INTO tiers (plan_id, min_days, max_days, price_inr, is_active) VALUES ('f5831f22-b31a-4e1b-b625-380d81b8b5de', 731, 1095, 444299.0, TRUE) ON CONFLICT DO NOTHING;
INSERT INTO plans (id, variant_id, plan_name, duration_months, max_kms) VALUES ('2901577c-2a7a-4cea-a9cf-364df7c1e561', '1a50db1d-219e-4642-8546-a8917cac9a69', 'Add 36 Months / 175,000 Kms', 36, 175000) ON CONFLICT DO NOTHING;
INSERT INTO tiers (plan_id, min_days, max_days, price_inr, is_active) VALUES ('2901577c-2a7a-4cea-a9cf-364df7c1e561', 0, 30, 476099.0, TRUE) ON CONFLICT DO NOTHING;
INSERT INTO tiers (plan_id, min_days, max_days, price_inr, is_active) VALUES ('2901577c-2a7a-4cea-a9cf-364df7c1e561', 31, 365, 533199.0, TRUE) ON CONFLICT DO NOTHING;
INSERT INTO tiers (plan_id, min_days, max_days, price_inr, is_active) VALUES ('2901577c-2a7a-4cea-a9cf-364df7c1e561', 366, 730, 595099.0, TRUE) ON CONFLICT DO NOTHING;
INSERT INTO tiers (plan_id, min_days, max_days, price_inr, is_active) VALUES ('2901577c-2a7a-4cea-a9cf-364df7c1e561', 731, 1095, 666399.0, TRUE) ON CONFLICT DO NOTHING;
INSERT INTO variants (id, model_id, name, fuel, transmission, oem_warranty_months, oem_warranty_kms) VALUES ('f9f664bb-61f7-4051-ad7b-ee17f45350af', 'ef09cd7f-08ed-459b-92c2-481d797ac672', '4.4 L Sport', 'Petrol', 'N/A', 36, NULL) ON CONFLICT DO NOTHING;
INSERT INTO plans (id, variant_id, plan_name, duration_months, max_kms) VALUES ('0d110b76-4993-4025-893f-3813e05588d2', 'f9f664bb-61f7-4051-ad7b-ee17f45350af', 'Add 12 Months / 125,000 Kms', 12, 125000) ON CONFLICT DO NOTHING;
INSERT INTO tiers (plan_id, min_days, max_days, price_inr, is_active) VALUES ('0d110b76-4993-4025-893f-3813e05588d2', 0, 30, 299399.0, TRUE) ON CONFLICT DO NOTHING;
INSERT INTO tiers (plan_id, min_days, max_days, price_inr, is_active) VALUES ('0d110b76-4993-4025-893f-3813e05588d2', 31, 365, 335499.0, TRUE) ON CONFLICT DO NOTHING;
INSERT INTO tiers (plan_id, min_days, max_days, price_inr, is_active) VALUES ('0d110b76-4993-4025-893f-3813e05588d2', 366, 730, 375599.0, TRUE) ON CONFLICT DO NOTHING;
INSERT INTO tiers (plan_id, min_days, max_days, price_inr, is_active) VALUES ('0d110b76-4993-4025-893f-3813e05588d2', 731, 1095, 423099.0, TRUE) ON CONFLICT DO NOTHING;
INSERT INTO plans (id, variant_id, plan_name, duration_months, max_kms) VALUES ('7c285b54-5e44-465a-aeda-99c93a4ee610', 'f9f664bb-61f7-4051-ad7b-ee17f45350af', 'Add 24 Months / 150,000 Kms', 24, 150000) ON CONFLICT DO NOTHING;
INSERT INTO tiers (plan_id, min_days, max_days, price_inr, is_active) VALUES ('7c285b54-5e44-465a-aeda-99c93a4ee610', 0, 30, 449099.0, TRUE) ON CONFLICT DO NOTHING;
INSERT INTO tiers (plan_id, min_days, max_days, price_inr, is_active) VALUES ('7c285b54-5e44-465a-aeda-99c93a4ee610', 31, 365, 503599.0, TRUE) ON CONFLICT DO NOTHING;
INSERT INTO tiers (plan_id, min_days, max_days, price_inr, is_active) VALUES ('7c285b54-5e44-465a-aeda-99c93a4ee610', 366, 730, 563799.0, TRUE) ON CONFLICT DO NOTHING;
INSERT INTO tiers (plan_id, min_days, max_days, price_inr, is_active) VALUES ('7c285b54-5e44-465a-aeda-99c93a4ee610', 731, 1095, 634699.0, TRUE) ON CONFLICT DO NOTHING;
INSERT INTO plans (id, variant_id, plan_name, duration_months, max_kms) VALUES ('547f9fa4-d97d-4365-9137-4dc5e7b42a9f', 'f9f664bb-61f7-4051-ad7b-ee17f45350af', 'Add 36 Months / 175,000 Kms', 36, 175000) ON CONFLICT DO NOTHING;
INSERT INTO tiers (plan_id, min_days, max_days, price_inr, is_active) VALUES ('547f9fa4-d97d-4365-9137-4dc5e7b42a9f', 0, 30, 673599.0, TRUE) ON CONFLICT DO NOTHING;
INSERT INTO tiers (plan_id, min_days, max_days, price_inr, is_active) VALUES ('547f9fa4-d97d-4365-9137-4dc5e7b42a9f', 31, 365, 755299.0, TRUE) ON CONFLICT DO NOTHING;
INSERT INTO tiers (plan_id, min_days, max_days, price_inr, is_active) VALUES ('547f9fa4-d97d-4365-9137-4dc5e7b42a9f', 366, 730, 845799.0, TRUE) ON CONFLICT DO NOTHING;
INSERT INTO tiers (plan_id, min_days, max_days, price_inr, is_active) VALUES ('547f9fa4-d97d-4365-9137-4dc5e7b42a9f', 731, 1095, 951999.0, TRUE) ON CONFLICT DO NOTHING;
INSERT INTO variants (id, model_id, name, fuel, transmission, oem_warranty_months, oem_warranty_kms) VALUES ('506d5a14-5f21-4622-9c31-77b021e284af', 'ef09cd7f-08ed-459b-92c2-481d797ac672', '5.0 L Sport', 'Petrol', 'N/A', 36, NULL) ON CONFLICT DO NOTHING;
INSERT INTO plans (id, variant_id, plan_name, duration_months, max_kms) VALUES ('b463b35e-e2e4-4e0f-afc3-37fe536efdb6', '506d5a14-5f21-4622-9c31-77b021e284af', 'Add 12 Months / 125,000 Kms', 12, 125000) ON CONFLICT DO NOTHING;
INSERT INTO tiers (plan_id, min_days, max_days, price_inr, is_active) VALUES ('b463b35e-e2e4-4e0f-afc3-37fe536efdb6', 0, 30, 299399.0, TRUE) ON CONFLICT DO NOTHING;
INSERT INTO tiers (plan_id, min_days, max_days, price_inr, is_active) VALUES ('b463b35e-e2e4-4e0f-afc3-37fe536efdb6', 31, 365, 335499.0, TRUE) ON CONFLICT DO NOTHING;
INSERT INTO tiers (plan_id, min_days, max_days, price_inr, is_active) VALUES ('b463b35e-e2e4-4e0f-afc3-37fe536efdb6', 366, 730, 375599.0, TRUE) ON CONFLICT DO NOTHING;
INSERT INTO tiers (plan_id, min_days, max_days, price_inr, is_active) VALUES ('b463b35e-e2e4-4e0f-afc3-37fe536efdb6', 731, 1095, 423099.0, TRUE) ON CONFLICT DO NOTHING;
INSERT INTO plans (id, variant_id, plan_name, duration_months, max_kms) VALUES ('576b1d1a-f653-4da3-b057-e34a737584a9', '506d5a14-5f21-4622-9c31-77b021e284af', 'Add 24 Months / 150,000 Kms', 24, 150000) ON CONFLICT DO NOTHING;
INSERT INTO tiers (plan_id, min_days, max_days, price_inr, is_active) VALUES ('576b1d1a-f653-4da3-b057-e34a737584a9', 0, 30, 449099.0, TRUE) ON CONFLICT DO NOTHING;
INSERT INTO tiers (plan_id, min_days, max_days, price_inr, is_active) VALUES ('576b1d1a-f653-4da3-b057-e34a737584a9', 31, 365, 503599.0, TRUE) ON CONFLICT DO NOTHING;
INSERT INTO tiers (plan_id, min_days, max_days, price_inr, is_active) VALUES ('576b1d1a-f653-4da3-b057-e34a737584a9', 366, 730, 563799.0, TRUE) ON CONFLICT DO NOTHING;
INSERT INTO tiers (plan_id, min_days, max_days, price_inr, is_active) VALUES ('576b1d1a-f653-4da3-b057-e34a737584a9', 731, 1095, 634699.0, TRUE) ON CONFLICT DO NOTHING;
INSERT INTO plans (id, variant_id, plan_name, duration_months, max_kms) VALUES ('36280fc3-bc68-4a60-ab82-86c79e92e587', '506d5a14-5f21-4622-9c31-77b021e284af', 'Add 36 Months / 175,000 Kms', 36, 175000) ON CONFLICT DO NOTHING;
INSERT INTO tiers (plan_id, min_days, max_days, price_inr, is_active) VALUES ('36280fc3-bc68-4a60-ab82-86c79e92e587', 0, 30, 673599.0, TRUE) ON CONFLICT DO NOTHING;
INSERT INTO tiers (plan_id, min_days, max_days, price_inr, is_active) VALUES ('36280fc3-bc68-4a60-ab82-86c79e92e587', 31, 365, 755299.0, TRUE) ON CONFLICT DO NOTHING;
INSERT INTO tiers (plan_id, min_days, max_days, price_inr, is_active) VALUES ('36280fc3-bc68-4a60-ab82-86c79e92e587', 366, 730, 845799.0, TRUE) ON CONFLICT DO NOTHING;
INSERT INTO tiers (plan_id, min_days, max_days, price_inr, is_active) VALUES ('36280fc3-bc68-4a60-ab82-86c79e92e587', 731, 1095, 951999.0, TRUE) ON CONFLICT DO NOTHING;
INSERT INTO models (id, brand_id, name) VALUES ('dac6401b-d502-4980-bff9-35d9a01794e2', 'fc50c3a8-7d3f-4f36-b1a8-ff621e0cf756', 'Autobiography') ON CONFLICT DO NOTHING;
INSERT INTO variants (id, model_id, name, fuel, transmission, oem_warranty_months, oem_warranty_kms) VALUES ('5b7e376a-6f81-4dbe-a9b6-ac951f7f5f86', 'dac6401b-d502-4980-bff9-35d9a01794e2', '3.0 L Autobiography', 'Petrol/Diesel', 'N/A', 36, NULL) ON CONFLICT DO NOTHING;
INSERT INTO plans (id, variant_id, plan_name, duration_months, max_kms) VALUES ('a39e1985-37b2-4978-ae7e-52bf555e31b9', '5b7e376a-6f81-4dbe-a9b6-ac951f7f5f86', 'Add 12 Months / 125,000 Kms', 12, 125000) ON CONFLICT DO NOTHING;
INSERT INTO tiers (plan_id, min_days, max_days, price_inr, is_active) VALUES ('a39e1985-37b2-4978-ae7e-52bf555e31b9', 0, 30, 299399.0, TRUE) ON CONFLICT DO NOTHING;
INSERT INTO tiers (plan_id, min_days, max_days, price_inr, is_active) VALUES ('a39e1985-37b2-4978-ae7e-52bf555e31b9', 31, 365, 335499.0, TRUE) ON CONFLICT DO NOTHING;
INSERT INTO tiers (plan_id, min_days, max_days, price_inr, is_active) VALUES ('a39e1985-37b2-4978-ae7e-52bf555e31b9', 366, 730, 375599.0, TRUE) ON CONFLICT DO NOTHING;
INSERT INTO tiers (plan_id, min_days, max_days, price_inr, is_active) VALUES ('a39e1985-37b2-4978-ae7e-52bf555e31b9', 731, 1095, 423099.0, TRUE) ON CONFLICT DO NOTHING;
INSERT INTO plans (id, variant_id, plan_name, duration_months, max_kms) VALUES ('4451b1c8-dde9-41fd-817f-b7b41d03445f', '5b7e376a-6f81-4dbe-a9b6-ac951f7f5f86', 'Add 24 Months / 150,000 Kms', 24, 150000) ON CONFLICT DO NOTHING;
INSERT INTO tiers (plan_id, min_days, max_days, price_inr, is_active) VALUES ('4451b1c8-dde9-41fd-817f-b7b41d03445f', 0, 30, 449099.0, TRUE) ON CONFLICT DO NOTHING;
INSERT INTO tiers (plan_id, min_days, max_days, price_inr, is_active) VALUES ('4451b1c8-dde9-41fd-817f-b7b41d03445f', 31, 365, 503599.0, TRUE) ON CONFLICT DO NOTHING;
INSERT INTO tiers (plan_id, min_days, max_days, price_inr, is_active) VALUES ('4451b1c8-dde9-41fd-817f-b7b41d03445f', 366, 730, 563799.0, TRUE) ON CONFLICT DO NOTHING;
INSERT INTO tiers (plan_id, min_days, max_days, price_inr, is_active) VALUES ('4451b1c8-dde9-41fd-817f-b7b41d03445f', 731, 1095, 634699.0, TRUE) ON CONFLICT DO NOTHING;
INSERT INTO plans (id, variant_id, plan_name, duration_months, max_kms) VALUES ('2899b858-b113-41c2-83c3-1511747da969', '5b7e376a-6f81-4dbe-a9b6-ac951f7f5f86', 'Add 36 Months / 175,000 Kms', 36, 175000) ON CONFLICT DO NOTHING;
INSERT INTO tiers (plan_id, min_days, max_days, price_inr, is_active) VALUES ('2899b858-b113-41c2-83c3-1511747da969', 0, 30, 673599.0, TRUE) ON CONFLICT DO NOTHING;
INSERT INTO tiers (plan_id, min_days, max_days, price_inr, is_active) VALUES ('2899b858-b113-41c2-83c3-1511747da969', 31, 365, 755299.0, TRUE) ON CONFLICT DO NOTHING;
INSERT INTO tiers (plan_id, min_days, max_days, price_inr, is_active) VALUES ('2899b858-b113-41c2-83c3-1511747da969', 366, 730, 845799.0, TRUE) ON CONFLICT DO NOTHING;
INSERT INTO tiers (plan_id, min_days, max_days, price_inr, is_active) VALUES ('2899b858-b113-41c2-83c3-1511747da969', 731, 1095, 951999.0, TRUE) ON CONFLICT DO NOTHING;
INSERT INTO variants (id, model_id, name, fuel, transmission, oem_warranty_months, oem_warranty_kms) VALUES ('59551455-245a-4182-8519-e05853e3153b', 'dac6401b-d502-4980-bff9-35d9a01794e2', '4.4 L Autobiography', 'Petrol/Diesel', 'N/A', 36, NULL) ON CONFLICT DO NOTHING;
INSERT INTO plans (id, variant_id, plan_name, duration_months, max_kms) VALUES ('3a5298f8-536f-4acf-9838-f378bc464c79', '59551455-245a-4182-8519-e05853e3153b', 'Add 12 Months / 125,000 Kms', 12, 125000) ON CONFLICT DO NOTHING;
INSERT INTO tiers (plan_id, min_days, max_days, price_inr, is_active) VALUES ('3a5298f8-536f-4acf-9838-f378bc464c79', 0, 30, 317399.0, TRUE) ON CONFLICT DO NOTHING;
INSERT INTO tiers (plan_id, min_days, max_days, price_inr, is_active) VALUES ('3a5298f8-536f-4acf-9838-f378bc464c79', 31, 365, 355499.0, TRUE) ON CONFLICT DO NOTHING;
INSERT INTO tiers (plan_id, min_days, max_days, price_inr, is_active) VALUES ('3a5298f8-536f-4acf-9838-f378bc464c79', 366, 730, 396799.0, TRUE) ON CONFLICT DO NOTHING;
INSERT INTO tiers (plan_id, min_days, max_days, price_inr, is_active) VALUES ('3a5298f8-536f-4acf-9838-f378bc464c79', 731, 1095, 444299.0, TRUE) ON CONFLICT DO NOTHING;
INSERT INTO plans (id, variant_id, plan_name, duration_months, max_kms) VALUES ('be45c4b0-f509-40e1-8964-6e74fbec5129', '59551455-245a-4182-8519-e05853e3153b', 'Add 24 Months / 150,000 Kms', 24, 150000) ON CONFLICT DO NOTHING;
INSERT INTO tiers (plan_id, min_days, max_days, price_inr, is_active) VALUES ('be45c4b0-f509-40e1-8964-6e74fbec5129', 0, 30, 476099.0, TRUE) ON CONFLICT DO NOTHING;
INSERT INTO tiers (plan_id, min_days, max_days, price_inr, is_active) VALUES ('be45c4b0-f509-40e1-8964-6e74fbec5129', 31, 365, 528899.0, TRUE) ON CONFLICT DO NOTHING;
INSERT INTO tiers (plan_id, min_days, max_days, price_inr, is_active) VALUES ('be45c4b0-f509-40e1-8964-6e74fbec5129', 366, 730, 595599.0, TRUE) ON CONFLICT DO NOTHING;
INSERT INTO tiers (plan_id, min_days, max_days, price_inr, is_active) VALUES ('be45c4b0-f509-40e1-8964-6e74fbec5129', 731, 1095, 666399.0, TRUE) ON CONFLICT DO NOTHING;
INSERT INTO plans (id, variant_id, plan_name, duration_months, max_kms) VALUES ('6007e9da-e6f3-4ed4-8a91-7df7f697fea8', '59551455-245a-4182-8519-e05853e3153b', 'Add 36 Months / 175,000 Kms', 36, 175000) ON CONFLICT DO NOTHING;
INSERT INTO tiers (plan_id, min_days, max_days, price_inr, is_active) VALUES ('6007e9da-e6f3-4ed4-8a91-7df7f697fea8', 0, 30, 714099.0, TRUE) ON CONFLICT DO NOTHING;
INSERT INTO tiers (plan_id, min_days, max_days, price_inr, is_active) VALUES ('6007e9da-e6f3-4ed4-8a91-7df7f697fea8', 31, 365, 793299.0, TRUE) ON CONFLICT DO NOTHING;
INSERT INTO tiers (plan_id, min_days, max_days, price_inr, is_active) VALUES ('6007e9da-e6f3-4ed4-8a91-7df7f697fea8', 366, 730, 893299.0, TRUE) ON CONFLICT DO NOTHING;
INSERT INTO tiers (plan_id, min_days, max_days, price_inr, is_active) VALUES ('6007e9da-e6f3-4ed4-8a91-7df7f697fea8', 731, 1095, 999699.0, TRUE) ON CONFLICT DO NOTHING;
INSERT INTO variants (id, model_id, name, fuel, transmission, oem_warranty_months, oem_warranty_kms) VALUES ('0f2d2074-6ae4-414c-bbde-32ff88308c64', 'dac6401b-d502-4980-bff9-35d9a01794e2', '5.0 L Autobiography', 'Petrol', 'N/A', 36, NULL) ON CONFLICT DO NOTHING;
INSERT INTO plans (id, variant_id, plan_name, duration_months, max_kms) VALUES ('d03ff6ab-199e-4b40-9ead-4693907a8a0d', '0f2d2074-6ae4-414c-bbde-32ff88308c64', 'Add 12 Months / 125,000 Kms', 12, 125000) ON CONFLICT DO NOTHING;
INSERT INTO tiers (plan_id, min_days, max_days, price_inr, is_active) VALUES ('d03ff6ab-199e-4b40-9ead-4693907a8a0d', 0, 30, 333299.0, TRUE) ON CONFLICT DO NOTHING;
INSERT INTO tiers (plan_id, min_days, max_days, price_inr, is_active) VALUES ('d03ff6ab-199e-4b40-9ead-4693907a8a0d', 31, 365, 372499.0, TRUE) ON CONFLICT DO NOTHING;
INSERT INTO tiers (plan_id, min_days, max_days, price_inr, is_active) VALUES ('d03ff6ab-199e-4b40-9ead-4693907a8a0d', 366, 730, 416899.0, TRUE) ON CONFLICT DO NOTHING;
INSERT INTO tiers (plan_id, min_days, max_days, price_inr, is_active) VALUES ('d03ff6ab-199e-4b40-9ead-4693907a8a0d', 731, 1095, 466599.0, TRUE) ON CONFLICT DO NOTHING;
INSERT INTO plans (id, variant_id, plan_name, duration_months, max_kms) VALUES ('087b7c9c-b19f-4daf-a6db-c60145b03640', '0f2d2074-6ae4-414c-bbde-32ff88308c64', 'Add 24 Months / 150,000 Kms', 24, 150000) ON CONFLICT DO NOTHING;
INSERT INTO tiers (plan_id, min_days, max_days, price_inr, is_active) VALUES ('087b7c9c-b19f-4daf-a6db-c60145b03640', 0, 30, 500399.0, TRUE) ON CONFLICT DO NOTHING;
INSERT INTO tiers (plan_id, min_days, max_days, price_inr, is_active) VALUES ('087b7c9c-b19f-4daf-a6db-c60145b03640', 31, 365, 558599.0, TRUE) ON CONFLICT DO NOTHING;
INSERT INTO tiers (plan_id, min_days, max_days, price_inr, is_active) VALUES ('087b7c9c-b19f-4daf-a6db-c60145b03640', 366, 730, 625299.0, TRUE) ON CONFLICT DO NOTHING;
INSERT INTO tiers (plan_id, min_days, max_days, price_inr, is_active) VALUES ('087b7c9c-b19f-4daf-a6db-c60145b03640', 731, 1095, 700299.0, TRUE) ON CONFLICT DO NOTHING;
INSERT INTO plans (id, variant_id, plan_name, duration_months, max_kms) VALUES ('dbfe4304-447d-4615-b772-95591de22c51', '0f2d2074-6ae4-414c-bbde-32ff88308c64', 'Add 36 Months / 175,000 Kms', 36, 175000) ON CONFLICT DO NOTHING;
INSERT INTO tiers (plan_id, min_days, max_days, price_inr, is_active) VALUES ('dbfe4304-447d-4615-b772-95591de22c51', 0, 30, 750599.0, TRUE) ON CONFLICT DO NOTHING;
INSERT INTO tiers (plan_id, min_days, max_days, price_inr, is_active) VALUES ('dbfe4304-447d-4615-b772-95591de22c51', 31, 365, 837899.0, TRUE) ON CONFLICT DO NOTHING;
INSERT INTO tiers (plan_id, min_days, max_days, price_inr, is_active) VALUES ('dbfe4304-447d-4615-b772-95591de22c51', 366, 730, 937799.0, TRUE) ON CONFLICT DO NOTHING;
INSERT INTO tiers (plan_id, min_days, max_days, price_inr, is_active) VALUES ('dbfe4304-447d-4615-b772-95591de22c51', 731, 1095, 1050399.0, TRUE) ON CONFLICT DO NOTHING;
INSERT INTO models (id, brand_id, name) VALUES ('e0645c50-bcf4-411e-b484-53cd3487b42c', 'fc50c3a8-7d3f-4f36-b1a8-ff621e0cf756', 'Range Rover') ON CONFLICT DO NOTHING;
INSERT INTO variants (id, model_id, name, fuel, transmission, oem_warranty_months, oem_warranty_kms) VALUES ('b568fa9f-01e9-4718-94ab-4ce4e6ca0a93', 'e0645c50-bcf4-411e-b484-53cd3487b42c', '3.0 L Range Rover', 'Petrol/Diesel', 'N/A', 36, NULL) ON CONFLICT DO NOTHING;
INSERT INTO plans (id, variant_id, plan_name, duration_months, max_kms) VALUES ('25a32b7f-a17e-4762-bb6b-d39e5050999e', 'b568fa9f-01e9-4718-94ab-4ce4e6ca0a93', 'Add 12 Months / 125,000 Kms', 12, 125000) ON CONFLICT DO NOTHING;
INSERT INTO tiers (plan_id, min_days, max_days, price_inr, is_active) VALUES ('25a32b7f-a17e-4762-bb6b-d39e5050999e', 0, 30, 290999.0, TRUE) ON CONFLICT DO NOTHING;
INSERT INTO tiers (plan_id, min_days, max_days, price_inr, is_active) VALUES ('25a32b7f-a17e-4762-bb6b-d39e5050999e', 31, 365, 325899.0, TRUE) ON CONFLICT DO NOTHING;
INSERT INTO tiers (plan_id, min_days, max_days, price_inr, is_active) VALUES ('25a32b7f-a17e-4762-bb6b-d39e5050999e', 366, 730, 364999.0, TRUE) ON CONFLICT DO NOTHING;
INSERT INTO tiers (plan_id, min_days, max_days, price_inr, is_active) VALUES ('25a32b7f-a17e-4762-bb6b-d39e5050999e', 731, 1095, 412599.0, TRUE) ON CONFLICT DO NOTHING;
INSERT INTO plans (id, variant_id, plan_name, duration_months, max_kms) VALUES ('5e83e7dc-2902-422e-8997-0dadea771c72', 'b568fa9f-01e9-4718-94ab-4ce4e6ca0a93', 'Add 24 Months / 150,000 Kms', 24, 150000) ON CONFLICT DO NOTHING;
INSERT INTO tiers (plan_id, min_days, max_days, price_inr, is_active) VALUES ('5e83e7dc-2902-422e-8997-0dadea771c72', 0, 30, 436899.0, TRUE) ON CONFLICT DO NOTHING;
INSERT INTO tiers (plan_id, min_days, max_days, price_inr, is_active) VALUES ('5e83e7dc-2902-422e-8997-0dadea771c72', 31, 365, 488699.0, TRUE) ON CONFLICT DO NOTHING;
INSERT INTO tiers (plan_id, min_days, max_days, price_inr, is_active) VALUES ('5e83e7dc-2902-422e-8997-0dadea771c72', 366, 730, 548099.0, TRUE) ON CONFLICT DO NOTHING;
INSERT INTO tiers (plan_id, min_days, max_days, price_inr, is_active) VALUES ('5e83e7dc-2902-422e-8997-0dadea771c72', 731, 1095, 618899.0, TRUE) ON CONFLICT DO NOTHING;
INSERT INTO plans (id, variant_id, plan_name, duration_months, max_kms) VALUES ('213a887b-4603-4aac-a732-f5cac4210669', 'b568fa9f-01e9-4718-94ab-4ce4e6ca0a93', 'Add 36 Months / 175,000 Kms', 36, 175000) ON CONFLICT DO NOTHING;
INSERT INTO tiers (plan_id, min_days, max_days, price_inr, is_active) VALUES ('213a887b-4603-4aac-a732-f5cac4210669', 0, 30, 655399.0, TRUE) ON CONFLICT DO NOTHING;
INSERT INTO tiers (plan_id, min_days, max_days, price_inr, is_active) VALUES ('213a887b-4603-4aac-a732-f5cac4210669', 31, 365, 733199.0, TRUE) ON CONFLICT DO NOTHING;
INSERT INTO tiers (plan_id, min_days, max_days, price_inr, is_active) VALUES ('213a887b-4603-4aac-a732-f5cac4210669', 366, 730, 821999.0, TRUE) ON CONFLICT DO NOTHING;
INSERT INTO tiers (plan_id, min_days, max_days, price_inr, is_active) VALUES ('213a887b-4603-4aac-a732-f5cac4210669', 731, 1095, 928299.0, TRUE) ON CONFLICT DO NOTHING;
INSERT INTO variants (id, model_id, name, fuel, transmission, oem_warranty_months, oem_warranty_kms) VALUES ('c30807c3-e606-417e-b011-1f79c57c6b47', 'e0645c50-bcf4-411e-b484-53cd3487b42c', '3.0 L Range Rover LWB / 7 Seater', 'Petrol/Diesel', 'N/A', 36, NULL) ON CONFLICT DO NOTHING;
INSERT INTO plans (id, variant_id, plan_name, duration_months, max_kms) VALUES ('b143d70e-ca3b-479f-851d-ca474f5656e9', 'c30807c3-e606-417e-b011-1f79c57c6b47', 'Add 12 Months / 125,000 Kms', 12, 125000) ON CONFLICT DO NOTHING;
INSERT INTO tiers (plan_id, min_days, max_days, price_inr, is_active) VALUES ('b143d70e-ca3b-479f-851d-ca474f5656e9', 0, 30, 299399.0, TRUE) ON CONFLICT DO NOTHING;
INSERT INTO tiers (plan_id, min_days, max_days, price_inr, is_active) VALUES ('b143d70e-ca3b-479f-851d-ca474f5656e9', 31, 365, 335499.0, TRUE) ON CONFLICT DO NOTHING;
INSERT INTO tiers (plan_id, min_days, max_days, price_inr, is_active) VALUES ('b143d70e-ca3b-479f-851d-ca474f5656e9', 366, 730, 375599.0, TRUE) ON CONFLICT DO NOTHING;
INSERT INTO tiers (plan_id, min_days, max_days, price_inr, is_active) VALUES ('b143d70e-ca3b-479f-851d-ca474f5656e9', 731, 1095, 423099.0, TRUE) ON CONFLICT DO NOTHING;
INSERT INTO plans (id, variant_id, plan_name, duration_months, max_kms) VALUES ('bba9dd33-a610-420e-9398-e50a8b1cb0d3', 'c30807c3-e606-417e-b011-1f79c57c6b47', 'Add 24 Months / 150,000 Kms', 24, 150000) ON CONFLICT DO NOTHING;
INSERT INTO tiers (plan_id, min_days, max_days, price_inr, is_active) VALUES ('bba9dd33-a610-420e-9398-e50a8b1cb0d3', 0, 30, 449099.0, TRUE) ON CONFLICT DO NOTHING;
INSERT INTO tiers (plan_id, min_days, max_days, price_inr, is_active) VALUES ('bba9dd33-a610-420e-9398-e50a8b1cb0d3', 31, 365, 503599.0, TRUE) ON CONFLICT DO NOTHING;
INSERT INTO tiers (plan_id, min_days, max_days, price_inr, is_active) VALUES ('bba9dd33-a610-420e-9398-e50a8b1cb0d3', 366, 730, 563799.0, TRUE) ON CONFLICT DO NOTHING;
INSERT INTO tiers (plan_id, min_days, max_days, price_inr, is_active) VALUES ('bba9dd33-a610-420e-9398-e50a8b1cb0d3', 731, 1095, 634699.0, TRUE) ON CONFLICT DO NOTHING;
INSERT INTO plans (id, variant_id, plan_name, duration_months, max_kms) VALUES ('48abc5ad-fad9-4e28-bc72-faaa308d1764', 'c30807c3-e606-417e-b011-1f79c57c6b47', 'Add 36 Months / 175,000 Kms', 36, 175000) ON CONFLICT DO NOTHING;
INSERT INTO tiers (plan_id, min_days, max_days, price_inr, is_active) VALUES ('48abc5ad-fad9-4e28-bc72-faaa308d1764', 0, 30, 673599.0, TRUE) ON CONFLICT DO NOTHING;
INSERT INTO tiers (plan_id, min_days, max_days, price_inr, is_active) VALUES ('48abc5ad-fad9-4e28-bc72-faaa308d1764', 31, 365, 755299.0, TRUE) ON CONFLICT DO NOTHING;
INSERT INTO tiers (plan_id, min_days, max_days, price_inr, is_active) VALUES ('48abc5ad-fad9-4e28-bc72-faaa308d1764', 366, 730, 845799.0, TRUE) ON CONFLICT DO NOTHING;
INSERT INTO tiers (plan_id, min_days, max_days, price_inr, is_active) VALUES ('48abc5ad-fad9-4e28-bc72-faaa308d1764', 731, 1095, 951999.0, TRUE) ON CONFLICT DO NOTHING;
INSERT INTO variants (id, model_id, name, fuel, transmission, oem_warranty_months, oem_warranty_kms) VALUES ('8997c333-9af5-4be6-b48e-dc92a51fa0db', 'e0645c50-bcf4-411e-b484-53cd3487b42c', '3.0 L / 4.4 L Range Rover SV', 'P/D/PHEV', 'N/A', 36, NULL) ON CONFLICT DO NOTHING;
INSERT INTO plans (id, variant_id, plan_name, duration_months, max_kms) VALUES ('3a04456a-8afb-4818-9255-187365cec9bf', '8997c333-9af5-4be6-b48e-dc92a51fa0db', 'Add 12 Months / 125,000 Kms', 12, 125000) ON CONFLICT DO NOTHING;
INSERT INTO tiers (plan_id, min_days, max_days, price_inr, is_active) VALUES ('3a04456a-8afb-4818-9255-187365cec9bf', 0, 30, 333299.0, TRUE) ON CONFLICT DO NOTHING;
INSERT INTO tiers (plan_id, min_days, max_days, price_inr, is_active) VALUES ('3a04456a-8afb-4818-9255-187365cec9bf', 31, 365, 372499.0, TRUE) ON CONFLICT DO NOTHING;
INSERT INTO tiers (plan_id, min_days, max_days, price_inr, is_active) VALUES ('3a04456a-8afb-4818-9255-187365cec9bf', 366, 730, 416899.0, TRUE) ON CONFLICT DO NOTHING;
INSERT INTO tiers (plan_id, min_days, max_days, price_inr, is_active) VALUES ('3a04456a-8afb-4818-9255-187365cec9bf', 731, 1095, 466599.0, TRUE) ON CONFLICT DO NOTHING;
INSERT INTO plans (id, variant_id, plan_name, duration_months, max_kms) VALUES ('eaaa84b1-1248-4cc9-89ca-ce145cd8ebf9', '8997c333-9af5-4be6-b48e-dc92a51fa0db', 'Add 24 Months / 150,000 Kms', 24, 150000) ON CONFLICT DO NOTHING;
INSERT INTO tiers (plan_id, min_days, max_days, price_inr, is_active) VALUES ('eaaa84b1-1248-4cc9-89ca-ce145cd8ebf9', 0, 30, 500399.0, TRUE) ON CONFLICT DO NOTHING;
INSERT INTO tiers (plan_id, min_days, max_days, price_inr, is_active) VALUES ('eaaa84b1-1248-4cc9-89ca-ce145cd8ebf9', 31, 365, 558599.0, TRUE) ON CONFLICT DO NOTHING;
INSERT INTO tiers (plan_id, min_days, max_days, price_inr, is_active) VALUES ('eaaa84b1-1248-4cc9-89ca-ce145cd8ebf9', 366, 730, 625299.0, TRUE) ON CONFLICT DO NOTHING;
INSERT INTO tiers (plan_id, min_days, max_days, price_inr, is_active) VALUES ('eaaa84b1-1248-4cc9-89ca-ce145cd8ebf9', 731, 1095, 700299.0, TRUE) ON CONFLICT DO NOTHING;
INSERT INTO plans (id, variant_id, plan_name, duration_months, max_kms) VALUES ('f350b924-776a-4810-bbeb-e316a240736c', '8997c333-9af5-4be6-b48e-dc92a51fa0db', 'Add 36 Months / 175,000 Kms', 36, 175000) ON CONFLICT DO NOTHING;
INSERT INTO tiers (plan_id, min_days, max_days, price_inr, is_active) VALUES ('f350b924-776a-4810-bbeb-e316a240736c', 0, 30, 750599.0, TRUE) ON CONFLICT DO NOTHING;
INSERT INTO tiers (plan_id, min_days, max_days, price_inr, is_active) VALUES ('f350b924-776a-4810-bbeb-e316a240736c', 31, 365, 837899.0, TRUE) ON CONFLICT DO NOTHING;
INSERT INTO tiers (plan_id, min_days, max_days, price_inr, is_active) VALUES ('f350b924-776a-4810-bbeb-e316a240736c', 366, 730, 937799.0, TRUE) ON CONFLICT DO NOTHING;
INSERT INTO tiers (plan_id, min_days, max_days, price_inr, is_active) VALUES ('f350b924-776a-4810-bbeb-e316a240736c', 731, 1095, 1050399.0, TRUE) ON CONFLICT DO NOTHING;
INSERT INTO variants (id, model_id, name, fuel, transmission, oem_warranty_months, oem_warranty_kms) VALUES ('560e724c-cd37-4318-8353-a2c11431beb8', 'e0645c50-bcf4-411e-b484-53cd3487b42c', 'SV RANTHAMBORE', 'Petrol', 'N/A', 36, NULL) ON CONFLICT DO NOTHING;
INSERT INTO plans (id, variant_id, plan_name, duration_months, max_kms) VALUES ('92d87a53-5052-423a-8dca-d5440bc8c55e', '560e724c-cd37-4318-8353-a2c11431beb8', 'Add 12 Months / 125,000 Kms', 12, 125000) ON CONFLICT DO NOTHING;
INSERT INTO tiers (plan_id, min_days, max_days, price_inr, is_active) VALUES ('92d87a53-5052-423a-8dca-d5440bc8c55e', 0, 30, 370299.0, TRUE) ON CONFLICT DO NOTHING;
INSERT INTO tiers (plan_id, min_days, max_days, price_inr, is_active) VALUES ('92d87a53-5052-423a-8dca-d5440bc8c55e', 31, 365, 413699.0, TRUE) ON CONFLICT DO NOTHING;
INSERT INTO tiers (plan_id, min_days, max_days, price_inr, is_active) VALUES ('92d87a53-5052-423a-8dca-d5440bc8c55e', 366, 730, 463399.0, TRUE) ON CONFLICT DO NOTHING;
INSERT INTO tiers (plan_id, min_days, max_days, price_inr, is_active) VALUES ('92d87a53-5052-423a-8dca-d5440bc8c55e', 731, 1095, 518399.0, TRUE) ON CONFLICT DO NOTHING;
INSERT INTO plans (id, variant_id, plan_name, duration_months, max_kms) VALUES ('5e0ad626-b39c-438b-af8a-1d62f5b5a478', '560e724c-cd37-4318-8353-a2c11431beb8', 'Add 24 Months / 150,000 Kms', 24, 150000) ON CONFLICT DO NOTHING;
INSERT INTO tiers (plan_id, min_days, max_days, price_inr, is_active) VALUES ('5e0ad626-b39c-438b-af8a-1d62f5b5a478', 0, 30, 556399.0, TRUE) ON CONFLICT DO NOTHING;
INSERT INTO tiers (plan_id, min_days, max_days, price_inr, is_active) VALUES ('5e0ad626-b39c-438b-af8a-1d62f5b5a478', 31, 365, 620999.0, TRUE) ON CONFLICT DO NOTHING;
INSERT INTO tiers (plan_id, min_days, max_days, price_inr, is_active) VALUES ('5e0ad626-b39c-438b-af8a-1d62f5b5a478', 366, 730, 694999.0, TRUE) ON CONFLICT DO NOTHING;
INSERT INTO tiers (plan_id, min_days, max_days, price_inr, is_active) VALUES ('5e0ad626-b39c-438b-af8a-1d62f5b5a478', 731, 1095, 777599.0, TRUE) ON CONFLICT DO NOTHING;
INSERT INTO plans (id, variant_id, plan_name, duration_months, max_kms) VALUES ('d9de1686-2d09-493e-8a30-478bf4249567', '560e724c-cd37-4318-8353-a2c11431beb8', 'Add 36 Months / 175,000 Kms', 36, 175000) ON CONFLICT DO NOTHING;
INSERT INTO tiers (plan_id, min_days, max_days, price_inr, is_active) VALUES ('d9de1686-2d09-493e-8a30-478bf4249567', 0, 30, 834599.0, TRUE) ON CONFLICT DO NOTHING;
INSERT INTO tiers (plan_id, min_days, max_days, price_inr, is_active) VALUES ('d9de1686-2d09-493e-8a30-478bf4249567', 31, 365, 931499.0, TRUE) ON CONFLICT DO NOTHING;
INSERT INTO tiers (plan_id, min_days, max_days, price_inr, is_active) VALUES ('d9de1686-2d09-493e-8a30-478bf4249567', 366, 730, 1042599.0, TRUE) ON CONFLICT DO NOTHING;
INSERT INTO tiers (plan_id, min_days, max_days, price_inr, is_active) VALUES ('d9de1686-2d09-493e-8a30-478bf4249567', 731, 1095, 1166299.0, TRUE) ON CONFLICT DO NOTHING;
